idEnvio,iataOrigen,iataDestino,tipoPaquete,cantidadMaletas,horaDisponibilidadUtc
SKBO-000000001,SKBO,SPIM,URGENTE,192,2026-01-02T05:55:00.000Z
SKBO-000000002,SKBO,SPIM,URGENTE,294,2026-01-02T06:58:00.000Z
SKBO-000000004,SKBO,SLLP,URGENTE,168,2026-01-02T08:41:00.000Z
SKBO-000000005,SKBO,SEQM,URGENTE,30,2026-01-02T09:36:00.000Z
SKBO-000000006,SKBO,SVMI,URGENTE,54,2026-01-02T10:37:00.000Z
SKBO-000000007,SKBO,OSDI,URGENTE,39,2026-01-02T11:29:00.000Z
SKBO-000000008,SKBO,SBBR,NORMAL,124,2026-01-02T12:22:00.000Z
SKBO-000000009,SKBO,OSDI,NORMAL,197,2026-01-02T13:21:00.000Z
SKBO-000000010,SKBO,SLLP,NORMAL,217,2026-01-02T14:17:00.000Z
SKBO-000000011,SKBO,EDDI,NORMAL,19,2026-01-02T15:13:00.000Z
SKBO-000000013,SKBO,OOMS,NORMAL,287,2026-01-02T16:59:00.000Z
SKBO-000000014,SKBO,OSDI,NORMAL,303,2026-01-02T17:52:00.000Z
SKBO-000000015,SKBO,SBBR,NORMAL,151,2026-01-02T18:49:00.000Z
SKBO-000000016,SKBO,SEQM,NORMAL,69,2026-01-02T19:43:00.000Z
SKBO-000000017,SKBO,UMMS,URGENTE,328,2026-01-03T05:51:00.000Z
SKBO-000000018,SKBO,OPKC,URGENTE,87,2026-01-03T06:47:00.000Z
SKBO-000000019,SKBO,OSDI,URGENTE,8,2026-01-03T07:36:00.000Z
SKBO-000000020,SKBO,LKPR,URGENTE,222,2026-01-03T08:21:00.000Z
SKBO-000000021,SKBO,LOWW,NORMAL,301,2026-01-03T09:13:00.000Z
SKBO-000000022,SKBO,LATI,NORMAL,193,2026-01-03T09:56:00.000Z
SKBO-000000023,SKBO,UBBB,NORMAL,238,2026-01-03T10:49:00.000Z
SKBO-000000024,SKBO,VIDP,NORMAL,244,2026-01-03T11:41:00.000Z
SKBO-000000025,SKBO,VIDP,NORMAL,311,2026-01-03T12:27:00.000Z
SKBO-000000026,SKBO,SBBR,NORMAL,196,2026-01-03T13:18:00.000Z
SKBO-000000028,SKBO,SCEL,NORMAL,50,2026-01-03T14:48:00.000Z
SKBO-000000029,SKBO,OYSN,NORMAL,263,2026-01-03T15:38:00.000Z
SKBO-000000030,SKBO,OAKB,NORMAL,246,2026-01-03T16:35:00.000Z
SKBO-000000031,SKBO,EBCI,NORMAL,215,2026-01-03T17:22:00.000Z
SKBO-000000032,SKBO,SGAS,NORMAL,229,2026-01-03T18:06:00.000Z
SKBO-000000033,SKBO,EDDI,NORMAL,311,2026-01-03T18:56:00.000Z
SKBO-000000034,SKBO,EHAM,NORMAL,227,2026-01-03T19:50:00.000Z
SKBO-000000035,SKBO,OPKC,NORMAL,317,2026-01-03T20:37:00.000Z
SKBO-000000036,SKBO,EDDI,URGENTE,269,2026-01-04T05:53:00.000Z
SKBO-000000038,SKBO,LDZA,URGENTE,51,2026-01-04T07:27:00.000Z
SKBO-000000039,SKBO,LOWW,URGENTE,133,2026-01-04T08:18:00.000Z
SKBO-000000040,SKBO,EDDI,NORMAL,224,2026-01-04T09:06:00.000Z
SKBO-000000041,SKBO,LDZA,NORMAL,156,2026-01-04T09:53:00.000Z
SKBO-000000042,SKBO,EDDI,NORMAL,274,2026-01-04T10:38:00.000Z
SKBO-000000043,SKBO,LATI,NORMAL,217,2026-01-04T11:25:00.000Z
SKBO-000000044,SKBO,LKPR,NORMAL,311,2026-01-04T12:12:00.000Z
SKBO-000000045,SKBO,EDDI,NORMAL,113,2026-01-04T13:07:00.000Z
SKBO-000000046,SKBO,SABE,NORMAL,278,2026-01-04T13:55:00.000Z
SKBO-000000047,SKBO,SBBR,NORMAL,89,2026-01-04T14:41:00.000Z
SKBO-000000048,SKBO,EHAM,NORMAL,242,2026-01-04T15:32:00.000Z
SKBO-000000049,SKBO,EKCH,NORMAL,249,2026-01-04T16:14:00.000Z
SKBO-000000050,SKBO,OYSN,NORMAL,164,2026-01-04T17:00:00.000Z
SKBO-000000051,SKBO,SGAS,NORMAL,326,2026-01-04T17:48:00.000Z
SKBO-000000052,SKBO,LOWW,NORMAL,174,2026-01-04T18:41:00.000Z
SKBO-000000053,SKBO,OJAI,NORMAL,205,2026-01-04T19:28:00.000Z
SKBO-000000054,SKBO,SGAS,NORMAL,276,2026-01-04T20:15:00.000Z
SKBO-000000055,SKBO,OSDI,NORMAL,244,2026-01-04T21:02:00.000Z
SKBO-000000056,SKBO,OYSN,URGENTE,110,2026-01-05T05:49:00.000Z
SKBO-000000057,SKBO,SCEL,URGENTE,273,2026-01-05T06:31:00.000Z
SKBO-000000058,SKBO,SUAA,NORMAL,245,2026-01-05T07:23:00.000Z
SKBO-000000059,SKBO,SEQM,NORMAL,1,2026-01-05T08:04:00.000Z
SKBO-000000060,SKBO,EHAM,NORMAL,279,2026-01-05T08:53:00.000Z
SKBO-000000061,SKBO,SGAS,NORMAL,5,2026-01-05T09:37:00.000Z
SKBO-000000062,SKBO,SGAS,NORMAL,246,2026-01-05T10:18:00.000Z
SKBO-000000063,SKBO,EBCI,NORMAL,24,2026-01-05T11:07:00.000Z
SKBO-000000064,SKBO,LDZA,NORMAL,95,2026-01-05T11:48:00.000Z
SKBO-000000065,SKBO,OJAI,NORMAL,189,2026-01-05T12:36:00.000Z
SKBO-000000066,SKBO,OSDI,NORMAL,52,2026-01-05T13:15:00.000Z
SKBO-000000067,SKBO,EHAM,NORMAL,228,2026-01-05T14:06:00.000Z
SKBO-000000068,SKBO,SBBR,NORMAL,110,2026-01-05T14:49:00.000Z
SKBO-000000069,SKBO,OAKB,NORMAL,150,2026-01-05T15:39:00.000Z
SKBO-000000070,SKBO,SVMI,NORMAL,205,2026-01-05T16:20:00.000Z
SKBO-000000071,SKBO,SBBR,NORMAL,305,2026-01-05T17:03:00.000Z
SKBO-000000072,SKBO,OPKC,NORMAL,95,2026-01-05T17:49:00.000Z
SKBO-000000073,SKBO,SGAS,NORMAL,135,2026-01-05T18:30:00.000Z
SKBO-000000074,SKBO,EKCH,NORMAL,198,2026-01-05T19:15:00.000Z
SKBO-000000075,SKBO,SGAS,NORMAL,196,2026-01-05T20:01:00.000Z
SKBO-000000076,SKBO,SGAS,NORMAL,272,2026-01-05T20:54:00.000Z
SKBO-000000077,SKBO,LOWW,NORMAL,185,2026-01-05T21:32:00.000Z
SKBO-000000078,SKBO,SGAS,URGENTE,182,2026-01-06T05:54:00.000Z
SKBO-000000079,SKBO,LDZA,URGENTE,62,2026-01-06T06:38:00.000Z
SKBO-000000080,SKBO,LBSF,NORMAL,192,2026-01-06T07:23:00.000Z
SKBO-000000081,SKBO,OSDI,NORMAL,26,2026-01-06T08:02:00.000Z
SKBO-000000082,SKBO,SVMI,NORMAL,203,2026-01-06T08:50:00.000Z
SKBO-000000083,SKBO,OYSN,NORMAL,49,2026-01-06T09:32:00.000Z
SKBO-000000084,SKBO,SLLP,NORMAL,299,2026-01-06T10:18:00.000Z
SKBO-000000085,SKBO,LOWW,NORMAL,14,2026-01-06T11:04:00.000Z
SKBO-000000086,SKBO,EDDI,NORMAL,103,2026-01-06T11:53:00.000Z
SKBO-000000087,SKBO,OSDI,NORMAL,57,2026-01-06T12:31:00.000Z
SKBO-000000088,SKBO,LDZA,NORMAL,279,2026-01-06T13:21:00.000Z
SKBO-000000089,SKBO,OJAI,NORMAL,107,2026-01-06T14:05:00.000Z
SKBO-000000090,SKBO,VIDP,NORMAL,210,2026-01-06T14:45:00.000Z
SKBO-000000091,SKBO,EHAM,NORMAL,147,2026-01-06T15:31:00.000Z
SKBO-000000092,SKBO,OSDI,NORMAL,153,2026-01-06T16:24:00.000Z
SKBO-000000093,SKBO,EBCI,NORMAL,106,2026-01-06T17:02:00.000Z
SKBO-000000094,SKBO,SVMI,NORMAL,271,2026-01-06T17:50:00.000Z
SKBO-000000095,SKBO,LKPR,NORMAL,238,2026-01-06T18:37:00.000Z
SKBO-000000097,SKBO,OAKB,NORMAL,172,2026-01-06T20:01:00.000Z
SKBO-000000098,SKBO,OYSN,NORMAL,24,2026-01-06T20:54:00.000Z
SKBO-000000099,SKBO,LOWW,NORMAL,106,2026-01-06T21:35:00.000Z
SEQM-000000001,SEQM,SBBR,URGENTE,276,2026-01-02T06:11:00.000Z
SEQM-000000003,SEQM,SVMI,URGENTE,226,2026-01-02T08:06:00.000Z
SEQM-000000005,SEQM,LKPR,URGENTE,138,2026-01-02T10:17:00.000Z
SEQM-000000006,SEQM,OPKC,URGENTE,103,2026-01-02T11:15:00.000Z
SEQM-000000007,SEQM,SGAS,URGENTE,170,2026-01-02T12:22:00.000Z
SEQM-000000008,SEQM,OSDI,URGENTE,173,2026-01-02T13:17:00.000Z
SEQM-000000009,SEQM,OYSN,URGENTE,119,2026-01-02T14:22:00.000Z
SEQM-000000010,SEQM,SLLP,URGENTE,22,2026-01-02T15:22:00.000Z
SEQM-000000011,SEQM,UBBB,NORMAL,116,2026-01-02T16:26:00.000Z
SEQM-000000012,SEQM,EBCI,NORMAL,37,2026-01-02T17:25:00.000Z
SEQM-000000013,SEQM,SLLP,NORMAL,98,2026-01-02T18:35:00.000Z
SEQM-000000014,SEQM,SGAS,URGENTE,224,2026-01-03T05:46:00.000Z
SEQM-000000015,SEQM,LATI,URGENTE,234,2026-01-03T06:33:00.000Z
SEQM-000000016,SEQM,SCEL,NORMAL,189,2026-01-03T07:26:00.000Z
SEQM-000000017,SEQM,SLLP,NORMAL,218,2026-01-03T08:05:00.000Z
SEQM-000000018,SEQM,SGAS,NORMAL,107,2026-01-03T08:53:00.000Z
SEQM-000000019,SEQM,SLLP,NORMAL,46,2026-01-03T09:36:00.000Z
SEQM-000000020,SEQM,UBBB,NORMAL,181,2026-01-03T10:30:00.000Z
SEQM-000000021,SEQM,OAKB,NORMAL,195,2026-01-03T11:16:00.000Z
SEQM-000000022,SEQM,SABE,NORMAL,167,2026-01-03T11:54:00.000Z
SEQM-000000023,SEQM,EDDI,NORMAL,324,2026-01-03T12:47:00.000Z
SEQM-000000024,SEQM,SUAA,NORMAL,225,2026-01-03T13:35:00.000Z
SEQM-000000025,SEQM,EKCH,NORMAL,78,2026-01-03T14:18:00.000Z
SEQM-000000026,SEQM,SUAA,NORMAL,141,2026-01-03T14:06:00.000Z
SEQM-000000027,SEQM,SUAA,NORMAL,87,2026-01-03T15:48:00.000Z
SEQM-000000028,SEQM,LOWW,NORMAL,316,2026-01-03T16:32:00.000Z
SEQM-000000029,SEQM,LATI,NORMAL,7,2026-01-03T17:19:00.000Z
SEQM-000000030,SEQM,EHAM,NORMAL,27,2026-01-03T18:09:00.000Z
SEQM-000000031,SEQM,EHAM,NORMAL,301,2026-01-03T18:55:00.000Z
SEQM-000000032,SEQM,SPIM,NORMAL,102,2026-01-03T19:39:00.000Z
SEQM-000000033,SEQM,LATI,NORMAL,117,2026-01-03T20:29:00.000Z
SEQM-000000034,SEQM,OSDI,NORMAL,123,2026-01-03T21:08:00.000Z
SEQM-000000036,SEQM,SCEL,URGENTE,233,2026-01-04T06:44:00.000Z
SEQM-000000037,SEQM,OSDI,URGENTE,169,2026-01-04T07:27:00.000Z
SEQM-000000038,SEQM,EDDI,URGENTE,183,2026-01-04T08:16:00.000Z
SEQM-000000040,SEQM,EKCH,NORMAL,273,2026-01-04T09:02:00.000Z
SEQM-000000041,SEQM,SUAA,NORMAL,47,2026-01-04T10:51:00.000Z
SEQM-000000043,SEQM,SABE,NORMAL,165,2026-01-04T12:29:00.000Z
SEQM-000000044,SEQM,LBSF,NORMAL,141,2026-01-04T13:14:00.000Z
SEQM-000000045,SEQM,EBCI,NORMAL,60,2026-01-04T13:03:00.000Z
SEQM-000000046,SEQM,SPIM,NORMAL,26,2026-01-04T14:48:00.000Z
SEQM-000000047,SEQM,SBBR,NORMAL,32,2026-01-04T15:43:00.000Z
SEQM-000000048,SEQM,EKCH,NORMAL,178,2026-01-04T16:31:00.000Z
SEQM-000000050,SEQM,LOWW,NORMAL,172,2026-01-04T18:13:00.000Z
SEQM-000000051,SEQM,LBSF,NORMAL,296,2026-01-04T18:55:00.000Z
SEQM-000000052,SEQM,UBBB,NORMAL,183,2026-01-04T19:45:00.000Z
SEQM-000000053,SEQM,SKBO,NORMAL,96,2026-01-04T20:40:00.000Z
SEQM-000000054,SEQM,LDZA,URGENTE,242,2026-01-05T05:54:00.000Z
SEQM-000000055,SEQM,SKBO,URGENTE,287,2026-01-05T06:30:00.000Z
SEQM-000000056,SEQM,OYSN,NORMAL,306,2026-01-05T07:23:00.000Z
SEQM-000000057,SEQM,OOMS,NORMAL,187,2026-01-05T08:08:00.000Z
SEQM-000000058,SEQM,EKCH,NORMAL,236,2026-01-05T08:49:00.000Z
SEQM-000000059,SEQM,SCEL,NORMAL,106,2026-01-05T09:37:00.000Z
SEQM-000000060,SEQM,OAKB,NORMAL,189,2026-01-05T10:19:00.000Z
SEQM-000000061,SEQM,OSDI,NORMAL,164,2026-01-05T11:06:00.000Z
SEQM-000000062,SEQM,LOWW,NORMAL,161,2026-01-05T11:51:00.000Z
SEQM-000000063,SEQM,EBCI,NORMAL,162,2026-01-05T12:30:00.000Z
SEQM-000000064,SEQM,LDZA,NORMAL,255,2026-01-05T13:20:00.000Z
SEQM-000000065,SEQM,SVMI,NORMAL,311,2026-01-05T14:05:00.000Z
SEQM-000000066,SEQM,SKBO,NORMAL,117,2026-01-05T14:48:00.000Z
SEQM-000000067,SEQM,SUAA,NORMAL,8,2026-01-05T15:31:00.000Z
SEQM-000000068,SEQM,EKCH,NORMAL,170,2026-01-05T16:24:00.000Z
SEQM-000000069,SEQM,EHAM,NORMAL,154,2026-01-05T17:04:00.000Z
SEQM-000000070,SEQM,EKCH,NORMAL,78,2026-01-05T17:54:00.000Z
SEQM-000000072,SEQM,OAKB,NORMAL,60,2026-01-05T19:19:00.000Z
SEQM-000000073,SEQM,OSDI,NORMAL,193,2026-01-05T20:09:00.000Z
SEQM-000000074,SEQM,OJAI,NORMAL,261,2026-01-05T20:54:00.000Z
SEQM-000000075,SEQM,SLLP,NORMAL,116,2026-01-05T21:37:00.000Z
SEQM-000000076,SEQM,SCEL,URGENTE,116,2026-01-06T05:46:00.000Z
SEQM-000000077,SEQM,OAKB,URGENTE,59,2026-01-06T06:38:00.000Z
SEQM-000000079,SEQM,SABE,NORMAL,54,2026-01-06T08:07:00.000Z
SEQM-000000080,SEQM,OYSN,NORMAL,160,2026-01-06T08:49:00.000Z
SEQM-000000081,SEQM,LBSF,NORMAL,37,2026-01-06T09:38:00.000Z
SEQM-000000082,SEQM,EDDI,NORMAL,79,2026-01-06T10:17:00.000Z
SEQM-000000083,SEQM,SABE,NORMAL,2,2026-01-06T11:08:00.000Z
SEQM-000000084,SEQM,SUAA,NORMAL,149,2026-01-06T11:45:00.000Z
SEQM-000000085,SEQM,UMMS,NORMAL,190,2026-01-06T12:30:00.000Z
SEQM-000000086,SEQM,LOWW,NORMAL,90,2026-01-06T13:23:00.000Z
SEQM-000000087,SEQM,OOMS,NORMAL,50,2026-01-06T14:03:00.000Z
SEQM-000000088,SEQM,UBBB,NORMAL,261,2026-01-06T14:47:00.000Z
SEQM-000000089,SEQM,SABE,NORMAL,152,2026-01-06T15:32:00.000Z
SEQM-000000090,SEQM,EBCI,NORMAL,308,2026-01-06T16:18:00.000Z
SEQM-000000091,SEQM,OJAI,NORMAL,309,2026-01-06T17:01:00.000Z
SEQM-000000092,SEQM,OOMS,NORMAL,200,2026-01-06T17:45:00.000Z
SEQM-000000093,SEQM,SABE,NORMAL,129,2026-01-06T18:33:00.000Z
SEQM-000000094,SEQM,VIDP,NORMAL,204,2026-01-06T19:20:00.000Z
SEQM-000000095,SEQM,LOWW,NORMAL,295,2026-01-06T20:06:00.000Z
SEQM-000000096,SEQM,OAKB,NORMAL,224,2026-01-06T20:45:00.000Z
SEQM-000000097,SEQM,LOWW,NORMAL,169,2026-01-06T21:38:00.000Z
SVMI-000000001,SVMI,OJAI,URGENTE,164,2026-01-02T05:10:00.000Z
SVMI-000000002,SVMI,SPIM,URGENTE,119,2026-01-02T06:06:00.000Z
SVMI-000000003,SVMI,SGAS,URGENTE,73,2026-01-02T07:15:00.000Z
SVMI-000000004,SVMI,LBSF,URGENTE,77,2026-01-02T08:10:00.000Z
SVMI-000000005,SVMI,SKBO,URGENTE,226,2026-01-02T09:17:00.000Z
SVMI-000000006,SVMI,OPKC,URGENTE,278,2026-01-02T10:13:00.000Z
SVMI-000000007,SVMI,SEQM,URGENTE,58,2026-01-02T11:21:00.000Z
SVMI-000000008,SVMI,EKCH,URGENTE,233,2026-01-02T12:18:00.000Z
SVMI-000000009,SVMI,EDDI,URGENTE,38,2026-01-02T13:23:00.000Z
SVMI-000000010,SVMI,UBBB,URGENTE,260,2026-01-02T14:27:00.000Z
SVMI-000000011,SVMI,LDZA,NORMAL,199,2026-01-02T15:31:00.000Z
SVMI-000000013,SVMI,SCEL,NORMAL,30,2026-01-02T17:33:00.000Z
SVMI-000000014,SVMI,SEQM,URGENTE,146,2026-01-03T05:11:00.000Z
SVMI-000000015,SVMI,UBBB,URGENTE,275,2026-01-03T06:12:00.000Z
SVMI-000000016,SVMI,SLLP,URGENTE,109,2026-01-03T07:20:00.000Z
SVMI-000000017,SVMI,EKCH,URGENTE,166,2026-01-03T08:28:00.000Z
SVMI-000000018,SVMI,SLLP,URGENTE,120,2026-01-03T09:27:00.000Z
SVMI-000000019,SVMI,LKPR,URGENTE,150,2026-01-03T10:39:00.000Z
SVMI-000000020,SVMI,SEQM,URGENTE,229,2026-01-03T11:44:00.000Z
SVMI-000000021,SVMI,EKCH,URGENTE,54,2026-01-03T12:43:00.000Z
SVMI-000000022,SVMI,SCEL,URGENTE,87,2026-01-03T13:49:00.000Z
SVMI-000000023,SVMI,EDDI,URGENTE,173,2026-01-03T14:51:00.000Z
SVMI-000000024,SVMI,LDZA,URGENTE,129,2026-01-03T15:59:00.000Z
SVMI-000000025,SVMI,SGAS,NORMAL,87,2026-01-03T17:08:00.000Z
SVMI-000000026,SVMI,LBSF,URGENTE,26,2026-01-04T04:00:00.000Z
SVMI-000000027,SVMI,SLLP,URGENTE,257,2026-01-04T05:53:00.000Z
SVMI-000000028,SVMI,OSDI,URGENTE,320,2026-01-04T06:53:00.000Z
SVMI-000000029,SVMI,LDZA,URGENTE,266,2026-01-04T07:41:00.000Z
SVMI-000000030,SVMI,OSDI,URGENTE,132,2026-01-04T08:39:00.000Z
SVMI-000000031,SVMI,OOMS,URGENTE,23,2026-01-04T09:34:00.000Z
SVMI-000000032,SVMI,SUAA,URGENTE,326,2026-01-04T10:31:00.000Z
SVMI-000000033,SVMI,LDZA,URGENTE,269,2026-01-04T11:24:00.000Z
SVMI-000000034,SVMI,UBBB,NORMAL,17,2026-01-04T12:18:00.000Z
SVMI-000000035,SVMI,LDZA,NORMAL,182,2026-01-04T13:15:00.000Z
SVMI-000000036,SVMI,LKPR,NORMAL,127,2026-01-04T14:11:00.000Z
SVMI-000000037,SVMI,LDZA,NORMAL,309,2026-01-04T15:04:00.000Z
SVMI-000000038,SVMI,LDZA,NORMAL,234,2026-01-04T15:01:00.000Z
SVMI-000000039,SVMI,OPKC,NORMAL,195,2026-01-04T16:59:00.000Z
SVMI-000000040,SVMI,OOMS,NORMAL,33,2026-01-04T17:49:00.000Z
SVMI-000000041,SVMI,SLLP,NORMAL,29,2026-01-04T18:43:00.000Z
SVMI-000000042,SVMI,SPIM,URGENTE,202,2026-01-05T04:50:00.000Z
SVMI-000000044,SVMI,SLLP,NORMAL,147,2026-01-05T06:16:00.000Z
SVMI-000000045,SVMI,EKCH,NORMAL,204,2026-01-05T07:03:00.000Z
SVMI-000000046,SVMI,OAKB,NORMAL,105,2026-01-05T07:47:00.000Z
SVMI-000000047,SVMI,SBBR,NORMAL,226,2026-01-05T08:33:00.000Z
SVMI-000000048,SVMI,EKCH,NORMAL,280,2026-01-05T09:16:00.000Z
SVMI-000000049,SVMI,SKBO,NORMAL,277,2026-01-05T10:07:00.000Z
SVMI-000000050,SVMI,SABE,NORMAL,105,2026-01-05T10:45:00.000Z
SVMI-000000051,SVMI,SLLP,NORMAL,80,2026-01-05T11:35:00.000Z
SVMI-000000052,SVMI,UBBB,NORMAL,288,2026-01-05T12:23:00.000Z
SVMI-000000053,SVMI,EKCH,NORMAL,36,2026-01-05T13:04:00.000Z
SVMI-000000054,SVMI,SUAA,NORMAL,251,2026-01-05T13:54:00.000Z
SVMI-000000055,SVMI,LDZA,NORMAL,173,2026-01-05T14:34:00.000Z
SVMI-000000056,SVMI,EDDI,NORMAL,209,2026-01-05T15:18:00.000Z
SVMI-000000058,SVMI,OAKB,NORMAL,7,2026-01-05T16:46:00.000Z
SVMI-000000059,SVMI,SCEL,NORMAL,3,2026-01-05T17:31:00.000Z
SVMI-000000060,SVMI,SGAS,NORMAL,38,2026-01-05T18:17:00.000Z
SVMI-000000061,SVMI,SEQM,NORMAL,248,2026-01-05T19:00:00.000Z
SVMI-000000062,SVMI,OAKB,NORMAL,300,2026-01-05T19:52:00.000Z
SVMI-000000063,SVMI,OSDI,NORMAL,33,2026-01-05T20:39:00.000Z
SVMI-000000064,SVMI,OOMS,URGENTE,113,2026-01-06T04:49:00.000Z
SVMI-000000065,SVMI,EBCI,URGENTE,254,2026-01-06T05:43:00.000Z
SVMI-000000066,SVMI,SKBO,URGENTE,1,2026-01-06T06:30:00.000Z
SVMI-000000067,SVMI,OSDI,URGENTE,211,2026-01-06T07:16:00.000Z
SVMI-000000068,SVMI,SPIM,NORMAL,88,2026-01-06T08:09:00.000Z
SVMI-000000069,SVMI,OAKB,NORMAL,200,2026-01-06T08:48:00.000Z
SVMI-000000070,SVMI,EDDI,NORMAL,121,2026-01-06T09:41:00.000Z
SVMI-000000071,SVMI,SCEL,NORMAL,263,2026-01-06T10:31:00.000Z
SVMI-000000072,SVMI,SGAS,NORMAL,62,2026-01-06T11:19:00.000Z
SVMI-000000073,SVMI,OAKB,NORMAL,57,2026-01-06T12:00:00.000Z
SVMI-000000075,SVMI,SPIM,NORMAL,1,2026-01-06T13:42:00.000Z
SVMI-000000076,SVMI,OYSN,NORMAL,247,2026-01-06T14:32:00.000Z
SVMI-000000077,SVMI,EKCH,NORMAL,315,2026-01-06T15:19:00.000Z
SVMI-000000079,SVMI,SCEL,NORMAL,325,2026-01-06T16:52:00.000Z
SVMI-000000080,SVMI,SPIM,NORMAL,69,2026-01-06T17:37:00.000Z
SVMI-000000081,SVMI,OYSN,NORMAL,211,2026-01-06T18:24:00.000Z
SVMI-000000082,SVMI,OSDI,NORMAL,179,2026-01-06T19:19:00.000Z
SVMI-000000083,SVMI,SBBR,NORMAL,321,2026-01-06T20:01:00.000Z
SBBR-000000001,SBBR,EHAM,URGENTE,96,2026-01-02T04:16:00.000Z
SBBR-000000002,SBBR,OAKB,URGENTE,121,2026-01-02T05:37:00.000Z
SBBR-000000003,SBBR,SCEL,URGENTE,105,2026-01-02T06:52:00.000Z
SBBR-000000004,SBBR,OJAI,URGENTE,253,2026-01-02T08:01:00.000Z
SBBR-000000005,SBBR,SEQM,URGENTE,213,2026-01-02T09:21:00.000Z
SBBR-000000006,SBBR,OOMS,URGENTE,144,2026-01-02T10:33:00.000Z
SBBR-000000007,SBBR,OOMS,URGENTE,242,2026-01-02T11:48:00.000Z
SBBR-000000008,SBBR,OYSN,URGENTE,267,2026-01-02T13:07:00.000Z
SBBR-000000009,SBBR,SPIM,NORMAL,209,2026-01-02T14:22:00.000Z
SBBR-000000010,SBBR,SLLP,URGENTE,128,2026-01-03T03:57:00.000Z
SBBR-000000011,SBBR,SCEL,URGENTE,68,2026-01-03T04:49:00.000Z
SBBR-000000012,SBBR,SPIM,URGENTE,192,2026-01-03T05:47:00.000Z
SBBR-000000013,SBBR,EDDI,URGENTE,314,2026-01-03T06:37:00.000Z
SBBR-000000014,SBBR,LKPR,URGENTE,68,2026-01-03T07:26:00.000Z
SBBR-000000015,SBBR,EBCI,URGENTE,257,2026-01-03T08:25:00.000Z
SBBR-000000016,SBBR,LDZA,NORMAL,35,2026-01-03T09:12:00.000Z
SBBR-000000017,SBBR,SEQM,NORMAL,298,2026-01-03T10:08:00.000Z
SBBR-000000018,SBBR,UMMS,NORMAL,165,2026-01-03T10:03:00.000Z
SBBR-000000019,SBBR,OPKC,NORMAL,147,2026-01-03T11:52:00.000Z
SBBR-000000020,SBBR,SVMI,NORMAL,106,2026-01-03T12:47:00.000Z
SBBR-000000021,SBBR,OAKB,NORMAL,38,2026-01-03T13:43:00.000Z
SBBR-000000022,SBBR,EHAM,NORMAL,1,2026-01-03T14:35:00.000Z
SBBR-000000023,SBBR,LKPR,NORMAL,168,2026-01-03T15:28:00.000Z
SBBR-000000024,SBBR,SVMI,NORMAL,146,2026-01-03T16:19:00.000Z
SBBR-000000025,SBBR,EKCH,NORMAL,187,2026-01-03T17:10:00.000Z
SBBR-000000026,SBBR,VIDP,NORMAL,38,2026-01-03T18:01:00.000Z
SBBR-000000027,SBBR,EKCH,URGENTE,26,2026-01-04T04:20:00.000Z
SBBR-000000028,SBBR,OOMS,URGENTE,173,2026-01-04T05:36:00.000Z
SBBR-000000030,SBBR,SPIM,URGENTE,150,2026-01-04T08:00:00.000Z
SBBR-000000031,SBBR,EBCI,URGENTE,253,2026-01-04T09:17:00.000Z
SBBR-000000032,SBBR,LDZA,URGENTE,263,2026-01-04T10:32:00.000Z
SBBR-000000033,SBBR,OJAI,URGENTE,44,2026-01-04T11:51:00.000Z
SBBR-000000034,SBBR,OAKB,URGENTE,300,2026-01-04T13:07:00.000Z
SBBR-000000035,SBBR,EKCH,NORMAL,70,2026-01-04T14:24:00.000Z
SBBR-000000036,SBBR,UMMS,URGENTE,141,2026-01-05T04:20:00.000Z
SBBR-000000038,SBBR,SVMI,URGENTE,229,2026-01-05T06:54:00.000Z
SBBR-000000039,SBBR,LDZA,URGENTE,114,2026-01-05T08:09:00.000Z
SBBR-000000040,SBBR,LBSF,URGENTE,286,2026-01-05T09:20:00.000Z
SBBR-000000041,SBBR,SVMI,URGENTE,191,2026-01-05T10:34:00.000Z
SBBR-000000042,SBBR,SVMI,URGENTE,51,2026-01-05T11:53:00.000Z
SBBR-000000043,SBBR,SKBO,URGENTE,279,2026-01-05T13:08:00.000Z
SBBR-000000044,SBBR,LDZA,NORMAL,297,2026-01-05T14:22:00.000Z
SBBR-000000045,SBBR,SLLP,URGENTE,269,2026-01-06T03:48:00.000Z
SBBR-000000046,SBBR,SUAA,URGENTE,16,2026-01-06T04:38:00.000Z
SBBR-000000048,SBBR,OYSN,NORMAL,323,2026-01-06T06:05:00.000Z
SBBR-000000049,SBBR,SUAA,NORMAL,120,2026-01-06T06:51:00.000Z
SBBR-000000050,SBBR,SKBO,NORMAL,236,2026-01-06T07:38:00.000Z
SBBR-000000051,SBBR,EHAM,NORMAL,180,2026-01-06T08:23:00.000Z
SBBR-000000052,SBBR,EHAM,NORMAL,104,2026-01-06T09:07:00.000Z
SBBR-000000053,SBBR,OOMS,NORMAL,27,2026-01-06T09:48:00.000Z
SBBR-000000054,SBBR,VIDP,NORMAL,262,2026-01-06T10:32:00.000Z
SBBR-000000055,SBBR,LDZA,NORMAL,195,2026-01-06T11:19:00.000Z
SBBR-000000056,SBBR,SVMI,NORMAL,252,2026-01-06T12:08:00.000Z
SBBR-000000057,SBBR,LOWW,NORMAL,201,2026-01-06T12:47:00.000Z
SBBR-000000059,SBBR,OJAI,NORMAL,272,2026-01-06T14:21:00.000Z
SBBR-000000060,SBBR,OSDI,NORMAL,310,2026-01-06T15:06:00.000Z
SBBR-000000061,SBBR,OPKC,NORMAL,250,2026-01-06T15:46:00.000Z
SBBR-000000062,SBBR,VIDP,NORMAL,223,2026-01-06T16:34:00.000Z
SBBR-000000063,SBBR,SABE,NORMAL,135,2026-01-06T17:17:00.000Z
SBBR-000000064,SBBR,LKPR,NORMAL,185,2026-01-06T18:08:00.000Z
SBBR-000000065,SBBR,LATI,NORMAL,276,2026-01-06T18:53:00.000Z
SBBR-000000066,SBBR,OSDI,NORMAL,74,2026-01-06T19:35:00.000Z
SPIM-000000001,SPIM,LKPR,URGENTE,127,2026-01-02T05:53:00.000Z
SPIM-000000002,SPIM,LBSF,URGENTE,206,2026-01-02T06:41:00.000Z
SPIM-000000003,SPIM,OAKB,NORMAL,215,2026-01-02T07:21:00.000Z
SPIM-000000004,SPIM,OSDI,NORMAL,62,2026-01-02T08:05:00.000Z
SPIM-000000005,SPIM,EHAM,NORMAL,19,2026-01-02T08:56:00.000Z
SPIM-000000006,SPIM,OSDI,NORMAL,111,2026-01-02T09:44:00.000Z
SPIM-000000007,SPIM,OSDI,NORMAL,80,2026-01-02T10:31:00.000Z
SPIM-000000008,SPIM,SBBR,NORMAL,51,2026-01-02T11:13:00.000Z
SPIM-000000009,SPIM,EHAM,NORMAL,111,2026-01-02T11:58:00.000Z
SPIM-000000010,SPIM,UMMS,NORMAL,183,2026-01-02T12:44:00.000Z
SPIM-000000011,SPIM,VIDP,NORMAL,143,2026-01-02T13:30:00.000Z
SPIM-000000012,SPIM,LATI,NORMAL,164,2026-01-02T14:20:00.000Z
SPIM-000000013,SPIM,SLLP,NORMAL,61,2026-01-02T14:58:00.000Z
SPIM-000000014,SPIM,UBBB,NORMAL,116,2026-01-02T15:47:00.000Z
SPIM-000000015,SPIM,SBBR,NORMAL,185,2026-01-02T16:38:00.000Z
SPIM-000000016,SPIM,EKCH,NORMAL,96,2026-01-02T17:20:00.000Z
SPIM-000000017,SPIM,LKPR,NORMAL,279,2026-01-02T18:08:00.000Z
SPIM-000000018,SPIM,SABE,NORMAL,164,2026-01-02T18:52:00.000Z
SPIM-000000019,SPIM,SBBR,NORMAL,90,2026-01-02T19:38:00.000Z
SPIM-000000020,SPIM,OJAI,NORMAL,189,2026-01-02T20:25:00.000Z
SPIM-000000021,SPIM,LATI,NORMAL,277,2026-01-02T21:08:00.000Z
SPIM-000000022,SPIM,OAKB,URGENTE,89,2026-01-03T05:51:00.000Z
SPIM-000000023,SPIM,SLLP,URGENTE,141,2026-01-03T06:33:00.000Z
SPIM-000000024,SPIM,LOWW,NORMAL,236,2026-01-03T07:23:00.000Z
SPIM-000000025,SPIM,SABE,NORMAL,194,2026-01-03T08:10:00.000Z
SPIM-000000026,SPIM,LDZA,NORMAL,122,2026-01-03T08:54:00.000Z
SPIM-000000027,SPIM,EKCH,NORMAL,54,2026-01-03T09:39:00.000Z
SPIM-000000028,SPIM,OJAI,NORMAL,292,2026-01-03T10:22:00.000Z
SPIM-000000029,SPIM,SBBR,NORMAL,189,2026-01-03T11:12:00.000Z
SPIM-000000030,SPIM,SEQM,NORMAL,176,2026-01-03T11:57:00.000Z
SPIM-000000031,SPIM,SEQM,NORMAL,186,2026-01-03T12:41:00.000Z
SPIM-000000032,SPIM,SEQM,NORMAL,129,2026-01-03T13:30:00.000Z
SPIM-000000033,SPIM,LDZA,NORMAL,270,2026-01-03T14:12:00.000Z
SPIM-000000034,SPIM,OJAI,NORMAL,294,2026-01-03T14:06:00.000Z
SPIM-000000035,SPIM,UBBB,NORMAL,261,2026-01-03T15:53:00.000Z
SPIM-000000036,SPIM,SEQM,NORMAL,67,2026-01-03T16:33:00.000Z
SPIM-000000037,SPIM,EDDI,NORMAL,268,2026-01-03T17:17:00.000Z
SPIM-000000038,SPIM,EKCH,NORMAL,315,2026-01-03T18:11:00.000Z
SPIM-000000039,SPIM,OSDI,NORMAL,242,2026-01-03T18:49:00.000Z
SPIM-000000040,SPIM,SKBO,NORMAL,159,2026-01-03T19:38:00.000Z
SPIM-000000041,SPIM,SVMI,NORMAL,279,2026-01-03T20:21:00.000Z
SPIM-000000042,SPIM,SABE,NORMAL,114,2026-01-03T21:13:00.000Z
SPIM-000000043,SPIM,LOWW,URGENTE,172,2026-01-04T05:51:00.000Z
SPIM-000000044,SPIM,SUAA,URGENTE,22,2026-01-04T06:51:00.000Z
SPIM-000000045,SPIM,EHAM,URGENTE,172,2026-01-04T07:34:00.000Z
SPIM-000000046,SPIM,VIDP,URGENTE,79,2026-01-04T08:25:00.000Z
SPIM-000000047,SPIM,OPKC,URGENTE,324,2026-01-04T09:21:00.000Z
SPIM-000000048,SPIM,VIDP,URGENTE,249,2026-01-04T10:12:00.000Z
SPIM-000000049,SPIM,SVMI,NORMAL,327,2026-01-04T10:04:00.000Z
SPIM-000000050,SPIM,OOMS,NORMAL,269,2026-01-04T11:57:00.000Z
SPIM-000000051,SPIM,SABE,NORMAL,40,2026-01-04T12:40:00.000Z
SPIM-000000052,SPIM,EDDI,NORMAL,100,2026-01-04T13:36:00.000Z
SPIM-000000054,SPIM,OYSN,NORMAL,166,2026-01-04T15:13:00.000Z
SPIM-000000055,SPIM,SBBR,NORMAL,159,2026-01-04T16:08:00.000Z
SPIM-000000056,SPIM,OJAI,NORMAL,305,2026-01-04T16:55:00.000Z
SPIM-000000057,SPIM,OSDI,NORMAL,216,2026-01-04T17:52:00.000Z
SPIM-000000058,SPIM,SGAS,NORMAL,213,2026-01-04T18:42:00.000Z
SPIM-000000059,SPIM,UBBB,NORMAL,270,2026-01-04T19:31:00.000Z
SPIM-000000060,SPIM,SGAS,NORMAL,154,2026-01-04T20:21:00.000Z
SPIM-000000062,SPIM,LDZA,URGENTE,43,2026-01-05T06:47:00.000Z
SPIM-000000063,SPIM,EDDI,URGENTE,155,2026-01-05T07:29:00.000Z
SPIM-000000064,SPIM,EHAM,URGENTE,65,2026-01-05T08:20:00.000Z
SPIM-000000065,SPIM,OJAI,URGENTE,282,2026-01-05T09:07:00.000Z
SPIM-000000066,SPIM,LDZA,NORMAL,234,2026-01-05T09:03:00.000Z
SPIM-000000067,SPIM,SABE,NORMAL,143,2026-01-05T10:48:00.000Z
SPIM-000000068,SPIM,OYSN,NORMAL,80,2026-01-05T11:36:00.000Z
SPIM-000000069,SPIM,VIDP,NORMAL,324,2026-01-05T12:26:00.000Z
SPIM-000000071,SPIM,UBBB,NORMAL,251,2026-01-05T13:04:00.000Z
SPIM-000000072,SPIM,LDZA,NORMAL,228,2026-01-05T14:52:00.000Z
SPIM-000000073,SPIM,EKCH,NORMAL,321,2026-01-05T15:38:00.000Z
SPIM-000000074,SPIM,SKBO,NORMAL,270,2026-01-05T16:26:00.000Z
SPIM-000000075,SPIM,OSDI,NORMAL,229,2026-01-05T17:15:00.000Z
SPIM-000000076,SPIM,SUAA,NORMAL,305,2026-01-05T18:12:00.000Z
SPIM-000000077,SPIM,SUAA,NORMAL,87,2026-01-05T18:53:00.000Z
SPIM-000000078,SPIM,UBBB,NORMAL,11,2026-01-05T19:45:00.000Z
SPIM-000000079,SPIM,LATI,NORMAL,175,2026-01-05T20:38:00.000Z
SPIM-000000080,SPIM,SEQM,URGENTE,108,2026-01-06T06:09:00.000Z
SPIM-000000081,SPIM,SEQM,URGENTE,185,2026-01-06T07:11:00.000Z
SPIM-000000082,SPIM,LATI,URGENTE,169,2026-01-06T08:21:00.000Z
SPIM-000000083,SPIM,LOWW,URGENTE,197,2026-01-06T09:29:00.000Z
SPIM-000000084,SPIM,UBBB,URGENTE,90,2026-01-06T10:28:00.000Z
SPIM-000000085,SPIM,EBCI,URGENTE,110,2026-01-06T11:36:00.000Z
SPIM-000000086,SPIM,SVMI,URGENTE,251,2026-01-06T12:42:00.000Z
SPIM-000000087,SPIM,OOMS,URGENTE,237,2026-01-06T13:44:00.000Z
SPIM-000000088,SPIM,OOMS,URGENTE,244,2026-01-06T14:51:00.000Z
SPIM-000000089,SPIM,OOMS,URGENTE,48,2026-01-06T15:56:00.000Z
SPIM-000000090,SPIM,SVMI,URGENTE,18,2026-01-06T16:04:00.000Z
SPIM-000000091,SPIM,OOMS,NORMAL,153,2026-01-06T18:04:00.000Z
SLLP-000000001,SLLP,LOWW,URGENTE,205,2026-01-02T04:58:00.000Z
SLLP-000000002,SLLP,OYSN,URGENTE,156,2026-01-02T05:38:00.000Z
SLLP-000000003,SLLP,OYSN,URGENTE,10,2026-01-02T06:32:00.000Z
SLLP-000000004,SLLP,SABE,URGENTE,132,2026-01-02T07:22:00.000Z
SLLP-000000005,SLLP,UBBB,NORMAL,259,2026-01-02T08:13:00.000Z
SLLP-000000006,SLLP,UBBB,NORMAL,49,2026-01-02T08:55:00.000Z
SLLP-000000007,SLLP,LOWW,NORMAL,278,2026-01-02T09:45:00.000Z
SLLP-000000008,SLLP,OYSN,NORMAL,248,2026-01-02T10:39:00.000Z
SLLP-000000009,SLLP,LATI,NORMAL,94,2026-01-02T11:23:00.000Z
SLLP-000000010,SLLP,OYSN,NORMAL,272,2026-01-02T12:19:00.000Z
SLLP-000000011,SLLP,SPIM,NORMAL,58,2026-01-02T12:02:00.000Z
SLLP-000000012,SLLP,SVMI,NORMAL,212,2026-01-02T13:48:00.000Z
SLLP-000000013,SLLP,OOMS,NORMAL,157,2026-01-02T14:43:00.000Z
SLLP-000000014,SLLP,SPIM,NORMAL,325,2026-01-02T15:32:00.000Z
SLLP-000000015,SLLP,EKCH,NORMAL,245,2026-01-02T16:22:00.000Z
SLLP-000000016,SLLP,LKPR,NORMAL,167,2026-01-02T17:13:00.000Z
SLLP-000000017,SLLP,VIDP,NORMAL,16,2026-01-02T17:54:00.000Z
SLLP-000000018,SLLP,EBCI,NORMAL,179,2026-01-02T18:50:00.000Z
SLLP-000000019,SLLP,VIDP,NORMAL,11,2026-01-02T19:35:00.000Z
SLLP-000000020,SLLP,SCEL,URGENTE,214,2026-01-03T04:58:00.000Z
SLLP-000000021,SLLP,OYSN,URGENTE,167,2026-01-03T05:00:00.000Z
SLLP-000000022,SLLP,UBBB,URGENTE,195,2026-01-03T06:56:00.000Z
SLLP-000000023,SLLP,SCEL,URGENTE,51,2026-01-03T07:49:00.000Z
SLLP-000000024,SLLP,LBSF,URGENTE,289,2026-01-03T08:51:00.000Z
SLLP-000000025,SLLP,SVMI,URGENTE,309,2026-01-03T09:51:00.000Z
SLLP-000000026,SLLP,EHAM,URGENTE,122,2026-01-03T10:48:00.000Z
SLLP-000000027,SLLP,OJAI,URGENTE,13,2026-01-03T11:39:00.000Z
SLLP-000000028,SLLP,LBSF,NORMAL,78,2026-01-03T12:39:00.000Z
SLLP-000000029,SLLP,SKBO,NORMAL,159,2026-01-03T13:31:00.000Z
SLLP-000000030,SLLP,LATI,NORMAL,266,2026-01-03T14:33:00.000Z
SLLP-000000031,SLLP,OPKC,NORMAL,239,2026-01-03T15:27:00.000Z
SLLP-000000032,SLLP,EDDI,NORMAL,157,2026-01-03T16:22:00.000Z
SLLP-000000033,SLLP,LOWW,NORMAL,303,2026-01-03T17:22:00.000Z
SLLP-000000034,SLLP,SABE,NORMAL,88,2026-01-03T18:24:00.000Z
SLLP-000000035,SLLP,UMMS,URGENTE,144,2026-01-04T04:51:00.000Z
SLLP-000000037,SLLP,SKBO,URGENTE,219,2026-01-04T06:24:00.000Z
SLLP-000000038,SLLP,OJAI,URGENTE,76,2026-01-04T07:15:00.000Z
SLLP-000000039,SLLP,SBBR,NORMAL,111,2026-01-04T08:01:00.000Z
SLLP-000000040,SLLP,SUAA,NORMAL,299,2026-01-04T08:56:00.000Z
SLLP-000000042,SLLP,LATI,NORMAL,81,2026-01-04T10:30:00.000Z
SLLP-000000043,SLLP,VIDP,NORMAL,93,2026-01-04T11:21:00.000Z
SLLP-000000044,SLLP,OPKC,NORMAL,264,2026-01-04T12:02:00.000Z
SLLP-000000045,SLLP,LKPR,NORMAL,110,2026-01-04T12:55:00.000Z
SLLP-000000046,SLLP,UMMS,NORMAL,21,2026-01-04T13:39:00.000Z
SLLP-000000047,SLLP,VIDP,NORMAL,111,2026-01-04T14:33:00.000Z
SLLP-000000048,SLLP,UBBB,NORMAL,248,2026-01-04T15:20:00.000Z
SLLP-000000049,SLLP,UMMS,NORMAL,160,2026-01-04T16:06:00.000Z
SLLP-000000051,SLLP,LATI,NORMAL,112,2026-01-04T17:43:00.000Z
SLLP-000000052,SLLP,EKCH,NORMAL,112,2026-01-04T18:27:00.000Z
SLLP-000000053,SLLP,OAKB,NORMAL,28,2026-01-04T19:16:00.000Z
SLLP-000000054,SLLP,SCEL,NORMAL,213,2026-01-04T20:00:00.000Z
SLLP-000000055,SLLP,OSDI,URGENTE,129,2026-01-05T04:45:00.000Z
SLLP-000000056,SLLP,LATI,URGENTE,316,2026-01-05T05:36:00.000Z
SLLP-000000057,SLLP,OPKC,NORMAL,202,2026-01-05T06:18:00.000Z
SLLP-000000058,SLLP,SEQM,NORMAL,75,2026-01-05T07:06:00.000Z
SLLP-000000059,SLLP,LATI,NORMAL,28,2026-01-05T07:47:00.000Z
SLLP-000000060,SLLP,OPKC,NORMAL,190,2026-01-05T08:36:00.000Z
SLLP-000000061,SLLP,SEQM,NORMAL,225,2026-01-05T09:16:00.000Z
SLLP-000000062,SLLP,OSDI,NORMAL,145,2026-01-05T10:09:00.000Z
SLLP-000000063,SLLP,SVMI,NORMAL,304,2026-01-05T10:53:00.000Z
SLLP-000000064,SLLP,SABE,NORMAL,132,2026-01-05T11:38:00.000Z
SLLP-000000065,SLLP,EKCH,NORMAL,188,2026-01-05T12:24:00.000Z
SLLP-000000066,SLLP,OOMS,NORMAL,56,2026-01-05T13:06:00.000Z
SLLP-000000067,SLLP,SBBR,NORMAL,56,2026-01-05T13:54:00.000Z
SLLP-000000068,SLLP,SBBR,NORMAL,159,2026-01-05T14:31:00.000Z
SLLP-000000069,SLLP,SUAA,NORMAL,164,2026-01-05T15:15:00.000Z
SLLP-000000070,SLLP,LATI,NORMAL,148,2026-01-05T16:05:00.000Z
SLLP-000000071,SLLP,SABE,NORMAL,95,2026-01-05T16:49:00.000Z
SLLP-000000072,SLLP,EDDI,NORMAL,201,2026-01-05T17:30:00.000Z
SLLP-000000073,SLLP,OYSN,NORMAL,320,2026-01-05T18:19:00.000Z
SLLP-000000074,SLLP,LDZA,NORMAL,222,2026-01-05T19:05:00.000Z
SLLP-000000075,SLLP,LKPR,NORMAL,285,2026-01-05T19:50:00.000Z
SLLP-000000076,SLLP,SVMI,NORMAL,67,2026-01-05T20:34:00.000Z
SLLP-000000077,SLLP,EDDI,URGENTE,150,2026-01-06T05:21:00.000Z
SLLP-000000078,SLLP,SABE,URGENTE,72,2026-01-06T06:48:00.000Z
SLLP-000000079,SLLP,SABE,URGENTE,158,2026-01-06T08:07:00.000Z
SLLP-000000080,SLLP,VIDP,URGENTE,71,2026-01-06T09:25:00.000Z
SLLP-000000082,SLLP,OPKC,URGENTE,171,2026-01-06T12:05:00.000Z
SLLP-000000083,SLLP,SPIM,URGENTE,246,2026-01-06T13:21:00.000Z
SLLP-000000084,SLLP,SPIM,NORMAL,14,2026-01-06T14:47:00.000Z
SCEL-000000001,SCEL,UMMS,URGENTE,262,2026-01-02T03:51:00.000Z
SCEL-000000002,SCEL,LDZA,URGENTE,169,2026-01-02T04:35:00.000Z
SCEL-000000003,SCEL,OAKB,NORMAL,70,2026-01-02T05:26:00.000Z
SCEL-000000004,SCEL,OYSN,NORMAL,154,2026-01-02T06:10:00.000Z
SCEL-000000005,SCEL,SABE,NORMAL,297,2026-01-02T06:50:00.000Z
SCEL-000000006,SCEL,SLLP,NORMAL,23,2026-01-02T07:39:00.000Z
SCEL-000000008,SCEL,UBBB,NORMAL,229,2026-01-02T09:12:00.000Z
SCEL-000000009,SCEL,EBCI,NORMAL,99,2026-01-02T09:54:00.000Z
SCEL-000000010,SCEL,EDDI,NORMAL,132,2026-01-02T10:47:00.000Z
SCEL-000000011,SCEL,EDDI,NORMAL,320,2026-01-02T11:30:00.000Z
SCEL-000000012,SCEL,UMMS,NORMAL,190,2026-01-02T12:17:00.000Z
SCEL-000000013,SCEL,SVMI,NORMAL,255,2026-01-02T12:58:00.000Z
SCEL-000000014,SCEL,LDZA,NORMAL,26,2026-01-02T13:52:00.000Z
SCEL-000000015,SCEL,EKCH,NORMAL,215,2026-01-02T14:39:00.000Z
SCEL-000000016,SCEL,OJAI,NORMAL,169,2026-01-02T15:16:00.000Z
SCEL-000000017,SCEL,OYSN,NORMAL,61,2026-01-02T16:08:00.000Z
SCEL-000000018,SCEL,SPIM,NORMAL,109,2026-01-02T16:51:00.000Z
SCEL-000000019,SCEL,EKCH,NORMAL,305,2026-01-02T17:36:00.000Z
SCEL-000000020,SCEL,OPKC,NORMAL,142,2026-01-02T18:25:00.000Z
SCEL-000000021,SCEL,LBSF,NORMAL,194,2026-01-02T19:15:00.000Z
SCEL-000000022,SCEL,OOMS,URGENTE,101,2026-01-03T03:50:00.000Z
SCEL-000000023,SCEL,LDZA,URGENTE,320,2026-01-03T04:37:00.000Z
SCEL-000000024,SCEL,SBBR,NORMAL,220,2026-01-03T05:26:00.000Z
SCEL-000000025,SCEL,SABE,NORMAL,101,2026-01-03T06:06:00.000Z
SCEL-000000026,SCEL,EKCH,NORMAL,255,2026-01-03T06:50:00.000Z
SCEL-000000027,SCEL,SGAS,NORMAL,136,2026-01-03T07:41:00.000Z
SCEL-000000028,SCEL,EBCI,NORMAL,207,2026-01-03T08:29:00.000Z
SCEL-000000030,SCEL,SLLP,NORMAL,119,2026-01-03T09:56:00.000Z
SCEL-000000031,SCEL,OPKC,NORMAL,310,2026-01-03T10:45:00.000Z
SCEL-000000032,SCEL,OYSN,NORMAL,43,2026-01-03T11:27:00.000Z
SCEL-000000033,SCEL,OYSN,NORMAL,114,2026-01-03T12:16:00.000Z
SCEL-000000035,SCEL,UMMS,NORMAL,171,2026-01-03T13:44:00.000Z
SCEL-000000036,SCEL,OYSN,NORMAL,158,2026-01-03T14:35:00.000Z
SCEL-000000037,SCEL,SVMI,NORMAL,96,2026-01-03T15:22:00.000Z
SCEL-000000038,SCEL,UBBB,NORMAL,326,2026-01-03T16:11:00.000Z
SCEL-000000039,SCEL,LOWW,NORMAL,148,2026-01-03T16:50:00.000Z
SCEL-000000041,SCEL,OAKB,NORMAL,286,2026-01-03T18:29:00.000Z
SCEL-000000042,SCEL,LBSF,NORMAL,191,2026-01-03T19:14:00.000Z
SCEL-000000043,SCEL,OPKC,URGENTE,138,2026-01-04T04:07:00.000Z
SCEL-000000044,SCEL,LKPR,URGENTE,104,2026-01-04T05:02:00.000Z
SCEL-000000046,SCEL,SPIM,URGENTE,120,2026-01-04T07:01:00.000Z
SCEL-000000047,SCEL,EBCI,URGENTE,5,2026-01-04T08:07:00.000Z
SCEL-000000048,SCEL,SEQM,URGENTE,113,2026-01-04T09:07:00.000Z
SCEL-000000049,SCEL,SGAS,URGENTE,264,2026-01-04T10:04:00.000Z
SCEL-000000050,SCEL,SVMI,URGENTE,69,2026-01-04T11:04:00.000Z
SCEL-000000051,SCEL,EBCI,URGENTE,321,2026-01-04T12:09:00.000Z
SCEL-000000052,SCEL,OOMS,URGENTE,107,2026-01-04T13:02:00.000Z
SCEL-000000053,SCEL,UBBB,NORMAL,158,2026-01-04T14:08:00.000Z
SCEL-000000054,SCEL,OSDI,NORMAL,81,2026-01-04T15:05:00.000Z
SCEL-000000055,SCEL,EHAM,NORMAL,179,2026-01-04T16:07:00.000Z
SCEL-000000056,SCEL,OAKB,NORMAL,139,2026-01-04T17:09:00.000Z
SCEL-000000057,SCEL,EDDI,URGENTE,261,2026-01-05T03:00:00.000Z
SCEL-000000058,SCEL,EBCI,URGENTE,43,2026-01-05T04:54:00.000Z
SCEL-000000059,SCEL,LBSF,URGENTE,147,2026-01-05T05:40:00.000Z
SCEL-000000060,SCEL,EHAM,URGENTE,204,2026-01-05T06:36:00.000Z
SCEL-000000061,SCEL,LKPR,URGENTE,279,2026-01-05T07:27:00.000Z
SCEL-000000062,SCEL,UMMS,URGENTE,203,2026-01-05T08:27:00.000Z
SCEL-000000063,SCEL,EBCI,URGENTE,38,2026-01-05T09:19:00.000Z
SCEL-000000064,SCEL,LATI,NORMAL,20,2026-01-05T10:06:00.000Z
SCEL-000000065,SCEL,OPKC,NORMAL,57,2026-01-05T10:01:00.000Z
SCEL-000000066,SCEL,LDZA,NORMAL,173,2026-01-05T11:55:00.000Z
SCEL-000000067,SCEL,LKPR,NORMAL,44,2026-01-05T12:46:00.000Z
SCEL-000000068,SCEL,SKBO,NORMAL,256,2026-01-05T13:41:00.000Z
SCEL-000000069,SCEL,OOMS,NORMAL,105,2026-01-05T14:34:00.000Z
SCEL-000000070,SCEL,LOWW,NORMAL,133,2026-01-05T15:27:00.000Z
SCEL-000000072,SCEL,LDZA,NORMAL,159,2026-01-05T17:10:00.000Z
SCEL-000000073,SCEL,OJAI,NORMAL,157,2026-01-05T18:02:00.000Z
SCEL-000000074,SCEL,EDDI,URGENTE,42,2026-01-06T03:51:00.000Z
SCEL-000000075,SCEL,EHAM,URGENTE,108,2026-01-06T04:33:00.000Z
SCEL-000000076,SCEL,EKCH,NORMAL,152,2026-01-06T05:15:00.000Z
SCEL-000000077,SCEL,VIDP,NORMAL,206,2026-01-06T06:04:00.000Z
SCEL-000000079,SCEL,OSDI,NORMAL,206,2026-01-06T07:36:00.000Z
SCEL-000000080,SCEL,LATI,NORMAL,275,2026-01-06T08:22:00.000Z
SCEL-000000081,SCEL,EHAM,NORMAL,102,2026-01-06T09:00:00.000Z
SCEL-000000082,SCEL,EKCH,NORMAL,77,2026-01-06T09:53:00.000Z
SCEL-000000083,SCEL,SLLP,NORMAL,318,2026-01-06T10:35:00.000Z
SCEL-000000084,SCEL,LKPR,NORMAL,224,2026-01-06T11:19:00.000Z
SCEL-000000085,SCEL,LBSF,NORMAL,133,2026-01-06T12:09:00.000Z
SCEL-000000086,SCEL,UMMS,NORMAL,324,2026-01-06T12:52:00.000Z
SCEL-000000087,SCEL,SUAA,NORMAL,52,2026-01-06T13:30:00.000Z
SCEL-000000088,SCEL,LOWW,NORMAL,138,2026-01-06T14:23:00.000Z
SCEL-000000089,SCEL,OAKB,NORMAL,217,2026-01-06T15:09:00.000Z
SCEL-000000090,SCEL,SUAA,NORMAL,138,2026-01-06T15:52:00.000Z
SCEL-000000091,SCEL,SABE,NORMAL,323,2026-01-06T16:38:00.000Z
SCEL-000000092,SCEL,OSDI,NORMAL,7,2026-01-06T17:15:00.000Z
SCEL-000000093,SCEL,SEQM,NORMAL,94,2026-01-06T18:01:00.000Z
SCEL-000000094,SCEL,SKBO,NORMAL,236,2026-01-06T18:51:00.000Z
SCEL-000000095,SCEL,EHAM,NORMAL,11,2026-01-06T19:39:00.000Z
SABE-000000001,SABE,EHAM,URGENTE,57,2026-01-02T03:50:00.000Z
SABE-000000002,SABE,UMMS,URGENTE,310,2026-01-02T04:33:00.000Z
SABE-000000003,SABE,SCEL,NORMAL,15,2026-01-02T05:20:00.000Z
SABE-000000004,SABE,OOMS,NORMAL,72,2026-01-02T06:11:00.000Z
SABE-000000005,SABE,OOMS,NORMAL,123,2026-01-02T06:53:00.000Z
SABE-000000006,SABE,SGAS,NORMAL,176,2026-01-02T07:41:00.000Z
SABE-000000007,SABE,OSDI,NORMAL,231,2026-01-02T08:23:00.000Z
SABE-000000008,SABE,OOMS,NORMAL,279,2026-01-02T09:14:00.000Z
SABE-000000009,SABE,SCEL,NORMAL,293,2026-01-02T09:03:00.000Z
SABE-000000010,SABE,OOMS,NORMAL,297,2026-01-02T10:44:00.000Z
SABE-000000011,SABE,EKCH,NORMAL,259,2026-01-02T11:33:00.000Z
SABE-000000012,SABE,OSDI,NORMAL,253,2026-01-02T12:15:00.000Z
SABE-000000013,SABE,OJAI,NORMAL,214,2026-01-02T12:06:00.000Z
SABE-000000014,SABE,OSDI,NORMAL,196,2026-01-02T13:50:00.000Z
SABE-000000015,SABE,SVMI,NORMAL,246,2026-01-02T14:36:00.000Z
SABE-000000016,SABE,EKCH,NORMAL,262,2026-01-02T15:18:00.000Z
SABE-000000017,SABE,EDDI,NORMAL,8,2026-01-02T16:04:00.000Z
SABE-000000018,SABE,SUAA,NORMAL,191,2026-01-02T16:49:00.000Z
SABE-000000019,SABE,LOWW,NORMAL,314,2026-01-02T17:34:00.000Z
SABE-000000020,SABE,SPIM,NORMAL,165,2026-01-02T18:29:00.000Z
SABE-000000021,SABE,SVMI,NORMAL,119,2026-01-02T19:14:00.000Z
SABE-000000022,SABE,SBBR,URGENTE,7,2026-01-03T03:51:00.000Z
SABE-000000023,SABE,SKBO,URGENTE,93,2026-01-03T04:41:00.000Z
SABE-000000024,SABE,OSDI,NORMAL,143,2026-01-03T05:23:00.000Z
SABE-000000025,SABE,OJAI,NORMAL,208,2026-01-03T06:10:00.000Z
SABE-000000026,SABE,SUAA,NORMAL,256,2026-01-03T06:54:00.000Z
SABE-000000028,SABE,SCEL,NORMAL,314,2026-01-03T08:28:00.000Z
SABE-000000029,SABE,SLLP,NORMAL,14,2026-01-03T09:14:00.000Z
SABE-000000030,SABE,SPIM,NORMAL,125,2026-01-03T09:58:00.000Z
SABE-000000031,SABE,SVMI,NORMAL,273,2026-01-03T10:41:00.000Z
SABE-000000032,SABE,SEQM,NORMAL,266,2026-01-03T11:33:00.000Z
SABE-000000033,SABE,UBBB,NORMAL,286,2026-01-03T12:13:00.000Z
SABE-000000034,SABE,EBCI,NORMAL,185,2026-01-03T12:07:00.000Z
SABE-000000035,SABE,SPIM,NORMAL,19,2026-01-03T13:48:00.000Z
SABE-000000036,SABE,LKPR,NORMAL,314,2026-01-03T14:37:00.000Z
SABE-000000038,SABE,EDDI,NORMAL,156,2026-01-03T16:05:00.000Z
SABE-000000039,SABE,SKBO,NORMAL,283,2026-01-03T16:53:00.000Z
SABE-000000041,SABE,EHAM,NORMAL,152,2026-01-03T18:27:00.000Z
SABE-000000043,SABE,SGAS,URGENTE,325,2026-01-04T03:47:00.000Z
SABE-000000044,SABE,OYSN,URGENTE,239,2026-01-04T04:36:00.000Z
SABE-000000045,SABE,VIDP,NORMAL,194,2026-01-04T05:20:00.000Z
SABE-000000046,SABE,OSDI,NORMAL,136,2026-01-04T06:07:00.000Z
SABE-000000047,SABE,LATI,NORMAL,141,2026-01-04T06:54:00.000Z
SABE-000000048,SABE,SUAA,NORMAL,46,2026-01-04T07:30:00.000Z
SABE-000000049,SABE,OSDI,NORMAL,59,2026-01-04T08:21:00.000Z
SABE-000000050,SABE,VIDP,NORMAL,268,2026-01-04T09:06:00.000Z
SABE-000000051,SABE,SEQM,NORMAL,187,2026-01-04T09:46:00.000Z
SABE-000000052,SABE,OSDI,NORMAL,316,2026-01-04T10:34:00.000Z
SABE-000000053,SABE,SEQM,NORMAL,79,2026-01-04T11:20:00.000Z
SABE-000000054,SABE,SVMI,NORMAL,1,2026-01-04T12:05:00.000Z
SABE-000000055,SABE,SEQM,NORMAL,221,2026-01-04T12:53:00.000Z
SABE-000000056,SABE,LBSF,NORMAL,88,2026-01-04T13:38:00.000Z
SABE-000000057,SABE,SKBO,NORMAL,196,2026-01-04T14:17:00.000Z
SABE-000000058,SABE,UBBB,NORMAL,35,2026-01-04T15:06:00.000Z
SABE-000000059,SABE,OOMS,NORMAL,260,2026-01-04T15:54:00.000Z
SABE-000000060,SABE,LATI,NORMAL,181,2026-01-04T16:38:00.000Z
SABE-000000061,SABE,LBSF,NORMAL,182,2026-01-04T17:24:00.000Z
SABE-000000062,SABE,EHAM,NORMAL,168,2026-01-04T18:08:00.000Z
SABE-000000063,SABE,SEQM,NORMAL,69,2026-01-04T18:52:00.000Z
SABE-000000064,SABE,OSDI,NORMAL,14,2026-01-04T19:35:00.000Z
SABE-000000065,SABE,OSDI,URGENTE,276,2026-01-05T03:53:00.000Z
SABE-000000067,SABE,SCEL,URGENTE,82,2026-01-05T05:33:00.000Z
SABE-000000068,SABE,OJAI,URGENTE,227,2026-01-05T06:16:00.000Z
SABE-000000069,SABE,SKBO,NORMAL,287,2026-01-05T07:08:00.000Z
SABE-000000070,SABE,OYSN,NORMAL,158,2026-01-05T07:49:00.000Z
SABE-000000071,SABE,VIDP,NORMAL,237,2026-01-05T08:39:00.000Z
SABE-000000072,SABE,OJAI,NORMAL,102,2026-01-05T09:33:00.000Z
SABE-000000073,SABE,OOMS,NORMAL,89,2026-01-05T10:21:00.000Z
SABE-000000074,SABE,EHAM,NORMAL,8,2026-01-05T11:04:00.000Z
SABE-000000075,SABE,EKCH,NORMAL,61,2026-01-05T11:53:00.000Z
SABE-000000076,SABE,SVMI,NORMAL,98,2026-01-05T12:39:00.000Z
SABE-000000077,SABE,OOMS,NORMAL,69,2026-01-05T13:29:00.000Z
SABE-000000078,SABE,UBBB,NORMAL,234,2026-01-05T14:19:00.000Z
SABE-000000079,SABE,EDDI,NORMAL,124,2026-01-05T15:07:00.000Z
SABE-000000080,SABE,LATI,NORMAL,308,2026-01-05T15:55:00.000Z
SABE-000000081,SABE,LBSF,NORMAL,53,2026-01-05T16:36:00.000Z
SABE-000000082,SABE,OAKB,NORMAL,82,2026-01-05T17:29:00.000Z
SABE-000000083,SABE,SBBR,NORMAL,67,2026-01-05T18:15:00.000Z
SABE-000000084,SABE,EKCH,NORMAL,71,2026-01-05T19:05:00.000Z
SABE-000000085,SABE,OOMS,URGENTE,263,2026-01-06T04:17:00.000Z
SABE-000000086,SABE,VIDP,URGENTE,303,2026-01-06T05:24:00.000Z
SABE-000000087,SABE,LATI,URGENTE,118,2026-01-06T06:33:00.000Z
SABE-000000088,SABE,LDZA,URGENTE,128,2026-01-06T07:41:00.000Z
SABE-000000090,SABE,SVMI,URGENTE,215,2026-01-06T09:52:00.000Z
SABE-000000091,SABE,VIDP,URGENTE,201,2026-01-06T10:02:00.000Z
SABE-000000092,SABE,EBCI,URGENTE,1,2026-01-06T12:09:00.000Z
SABE-000000093,SABE,SVMI,URGENTE,83,2026-01-06T13:19:00.000Z
SABE-000000094,SABE,SUAA,URGENTE,71,2026-01-06T14:20:00.000Z
SABE-000000095,SABE,UBBB,NORMAL,166,2026-01-06T15:32:00.000Z
SGAS-000000001,SGAS,OJAI,URGENTE,178,2026-01-02T04:02:00.000Z
SGAS-000000002,SGAS,LDZA,URGENTE,265,2026-01-02T05:55:00.000Z
SGAS-000000004,SGAS,EHAM,URGENTE,323,2026-01-02T07:57:00.000Z
SGAS-000000006,SGAS,OSDI,URGENTE,156,2026-01-02T09:42:00.000Z
SGAS-000000007,SGAS,SKBO,URGENTE,293,2026-01-02T10:40:00.000Z
SGAS-000000008,SGAS,LKPR,URGENTE,268,2026-01-02T11:39:00.000Z
SGAS-000000009,SGAS,SKBO,NORMAL,122,2026-01-02T12:34:00.000Z
SGAS-000000010,SGAS,OJAI,NORMAL,62,2026-01-02T13:31:00.000Z
SGAS-000000011,SGAS,SBBR,NORMAL,175,2026-01-02T14:32:00.000Z
SGAS-000000012,SGAS,LDZA,NORMAL,111,2026-01-02T15:33:00.000Z
SGAS-000000013,SGAS,EDDI,NORMAL,280,2026-01-02T16:24:00.000Z
SGAS-000000014,SGAS,SVMI,NORMAL,179,2026-01-02T17:26:00.000Z
SGAS-000000016,SGAS,SPIM,URGENTE,159,2026-01-03T04:47:00.000Z
SGAS-000000018,SGAS,OYSN,NORMAL,53,2026-01-03T06:22:00.000Z
SGAS-000000019,SGAS,OOMS,NORMAL,169,2026-01-03T07:04:00.000Z
SGAS-000000020,SGAS,EBCI,NORMAL,130,2026-01-03T07:55:00.000Z
SGAS-000000021,SGAS,LATI,NORMAL,293,2026-01-03T08:41:00.000Z
SGAS-000000022,SGAS,SUAA,NORMAL,105,2026-01-03T09:24:00.000Z
SGAS-000000023,SGAS,LDZA,NORMAL,149,2026-01-03T10:17:00.000Z
SGAS-000000024,SGAS,EHAM,NORMAL,323,2026-01-03T10:58:00.000Z
SGAS-000000025,SGAS,SKBO,NORMAL,94,2026-01-03T11:40:00.000Z
SGAS-000000026,SGAS,SPIM,NORMAL,200,2026-01-03T12:30:00.000Z
SGAS-000000027,SGAS,OYSN,NORMAL,284,2026-01-03T13:21:00.000Z
SGAS-000000028,SGAS,SEQM,NORMAL,246,2026-01-03T13:58:00.000Z
SGAS-000000029,SGAS,SCEL,NORMAL,69,2026-01-03T14:48:00.000Z
SGAS-000000030,SGAS,OJAI,NORMAL,310,2026-01-03T15:32:00.000Z
SGAS-000000031,SGAS,SCEL,NORMAL,30,2026-01-03T16:25:00.000Z
SGAS-000000032,SGAS,VIDP,NORMAL,97,2026-01-03T17:09:00.000Z
SGAS-000000033,SGAS,SEQM,NORMAL,42,2026-01-03T17:50:00.000Z
SGAS-000000034,SGAS,UBBB,NORMAL,212,2026-01-03T18:34:00.000Z
SGAS-000000035,SGAS,SUAA,NORMAL,295,2026-01-03T19:20:00.000Z
SGAS-000000037,SGAS,OAKB,URGENTE,162,2026-01-04T05:04:00.000Z
SGAS-000000038,SGAS,SPIM,URGENTE,69,2026-01-04T06:08:00.000Z
SGAS-000000039,SGAS,LKPR,URGENTE,128,2026-01-04T07:15:00.000Z
SGAS-000000040,SGAS,SLLP,URGENTE,150,2026-01-04T08:11:00.000Z
SGAS-000000041,SGAS,OOMS,URGENTE,207,2026-01-04T09:18:00.000Z
SGAS-000000042,SGAS,VIDP,URGENTE,306,2026-01-04T10:19:00.000Z
SGAS-000000043,SGAS,SUAA,URGENTE,161,2026-01-04T11:23:00.000Z
SGAS-000000044,SGAS,LKPR,URGENTE,39,2026-01-04T12:17:00.000Z
SGAS-000000045,SGAS,SLLP,URGENTE,154,2026-01-04T13:24:00.000Z
SGAS-000000046,SGAS,SLLP,URGENTE,180,2026-01-04T14:25:00.000Z
SGAS-000000047,SGAS,EHAM,URGENTE,173,2026-01-04T15:28:00.000Z
SGAS-000000048,SGAS,SKBO,NORMAL,309,2026-01-04T16:32:00.000Z
SGAS-000000049,SGAS,OJAI,NORMAL,109,2026-01-04T17:27:00.000Z
SGAS-000000050,SGAS,SCEL,URGENTE,138,2026-01-05T05:02:00.000Z
SGAS-000000051,SGAS,OOMS,URGENTE,277,2026-01-05T06:08:00.000Z
SGAS-000000052,SGAS,OJAI,URGENTE,5,2026-01-05T07:14:00.000Z
SGAS-000000053,SGAS,SCEL,URGENTE,289,2026-01-05T08:12:00.000Z
SGAS-000000054,SGAS,LDZA,URGENTE,271,2026-01-05T09:13:00.000Z
SGAS-000000055,SGAS,SVMI,URGENTE,11,2026-01-05T10:14:00.000Z
SGAS-000000056,SGAS,LATI,URGENTE,53,2026-01-05T11:17:00.000Z
SGAS-000000057,SGAS,EHAM,URGENTE,210,2026-01-05T12:18:00.000Z
SGAS-000000058,SGAS,LOWW,URGENTE,220,2026-01-05T13:22:00.000Z
SGAS-000000059,SGAS,OOMS,URGENTE,290,2026-01-05T14:25:00.000Z
SGAS-000000060,SGAS,SABE,URGENTE,39,2026-01-05T15:25:00.000Z
SGAS-000000061,SGAS,SCEL,NORMAL,91,2026-01-05T16:31:00.000Z
SGAS-000000062,SGAS,OJAI,NORMAL,80,2026-01-05T17:28:00.000Z
SGAS-000000063,SGAS,SUAA,URGENTE,158,2026-01-06T04:45:00.000Z
SGAS-000000065,SGAS,UMMS,NORMAL,121,2026-01-06T06:19:00.000Z
SGAS-000000066,SGAS,LKPR,NORMAL,60,2026-01-06T07:08:00.000Z
SGAS-000000067,SGAS,EKCH,NORMAL,68,2026-01-06T07:45:00.000Z
SGAS-000000068,SGAS,LBSF,NORMAL,266,2026-01-06T08:34:00.000Z
SGAS-000000069,SGAS,OOMS,NORMAL,284,2026-01-06T09:15:00.000Z
SGAS-000000070,SGAS,EBCI,NORMAL,205,2026-01-06T10:03:00.000Z
SGAS-000000071,SGAS,UMMS,NORMAL,291,2026-01-06T10:53:00.000Z
SGAS-000000072,SGAS,SEQM,NORMAL,244,2026-01-06T11:38:00.000Z
SGAS-000000073,SGAS,EHAM,NORMAL,6,2026-01-06T12:16:00.000Z
SGAS-000000074,SGAS,UBBB,NORMAL,200,2026-01-06T13:05:00.000Z
SGAS-000000075,SGAS,LDZA,NORMAL,236,2026-01-06T13:50:00.000Z
SGAS-000000076,SGAS,LKPR,NORMAL,285,2026-01-06T14:33:00.000Z
SGAS-000000077,SGAS,EDDI,NORMAL,102,2026-01-06T15:15:00.000Z
SGAS-000000078,SGAS,SKBO,NORMAL,112,2026-01-06T16:08:00.000Z
SGAS-000000079,SGAS,EDDI,NORMAL,80,2026-01-06T16:50:00.000Z
SGAS-000000080,SGAS,LBSF,NORMAL,244,2026-01-06T17:39:00.000Z
SGAS-000000081,SGAS,UMMS,NORMAL,181,2026-01-06T18:21:00.000Z
SGAS-000000082,SGAS,UBBB,NORMAL,30,2026-01-06T19:09:00.000Z
SGAS-000000083,SGAS,OJAI,NORMAL,198,2026-01-06T19:50:00.000Z
SGAS-000000084,SGAS,LOWW,NORMAL,313,2026-01-06T20:31:00.000Z
SUAA-000000001,SUAA,EKCH,URGENTE,111,2026-01-02T03:48:00.000Z
SUAA-000000002,SUAA,SCEL,URGENTE,185,2026-01-02T04:33:00.000Z
SUAA-000000004,SUAA,EDDI,NORMAL,12,2026-01-02T06:05:00.000Z
SUAA-000000005,SUAA,SABE,NORMAL,237,2026-01-02T06:50:00.000Z
SUAA-000000006,SUAA,EKCH,NORMAL,108,2026-01-02T07:39:00.000Z
SUAA-000000007,SUAA,UBBB,NORMAL,101,2026-01-02T08:25:00.000Z
SUAA-000000008,SUAA,EBCI,NORMAL,328,2026-01-02T09:08:00.000Z
SUAA-000000010,SUAA,UBBB,NORMAL,182,2026-01-02T10:41:00.000Z
SUAA-000000011,SUAA,SCEL,NORMAL,81,2026-01-02T11:30:00.000Z
SUAA-000000012,SUAA,SCEL,NORMAL,67,2026-01-02T12:15:00.000Z
SUAA-000000013,SUAA,EHAM,NORMAL,200,2026-01-02T12:03:00.000Z
SUAA-000000014,SUAA,SEQM,NORMAL,24,2026-01-02T13:52:00.000Z
SUAA-000000015,SUAA,LATI,NORMAL,200,2026-01-02T14:30:00.000Z
SUAA-000000016,SUAA,SPIM,NORMAL,39,2026-01-02T15:19:00.000Z
SUAA-000000017,SUAA,EDDI,NORMAL,305,2026-01-02T16:05:00.000Z
SUAA-000000018,SUAA,LDZA,NORMAL,74,2026-01-02T16:50:00.000Z
SUAA-000000019,SUAA,LATI,NORMAL,298,2026-01-02T17:36:00.000Z
SUAA-000000020,SUAA,LDZA,NORMAL,109,2026-01-02T18:27:00.000Z
SUAA-000000021,SUAA,VIDP,NORMAL,71,2026-01-02T19:11:00.000Z
SUAA-000000022,SUAA,OOMS,URGENTE,94,2026-01-03T03:55:00.000Z
SUAA-000000023,SUAA,SVMI,URGENTE,239,2026-01-03T04:33:00.000Z
SUAA-000000025,SUAA,LKPR,NORMAL,262,2026-01-03T06:04:00.000Z
SUAA-000000026,SUAA,SEQM,NORMAL,290,2026-01-03T06:53:00.000Z
SUAA-000000027,SUAA,OJAI,NORMAL,219,2026-01-03T07:44:00.000Z
SUAA-000000028,SUAA,EHAM,NORMAL,123,2026-01-03T08:30:00.000Z
SUAA-000000029,SUAA,LOWW,NORMAL,116,2026-01-03T09:12:00.000Z
SUAA-000000030,SUAA,EKCH,NORMAL,30,2026-01-03T09:00:00.000Z
SUAA-000000031,SUAA,EDDI,NORMAL,237,2026-01-03T10:46:00.000Z
SUAA-000000032,SUAA,LKPR,NORMAL,105,2026-01-03T11:30:00.000Z
SUAA-000000033,SUAA,OAKB,NORMAL,208,2026-01-03T12:18:00.000Z
SUAA-000000034,SUAA,UBBB,NORMAL,226,2026-01-03T12:58:00.000Z
SUAA-000000035,SUAA,LATI,NORMAL,143,2026-01-03T13:50:00.000Z
SUAA-000000036,SUAA,EKCH,NORMAL,215,2026-01-03T14:34:00.000Z
SUAA-000000037,SUAA,SABE,NORMAL,7,2026-01-03T15:17:00.000Z
SUAA-000000038,SUAA,VIDP,NORMAL,79,2026-01-03T16:02:00.000Z
SUAA-000000039,SUAA,LKPR,NORMAL,56,2026-01-03T16:57:00.000Z
SUAA-000000040,SUAA,SABE,NORMAL,145,2026-01-03T17:38:00.000Z
SUAA-000000041,SUAA,SGAS,NORMAL,52,2026-01-03T18:28:00.000Z
SUAA-000000042,SUAA,LOWW,NORMAL,158,2026-01-03T19:07:00.000Z
SUAA-000000043,SUAA,OSDI,URGENTE,274,2026-01-04T03:04:00.000Z
SUAA-000000044,SUAA,LKPR,URGENTE,171,2026-01-04T04:53:00.000Z
SUAA-000000046,SUAA,EBCI,URGENTE,273,2026-01-04T06:46:00.000Z
SUAA-000000047,SUAA,EDDI,URGENTE,106,2026-01-04T07:41:00.000Z
SUAA-000000048,SUAA,OOMS,URGENTE,139,2026-01-04T08:34:00.000Z
SUAA-000000049,SUAA,LOWW,URGENTE,241,2026-01-04T09:32:00.000Z
SUAA-000000050,SUAA,EHAM,URGENTE,205,2026-01-04T10:23:00.000Z
SUAA-000000051,SUAA,SCEL,NORMAL,311,2026-01-04T11:19:00.000Z
SUAA-000000052,SUAA,EHAM,NORMAL,311,2026-01-04T12:13:00.000Z
SUAA-000000053,SUAA,EBCI,NORMAL,322,2026-01-04T13:12:00.000Z
SUAA-000000054,SUAA,SPIM,NORMAL,215,2026-01-04T14:06:00.000Z
SUAA-000000055,SUAA,SVMI,NORMAL,318,2026-01-04T14:59:00.000Z
SUAA-000000056,SUAA,SBBR,NORMAL,192,2026-01-04T15:51:00.000Z
SUAA-000000057,SUAA,EKCH,NORMAL,69,2026-01-04T16:45:00.000Z
SUAA-000000058,SUAA,LDZA,NORMAL,78,2026-01-04T17:45:00.000Z
SUAA-000000059,SUAA,LDZA,URGENTE,20,2026-01-05T03:52:00.000Z
SUAA-000000060,SUAA,UMMS,URGENTE,320,2026-01-05T04:30:00.000Z
SUAA-000000061,SUAA,OPKC,NORMAL,88,2026-01-05T05:22:00.000Z
SUAA-000000063,SUAA,SLLP,NORMAL,162,2026-01-05T06:49:00.000Z
SUAA-000000064,SUAA,SVMI,NORMAL,77,2026-01-05T07:37:00.000Z
SUAA-000000065,SUAA,SGAS,NORMAL,16,2026-01-05T08:15:00.000Z
SUAA-000000066,SUAA,SVMI,NORMAL,236,2026-01-05T09:04:00.000Z
SUAA-000000067,SUAA,SVMI,NORMAL,275,2026-01-05T09:49:00.000Z
SUAA-000000068,SUAA,EHAM,NORMAL,38,2026-01-05T10:37:00.000Z
SUAA-000000069,SUAA,VIDP,NORMAL,271,2026-01-05T11:24:00.000Z
SUAA-000000070,SUAA,OYSN,NORMAL,205,2026-01-05T12:00:00.000Z
SUAA-000000072,SUAA,VIDP,NORMAL,229,2026-01-05T13:37:00.000Z
SUAA-000000073,SUAA,OYSN,NORMAL,271,2026-01-05T14:22:00.000Z
SUAA-000000074,SUAA,SBBR,NORMAL,320,2026-01-05T15:03:00.000Z
SUAA-000000075,SUAA,OAKB,NORMAL,185,2026-01-05T15:51:00.000Z
SUAA-000000077,SUAA,OSDI,NORMAL,154,2026-01-05T17:17:00.000Z
SUAA-000000078,SUAA,LOWW,NORMAL,23,2026-01-05T18:00:00.000Z
SUAA-000000079,SUAA,SCEL,NORMAL,119,2026-01-05T18:45:00.000Z
SUAA-000000080,SUAA,SGAS,NORMAL,291,2026-01-05T19:33:00.000Z
SUAA-000000081,SUAA,OSDI,URGENTE,214,2026-01-06T04:18:00.000Z
SUAA-000000082,SUAA,LKPR,URGENTE,244,2026-01-06T05:36:00.000Z
SUAA-000000084,SUAA,SPIM,URGENTE,77,2026-01-06T08:03:00.000Z
SUAA-000000085,SUAA,SVMI,URGENTE,230,2026-01-06T09:20:00.000Z
SUAA-000000086,SUAA,OOMS,URGENTE,64,2026-01-06T10:30:00.000Z
SUAA-000000087,SUAA,UMMS,URGENTE,22,2026-01-06T11:47:00.000Z
SUAA-000000088,SUAA,LATI,URGENTE,138,2026-01-06T13:08:00.000Z
SUAA-000000089,SUAA,OPKC,NORMAL,100,2026-01-06T14:15:00.000Z
LATI-000000001,LATI,OPKC,URGENTE,139,2026-01-01T22:48:00.000Z
LATI-000000003,LATI,OOMS,NORMAL,162,2026-01-02T00:19:00.000Z
LATI-000000004,LATI,SVMI,NORMAL,27,2026-01-02T01:04:00.000Z
LATI-000000005,LATI,SABE,NORMAL,80,2026-01-02T01:53:00.000Z
LATI-000000006,LATI,LOWW,NORMAL,105,2026-01-02T02:36:00.000Z
LATI-000000007,LATI,SABE,NORMAL,3,2026-01-02T03:30:00.000Z
LATI-000000008,LATI,SUAA,NORMAL,106,2026-01-02T04:13:00.000Z
LATI-000000009,LATI,VIDP,NORMAL,59,2026-01-02T04:03:00.000Z
LATI-000000010,LATI,OJAI,NORMAL,297,2026-01-02T05:44:00.000Z
LATI-000000012,LATI,LDZA,NORMAL,66,2026-01-02T07:16:00.000Z
LATI-000000013,LATI,LOWW,NORMAL,168,2026-01-02T07:02:00.000Z
LATI-000000014,LATI,SABE,NORMAL,177,2026-01-02T08:50:00.000Z
LATI-000000015,LATI,SEQM,NORMAL,132,2026-01-02T09:34:00.000Z
LATI-000000016,LATI,SUAA,NORMAL,246,2026-01-02T10:24:00.000Z
LATI-000000017,LATI,LBSF,NORMAL,185,2026-01-02T11:07:00.000Z
LATI-000000018,LATI,OAKB,NORMAL,161,2026-01-02T11:48:00.000Z
LATI-000000019,LATI,EDDI,NORMAL,179,2026-01-02T12:34:00.000Z
LATI-000000020,LATI,LDZA,NORMAL,65,2026-01-02T13:22:00.000Z
LATI-000000021,LATI,LBSF,NORMAL,186,2026-01-02T14:15:00.000Z
LATI-000000022,LATI,LKPR,URGENTE,112,2026-01-02T23:19:00.000Z
LATI-000000023,LATI,UBBB,URGENTE,212,2026-01-03T00:32:00.000Z
LATI-000000024,LATI,OOMS,URGENTE,159,2026-01-03T01:37:00.000Z
LATI-000000025,LATI,OSDI,URGENTE,65,2026-01-03T02:53:00.000Z
LATI-000000026,LATI,UMMS,URGENTE,18,2026-01-03T04:01:00.000Z
LATI-000000027,LATI,OOMS,URGENTE,22,2026-01-03T05:21:00.000Z
LATI-000000028,LATI,EHAM,URGENTE,38,2026-01-03T06:25:00.000Z
LATI-000000029,LATI,LKPR,URGENTE,288,2026-01-03T07:36:00.000Z
LATI-000000030,LATI,SEQM,URGENTE,19,2026-01-03T08:51:00.000Z
LATI-000000031,LATI,EBCI,NORMAL,145,2026-01-03T10:00:00.000Z
LATI-000000032,LATI,SVMI,URGENTE,323,2026-01-03T23:13:00.000Z
LATI-000000033,LATI,SKBO,URGENTE,264,2026-01-04T00:19:00.000Z
LATI-000000034,LATI,UMMS,URGENTE,97,2026-01-04T01:30:00.000Z
LATI-000000035,LATI,SVMI,URGENTE,325,2026-01-04T02:34:00.000Z
LATI-000000036,LATI,LKPR,URGENTE,64,2026-01-04T03:41:00.000Z
LATI-000000037,LATI,OOMS,URGENTE,152,2026-01-04T04:57:00.000Z
LATI-000000038,LATI,EDDI,URGENTE,54,2026-01-04T05:05:00.000Z
LATI-000000039,LATI,EDDI,URGENTE,206,2026-01-04T07:05:00.000Z
LATI-000000040,LATI,EKCH,URGENTE,203,2026-01-04T08:19:00.000Z
LATI-000000041,LATI,SBBR,URGENTE,62,2026-01-04T09:22:00.000Z
LATI-000000043,LATI,EDDI,URGENTE,102,2026-01-04T23:04:00.000Z
LATI-000000044,LATI,OPKC,URGENTE,21,2026-01-05T00:07:00.000Z
LATI-000000045,LATI,EBCI,URGENTE,260,2026-01-05T01:14:00.000Z
LATI-000000046,LATI,LDZA,URGENTE,226,2026-01-05T02:15:00.000Z
LATI-000000047,LATI,UMMS,URGENTE,325,2026-01-05T03:17:00.000Z
LATI-000000049,LATI,SUAA,URGENTE,237,2026-01-05T05:14:00.000Z
LATI-000000050,LATI,OYSN,URGENTE,73,2026-01-05T06:20:00.000Z
LATI-000000051,LATI,OSDI,URGENTE,140,2026-01-05T07:20:00.000Z
LATI-000000052,LATI,SCEL,URGENTE,90,2026-01-05T08:21:00.000Z
LATI-000000053,LATI,SPIM,URGENTE,280,2026-01-05T09:29:00.000Z
LATI-000000054,LATI,SBBR,NORMAL,223,2026-01-05T10:31:00.000Z
LATI-000000055,LATI,SPIM,NORMAL,42,2026-01-05T11:34:00.000Z
LATI-000000056,LATI,SPIM,URGENTE,175,2026-01-05T22:54:00.000Z
LATI-000000057,LATI,UMMS,URGENTE,172,2026-01-05T23:36:00.000Z
LATI-000000058,LATI,OYSN,NORMAL,287,2026-01-06T00:15:00.000Z
LATI-000000059,LATI,EKCH,NORMAL,189,2026-01-06T01:05:00.000Z
LATI-000000060,LATI,SVMI,NORMAL,172,2026-01-06T01:48:00.000Z
LATI-000000061,LATI,SVMI,NORMAL,91,2026-01-06T02:33:00.000Z
LATI-000000062,LATI,LBSF,NORMAL,308,2026-01-06T03:15:00.000Z
LATI-000000063,LATI,OYSN,NORMAL,117,2026-01-06T04:06:00.000Z
LATI-000000064,LATI,LKPR,NORMAL,278,2026-01-06T04:47:00.000Z
LATI-000000065,LATI,OPKC,NORMAL,300,2026-01-06T05:38:00.000Z
LATI-000000067,LATI,OSDI,NORMAL,196,2026-01-06T07:07:00.000Z
LATI-000000068,LATI,OOMS,NORMAL,220,2026-01-06T07:52:00.000Z
LATI-000000069,LATI,LDZA,NORMAL,249,2026-01-06T08:32:00.000Z
LATI-000000070,LATI,SABE,NORMAL,3,2026-01-06T09:18:00.000Z
LATI-000000071,LATI,EHAM,NORMAL,265,2026-01-06T10:04:00.000Z
LATI-000000072,LATI,OYSN,NORMAL,66,2026-01-06T10:48:00.000Z
LATI-000000073,LATI,SCEL,NORMAL,124,2026-01-06T11:37:00.000Z
LATI-000000074,LATI,VIDP,NORMAL,244,2026-01-06T12:17:00.000Z
LATI-000000075,LATI,LBSF,NORMAL,167,2026-01-06T13:01:00.000Z
LATI-000000076,LATI,UMMS,NORMAL,50,2026-01-06T13:48:00.000Z
LATI-000000077,LATI,OJAI,NORMAL,220,2026-01-06T14:36:00.000Z
EDDI-000000001,EDDI,SUAA,URGENTE,53,2026-01-01T22:49:00.000Z
EDDI-000000002,EDDI,SPIM,URGENTE,148,2026-01-01T23:36:00.000Z
EDDI-000000003,EDDI,OYSN,NORMAL,311,2026-01-02T00:20:00.000Z
EDDI-000000004,EDDI,LBSF,NORMAL,117,2026-01-02T01:10:00.000Z
EDDI-000000005,EDDI,LBSF,NORMAL,102,2026-01-02T01:57:00.000Z
EDDI-000000006,EDDI,SPIM,NORMAL,282,2026-01-02T02:37:00.000Z
EDDI-000000007,EDDI,SGAS,NORMAL,68,2026-01-02T03:22:00.000Z
EDDI-000000010,EDDI,UMMS,NORMAL,263,2026-01-02T05:44:00.000Z
EDDI-000000011,EDDI,SKBO,NORMAL,324,2026-01-02T06:33:00.000Z
EDDI-000000012,EDDI,SUAA,NORMAL,94,2026-01-02T07:21:00.000Z
EDDI-000000013,EDDI,VIDP,NORMAL,256,2026-01-02T07:06:00.000Z
EDDI-000000014,EDDI,VIDP,NORMAL,324,2026-01-02T08:47:00.000Z
EDDI-000000015,EDDI,OAKB,NORMAL,308,2026-01-02T09:33:00.000Z
EDDI-000000016,EDDI,LATI,NORMAL,9,2026-01-02T10:16:00.000Z
EDDI-000000017,EDDI,OJAI,NORMAL,211,2026-01-02T11:02:00.000Z
EDDI-000000018,EDDI,OAKB,NORMAL,159,2026-01-02T11:57:00.000Z
EDDI-000000019,EDDI,OJAI,NORMAL,253,2026-01-02T12:39:00.000Z
EDDI-000000020,EDDI,LDZA,NORMAL,5,2026-01-02T13:20:00.000Z
EDDI-000000021,EDDI,OPKC,NORMAL,295,2026-01-02T14:06:00.000Z
EDDI-000000022,EDDI,OPKC,URGENTE,250,2026-01-02T22:59:00.000Z
EDDI-000000023,EDDI,LDZA,URGENTE,316,2026-01-02T23:56:00.000Z
EDDI-000000024,EDDI,SABE,URGENTE,57,2026-01-03T00:54:00.000Z
EDDI-000000025,EDDI,LATI,URGENTE,48,2026-01-03T01:41:00.000Z
EDDI-000000026,EDDI,LATI,URGENTE,212,2026-01-03T02:39:00.000Z
EDDI-000000027,EDDI,SEQM,URGENTE,250,2026-01-03T03:38:00.000Z
EDDI-000000029,EDDI,SPIM,NORMAL,261,2026-01-03T05:29:00.000Z
EDDI-000000030,EDDI,SGAS,NORMAL,246,2026-01-03T06:18:00.000Z
EDDI-000000031,EDDI,SUAA,NORMAL,298,2026-01-03T07:11:00.000Z
EDDI-000000032,EDDI,OOMS,NORMAL,244,2026-01-03T08:07:00.000Z
EDDI-000000033,EDDI,LATI,NORMAL,288,2026-01-03T09:07:00.000Z
EDDI-000000034,EDDI,OYSN,NORMAL,95,2026-01-03T09:03:00.000Z
EDDI-000000035,EDDI,SKBO,NORMAL,318,2026-01-03T10:53:00.000Z
EDDI-000000036,EDDI,LDZA,NORMAL,31,2026-01-03T11:45:00.000Z
EDDI-000000037,EDDI,UBBB,NORMAL,161,2026-01-03T12:43:00.000Z
EDDI-000000038,EDDI,SCEL,URGENTE,61,2026-01-03T23:05:00.000Z
EDDI-000000039,EDDI,SBBR,URGENTE,262,2026-01-04T00:12:00.000Z
EDDI-000000040,EDDI,VIDP,URGENTE,153,2026-01-04T01:16:00.000Z
EDDI-000000041,EDDI,EHAM,URGENTE,98,2026-01-04T02:22:00.000Z
EDDI-000000042,EDDI,LOWW,URGENTE,306,2026-01-04T03:30:00.000Z
EDDI-000000043,EDDI,LDZA,URGENTE,199,2026-01-04T04:33:00.000Z
EDDI-000000044,EDDI,SCEL,URGENTE,224,2026-01-04T05:41:00.000Z
EDDI-000000045,EDDI,UMMS,URGENTE,13,2026-01-04T06:47:00.000Z
EDDI-000000046,EDDI,SKBO,URGENTE,70,2026-01-04T07:48:00.000Z
EDDI-000000047,EDDI,EKCH,URGENTE,265,2026-01-04T08:54:00.000Z
EDDI-000000048,EDDI,LOWW,URGENTE,80,2026-01-04T09:00:00.000Z
EDDI-000000050,EDDI,SLLP,URGENTE,319,2026-01-04T23:13:00.000Z
EDDI-000000051,EDDI,SUAA,URGENTE,56,2026-01-05T00:30:00.000Z
EDDI-000000053,EDDI,UBBB,URGENTE,164,2026-01-05T02:51:00.000Z
EDDI-000000054,EDDI,SUAA,URGENTE,3,2026-01-05T04:02:00.000Z
EDDI-000000055,EDDI,UMMS,URGENTE,220,2026-01-05T05:20:00.000Z
EDDI-000000056,EDDI,OPKC,URGENTE,129,2026-01-05T06:32:00.000Z
EDDI-000000057,EDDI,UBBB,URGENTE,118,2026-01-05T07:39:00.000Z
EDDI-000000058,EDDI,SABE,URGENTE,259,2026-01-05T08:51:00.000Z
EDDI-000000059,EDDI,OJAI,NORMAL,102,2026-01-05T10:05:00.000Z
EDDI-000000060,EDDI,OJAI,URGENTE,187,2026-01-05T22:00:00.000Z
EDDI-000000061,EDDI,UBBB,URGENTE,205,2026-01-05T23:48:00.000Z
EDDI-000000062,EDDI,LATI,URGENTE,42,2026-01-06T00:44:00.000Z
EDDI-000000063,EDDI,SVMI,URGENTE,147,2026-01-06T01:34:00.000Z
EDDI-000000064,EDDI,OYSN,URGENTE,101,2026-01-06T02:30:00.000Z
EDDI-000000065,EDDI,OPKC,URGENTE,237,2026-01-06T03:27:00.000Z
EDDI-000000066,EDDI,LDZA,URGENTE,283,2026-01-06T04:16:00.000Z
EDDI-000000067,EDDI,SKBO,NORMAL,170,2026-01-06T05:05:00.000Z
EDDI-000000068,EDDI,OSDI,NORMAL,279,2026-01-06T05:02:00.000Z
EDDI-000000069,EDDI,SPIM,NORMAL,188,2026-01-06T06:51:00.000Z
EDDI-000000070,EDDI,SABE,NORMAL,35,2026-01-06T07:50:00.000Z
EDDI-000000071,EDDI,OYSN,NORMAL,105,2026-01-06T08:40:00.000Z
EDDI-000000072,EDDI,EHAM,NORMAL,263,2026-01-06T09:33:00.000Z
EDDI-000000073,EDDI,SVMI,NORMAL,139,2026-01-06T10:28:00.000Z
EDDI-000000074,EDDI,SKBO,NORMAL,50,2026-01-06T11:18:00.000Z
EDDI-000000075,EDDI,UMMS,NORMAL,197,2026-01-06T12:16:00.000Z
EDDI-000000076,EDDI,SVMI,NORMAL,194,2026-01-06T13:09:00.000Z
LOWW-000000001,LOWW,LATI,URGENTE,254,2026-01-01T23:14:00.000Z
LOWW-000000002,LOWW,EDDI,URGENTE,281,2026-01-02T00:26:00.000Z
LOWW-000000003,LOWW,LBSF,URGENTE,308,2026-01-02T01:37:00.000Z
LOWW-000000004,LOWW,OJAI,URGENTE,92,2026-01-02T02:50:00.000Z
LOWW-000000005,LOWW,OJAI,URGENTE,191,2026-01-02T04:09:00.000Z
LOWW-000000006,LOWW,SEQM,URGENTE,230,2026-01-02T05:21:00.000Z
LOWW-000000007,LOWW,OPKC,URGENTE,261,2026-01-02T06:24:00.000Z
LOWW-000000008,LOWW,EBCI,URGENTE,39,2026-01-02T07:36:00.000Z
LOWW-000000009,LOWW,OOMS,URGENTE,235,2026-01-02T08:52:00.000Z
LOWW-000000010,LOWW,SEQM,NORMAL,116,2026-01-02T10:02:00.000Z
LOWW-000000011,LOWW,OSDI,URGENTE,146,2026-01-02T22:02:00.000Z
LOWW-000000012,LOWW,OYSN,URGENTE,299,2026-01-02T23:01:00.000Z
LOWW-000000013,LOWW,LBSF,URGENTE,26,2026-01-03T00:53:00.000Z
LOWW-000000014,LOWW,SLLP,URGENTE,301,2026-01-03T01:49:00.000Z
LOWW-000000015,LOWW,SKBO,URGENTE,324,2026-01-03T02:47:00.000Z
LOWW-000000016,LOWW,LDZA,URGENTE,297,2026-01-03T03:51:00.000Z
LOWW-000000017,LOWW,EKCH,URGENTE,322,2026-01-03T04:40:00.000Z
LOWW-000000018,LOWW,SBBR,URGENTE,57,2026-01-03T05:45:00.000Z
LOWW-000000019,LOWW,UBBB,NORMAL,263,2026-01-03T06:39:00.000Z
LOWW-000000020,LOWW,EHAM,NORMAL,204,2026-01-03T07:38:00.000Z
LOWW-000000021,LOWW,LATI,NORMAL,154,2026-01-03T08:35:00.000Z
LOWW-000000022,LOWW,OOMS,NORMAL,111,2026-01-03T09:25:00.000Z
LOWW-000000023,LOWW,SABE,NORMAL,168,2026-01-03T10:23:00.000Z
LOWW-000000024,LOWW,SBBR,NORMAL,123,2026-01-03T11:24:00.000Z
LOWW-000000025,LOWW,SABE,NORMAL,107,2026-01-03T12:16:00.000Z
LOWW-000000026,LOWW,SABE,URGENTE,163,2026-01-03T23:19:00.000Z
LOWW-000000027,LOWW,OOMS,URGENTE,94,2026-01-04T00:30:00.000Z
LOWW-000000028,LOWW,SGAS,URGENTE,219,2026-01-04T01:50:00.000Z
LOWW-000000029,LOWW,LBSF,URGENTE,302,2026-01-04T03:09:00.000Z
LOWW-000000030,LOWW,OPKC,URGENTE,314,2026-01-04T04:20:00.000Z
LOWW-000000031,LOWW,OSDI,URGENTE,246,2026-01-04T05:35:00.000Z
LOWW-000000032,LOWW,EKCH,URGENTE,53,2026-01-04T06:50:00.000Z
LOWW-000000033,LOWW,LDZA,URGENTE,54,2026-01-04T08:06:00.000Z
LOWW-000000034,LOWW,SABE,NORMAL,181,2026-01-04T09:15:00.000Z
LOWW-000000035,LOWW,UBBB,URGENTE,53,2026-01-04T23:10:00.000Z
LOWW-000000036,LOWW,SVMI,URGENTE,182,2026-01-05T00:18:00.000Z
LOWW-000000037,LOWW,UBBB,URGENTE,79,2026-01-05T01:15:00.000Z
LOWW-000000038,LOWW,LDZA,URGENTE,306,2026-01-05T02:25:00.000Z
LOWW-000000040,LOWW,OAKB,URGENTE,213,2026-01-05T04:32:00.000Z
LOWW-000000041,LOWW,SGAS,URGENTE,310,2026-01-05T05:44:00.000Z
LOWW-000000042,LOWW,LBSF,URGENTE,54,2026-01-05T06:46:00.000Z
LOWW-000000043,LOWW,SCEL,URGENTE,21,2026-01-05T07:53:00.000Z
LOWW-000000044,LOWW,OAKB,URGENTE,161,2026-01-05T08:54:00.000Z
LOWW-000000045,LOWW,EHAM,URGENTE,184,2026-01-05T09:01:00.000Z
LOWW-000000046,LOWW,SCEL,NORMAL,125,2026-01-05T11:05:00.000Z
LOWW-000000047,LOWW,OYSN,URGENTE,323,2026-01-05T23:18:00.000Z
LOWW-000000048,LOWW,EHAM,URGENTE,190,2026-01-06T00:31:00.000Z
LOWW-000000049,LOWW,OSDI,URGENTE,157,2026-01-06T01:48:00.000Z
LOWW-000000050,LOWW,LDZA,URGENTE,23,2026-01-06T03:04:00.000Z
LOWW-000000051,LOWW,SUAA,URGENTE,229,2026-01-06T04:16:00.000Z
LOWW-000000054,LOWW,SEQM,URGENTE,194,2026-01-06T08:09:00.000Z
LOWW-000000055,LOWW,LKPR,NORMAL,129,2026-01-06T09:21:00.000Z
EBCI-000000001,EBCI,SUAA,URGENTE,325,2026-01-01T22:47:00.000Z
EBCI-000000002,EBCI,SVMI,URGENTE,28,2026-01-01T23:36:00.000Z
EBCI-000000003,EBCI,LOWW,NORMAL,108,2026-01-02T00:20:00.000Z
EBCI-000000004,EBCI,EKCH,NORMAL,5,2026-01-02T01:08:00.000Z
EBCI-000000005,EBCI,LBSF,NORMAL,98,2026-01-02T01:58:00.000Z
EBCI-000000006,EBCI,EDDI,NORMAL,76,2026-01-02T02:42:00.000Z
EBCI-000000007,EBCI,LKPR,NORMAL,151,2026-01-02T03:31:00.000Z
EBCI-000000008,EBCI,OSDI,NORMAL,36,2026-01-02T04:17:00.000Z
EBCI-000000010,EBCI,SEQM,NORMAL,230,2026-01-02T05:42:00.000Z
EBCI-000000011,EBCI,OJAI,NORMAL,168,2026-01-02T06:32:00.000Z
EBCI-000000012,EBCI,OAKB,NORMAL,289,2026-01-02T07:20:00.000Z
EBCI-000000013,EBCI,SLLP,NORMAL,206,2026-01-02T07:05:00.000Z
EBCI-000000014,EBCI,SGAS,NORMAL,191,2026-01-02T08:51:00.000Z
EBCI-000000015,EBCI,LATI,NORMAL,73,2026-01-02T09:32:00.000Z
EBCI-000000016,EBCI,EDDI,NORMAL,190,2026-01-02T10:18:00.000Z
EBCI-000000018,EBCI,OOMS,NORMAL,66,2026-01-02T11:50:00.000Z
EBCI-000000019,EBCI,SPIM,NORMAL,132,2026-01-02T12:39:00.000Z
EBCI-000000020,EBCI,SKBO,NORMAL,123,2026-01-02T13:28:00.000Z
EBCI-000000021,EBCI,SGAS,NORMAL,232,2026-01-02T14:09:00.000Z
EBCI-000000022,EBCI,OJAI,URGENTE,185,2026-01-02T22:47:00.000Z
EBCI-000000023,EBCI,UBBB,URGENTE,190,2026-01-02T23:32:00.000Z
EBCI-000000024,EBCI,SPIM,NORMAL,274,2026-01-03T00:27:00.000Z
EBCI-000000025,EBCI,OAKB,NORMAL,295,2026-01-03T01:06:00.000Z
EBCI-000000027,EBCI,EKCH,NORMAL,216,2026-01-03T02:36:00.000Z
EBCI-000000028,EBCI,OOMS,NORMAL,49,2026-01-03T03:29:00.000Z
EBCI-000000029,EBCI,EKCH,NORMAL,34,2026-01-03T04:09:00.000Z
EBCI-000000030,EBCI,SEQM,NORMAL,322,2026-01-03T04:56:00.000Z
EBCI-000000031,EBCI,LDZA,NORMAL,22,2026-01-03T05:45:00.000Z
EBCI-000000032,EBCI,SLLP,NORMAL,223,2026-01-03T06:26:00.000Z
EBCI-000000034,EBCI,SABE,NORMAL,129,2026-01-03T07:58:00.000Z
EBCI-000000035,EBCI,VIDP,NORMAL,129,2026-01-03T08:45:00.000Z
EBCI-000000036,EBCI,UBBB,NORMAL,169,2026-01-03T09:36:00.000Z
EBCI-000000037,EBCI,SLLP,NORMAL,175,2026-01-03T10:23:00.000Z
EBCI-000000038,EBCI,OOMS,NORMAL,284,2026-01-03T11:11:00.000Z
EBCI-000000039,EBCI,OSDI,NORMAL,148,2026-01-03T11:50:00.000Z
EBCI-000000040,EBCI,LDZA,NORMAL,267,2026-01-03T12:34:00.000Z
EBCI-000000041,EBCI,UBBB,NORMAL,131,2026-01-03T13:23:00.000Z
EBCI-000000042,EBCI,SKBO,NORMAL,263,2026-01-03T14:07:00.000Z
EBCI-000000044,EBCI,SPIM,URGENTE,205,2026-01-03T23:40:00.000Z
EBCI-000000045,EBCI,LOWW,URGENTE,284,2026-01-04T00:30:00.000Z
EBCI-000000046,EBCI,EKCH,URGENTE,246,2026-01-04T01:17:00.000Z
EBCI-000000047,EBCI,SGAS,NORMAL,278,2026-01-04T02:05:00.000Z
EBCI-000000048,EBCI,SPIM,NORMAL,217,2026-01-04T02:56:00.000Z
EBCI-000000049,EBCI,EKCH,NORMAL,111,2026-01-04T03:36:00.000Z
EBCI-000000050,EBCI,OPKC,NORMAL,7,2026-01-04T04:31:00.000Z
EBCI-000000051,EBCI,OYSN,NORMAL,59,2026-01-04T05:18:00.000Z
EBCI-000000052,EBCI,SKBO,NORMAL,87,2026-01-04T06:04:00.000Z
EBCI-000000053,EBCI,LKPR,NORMAL,307,2026-01-04T06:56:00.000Z
EBCI-000000054,EBCI,LOWW,NORMAL,216,2026-01-04T07:42:00.000Z
EBCI-000000055,EBCI,LDZA,NORMAL,128,2026-01-04T08:28:00.000Z
EBCI-000000056,EBCI,SBBR,NORMAL,249,2026-01-04T09:17:00.000Z
EBCI-000000057,EBCI,LKPR,NORMAL,64,2026-01-04T10:06:00.000Z
EBCI-000000059,EBCI,SGAS,NORMAL,13,2026-01-04T11:41:00.000Z
EBCI-000000060,EBCI,EDDI,NORMAL,46,2026-01-04T12:30:00.000Z
EBCI-000000062,EBCI,OYSN,NORMAL,98,2026-01-04T14:03:00.000Z
EBCI-000000063,EBCI,UBBB,URGENTE,26,2026-01-04T22:48:00.000Z
EBCI-000000064,EBCI,LATI,URGENTE,276,2026-01-04T23:34:00.000Z
EBCI-000000065,EBCI,UBBB,NORMAL,45,2026-01-05T00:19:00.000Z
EBCI-000000067,EBCI,UMMS,NORMAL,112,2026-01-05T01:46:00.000Z
EBCI-000000069,EBCI,SKBO,NORMAL,164,2026-01-05T03:23:00.000Z
EBCI-000000070,EBCI,SPIM,NORMAL,4,2026-01-05T04:00:00.000Z
EBCI-000000071,EBCI,SLLP,NORMAL,77,2026-01-05T04:49:00.000Z
EBCI-000000072,EBCI,SPIM,NORMAL,181,2026-01-05T05:33:00.000Z
EBCI-000000073,EBCI,SGAS,NORMAL,133,2026-01-05T06:19:00.000Z
EBCI-000000074,EBCI,OYSN,NORMAL,158,2026-01-05T07:00:00.000Z
EBCI-000000075,EBCI,SKBO,NORMAL,249,2026-01-05T07:50:00.000Z
EBCI-000000076,EBCI,SLLP,NORMAL,40,2026-01-05T08:33:00.000Z
EBCI-000000077,EBCI,SBBR,NORMAL,40,2026-01-05T09:18:00.000Z
EBCI-000000078,EBCI,SEQM,NORMAL,60,2026-01-05T10:00:00.000Z
EBCI-000000079,EBCI,SBBR,NORMAL,321,2026-01-05T10:50:00.000Z
EBCI-000000080,EBCI,UBBB,NORMAL,230,2026-01-05T11:33:00.000Z
EBCI-000000081,EBCI,OYSN,NORMAL,184,2026-01-05T12:20:00.000Z
EBCI-000000083,EBCI,LDZA,NORMAL,74,2026-01-05T13:53:00.000Z
EBCI-000000084,EBCI,SGAS,NORMAL,316,2026-01-05T14:37:00.000Z
EBCI-000000085,EBCI,UMMS,URGENTE,79,2026-01-05T22:55:00.000Z
EBCI-000000086,EBCI,SEQM,URGENTE,175,2026-01-05T23:48:00.000Z
EBCI-000000087,EBCI,EHAM,URGENTE,29,2026-01-06T00:37:00.000Z
EBCI-000000089,EBCI,SVMI,URGENTE,257,2026-01-06T02:22:00.000Z
EBCI-000000090,EBCI,OPKC,URGENTE,306,2026-01-06T03:14:00.000Z
EBCI-000000091,EBCI,SBBR,NORMAL,215,2026-01-06T03:00:00.000Z
EBCI-000000092,EBCI,SKBO,NORMAL,199,2026-01-06T04:57:00.000Z
EBCI-000000093,EBCI,SBBR,NORMAL,208,2026-01-06T05:39:00.000Z
EBCI-000000094,EBCI,OPKC,NORMAL,29,2026-01-06T06:32:00.000Z
EBCI-000000095,EBCI,LOWW,NORMAL,9,2026-01-06T07:26:00.000Z
EBCI-000000096,EBCI,LOWW,NORMAL,148,2026-01-06T08:14:00.000Z
EBCI-000000097,EBCI,SLLP,NORMAL,193,2026-01-06T09:03:00.000Z
EBCI-000000098,EBCI,SABE,NORMAL,142,2026-01-06T09:54:00.000Z
EBCI-000000099,EBCI,SABE,NORMAL,298,2026-01-06T10:54:00.000Z
EBCI-000000100,EBCI,SUAA,NORMAL,27,2026-01-06T11:40:00.000Z
EBCI-000000101,EBCI,VIDP,NORMAL,269,2026-01-06T12:29:00.000Z
EBCI-000000102,EBCI,SKBO,NORMAL,165,2026-01-06T13:27:00.000Z
UMMS-000000001,UMMS,LATI,URGENTE,34,2026-01-01T21:56:00.000Z
UMMS-000000002,UMMS,SLLP,URGENTE,292,2026-01-01T22:51:00.000Z
UMMS-000000003,UMMS,OSDI,URGENTE,96,2026-01-01T23:43:00.000Z
UMMS-000000004,UMMS,LBSF,URGENTE,190,2026-01-02T00:32:00.000Z
UMMS-000000005,UMMS,OJAI,URGENTE,88,2026-01-02T01:25:00.000Z
UMMS-000000006,UMMS,EHAM,URGENTE,151,2026-01-02T02:25:00.000Z
UMMS-000000007,UMMS,EDDI,NORMAL,118,2026-01-02T03:12:00.000Z
UMMS-000000008,UMMS,OJAI,NORMAL,46,2026-01-02T04:08:00.000Z
UMMS-000000009,UMMS,EHAM,NORMAL,101,2026-01-02T04:06:00.000Z
UMMS-000000010,UMMS,VIDP,NORMAL,213,2026-01-02T05:57:00.000Z
UMMS-000000011,UMMS,SVMI,NORMAL,236,2026-01-02T06:50:00.000Z
UMMS-000000012,UMMS,OAKB,NORMAL,132,2026-01-02T07:36:00.000Z
UMMS-000000014,UMMS,LDZA,NORMAL,195,2026-01-02T09:23:00.000Z
UMMS-000000015,UMMS,SGAS,NORMAL,177,2026-01-02T10:15:00.000Z
UMMS-000000016,UMMS,SGAS,NORMAL,313,2026-01-02T11:16:00.000Z
UMMS-000000017,UMMS,OOMS,NORMAL,196,2026-01-02T12:09:00.000Z
UMMS-000000018,UMMS,SGAS,URGENTE,42,2026-01-02T21:03:00.000Z
UMMS-000000019,UMMS,OJAI,URGENTE,237,2026-01-02T22:01:00.000Z
UMMS-000000021,UMMS,LDZA,URGENTE,284,2026-01-03T00:51:00.000Z
UMMS-000000022,UMMS,LDZA,URGENTE,211,2026-01-03T01:49:00.000Z
UMMS-000000023,UMMS,SKBO,URGENTE,61,2026-01-03T02:47:00.000Z
UMMS-000000024,UMMS,SVMI,URGENTE,74,2026-01-03T03:42:00.000Z
UMMS-000000025,UMMS,OSDI,URGENTE,156,2026-01-03T04:38:00.000Z
UMMS-000000027,UMMS,SGAS,NORMAL,296,2026-01-03T06:37:00.000Z
UMMS-000000028,UMMS,SCEL,NORMAL,295,2026-01-03T07:35:00.000Z
UMMS-000000029,UMMS,SBBR,NORMAL,110,2026-01-03T08:33:00.000Z
UMMS-000000030,UMMS,SEQM,NORMAL,98,2026-01-03T09:28:00.000Z
UMMS-000000031,UMMS,EDDI,NORMAL,93,2026-01-03T10:26:00.000Z
UMMS-000000032,UMMS,EKCH,NORMAL,242,2026-01-03T11:20:00.000Z
UMMS-000000033,UMMS,OOMS,URGENTE,158,2026-01-03T21:48:00.000Z
UMMS-000000034,UMMS,SPIM,URGENTE,228,2026-01-03T22:35:00.000Z
UMMS-000000035,UMMS,OOMS,URGENTE,174,2026-01-03T23:27:00.000Z
UMMS-000000036,UMMS,OPKC,NORMAL,141,2026-01-04T00:10:00.000Z
UMMS-000000037,UMMS,LKPR,NORMAL,119,2026-01-04T00:50:00.000Z
UMMS-000000038,UMMS,EKCH,NORMAL,227,2026-01-04T01:42:00.000Z
UMMS-000000039,UMMS,UBBB,NORMAL,111,2026-01-04T02:22:00.000Z
UMMS-000000040,UMMS,LKPR,NORMAL,48,2026-01-04T03:16:00.000Z
UMMS-000000041,UMMS,LKPR,NORMAL,321,2026-01-04T03:01:00.000Z
UMMS-000000043,UMMS,LOWW,NORMAL,154,2026-01-04T05:34:00.000Z
UMMS-000000044,UMMS,SVMI,NORMAL,281,2026-01-04T06:19:00.000Z
UMMS-000000045,UMMS,OOMS,NORMAL,285,2026-01-04T06:58:00.000Z
UMMS-000000048,UMMS,LBSF,NORMAL,219,2026-01-04T09:23:00.000Z
UMMS-000000049,UMMS,OSDI,NORMAL,187,2026-01-04T10:04:00.000Z
UMMS-000000050,UMMS,SPIM,NORMAL,135,2026-01-04T10:51:00.000Z
UMMS-000000051,UMMS,OOMS,NORMAL,18,2026-01-04T11:35:00.000Z
UMMS-000000052,UMMS,LBSF,NORMAL,303,2026-01-04T12:27:00.000Z
UMMS-000000053,UMMS,LOWW,NORMAL,1,2026-01-04T13:13:00.000Z
UMMS-000000054,UMMS,OAKB,URGENTE,87,2026-01-04T22:04:00.000Z
UMMS-000000055,UMMS,OOMS,URGENTE,181,2026-01-04T23:04:00.000Z
UMMS-000000056,UMMS,SEQM,URGENTE,199,2026-01-05T00:01:00.000Z
UMMS-000000057,UMMS,LDZA,URGENTE,83,2026-01-05T01:08:00.000Z
UMMS-000000058,UMMS,SEQM,URGENTE,295,2026-01-05T02:03:00.000Z
UMMS-000000059,UMMS,SUAA,URGENTE,7,2026-01-05T03:02:00.000Z
UMMS-000000060,UMMS,LDZA,URGENTE,301,2026-01-05T04:00:00.000Z
UMMS-000000061,UMMS,LKPR,URGENTE,17,2026-01-05T05:04:00.000Z
UMMS-000000062,UMMS,SUAA,URGENTE,67,2026-01-05T06:09:00.000Z
UMMS-000000063,UMMS,SGAS,URGENTE,174,2026-01-05T07:01:00.000Z
UMMS-000000064,UMMS,SEQM,NORMAL,182,2026-01-05T08:08:00.000Z
UMMS-000000065,UMMS,OSDI,NORMAL,12,2026-01-05T09:05:00.000Z
UMMS-000000066,UMMS,LBSF,NORMAL,112,2026-01-05T10:07:00.000Z
UMMS-000000067,UMMS,OYSN,NORMAL,110,2026-01-05T11:01:00.000Z
UMMS-000000068,UMMS,SCEL,URGENTE,84,2026-01-05T21:50:00.000Z
UMMS-000000069,UMMS,LATI,URGENTE,265,2026-01-05T22:38:00.000Z
UMMS-000000070,UMMS,SKBO,NORMAL,97,2026-01-05T23:24:00.000Z
UMMS-000000071,UMMS,VIDP,NORMAL,208,2026-01-06T00:04:00.000Z
UMMS-000000072,UMMS,OYSN,NORMAL,12,2026-01-06T00:50:00.000Z
UMMS-000000073,UMMS,EKCH,NORMAL,181,2026-01-06T01:39:00.000Z
UMMS-000000074,UMMS,LKPR,NORMAL,293,2026-01-06T02:22:00.000Z
UMMS-000000075,UMMS,EBCI,NORMAL,66,2026-01-06T03:02:00.000Z
UMMS-000000076,UMMS,OOMS,NORMAL,288,2026-01-06T03:47:00.000Z
UMMS-000000077,UMMS,SLLP,NORMAL,95,2026-01-06T04:34:00.000Z
UMMS-000000078,UMMS,OPKC,NORMAL,281,2026-01-06T05:20:00.000Z
UMMS-000000079,UMMS,UBBB,NORMAL,36,2026-01-06T06:02:00.000Z
UMMS-000000080,UMMS,LDZA,NORMAL,291,2026-01-06T06:48:00.000Z
UMMS-000000081,UMMS,EKCH,NORMAL,321,2026-01-06T07:34:00.000Z
UMMS-000000083,UMMS,OSDI,NORMAL,122,2026-01-06T09:04:00.000Z
UMMS-000000085,UMMS,UBBB,NORMAL,280,2026-01-06T10:36:00.000Z
UMMS-000000086,UMMS,OOMS,NORMAL,121,2026-01-06T11:18:00.000Z
UMMS-000000087,UMMS,OPKC,NORMAL,136,2026-01-06T12:03:00.000Z
UMMS-000000088,UMMS,EDDI,NORMAL,204,2026-01-06T12:52:00.000Z
UMMS-000000089,UMMS,SCEL,NORMAL,289,2026-01-06T13:31:00.000Z
LBSF-000000001,LBSF,OAKB,URGENTE,92,2026-01-01T21:55:00.000Z
LBSF-000000002,LBSF,SKBO,URGENTE,168,2026-01-01T22:41:00.000Z
LBSF-000000003,LBSF,VIDP,URGENTE,206,2026-01-01T23:33:00.000Z
LBSF-000000004,LBSF,SLLP,URGENTE,117,2026-01-02T00:20:00.000Z
LBSF-000000005,LBSF,UBBB,NORMAL,45,2026-01-02T01:09:00.000Z
LBSF-000000006,LBSF,LOWW,NORMAL,7,2026-01-02T01:54:00.000Z
LBSF-000000007,LBSF,SBBR,NORMAL,161,2026-01-02T02:45:00.000Z
LBSF-000000008,LBSF,SUAA,NORMAL,139,2026-01-02T03:33:00.000Z
LBSF-000000009,LBSF,SABE,NORMAL,69,2026-01-02T04:22:00.000Z
LBSF-000000010,LBSF,OSDI,NORMAL,156,2026-01-02T05:12:00.000Z
LBSF-000000011,LBSF,SUAA,NORMAL,289,2026-01-02T05:03:00.000Z
LBSF-000000012,LBSF,VIDP,NORMAL,59,2026-01-02T06:48:00.000Z
LBSF-000000013,LBSF,SUAA,NORMAL,222,2026-01-02T07:38:00.000Z
LBSF-000000014,LBSF,SVMI,NORMAL,291,2026-01-02T08:30:00.000Z
LBSF-000000015,LBSF,SVMI,NORMAL,135,2026-01-02T09:17:00.000Z
LBSF-000000016,LBSF,OAKB,NORMAL,102,2026-01-02T10:09:00.000Z
LBSF-000000017,LBSF,EBCI,NORMAL,28,2026-01-02T10:57:00.000Z
LBSF-000000018,LBSF,LATI,NORMAL,270,2026-01-02T11:43:00.000Z
LBSF-000000019,LBSF,EBCI,NORMAL,112,2026-01-02T12:35:00.000Z
LBSF-000000020,LBSF,OJAI,URGENTE,166,2026-01-02T22:02:00.000Z
LBSF-000000021,LBSF,VIDP,URGENTE,49,2026-01-02T23:08:00.000Z
LBSF-000000022,LBSF,SKBO,URGENTE,222,2026-01-03T00:09:00.000Z
LBSF-000000023,LBSF,SCEL,URGENTE,132,2026-01-03T01:10:00.000Z
LBSF-000000024,LBSF,LKPR,URGENTE,289,2026-01-03T02:11:00.000Z
LBSF-000000025,LBSF,OPKC,URGENTE,262,2026-01-03T03:20:00.000Z
LBSF-000000026,LBSF,OJAI,URGENTE,101,2026-01-03T04:23:00.000Z
LBSF-000000027,LBSF,EKCH,URGENTE,148,2026-01-03T05:19:00.000Z
LBSF-000000028,LBSF,LATI,URGENTE,282,2026-01-03T06:24:00.000Z
LBSF-000000029,LBSF,SGAS,URGENTE,67,2026-01-03T07:23:00.000Z
LBSF-000000030,LBSF,OAKB,NORMAL,208,2026-01-03T08:25:00.000Z
LBSF-000000031,LBSF,SVMI,NORMAL,151,2026-01-03T09:24:00.000Z
LBSF-000000032,LBSF,SKBO,NORMAL,313,2026-01-03T10:29:00.000Z
LBSF-000000033,LBSF,SUAA,URGENTE,173,2026-01-03T21:52:00.000Z
LBSF-000000034,LBSF,SEQM,URGENTE,244,2026-01-03T22:45:00.000Z
LBSF-000000035,LBSF,LDZA,URGENTE,30,2026-01-03T23:35:00.000Z
LBSF-000000036,LBSF,SABE,URGENTE,1,2026-01-04T00:30:00.000Z
LBSF-000000037,LBSF,SPIM,URGENTE,263,2026-01-04T01:20:00.000Z
LBSF-000000038,LBSF,SCEL,URGENTE,131,2026-01-04T02:10:00.000Z
LBSF-000000039,LBSF,SGAS,NORMAL,219,2026-01-04T02:59:00.000Z
LBSF-000000040,LBSF,SGAS,NORMAL,27,2026-01-04T03:56:00.000Z
LBSF-000000041,LBSF,UBBB,NORMAL,116,2026-01-04T04:46:00.000Z
LBSF-000000042,LBSF,EHAM,NORMAL,99,2026-01-04T05:31:00.000Z
LBSF-000000044,LBSF,SKBO,NORMAL,100,2026-01-04T07:17:00.000Z
LBSF-000000045,LBSF,OJAI,NORMAL,285,2026-01-04T08:06:00.000Z
LBSF-000000046,LBSF,LKPR,NORMAL,205,2026-01-04T08:57:00.000Z
LBSF-000000047,LBSF,LOWW,NORMAL,115,2026-01-04T09:49:00.000Z
LBSF-000000048,LBSF,VIDP,NORMAL,41,2026-01-04T10:36:00.000Z
LBSF-000000050,LBSF,SGAS,NORMAL,301,2026-01-04T12:24:00.000Z
LBSF-000000051,LBSF,OSDI,URGENTE,151,2026-01-04T21:57:00.000Z
LBSF-000000052,LBSF,SVMI,URGENTE,68,2026-01-04T22:45:00.000Z
LBSF-000000053,LBSF,OAKB,URGENTE,279,2026-01-04T23:29:00.000Z
LBSF-000000054,LBSF,OSDI,URGENTE,185,2026-01-05T00:22:00.000Z
LBSF-000000055,LBSF,EKCH,URGENTE,224,2026-01-05T01:12:00.000Z
LBSF-000000056,LBSF,SUAA,NORMAL,140,2026-01-05T01:54:00.000Z
LBSF-000000057,LBSF,OPKC,NORMAL,129,2026-01-05T02:50:00.000Z
LBSF-000000058,LBSF,OOMS,NORMAL,242,2026-01-05T03:33:00.000Z
LBSF-000000059,LBSF,OPKC,NORMAL,38,2026-01-05T04:26:00.000Z
LBSF-000000060,LBSF,LDZA,NORMAL,218,2026-01-05T05:16:00.000Z
LBSF-000000061,LBSF,SBBR,NORMAL,275,2026-01-05T05:01:00.000Z
LBSF-000000062,LBSF,SABE,NORMAL,176,2026-01-05T06:52:00.000Z
LBSF-000000063,LBSF,EKCH,NORMAL,119,2026-01-05T07:40:00.000Z
LBSF-000000064,LBSF,SPIM,NORMAL,105,2026-01-05T08:26:00.000Z
LBSF-000000065,LBSF,OJAI,NORMAL,239,2026-01-05T09:21:00.000Z
LBSF-000000067,LBSF,EBCI,NORMAL,151,2026-01-05T10:56:00.000Z
LBSF-000000068,LBSF,EHAM,NORMAL,303,2026-01-05T11:47:00.000Z
LBSF-000000069,LBSF,LDZA,NORMAL,151,2026-01-05T12:38:00.000Z
LBSF-000000070,LBSF,UMMS,URGENTE,89,2026-01-05T21:53:00.000Z
LBSF-000000071,LBSF,OAKB,URGENTE,179,2026-01-05T22:36:00.000Z
LBSF-000000072,LBSF,SGAS,NORMAL,140,2026-01-05T23:23:00.000Z
LBSF-000000073,LBSF,EHAM,NORMAL,158,2026-01-06T00:07:00.000Z
LBSF-000000074,LBSF,EHAM,NORMAL,176,2026-01-06T00:52:00.000Z
LBSF-000000076,LBSF,EBCI,NORMAL,47,2026-01-06T02:20:00.000Z
LBSF-000000077,LBSF,OJAI,NORMAL,268,2026-01-06T03:02:00.000Z
LBSF-000000078,LBSF,SVMI,NORMAL,173,2026-01-06T03:51:00.000Z
LBSF-000000079,LBSF,OOMS,NORMAL,241,2026-01-06T04:38:00.000Z
LBSF-000000080,LBSF,SPIM,NORMAL,215,2026-01-06T05:18:00.000Z
LBSF-000000081,LBSF,OOMS,NORMAL,222,2026-01-06T06:04:00.000Z
LBSF-000000082,LBSF,SUAA,NORMAL,189,2026-01-06T06:48:00.000Z
LBSF-000000083,LBSF,OJAI,NORMAL,308,2026-01-06T07:34:00.000Z
LBSF-000000084,LBSF,OPKC,NORMAL,192,2026-01-06T08:19:00.000Z
LBSF-000000085,LBSF,EKCH,NORMAL,241,2026-01-06T09:00:00.000Z
LBSF-000000086,LBSF,LOWW,NORMAL,117,2026-01-06T09:46:00.000Z
LBSF-000000087,LBSF,UMMS,NORMAL,138,2026-01-06T10:32:00.000Z
LBSF-000000088,LBSF,OAKB,NORMAL,205,2026-01-06T11:16:00.000Z
LBSF-000000090,LBSF,LATI,NORMAL,53,2026-01-06T12:53:00.000Z
LBSF-000000091,LBSF,SPIM,NORMAL,235,2026-01-06T13:31:00.000Z
LKPR-000000001,LKPR,LBSF,URGENTE,287,2026-01-01T23:07:00.000Z
LKPR-000000002,LKPR,SPIM,URGENTE,102,2026-01-02T00:02:00.000Z
LKPR-000000003,LKPR,SBBR,URGENTE,153,2026-01-02T01:07:00.000Z
LKPR-000000004,LKPR,EBCI,URGENTE,215,2026-01-02T02:09:00.000Z
LKPR-000000006,LKPR,OPKC,URGENTE,249,2026-01-02T04:02:00.000Z
LKPR-000000007,LKPR,VIDP,URGENTE,134,2026-01-02T05:05:00.000Z
LKPR-000000008,LKPR,OJAI,URGENTE,108,2026-01-02T06:00:00.000Z
LKPR-000000009,LKPR,LDZA,URGENTE,255,2026-01-02T07:01:00.000Z
LKPR-000000010,LKPR,OYSN,NORMAL,71,2026-01-02T08:04:00.000Z
LKPR-000000011,LKPR,UBBB,NORMAL,68,2026-01-02T09:00:00.000Z
LKPR-000000012,LKPR,VIDP,NORMAL,99,2026-01-02T10:06:00.000Z
LKPR-000000013,LKPR,SBBR,NORMAL,137,2026-01-02T11:00:00.000Z
LKPR-000000014,LKPR,EBCI,NORMAL,76,2026-01-02T12:05:00.000Z
LKPR-000000015,LKPR,SUAA,URGENTE,174,2026-01-02T22:52:00.000Z
LKPR-000000016,LKPR,OSDI,URGENTE,217,2026-01-02T23:33:00.000Z
LKPR-000000017,LKPR,OJAI,NORMAL,281,2026-01-03T00:27:00.000Z
LKPR-000000018,LKPR,LATI,NORMAL,312,2026-01-03T01:04:00.000Z
LKPR-000000019,LKPR,OSDI,NORMAL,99,2026-01-03T01:55:00.000Z
LKPR-000000020,LKPR,LOWW,NORMAL,113,2026-01-03T02:44:00.000Z
LKPR-000000021,LKPR,EDDI,NORMAL,123,2026-01-03T03:22:00.000Z
LKPR-000000022,LKPR,SGAS,NORMAL,79,2026-01-03T04:12:00.000Z
LKPR-000000023,LKPR,OPKC,NORMAL,266,2026-01-03T04:58:00.000Z
LKPR-000000024,LKPR,LOWW,NORMAL,129,2026-01-03T05:49:00.000Z
LKPR-000000025,LKPR,SABE,NORMAL,255,2026-01-03T06:35:00.000Z
LKPR-000000026,LKPR,EHAM,NORMAL,231,2026-01-03T07:21:00.000Z
LKPR-000000027,LKPR,SPIM,NORMAL,65,2026-01-03T07:03:00.000Z
LKPR-000000028,LKPR,OYSN,NORMAL,50,2026-01-03T08:46:00.000Z
LKPR-000000029,LKPR,LOWW,NORMAL,278,2026-01-03T09:32:00.000Z
LKPR-000000030,LKPR,SLLP,NORMAL,40,2026-01-03T10:18:00.000Z
LKPR-000000031,LKPR,SGAS,NORMAL,266,2026-01-03T11:04:00.000Z
LKPR-000000032,LKPR,EDDI,NORMAL,171,2026-01-03T11:50:00.000Z
LKPR-000000033,LKPR,OYSN,NORMAL,324,2026-01-03T12:41:00.000Z
LKPR-000000034,LKPR,SGAS,NORMAL,298,2026-01-03T13:29:00.000Z
LKPR-000000035,LKPR,SGAS,NORMAL,247,2026-01-03T14:12:00.000Z
LKPR-000000037,LKPR,EKCH,URGENTE,85,2026-01-04T00:22:00.000Z
LKPR-000000038,LKPR,OAKB,URGENTE,143,2026-01-04T01:27:00.000Z
LKPR-000000039,LKPR,SBBR,URGENTE,210,2026-01-04T02:34:00.000Z
LKPR-000000040,LKPR,UBBB,URGENTE,160,2026-01-04T03:40:00.000Z
LKPR-000000041,LKPR,EBCI,URGENTE,134,2026-01-04T04:51:00.000Z
LKPR-000000042,LKPR,SGAS,URGENTE,123,2026-01-04T05:03:00.000Z
LKPR-000000043,LKPR,SCEL,URGENTE,230,2026-01-04T07:09:00.000Z
LKPR-000000044,LKPR,SABE,URGENTE,130,2026-01-04T08:12:00.000Z
LKPR-000000045,LKPR,EHAM,URGENTE,57,2026-01-04T09:28:00.000Z
LKPR-000000046,LKPR,EBCI,NORMAL,226,2026-01-04T10:32:00.000Z
LKPR-000000047,LKPR,OOMS,URGENTE,147,2026-01-04T22:57:00.000Z
LKPR-000000048,LKPR,SCEL,URGENTE,12,2026-01-04T23:42:00.000Z
LKPR-000000049,LKPR,UBBB,URGENTE,219,2026-01-05T00:30:00.000Z
LKPR-000000050,LKPR,EKCH,URGENTE,311,2026-01-05T01:24:00.000Z
LKPR-000000051,LKPR,OOMS,URGENTE,280,2026-01-05T02:09:00.000Z
LKPR-000000052,LKPR,EBCI,NORMAL,103,2026-01-05T02:00:00.000Z
LKPR-000000053,LKPR,OSDI,NORMAL,323,2026-01-05T03:50:00.000Z
LKPR-000000054,LKPR,EBCI,NORMAL,215,2026-01-05T04:39:00.000Z
LKPR-000000055,LKPR,EBCI,NORMAL,118,2026-01-05T05:30:00.000Z
LKPR-000000056,LKPR,UBBB,NORMAL,108,2026-01-05T06:10:00.000Z
LKPR-000000057,LKPR,SEQM,NORMAL,5,2026-01-05T06:08:00.000Z
LKPR-000000058,LKPR,OYSN,NORMAL,55,2026-01-05T07:49:00.000Z
LKPR-000000059,LKPR,SVMI,NORMAL,186,2026-01-05T08:45:00.000Z
LKPR-000000060,LKPR,SKBO,NORMAL,263,2026-01-05T09:27:00.000Z
LKPR-000000061,LKPR,SLLP,NORMAL,139,2026-01-05T10:17:00.000Z
LKPR-000000062,LKPR,UBBB,NORMAL,208,2026-01-05T11:13:00.000Z
LKPR-000000064,LKPR,LOWW,NORMAL,315,2026-01-05T12:48:00.000Z
LKPR-000000065,LKPR,LOWW,NORMAL,155,2026-01-05T13:35:00.000Z
LKPR-000000066,LKPR,LATI,URGENTE,326,2026-01-05T22:54:00.000Z
LKPR-000000067,LKPR,SABE,URGENTE,32,2026-01-05T23:34:00.000Z
LKPR-000000069,LKPR,OJAI,NORMAL,326,2026-01-06T01:07:00.000Z
LKPR-000000070,LKPR,LDZA,NORMAL,36,2026-01-06T01:54:00.000Z
LKPR-000000071,LKPR,EBCI,NORMAL,86,2026-01-06T02:33:00.000Z
LKPR-000000072,LKPR,SPIM,NORMAL,240,2026-01-06T03:18:00.000Z
LKPR-000000073,LKPR,EKCH,NORMAL,323,2026-01-06T04:09:00.000Z
LKPR-000000074,LKPR,SBBR,NORMAL,175,2026-01-06T04:47:00.000Z
LKPR-000000075,LKPR,UBBB,NORMAL,309,2026-01-06T05:31:00.000Z
LKPR-000000076,LKPR,SUAA,NORMAL,248,2026-01-06T06:20:00.000Z
LKPR-000000077,LKPR,OJAI,NORMAL,225,2026-01-06T07:07:00.000Z
LKPR-000000078,LKPR,SPIM,NORMAL,140,2026-01-06T07:50:00.000Z
LKPR-000000079,LKPR,SPIM,NORMAL,23,2026-01-06T08:34:00.000Z
LKPR-000000080,LKPR,SABE,NORMAL,279,2026-01-06T09:22:00.000Z
LKPR-000000081,LKPR,OPKC,NORMAL,137,2026-01-06T10:02:00.000Z
LKPR-000000082,LKPR,OOMS,NORMAL,88,2026-01-06T10:47:00.000Z
LKPR-000000083,LKPR,SUAA,NORMAL,52,2026-01-06T11:31:00.000Z
LKPR-000000084,LKPR,SGAS,NORMAL,171,2026-01-06T12:15:00.000Z
LKPR-000000085,LKPR,SABE,NORMAL,174,2026-01-06T13:01:00.000Z
LKPR-000000086,LKPR,LOWW,NORMAL,6,2026-01-06T13:52:00.000Z
LKPR-000000087,LKPR,SLLP,NORMAL,3,2026-01-06T14:33:00.000Z
LDZA-000000001,LDZA,OSDI,URGENTE,173,2026-01-01T22:52:00.000Z
LDZA-000000002,LDZA,EBCI,URGENTE,57,2026-01-01T23:44:00.000Z
LDZA-000000003,LDZA,SPIM,URGENTE,203,2026-01-02T00:26:00.000Z
LDZA-000000004,LDZA,UBBB,NORMAL,98,2026-01-02T01:13:00.000Z
LDZA-000000005,LDZA,SABE,NORMAL,17,2026-01-02T02:08:00.000Z
LDZA-000000006,LDZA,SVMI,NORMAL,205,2026-01-02T02:48:00.000Z
LDZA-000000007,LDZA,UBBB,NORMAL,184,2026-01-02T03:45:00.000Z
LDZA-000000009,LDZA,LBSF,NORMAL,275,2026-01-02T05:20:00.000Z
LDZA-000000010,LDZA,SPIM,NORMAL,92,2026-01-02T06:05:00.000Z
LDZA-000000011,LDZA,SPIM,NORMAL,65,2026-01-02T06:48:00.000Z
LDZA-000000012,LDZA,EKCH,NORMAL,218,2026-01-02T07:40:00.000Z
LDZA-000000013,LDZA,OSDI,NORMAL,212,2026-01-02T08:30:00.000Z
LDZA-000000014,LDZA,SGAS,NORMAL,68,2026-01-02T09:18:00.000Z
LDZA-000000015,LDZA,EHAM,NORMAL,12,2026-01-02T10:08:00.000Z
LDZA-000000016,LDZA,SABE,NORMAL,233,2026-01-02T10:51:00.000Z
LDZA-000000017,LDZA,OSDI,NORMAL,68,2026-01-02T11:38:00.000Z
LDZA-000000019,LDZA,SEQM,NORMAL,133,2026-01-02T13:12:00.000Z
LDZA-000000020,LDZA,UBBB,NORMAL,326,2026-01-02T14:05:00.000Z
LDZA-000000021,LDZA,OJAI,URGENTE,224,2026-01-02T23:10:00.000Z
LDZA-000000022,LDZA,OJAI,URGENTE,188,2026-01-03T00:05:00.000Z
LDZA-000000023,LDZA,SVMI,URGENTE,145,2026-01-03T01:14:00.000Z
LDZA-000000024,LDZA,SABE,URGENTE,105,2026-01-03T02:15:00.000Z
LDZA-000000025,LDZA,OJAI,URGENTE,20,2026-01-03T03:15:00.000Z
LDZA-000000027,LDZA,SVMI,URGENTE,220,2026-01-03T05:21:00.000Z
LDZA-000000028,LDZA,SCEL,URGENTE,66,2026-01-03T06:18:00.000Z
LDZA-000000029,LDZA,SEQM,URGENTE,249,2026-01-03T07:18:00.000Z
LDZA-000000030,LDZA,EKCH,URGENTE,141,2026-01-03T08:28:00.000Z
LDZA-000000031,LDZA,LATI,NORMAL,288,2026-01-03T09:23:00.000Z
LDZA-000000032,LDZA,SLLP,NORMAL,129,2026-01-03T10:24:00.000Z
LDZA-000000033,LDZA,EBCI,NORMAL,209,2026-01-03T11:31:00.000Z
LDZA-000000034,LDZA,SBBR,URGENTE,247,2026-01-03T22:54:00.000Z
LDZA-000000035,LDZA,UMMS,URGENTE,255,2026-01-03T23:42:00.000Z
LDZA-000000036,LDZA,EDDI,URGENTE,114,2026-01-04T00:35:00.000Z
LDZA-000000037,LDZA,EBCI,URGENTE,106,2026-01-04T01:25:00.000Z
LDZA-000000038,LDZA,UMMS,URGENTE,278,2026-01-04T02:18:00.000Z
LDZA-000000039,LDZA,VIDP,URGENTE,182,2026-01-04T03:11:00.000Z
LDZA-000000040,LDZA,EDDI,NORMAL,133,2026-01-04T03:00:00.000Z
LDZA-000000041,LDZA,OYSN,NORMAL,52,2026-01-04T04:52:00.000Z
LDZA-000000042,LDZA,SBBR,NORMAL,115,2026-01-04T05:48:00.000Z
LDZA-000000043,LDZA,SUAA,NORMAL,37,2026-01-04T06:33:00.000Z
LDZA-000000045,LDZA,SPIM,NORMAL,99,2026-01-04T08:14:00.000Z
LDZA-000000046,LDZA,LATI,NORMAL,208,2026-01-04T09:07:00.000Z
LDZA-000000047,LDZA,SCEL,NORMAL,237,2026-01-04T09:56:00.000Z
LDZA-000000048,LDZA,SUAA,NORMAL,36,2026-01-04T10:51:00.000Z
LDZA-000000049,LDZA,SPIM,NORMAL,86,2026-01-04T11:38:00.000Z
LDZA-000000051,LDZA,OPKC,NORMAL,29,2026-01-04T13:23:00.000Z
LDZA-000000052,LDZA,SVMI,URGENTE,87,2026-01-04T23:08:00.000Z
LDZA-000000053,LDZA,OPKC,URGENTE,140,2026-01-05T00:22:00.000Z
LDZA-000000054,LDZA,OJAI,URGENTE,217,2026-01-05T01:33:00.000Z
LDZA-000000055,LDZA,VIDP,URGENTE,145,2026-01-05T02:32:00.000Z
LDZA-000000056,LDZA,SUAA,URGENTE,287,2026-01-05T03:45:00.000Z
LDZA-000000057,LDZA,EBCI,URGENTE,211,2026-01-05T04:49:00.000Z
LDZA-000000058,LDZA,OOMS,URGENTE,69,2026-01-05T05:00:00.000Z
LDZA-000000059,LDZA,UMMS,URGENTE,13,2026-01-05T07:13:00.000Z
LDZA-000000060,LDZA,SKBO,URGENTE,163,2026-01-05T08:18:00.000Z
LDZA-000000061,LDZA,SVMI,URGENTE,242,2026-01-05T09:26:00.000Z
LDZA-000000064,LDZA,SABE,URGENTE,169,2026-01-06T00:40:00.000Z
LDZA-000000065,LDZA,OJAI,URGENTE,222,2026-01-06T02:09:00.000Z
LDZA-000000066,LDZA,SGAS,URGENTE,306,2026-01-06T03:21:00.000Z
LDZA-000000067,LDZA,LATI,URGENTE,285,2026-01-06T04:49:00.000Z
LDZA-000000069,LDZA,UMMS,URGENTE,266,2026-01-06T07:26:00.000Z
LDZA-000000070,LDZA,SABE,NORMAL,60,2026-01-06T08:41:00.000Z
EKCH-000000001,EKCH,SPIM,URGENTE,13,2026-01-01T23:06:00.000Z
EKCH-000000002,EKCH,SCEL,URGENTE,187,2026-01-02T00:05:00.000Z
EKCH-000000003,EKCH,SABE,URGENTE,304,2026-01-02T01:15:00.000Z
EKCH-000000005,EKCH,OSDI,URGENTE,80,2026-01-02T03:12:00.000Z
EKCH-000000006,EKCH,OSDI,URGENTE,192,2026-01-02T04:15:00.000Z
EKCH-000000007,EKCH,LKPR,URGENTE,59,2026-01-02T05:17:00.000Z
EKCH-000000008,EKCH,OAKB,URGENTE,163,2026-01-02T06:22:00.000Z
EKCH-000000009,EKCH,OJAI,URGENTE,147,2026-01-02T07:23:00.000Z
EKCH-000000010,EKCH,SBBR,URGENTE,22,2026-01-02T08:20:00.000Z
EKCH-000000011,EKCH,LKPR,NORMAL,11,2026-01-02T09:27:00.000Z
EKCH-000000012,EKCH,SLLP,NORMAL,35,2026-01-02T10:27:00.000Z
EKCH-000000013,EKCH,SEQM,NORMAL,261,2026-01-02T11:28:00.000Z
EKCH-000000014,EKCH,LKPR,URGENTE,244,2026-01-02T22:57:00.000Z
EKCH-000000015,EKCH,OOMS,URGENTE,296,2026-01-02T23:46:00.000Z
EKCH-000000016,EKCH,SABE,URGENTE,145,2026-01-03T00:27:00.000Z
EKCH-000000017,EKCH,SVMI,URGENTE,58,2026-01-03T01:19:00.000Z
EKCH-000000019,EKCH,OSDI,NORMAL,85,2026-01-03T02:56:00.000Z
EKCH-000000020,EKCH,OAKB,NORMAL,215,2026-01-03T03:44:00.000Z
EKCH-000000021,EKCH,SBBR,NORMAL,230,2026-01-03T04:35:00.000Z
EKCH-000000022,EKCH,SUAA,NORMAL,54,2026-01-03T05:26:00.000Z
EKCH-000000023,EKCH,EBCI,NORMAL,185,2026-01-03T06:11:00.000Z
EKCH-000000024,EKCH,UBBB,NORMAL,2,2026-01-03T06:04:00.000Z
EKCH-000000025,EKCH,OJAI,NORMAL,111,2026-01-03T07:53:00.000Z
EKCH-000000026,EKCH,SABE,NORMAL,124,2026-01-03T08:43:00.000Z
EKCH-000000027,EKCH,UMMS,NORMAL,242,2026-01-03T09:29:00.000Z
EKCH-000000028,EKCH,SBBR,NORMAL,234,2026-01-03T10:22:00.000Z
EKCH-000000029,EKCH,LOWW,NORMAL,169,2026-01-03T11:07:00.000Z
EKCH-000000030,EKCH,EDDI,NORMAL,247,2026-01-03T11:54:00.000Z
EKCH-000000031,EKCH,OAKB,NORMAL,159,2026-01-03T12:49:00.000Z
EKCH-000000032,EKCH,EHAM,NORMAL,266,2026-01-03T13:34:00.000Z
EKCH-000000033,EKCH,SPIM,URGENTE,236,2026-01-03T22:47:00.000Z
EKCH-000000034,EKCH,SKBO,URGENTE,50,2026-01-03T23:31:00.000Z
EKCH-000000035,EKCH,EHAM,NORMAL,28,2026-01-04T00:17:00.000Z
EKCH-000000036,EKCH,EHAM,NORMAL,105,2026-01-04T01:00:00.000Z
EKCH-000000037,EKCH,SPIM,NORMAL,168,2026-01-04T01:48:00.000Z
EKCH-000000038,EKCH,OJAI,NORMAL,233,2026-01-04T02:31:00.000Z
EKCH-000000039,EKCH,LOWW,NORMAL,177,2026-01-04T03:20:00.000Z
EKCH-000000040,EKCH,OAKB,NORMAL,306,2026-01-04T04:07:00.000Z
EKCH-000000041,EKCH,OJAI,NORMAL,5,2026-01-04T04:47:00.000Z
EKCH-000000042,EKCH,OPKC,NORMAL,183,2026-01-04T05:36:00.000Z
EKCH-000000043,EKCH,VIDP,NORMAL,78,2026-01-04T06:15:00.000Z
EKCH-000000044,EKCH,SKBO,NORMAL,124,2026-01-04T07:09:00.000Z
EKCH-000000045,EKCH,LOWW,NORMAL,217,2026-01-04T07:51:00.000Z
EKCH-000000046,EKCH,UBBB,NORMAL,58,2026-01-04T08:31:00.000Z
EKCH-000000047,EKCH,EBCI,NORMAL,170,2026-01-04T09:18:00.000Z
EKCH-000000048,EKCH,OOMS,NORMAL,307,2026-01-04T10:09:00.000Z
EKCH-000000049,EKCH,SUAA,NORMAL,158,2026-01-04T10:51:00.000Z
EKCH-000000050,EKCH,SABE,NORMAL,84,2026-01-04T11:34:00.000Z
EKCH-000000051,EKCH,SUAA,NORMAL,32,2026-01-04T12:23:00.000Z
EKCH-000000053,EKCH,SKBO,NORMAL,215,2026-01-04T13:45:00.000Z
EKCH-000000054,EKCH,LOWW,NORMAL,209,2026-01-04T14:37:00.000Z
EKCH-000000055,EKCH,OYSN,URGENTE,66,2026-01-04T22:51:00.000Z
EKCH-000000056,EKCH,LBSF,URGENTE,262,2026-01-04T23:30:00.000Z
EKCH-000000057,EKCH,EBCI,NORMAL,256,2026-01-05T00:22:00.000Z
EKCH-000000058,EKCH,SABE,NORMAL,135,2026-01-05T01:08:00.000Z
EKCH-000000059,EKCH,SCEL,NORMAL,163,2026-01-05T01:46:00.000Z
EKCH-000000060,EKCH,UMMS,NORMAL,240,2026-01-05T02:36:00.000Z
EKCH-000000061,EKCH,SVMI,NORMAL,249,2026-01-05T03:20:00.000Z
EKCH-000000063,EKCH,OJAI,NORMAL,298,2026-01-05T04:48:00.000Z
EKCH-000000064,EKCH,EDDI,NORMAL,293,2026-01-05T05:30:00.000Z
EKCH-000000065,EKCH,OPKC,NORMAL,267,2026-01-05T06:17:00.000Z
EKCH-000000066,EKCH,UBBB,NORMAL,207,2026-01-05T07:03:00.000Z
EKCH-000000067,EKCH,OSDI,NORMAL,284,2026-01-05T07:54:00.000Z
EKCH-000000069,EKCH,OJAI,NORMAL,308,2026-01-05T09:22:00.000Z
EKCH-000000070,EKCH,LATI,NORMAL,207,2026-01-05T10:00:00.000Z
EKCH-000000071,EKCH,OOMS,NORMAL,324,2026-01-05T10:45:00.000Z
EKCH-000000072,EKCH,OAKB,NORMAL,290,2026-01-05T11:31:00.000Z
EKCH-000000073,EKCH,LBSF,NORMAL,320,2026-01-05T12:15:00.000Z
EKCH-000000074,EKCH,VIDP,NORMAL,262,2026-01-05T13:07:00.000Z
EKCH-000000075,EKCH,SLLP,NORMAL,323,2026-01-05T13:46:00.000Z
EKCH-000000076,EKCH,UMMS,NORMAL,181,2026-01-05T14:38:00.000Z
EKCH-000000077,EKCH,SBBR,URGENTE,62,2026-01-05T22:53:00.000Z
EKCH-000000078,EKCH,SCEL,URGENTE,213,2026-01-05T23:33:00.000Z
EKCH-000000079,EKCH,SABE,URGENTE,181,2026-01-06T00:19:00.000Z
EKCH-000000080,EKCH,OYSN,NORMAL,179,2026-01-06T01:06:00.000Z
EKCH-000000081,EKCH,OYSN,NORMAL,254,2026-01-06T01:57:00.000Z
EKCH-000000082,EKCH,OOMS,NORMAL,232,2026-01-06T02:37:00.000Z
EKCH-000000083,EKCH,SABE,NORMAL,245,2026-01-06T03:29:00.000Z
EKCH-000000085,EKCH,OYSN,NORMAL,202,2026-01-06T04:00:00.000Z
EKCH-000000086,EKCH,OYSN,NORMAL,310,2026-01-06T05:41:00.000Z
EKCH-000000087,EKCH,OAKB,NORMAL,287,2026-01-06T06:32:00.000Z
EKCH-000000088,EKCH,OAKB,NORMAL,146,2026-01-06T07:12:00.000Z
EKCH-000000089,EKCH,LATI,NORMAL,181,2026-01-06T07:01:00.000Z
EKCH-000000090,EKCH,OOMS,NORMAL,42,2026-01-06T08:44:00.000Z
EKCH-000000091,EKCH,UBBB,NORMAL,244,2026-01-06T09:30:00.000Z
EKCH-000000092,EKCH,SVMI,NORMAL,293,2026-01-06T10:22:00.000Z
EKCH-000000093,EKCH,LATI,NORMAL,160,2026-01-06T11:08:00.000Z
EKCH-000000094,EKCH,SBBR,NORMAL,282,2026-01-06T11:48:00.000Z
EKCH-000000095,EKCH,EHAM,NORMAL,48,2026-01-06T12:34:00.000Z
EKCH-000000096,EKCH,SGAS,NORMAL,143,2026-01-06T13:22:00.000Z
EHAM-000000001,EHAM,OAKB,URGENTE,194,2026-01-01T23:20:00.000Z
EHAM-000000002,EHAM,OSDI,URGENTE,32,2026-01-02T00:27:00.000Z
EHAM-000000003,EHAM,LKPR,URGENTE,218,2026-01-02T01:39:00.000Z
EHAM-000000004,EHAM,OPKC,URGENTE,144,2026-01-02T02:53:00.000Z
EHAM-000000005,EHAM,SABE,URGENTE,291,2026-01-02T04:03:00.000Z
EHAM-000000006,EHAM,SVMI,URGENTE,90,2026-01-02T05:16:00.000Z
EHAM-000000007,EHAM,OPKC,URGENTE,179,2026-01-02T06:32:00.000Z
EHAM-000000008,EHAM,SEQM,URGENTE,258,2026-01-02T07:36:00.000Z
EHAM-000000009,EHAM,EKCH,URGENTE,156,2026-01-02T08:50:00.000Z
EHAM-000000010,EHAM,LDZA,NORMAL,91,2026-01-02T10:06:00.000Z
EHAM-000000011,EHAM,OYSN,URGENTE,205,2026-01-02T23:07:00.000Z
EHAM-000000012,EHAM,EDDI,URGENTE,265,2026-01-03T00:00:00.000Z
EHAM-000000013,EHAM,SLLP,URGENTE,75,2026-01-03T01:00:00.000Z
EHAM-000000014,EHAM,SKBO,URGENTE,180,2026-01-03T02:09:00.000Z
EHAM-000000015,EHAM,LDZA,URGENTE,89,2026-01-03T03:08:00.000Z
EHAM-000000016,EHAM,SKBO,URGENTE,57,2026-01-03T04:06:00.000Z
EHAM-000000017,EHAM,SBBR,URGENTE,92,2026-01-03T05:05:00.000Z
EHAM-000000018,EHAM,SABE,URGENTE,326,2026-01-03T06:00:00.000Z
EHAM-000000019,EHAM,LOWW,URGENTE,292,2026-01-03T07:01:00.000Z
EHAM-000000020,EHAM,EBCI,NORMAL,23,2026-01-03T08:09:00.000Z
EHAM-000000021,EHAM,EBCI,NORMAL,299,2026-01-03T09:02:00.000Z
EHAM-000000022,EHAM,EKCH,NORMAL,277,2026-01-03T10:01:00.000Z
EHAM-000000023,EHAM,OSDI,NORMAL,109,2026-01-03T11:07:00.000Z
EHAM-000000024,EHAM,OYSN,NORMAL,155,2026-01-03T12:00:00.000Z
EHAM-000000025,EHAM,EKCH,URGENTE,49,2026-01-03T22:53:00.000Z
EHAM-000000026,EHAM,EKCH,URGENTE,144,2026-01-03T23:45:00.000Z
EHAM-000000027,EHAM,SBBR,URGENTE,257,2026-01-04T00:39:00.000Z
EHAM-000000028,EHAM,LOWW,URGENTE,68,2026-01-04T01:27:00.000Z
EHAM-000000029,EHAM,SCEL,URGENTE,252,2026-01-04T02:16:00.000Z
EHAM-000000030,EHAM,VIDP,URGENTE,102,2026-01-04T03:13:00.000Z
EHAM-000000031,EHAM,SGAS,NORMAL,165,2026-01-04T03:00:00.000Z
EHAM-000000032,EHAM,SCEL,NORMAL,202,2026-01-04T04:56:00.000Z
EHAM-000000034,EHAM,LBSF,NORMAL,114,2026-01-04T06:33:00.000Z
EHAM-000000035,EHAM,SUAA,NORMAL,204,2026-01-04T07:21:00.000Z
EHAM-000000036,EHAM,SKBO,NORMAL,12,2026-01-04T08:15:00.000Z
EHAM-000000037,EHAM,SABE,NORMAL,52,2026-01-04T09:05:00.000Z
EHAM-000000038,EHAM,SEQM,NORMAL,158,2026-01-04T09:59:00.000Z
EHAM-000000039,EHAM,OSDI,NORMAL,328,2026-01-04T10:47:00.000Z
EHAM-000000040,EHAM,OPKC,NORMAL,138,2026-01-04T11:44:00.000Z
EHAM-000000041,EHAM,SPIM,NORMAL,101,2026-01-04T12:28:00.000Z
EHAM-000000042,EHAM,UMMS,NORMAL,94,2026-01-04T13:22:00.000Z
EHAM-000000043,EHAM,UBBB,URGENTE,298,2026-01-04T22:58:00.000Z
EHAM-000000044,EHAM,LOWW,URGENTE,136,2026-01-04T23:51:00.000Z
EHAM-000000045,EHAM,EDDI,URGENTE,100,2026-01-05T00:52:00.000Z
EHAM-000000046,EHAM,SABE,URGENTE,95,2026-01-05T01:48:00.000Z
EHAM-000000047,EHAM,SVMI,URGENTE,296,2026-01-05T02:44:00.000Z
EHAM-000000048,EHAM,SEQM,URGENTE,222,2026-01-05T03:32:00.000Z
EHAM-000000049,EHAM,OOMS,URGENTE,121,2026-01-05T04:25:00.000Z
EHAM-000000050,EHAM,OOMS,URGENTE,237,2026-01-05T05:23:00.000Z
EHAM-000000051,EHAM,OYSN,NORMAL,57,2026-01-05T06:19:00.000Z
EHAM-000000052,EHAM,LOWW,NORMAL,36,2026-01-05T07:13:00.000Z
EHAM-000000053,EHAM,LBSF,NORMAL,50,2026-01-05T08:07:00.000Z
EHAM-000000054,EHAM,OYSN,NORMAL,229,2026-01-05T09:05:00.000Z
EHAM-000000055,EHAM,UBBB,NORMAL,68,2026-01-05T09:01:00.000Z
EHAM-000000056,EHAM,UBBB,NORMAL,269,2026-01-05T10:58:00.000Z
EHAM-000000057,EHAM,SLLP,NORMAL,56,2026-01-05T11:50:00.000Z
EHAM-000000058,EHAM,SBBR,NORMAL,179,2026-01-05T12:44:00.000Z
EHAM-000000059,EHAM,EDDI,URGENTE,294,2026-01-05T23:04:00.000Z
EHAM-000000060,EHAM,UMMS,URGENTE,172,2026-01-06T00:07:00.000Z
EHAM-000000061,EHAM,LDZA,URGENTE,13,2026-01-06T01:12:00.000Z
EHAM-000000062,EHAM,LATI,URGENTE,101,2026-01-06T02:17:00.000Z
EHAM-000000063,EHAM,SEQM,URGENTE,80,2026-01-06T03:18:00.000Z
EHAM-000000064,EHAM,EBCI,URGENTE,82,2026-01-06T04:17:00.000Z
EHAM-000000065,EHAM,EKCH,URGENTE,265,2026-01-06T05:20:00.000Z
EHAM-000000066,EHAM,SKBO,URGENTE,100,2026-01-06T06:17:00.000Z
EHAM-000000067,EHAM,SUAA,URGENTE,108,2026-01-06T07:24:00.000Z
EHAM-000000068,EHAM,OSDI,URGENTE,276,2026-01-06T08:27:00.000Z
EHAM-000000069,EHAM,SVMI,URGENTE,77,2026-01-06T09:28:00.000Z
EHAM-000000070,EHAM,OOMS,NORMAL,98,2026-01-06T10:27:00.000Z
EHAM-000000071,EHAM,EBCI,NORMAL,119,2026-01-06T11:28:00.000Z
VIDP-000000001,VIDP,OSDI,URGENTE,201,2026-01-01T19:53:00.000Z
VIDP-000000002,VIDP,UMMS,URGENTE,148,2026-01-01T20:50:00.000Z
VIDP-000000003,VIDP,OPKC,URGENTE,6,2026-01-01T21:40:00.000Z
VIDP-000000004,VIDP,EBCI,URGENTE,48,2026-01-01T22:38:00.000Z
VIDP-000000005,VIDP,SCEL,URGENTE,115,2026-01-01T23:28:00.000Z
VIDP-000000007,VIDP,EKCH,NORMAL,45,2026-01-02T01:18:00.000Z
VIDP-000000009,VIDP,EDDI,NORMAL,269,2026-01-02T02:01:00.000Z
VIDP-000000010,VIDP,OSDI,NORMAL,12,2026-01-02T03:57:00.000Z
VIDP-000000011,VIDP,LOWW,NORMAL,293,2026-01-02T04:47:00.000Z
VIDP-000000012,VIDP,EBCI,NORMAL,230,2026-01-02T05:41:00.000Z
VIDP-000000013,VIDP,EDDI,NORMAL,39,2026-01-02T06:31:00.000Z
VIDP-000000014,VIDP,EHAM,NORMAL,13,2026-01-02T07:31:00.000Z
VIDP-000000015,VIDP,OPKC,NORMAL,223,2026-01-02T08:16:00.000Z
VIDP-000000016,VIDP,EBCI,NORMAL,53,2026-01-02T09:12:00.000Z
VIDP-000000017,VIDP,OAKB,NORMAL,101,2026-01-02T10:09:00.000Z
VIDP-000000018,VIDP,SLLP,URGENTE,267,2026-01-02T20:18:00.000Z
VIDP-000000019,VIDP,SUAA,URGENTE,1,2026-01-02T21:24:00.000Z
VIDP-000000020,VIDP,LBSF,URGENTE,240,2026-01-02T22:39:00.000Z
VIDP-000000021,VIDP,SPIM,URGENTE,172,2026-01-02T23:55:00.000Z
VIDP-000000022,VIDP,OOMS,URGENTE,199,2026-01-03T01:03:00.000Z
VIDP-000000023,VIDP,SVMI,URGENTE,219,2026-01-03T02:12:00.000Z
VIDP-000000024,VIDP,LOWW,URGENTE,88,2026-01-03T03:31:00.000Z
VIDP-000000025,VIDP,SEQM,URGENTE,309,2026-01-03T04:36:00.000Z
VIDP-000000026,VIDP,OSDI,URGENTE,87,2026-01-03T05:52:00.000Z
VIDP-000000027,VIDP,LDZA,NORMAL,245,2026-01-03T07:01:00.000Z
VIDP-000000028,VIDP,SKBO,URGENTE,76,2026-01-03T20:13:00.000Z
VIDP-000000029,VIDP,EBCI,URGENTE,83,2026-01-03T21:26:00.000Z
VIDP-000000030,VIDP,OPKC,URGENTE,25,2026-01-03T22:42:00.000Z
VIDP-000000031,VIDP,SEQM,URGENTE,216,2026-01-03T23:50:00.000Z
VIDP-000000032,VIDP,OJAI,URGENTE,148,2026-01-04T01:08:00.000Z
VIDP-000000033,VIDP,EHAM,URGENTE,85,2026-01-04T02:18:00.000Z
VIDP-000000034,VIDP,OPKC,URGENTE,5,2026-01-04T03:31:00.000Z
VIDP-000000035,VIDP,SUAA,URGENTE,175,2026-01-04T04:39:00.000Z
VIDP-000000036,VIDP,SEQM,URGENTE,154,2026-01-04T05:48:00.000Z
VIDP-000000037,VIDP,LKPR,NORMAL,132,2026-01-04T07:02:00.000Z
VIDP-000000038,VIDP,EDDI,URGENTE,202,2026-01-04T19:58:00.000Z
VIDP-000000039,VIDP,SCEL,URGENTE,136,2026-01-04T20:53:00.000Z
VIDP-000000040,VIDP,SEQM,URGENTE,5,2026-01-04T21:41:00.000Z
VIDP-000000041,VIDP,OOMS,URGENTE,100,2026-01-04T22:32:00.000Z
VIDP-000000042,VIDP,LKPR,URGENTE,195,2026-01-04T23:30:00.000Z
VIDP-000000043,VIDP,UBBB,URGENTE,43,2026-01-05T00:27:00.000Z
VIDP-000000044,VIDP,OSDI,URGENTE,134,2026-01-05T01:11:00.000Z
VIDP-000000045,VIDP,SGAS,NORMAL,291,2026-01-05T02:06:00.000Z
VIDP-000000046,VIDP,SCEL,NORMAL,110,2026-01-05T02:57:00.000Z
VIDP-000000047,VIDP,EKCH,NORMAL,285,2026-01-05T03:54:00.000Z
VIDP-000000048,VIDP,OAKB,NORMAL,282,2026-01-05T04:45:00.000Z
VIDP-000000049,VIDP,EHAM,NORMAL,261,2026-01-05T05:44:00.000Z
VIDP-000000050,VIDP,SPIM,NORMAL,314,2026-01-05T06:38:00.000Z
VIDP-000000051,VIDP,SBBR,NORMAL,81,2026-01-05T07:26:00.000Z
VIDP-000000052,VIDP,LDZA,NORMAL,176,2026-01-05T08:22:00.000Z
VIDP-000000053,VIDP,SEQM,NORMAL,1,2026-01-05T09:14:00.000Z
VIDP-000000055,VIDP,LKPR,URGENTE,267,2026-01-05T19:46:00.000Z
VIDP-000000057,VIDP,EDDI,URGENTE,3,2026-01-05T21:22:00.000Z
VIDP-000000058,VIDP,OAKB,NORMAL,93,2026-01-05T22:13:00.000Z
VIDP-000000059,VIDP,LDZA,NORMAL,95,2026-01-05T22:50:00.000Z
VIDP-000000060,VIDP,EBCI,NORMAL,30,2026-01-05T23:38:00.000Z
VIDP-000000062,VIDP,SABE,NORMAL,315,2026-01-06T01:11:00.000Z
VIDP-000000063,VIDP,OOMS,NORMAL,107,2026-01-06T01:54:00.000Z
VIDP-000000065,VIDP,LATI,NORMAL,254,2026-01-06T03:26:00.000Z
VIDP-000000066,VIDP,OSDI,NORMAL,270,2026-01-06T04:20:00.000Z
VIDP-000000067,VIDP,OYSN,NORMAL,76,2026-01-06T04:05:00.000Z
VIDP-000000068,VIDP,SABE,NORMAL,132,2026-01-06T05:48:00.000Z
VIDP-000000069,VIDP,SKBO,NORMAL,93,2026-01-06T06:39:00.000Z
VIDP-000000070,VIDP,OJAI,NORMAL,199,2026-01-06T07:18:00.000Z
VIDP-000000071,VIDP,LKPR,NORMAL,26,2026-01-06T08:09:00.000Z
VIDP-000000072,VIDP,EHAM,NORMAL,147,2026-01-06T08:57:00.000Z
VIDP-000000073,VIDP,SLLP,NORMAL,40,2026-01-06T09:43:00.000Z
VIDP-000000074,VIDP,OJAI,NORMAL,210,2026-01-06T10:22:00.000Z
VIDP-000000075,VIDP,LOWW,NORMAL,42,2026-01-06T11:12:00.000Z
OSDI-000000001,OSDI,SCEL,URGENTE,227,2026-01-01T22:06:00.000Z
OSDI-000000002,OSDI,EBCI,URGENTE,66,2026-01-01T23:09:00.000Z
OSDI-000000003,OSDI,LATI,URGENTE,282,2026-01-02T00:01:00.000Z
OSDI-000000004,OSDI,OYSN,URGENTE,115,2026-01-02T01:02:00.000Z
OSDI-000000005,OSDI,SCEL,URGENTE,251,2026-01-02T02:08:00.000Z
OSDI-000000006,OSDI,SVMI,URGENTE,258,2026-01-02T03:03:00.000Z
OSDI-000000007,OSDI,LBSF,URGENTE,217,2026-01-02T04:06:00.000Z
OSDI-000000008,OSDI,SABE,URGENTE,240,2026-01-02T05:09:00.000Z
OSDI-000000009,OSDI,SUAA,URGENTE,105,2026-01-02T06:08:00.000Z
OSDI-000000010,OSDI,OJAI,NORMAL,47,2026-01-02T07:09:00.000Z
OSDI-000000011,OSDI,SEQM,NORMAL,12,2026-01-02T08:06:00.000Z
OSDI-000000012,OSDI,SKBO,NORMAL,30,2026-01-02T09:03:00.000Z
OSDI-000000013,OSDI,EDDI,NORMAL,204,2026-01-02T10:02:00.000Z
OSDI-000000014,OSDI,OPKC,NORMAL,234,2026-01-02T11:09:00.000Z
OSDI-000000015,OSDI,SLLP,URGENTE,58,2026-01-02T21:01:00.000Z
OSDI-000000016,OSDI,LKPR,URGENTE,220,2026-01-02T22:51:00.000Z
OSDI-000000017,OSDI,SUAA,URGENTE,122,2026-01-02T23:46:00.000Z
OSDI-000000018,OSDI,OYSN,URGENTE,133,2026-01-03T00:45:00.000Z
OSDI-000000019,OSDI,SLLP,URGENTE,89,2026-01-03T01:43:00.000Z
OSDI-000000020,OSDI,SBBR,URGENTE,226,2026-01-03T02:33:00.000Z
OSDI-000000022,OSDI,SVMI,NORMAL,251,2026-01-03T04:29:00.000Z
OSDI-000000023,OSDI,EKCH,NORMAL,248,2026-01-03T05:15:00.000Z
OSDI-000000024,OSDI,EHAM,NORMAL,319,2026-01-03T06:16:00.000Z
OSDI-000000025,OSDI,SVMI,NORMAL,273,2026-01-03T07:09:00.000Z
OSDI-000000026,OSDI,SBBR,NORMAL,321,2026-01-03T08:09:00.000Z
OSDI-000000027,OSDI,EDDI,NORMAL,322,2026-01-03T08:04:00.000Z
OSDI-000000028,OSDI,LATI,NORMAL,310,2026-01-03T09:53:00.000Z
OSDI-000000030,OSDI,LOWW,NORMAL,244,2026-01-03T11:44:00.000Z
OSDI-000000031,OSDI,VIDP,URGENTE,299,2026-01-03T22:27:00.000Z
OSDI-000000032,OSDI,LBSF,URGENTE,162,2026-01-03T23:48:00.000Z
OSDI-000000033,OSDI,OAKB,URGENTE,135,2026-01-04T01:00:00.000Z
OSDI-000000034,OSDI,OPKC,URGENTE,241,2026-01-04T02:25:00.000Z
OSDI-000000035,OSDI,VIDP,URGENTE,21,2026-01-04T03:48:00.000Z
OSDI-000000036,OSDI,OJAI,URGENTE,308,2026-01-04T05:02:00.000Z
OSDI-000000037,OSDI,SBBR,URGENTE,46,2026-01-04T06:22:00.000Z
OSDI-000000038,OSDI,OAKB,NORMAL,194,2026-01-04T07:48:00.000Z
OSDI-000000039,OSDI,SPIM,URGENTE,254,2026-01-04T21:53:00.000Z
OSDI-000000040,OSDI,SUAA,URGENTE,255,2026-01-04T22:40:00.000Z
OSDI-000000042,OSDI,LBSF,URGENTE,184,2026-01-05T00:19:00.000Z
OSDI-000000043,OSDI,EBCI,URGENTE,186,2026-01-05T01:05:00.000Z
OSDI-000000044,OSDI,EHAM,NORMAL,2,2026-01-05T01:55:00.000Z
OSDI-000000045,OSDI,LKPR,NORMAL,259,2026-01-05T02:51:00.000Z
OSDI-000000046,OSDI,EBCI,NORMAL,11,2026-01-05T03:38:00.000Z
OSDI-000000047,OSDI,SBBR,NORMAL,277,2026-01-05T04:25:00.000Z
OSDI-000000048,OSDI,OYSN,NORMAL,227,2026-01-05T05:14:00.000Z
OSDI-000000049,OSDI,OAKB,NORMAL,159,2026-01-05T05:06:00.000Z
OSDI-000000050,OSDI,LOWW,NORMAL,223,2026-01-05T06:56:00.000Z
OSDI-000000051,OSDI,SPIM,NORMAL,63,2026-01-05T07:38:00.000Z
OSDI-000000052,OSDI,EKCH,NORMAL,3,2026-01-05T08:30:00.000Z
OSDI-000000053,OSDI,LATI,NORMAL,73,2026-01-05T09:19:00.000Z
OSDI-000000054,OSDI,OPKC,NORMAL,323,2026-01-05T10:05:00.000Z
OSDI-000000055,OSDI,LDZA,NORMAL,147,2026-01-05T10:01:00.000Z
OSDI-000000056,OSDI,EKCH,NORMAL,9,2026-01-05T11:45:00.000Z
OSDI-000000057,OSDI,OJAI,NORMAL,321,2026-01-05T12:39:00.000Z
OSDI-000000058,OSDI,SCEL,URGENTE,300,2026-01-05T21:53:00.000Z
OSDI-000000059,OSDI,EBCI,URGENTE,173,2026-01-05T22:37:00.000Z
OSDI-000000060,OSDI,UBBB,URGENTE,200,2026-01-05T23:24:00.000Z
OSDI-000000061,OSDI,UBBB,NORMAL,150,2026-01-06T00:06:00.000Z
OSDI-000000062,OSDI,OAKB,NORMAL,133,2026-01-06T00:51:00.000Z
OSDI-000000063,OSDI,OAKB,NORMAL,195,2026-01-06T01:39:00.000Z
OSDI-000000064,OSDI,SABE,NORMAL,230,2026-01-06T02:22:00.000Z
OSDI-000000065,OSDI,LATI,NORMAL,299,2026-01-06T03:08:00.000Z
OSDI-000000067,OSDI,SVMI,NORMAL,40,2026-01-06T04:48:00.000Z
OSDI-000000068,OSDI,SCEL,NORMAL,208,2026-01-06T05:27:00.000Z
OSDI-000000069,OSDI,SEQM,NORMAL,75,2026-01-06T06:19:00.000Z
OSDI-000000070,OSDI,UMMS,NORMAL,48,2026-01-06T06:01:00.000Z
OSDI-000000071,OSDI,SPIM,NORMAL,283,2026-01-06T07:50:00.000Z
OSDI-000000072,OSDI,SPIM,NORMAL,298,2026-01-06T08:36:00.000Z
OSDI-000000073,OSDI,SABE,NORMAL,298,2026-01-06T09:22:00.000Z
OSDI-000000075,OSDI,SVMI,NORMAL,169,2026-01-06T10:57:00.000Z
OSDI-000000076,OSDI,VIDP,NORMAL,205,2026-01-06T11:41:00.000Z
OSDI-000000077,OSDI,SLLP,NORMAL,75,2026-01-06T12:27:00.000Z
OAKB-000000001,OAKB,LKPR,URGENTE,293,2026-01-01T20:46:00.000Z
OAKB-000000002,OAKB,VIDP,URGENTE,113,2026-01-01T21:33:00.000Z
OAKB-000000003,OAKB,UBBB,NORMAL,147,2026-01-01T22:25:00.000Z
OAKB-000000005,OAKB,LDZA,NORMAL,216,2026-01-01T23:57:00.000Z
OAKB-000000006,OAKB,LATI,NORMAL,168,2026-01-02T00:39:00.000Z
OAKB-000000007,OAKB,UMMS,NORMAL,221,2026-01-02T01:29:00.000Z
OAKB-000000008,OAKB,SEQM,NORMAL,299,2026-01-02T02:14:00.000Z
OAKB-000000010,OAKB,LOWW,NORMAL,294,2026-01-02T03:44:00.000Z
OAKB-000000011,OAKB,OJAI,NORMAL,195,2026-01-02T04:31:00.000Z
OAKB-000000012,OAKB,SGAS,NORMAL,274,2026-01-02T05:14:00.000Z
OAKB-000000013,OAKB,VIDP,NORMAL,266,2026-01-02T05:00:00.000Z
OAKB-000000014,OAKB,LDZA,NORMAL,51,2026-01-02T06:52:00.000Z
OAKB-000000015,OAKB,LATI,NORMAL,208,2026-01-02T07:36:00.000Z
OAKB-000000016,OAKB,SVMI,NORMAL,294,2026-01-02T08:19:00.000Z
OAKB-000000017,OAKB,LBSF,NORMAL,245,2026-01-02T09:11:00.000Z
OAKB-000000018,OAKB,SGAS,NORMAL,294,2026-01-02T09:56:00.000Z
OAKB-000000019,OAKB,SGAS,NORMAL,31,2026-01-02T10:34:00.000Z
OAKB-000000020,OAKB,SBBR,NORMAL,88,2026-01-02T11:23:00.000Z
OAKB-000000021,OAKB,OSDI,NORMAL,229,2026-01-02T12:12:00.000Z
OAKB-000000022,OAKB,OSDI,URGENTE,49,2026-01-02T20:58:00.000Z
OAKB-000000023,OAKB,OOMS,URGENTE,48,2026-01-02T21:02:00.000Z
OAKB-000000024,OAKB,LOWW,URGENTE,108,2026-01-02T22:55:00.000Z
OAKB-000000025,OAKB,OPKC,URGENTE,1,2026-01-02T23:55:00.000Z
OAKB-000000026,OAKB,SBBR,URGENTE,179,2026-01-03T00:51:00.000Z
OAKB-000000027,OAKB,SEQM,URGENTE,156,2026-01-03T01:51:00.000Z
OAKB-000000028,OAKB,EKCH,URGENTE,137,2026-01-03T02:40:00.000Z
OAKB-000000029,OAKB,OJAI,URGENTE,87,2026-01-03T03:36:00.000Z
OAKB-000000030,OAKB,LKPR,NORMAL,100,2026-01-03T04:35:00.000Z
OAKB-000000031,OAKB,EBCI,NORMAL,269,2026-01-03T05:35:00.000Z
OAKB-000000032,OAKB,SVMI,NORMAL,18,2026-01-03T06:27:00.000Z
OAKB-000000033,OAKB,SVMI,NORMAL,131,2026-01-03T07:32:00.000Z
OAKB-000000034,OAKB,SPIM,NORMAL,266,2026-01-03T08:23:00.000Z
OAKB-000000035,OAKB,SLLP,NORMAL,18,2026-01-03T09:25:00.000Z
OAKB-000000036,OAKB,OOMS,NORMAL,299,2026-01-03T10:21:00.000Z
OAKB-000000037,OAKB,SEQM,URGENTE,282,2026-01-03T20:47:00.000Z
OAKB-000000038,OAKB,EBCI,URGENTE,95,2026-01-03T21:38:00.000Z
OAKB-000000039,OAKB,VIDP,NORMAL,165,2026-01-03T22:23:00.000Z
OAKB-000000040,OAKB,LATI,NORMAL,24,2026-01-03T23:04:00.000Z
OAKB-000000041,OAKB,EHAM,NORMAL,229,2026-01-03T23:47:00.000Z
OAKB-000000042,OAKB,SKBO,NORMAL,325,2026-01-04T00:34:00.000Z
OAKB-000000043,OAKB,SEQM,NORMAL,121,2026-01-04T01:23:00.000Z
OAKB-000000044,OAKB,SUAA,NORMAL,83,2026-01-04T02:06:00.000Z
OAKB-000000045,OAKB,LDZA,NORMAL,141,2026-01-04T02:53:00.000Z
OAKB-000000046,OAKB,SGAS,NORMAL,34,2026-01-04T03:31:00.000Z
OAKB-000000047,OAKB,LOWW,NORMAL,324,2026-01-04T04:24:00.000Z
OAKB-000000048,OAKB,SBBR,NORMAL,190,2026-01-04T05:00:00.000Z
OAKB-000000049,OAKB,SABE,NORMAL,174,2026-01-04T05:52:00.000Z
OAKB-000000050,OAKB,SABE,NORMAL,211,2026-01-04T06:39:00.000Z
OAKB-000000051,OAKB,LOWW,NORMAL,227,2026-01-04T07:15:00.000Z
OAKB-000000052,OAKB,LDZA,NORMAL,209,2026-01-04T08:04:00.000Z
OAKB-000000053,OAKB,SVMI,NORMAL,24,2026-01-04T08:50:00.000Z
OAKB-000000054,OAKB,SBBR,NORMAL,287,2026-01-04T09:36:00.000Z
OAKB-000000055,OAKB,OSDI,NORMAL,65,2026-01-04T10:20:00.000Z
OAKB-000000056,OAKB,SKBO,NORMAL,154,2026-01-04T11:03:00.000Z
OAKB-000000057,OAKB,OOMS,NORMAL,193,2026-01-04T11:46:00.000Z
OAKB-000000058,OAKB,SBBR,NORMAL,54,2026-01-04T12:36:00.000Z
OAKB-000000059,OAKB,LDZA,URGENTE,91,2026-01-04T20:06:00.000Z
OAKB-000000060,OAKB,SVMI,URGENTE,307,2026-01-04T21:01:00.000Z
OAKB-000000062,OAKB,SUAA,URGENTE,225,2026-01-04T23:53:00.000Z
OAKB-000000063,OAKB,OSDI,URGENTE,108,2026-01-05T00:54:00.000Z
OAKB-000000064,OAKB,SCEL,URGENTE,112,2026-01-05T01:44:00.000Z
OAKB-000000065,OAKB,OOMS,URGENTE,9,2026-01-05T02:40:00.000Z
OAKB-000000066,OAKB,VIDP,URGENTE,182,2026-01-05T03:37:00.000Z
OAKB-000000067,OAKB,SLLP,URGENTE,46,2026-01-05T04:37:00.000Z
OAKB-000000068,OAKB,SABE,NORMAL,19,2026-01-05T05:37:00.000Z
OAKB-000000069,OAKB,SUAA,NORMAL,134,2026-01-05T06:32:00.000Z
OAKB-000000070,OAKB,EBCI,NORMAL,193,2026-01-05T07:28:00.000Z
OAKB-000000071,OAKB,OSDI,NORMAL,267,2026-01-05T08:27:00.000Z
OAKB-000000072,OAKB,EBCI,NORMAL,15,2026-01-05T09:27:00.000Z
OAKB-000000073,OAKB,LATI,NORMAL,223,2026-01-05T10:15:00.000Z
OAKB-000000074,OAKB,UMMS,URGENTE,106,2026-01-05T20:51:00.000Z
OAKB-000000075,OAKB,EHAM,URGENTE,200,2026-01-05T21:36:00.000Z
OAKB-000000076,OAKB,OSDI,NORMAL,109,2026-01-05T22:24:00.000Z
OAKB-000000077,OAKB,OOMS,NORMAL,234,2026-01-05T23:08:00.000Z
OAKB-000000078,OAKB,LBSF,NORMAL,197,2026-01-05T23:49:00.000Z
OAKB-000000079,OAKB,SABE,NORMAL,297,2026-01-06T00:34:00.000Z
OAKB-000000080,OAKB,OSDI,NORMAL,200,2026-01-06T01:16:00.000Z
OAKB-000000081,OAKB,SEQM,NORMAL,199,2026-01-06T02:01:00.000Z
OAKB-000000082,OAKB,EKCH,NORMAL,306,2026-01-06T02:50:00.000Z
OAKB-000000083,OAKB,SBBR,NORMAL,233,2026-01-06T03:39:00.000Z
OAKB-000000084,OAKB,LATI,NORMAL,251,2026-01-06T04:17:00.000Z
OAKB-000000085,OAKB,OSDI,NORMAL,264,2026-01-06T05:05:00.000Z
OAKB-000000086,OAKB,EBCI,NORMAL,13,2026-01-06T05:52:00.000Z
OAKB-000000087,OAKB,SEQM,NORMAL,239,2026-01-06T06:32:00.000Z
OAKB-000000088,OAKB,UMMS,NORMAL,312,2026-01-06T07:17:00.000Z
OAKB-000000090,OAKB,SEQM,NORMAL,153,2026-01-06T08:49:00.000Z
OAKB-000000092,OAKB,SPIM,NORMAL,111,2026-01-06T10:23:00.000Z
OAKB-000000093,OAKB,LOWW,NORMAL,283,2026-01-06T11:06:00.000Z
OAKB-000000094,OAKB,EDDI,NORMAL,213,2026-01-06T11:53:00.000Z
OAKB-000000095,OAKB,LBSF,NORMAL,320,2026-01-06T12:38:00.000Z
OOMS-000000001,OOMS,SLLP,URGENTE,24,2026-01-01T20:49:00.000Z
OOMS-000000002,OOMS,SABE,URGENTE,285,2026-01-01T21:40:00.000Z
OOMS-000000003,OOMS,VIDP,NORMAL,127,2026-01-01T22:21:00.000Z
OOMS-000000004,OOMS,LATI,NORMAL,205,2026-01-01T23:13:00.000Z
OOMS-000000005,OOMS,OYSN,NORMAL,16,2026-01-01T23:54:00.000Z
OOMS-000000006,OOMS,SGAS,NORMAL,143,2026-01-02T00:45:00.000Z
OOMS-000000007,OOMS,SLLP,NORMAL,29,2026-01-02T01:22:00.000Z
OOMS-000000008,OOMS,EBCI,NORMAL,201,2026-01-02T02:09:00.000Z
OOMS-000000010,OOMS,VIDP,NORMAL,287,2026-01-02T03:45:00.000Z
OOMS-000000011,OOMS,LDZA,NORMAL,165,2026-01-02T04:31:00.000Z
OOMS-000000012,OOMS,SLLP,NORMAL,283,2026-01-02T05:17:00.000Z
OOMS-000000013,OOMS,LBSF,NORMAL,64,2026-01-02T05:59:00.000Z
OOMS-000000014,OOMS,SGAS,NORMAL,300,2026-01-02T06:47:00.000Z
OOMS-000000015,OOMS,UBBB,NORMAL,4,2026-01-02T07:34:00.000Z
OOMS-000000017,OOMS,OAKB,NORMAL,227,2026-01-02T09:05:00.000Z
OOMS-000000018,OOMS,EDDI,NORMAL,138,2026-01-02T09:50:00.000Z
OOMS-000000019,OOMS,SPIM,NORMAL,215,2026-01-02T10:34:00.000Z
OOMS-000000020,OOMS,LKPR,NORMAL,106,2026-01-02T11:24:00.000Z
OOMS-000000021,OOMS,SGAS,NORMAL,60,2026-01-02T12:08:00.000Z
OOMS-000000022,OOMS,OPKC,URGENTE,260,2026-01-02T21:14:00.000Z
OOMS-000000023,OOMS,EKCH,URGENTE,119,2026-01-02T22:24:00.000Z
OOMS-000000024,OOMS,SEQM,URGENTE,300,2026-01-02T23:43:00.000Z
OOMS-000000025,OOMS,UBBB,URGENTE,15,2026-01-03T00:54:00.000Z
OOMS-000000026,OOMS,OSDI,URGENTE,192,2026-01-03T02:02:00.000Z
OOMS-000000027,OOMS,LBSF,URGENTE,305,2026-01-03T03:17:00.000Z
OOMS-000000029,OOMS,SBBR,URGENTE,187,2026-01-03T05:36:00.000Z
OOMS-000000030,OOMS,SCEL,URGENTE,223,2026-01-03T06:56:00.000Z
OOMS-000000031,OOMS,SABE,NORMAL,267,2026-01-03T08:01:00.000Z
OOMS-000000032,OOMS,OYSN,URGENTE,285,2026-01-03T20:53:00.000Z
OOMS-000000033,OOMS,VIDP,URGENTE,168,2026-01-03T21:32:00.000Z
OOMS-000000034,OOMS,OPKC,NORMAL,95,2026-01-03T22:22:00.000Z
OOMS-000000035,OOMS,SKBO,NORMAL,77,2026-01-03T23:00:00.000Z
OOMS-000000036,OOMS,SPIM,NORMAL,132,2026-01-03T23:50:00.000Z
OOMS-000000037,OOMS,EDDI,NORMAL,285,2026-01-04T00:34:00.000Z
OOMS-000000038,OOMS,SBBR,NORMAL,281,2026-01-04T01:19:00.000Z
OOMS-000000039,OOMS,UMMS,NORMAL,50,2026-01-04T02:06:00.000Z
OOMS-000000040,OOMS,SKBO,NORMAL,213,2026-01-04T02:50:00.000Z
OOMS-000000041,OOMS,SUAA,NORMAL,175,2026-01-04T03:38:00.000Z
OOMS-000000042,OOMS,LDZA,NORMAL,180,2026-01-04T04:17:00.000Z
OOMS-000000043,OOMS,SABE,NORMAL,296,2026-01-04T05:02:00.000Z
OOMS-000000044,OOMS,OAKB,NORMAL,49,2026-01-04T05:47:00.000Z
OOMS-000000045,OOMS,OAKB,NORMAL,296,2026-01-04T06:34:00.000Z
OOMS-000000046,OOMS,SLLP,NORMAL,25,2026-01-04T07:22:00.000Z
OOMS-000000047,OOMS,OJAI,NORMAL,201,2026-01-04T08:03:00.000Z
OOMS-000000048,OOMS,EKCH,NORMAL,245,2026-01-04T08:46:00.000Z
OOMS-000000050,OOMS,EBCI,NORMAL,73,2026-01-04T10:24:00.000Z
OOMS-000000051,OOMS,SABE,NORMAL,218,2026-01-04T11:01:00.000Z
OOMS-000000052,OOMS,UMMS,NORMAL,196,2026-01-04T11:50:00.000Z
OOMS-000000053,OOMS,OPKC,NORMAL,31,2026-01-04T12:37:00.000Z
OOMS-000000054,OOMS,EHAM,URGENTE,45,2026-01-04T20:01:00.000Z
OOMS-000000055,OOMS,SBBR,URGENTE,17,2026-01-04T21:00:00.000Z
OOMS-000000056,OOMS,VIDP,URGENTE,36,2026-01-04T22:00:00.000Z
OOMS-000000058,OOMS,LDZA,URGENTE,283,2026-01-05T00:53:00.000Z
OOMS-000000059,OOMS,LATI,URGENTE,206,2026-01-05T01:51:00.000Z
OOMS-000000060,OOMS,SBBR,URGENTE,283,2026-01-05T02:48:00.000Z
OOMS-000000061,OOMS,OPKC,URGENTE,283,2026-01-05T03:37:00.000Z
OOMS-000000062,OOMS,OJAI,URGENTE,254,2026-01-05T04:40:00.000Z
OOMS-000000063,OOMS,UMMS,NORMAL,75,2026-01-05T05:35:00.000Z
OOMS-000000064,OOMS,SGAS,NORMAL,313,2026-01-05T06:30:00.000Z
OOMS-000000065,OOMS,UMMS,NORMAL,99,2026-01-05T07:31:00.000Z
OOMS-000000066,OOMS,SLLP,NORMAL,301,2026-01-05T08:30:00.000Z
OOMS-000000067,OOMS,VIDP,NORMAL,214,2026-01-05T09:20:00.000Z
OOMS-000000068,OOMS,SGAS,NORMAL,165,2026-01-05T10:23:00.000Z
OOMS-000000069,OOMS,OYSN,URGENTE,140,2026-01-05T20:00:00.000Z
OOMS-000000070,OOMS,OSDI,URGENTE,66,2026-01-05T21:49:00.000Z
OOMS-000000071,OOMS,SGAS,URGENTE,142,2026-01-05T22:38:00.000Z
OOMS-000000072,OOMS,SBBR,URGENTE,37,2026-01-05T23:32:00.000Z
OOMS-000000073,OOMS,SVMI,URGENTE,218,2026-01-06T00:15:00.000Z
OOMS-000000075,OOMS,SVMI,NORMAL,270,2026-01-06T01:57:00.000Z
OOMS-000000076,OOMS,SLLP,NORMAL,159,2026-01-06T02:53:00.000Z
OOMS-000000077,OOMS,SBBR,NORMAL,249,2026-01-06T03:43:00.000Z
OOMS-000000078,OOMS,EDDI,NORMAL,156,2026-01-06T04:36:00.000Z
OOMS-000000079,OOMS,EBCI,NORMAL,104,2026-01-06T05:24:00.000Z
OOMS-000000080,OOMS,SLLP,NORMAL,33,2026-01-06T06:15:00.000Z
OOMS-000000081,OOMS,SEQM,NORMAL,266,2026-01-06T07:11:00.000Z
OOMS-000000082,OOMS,SUAA,NORMAL,50,2026-01-06T07:57:00.000Z
OOMS-000000083,OOMS,SVMI,NORMAL,180,2026-01-06T08:51:00.000Z
OOMS-000000084,OOMS,UMMS,NORMAL,217,2026-01-06T09:43:00.000Z
OOMS-000000085,OOMS,LBSF,NORMAL,164,2026-01-06T10:36:00.000Z
OOMS-000000086,OOMS,SPIM,NORMAL,269,2026-01-06T11:27:00.000Z
OYSN-000000001,OYSN,EHAM,URGENTE,211,2026-01-01T22:08:00.000Z
OYSN-000000002,OYSN,OPKC,URGENTE,107,2026-01-01T23:07:00.000Z
OYSN-000000003,OYSN,OPKC,URGENTE,278,2026-01-02T00:09:00.000Z
OYSN-000000005,OYSN,SCEL,URGENTE,21,2026-01-02T02:06:00.000Z
OYSN-000000006,OYSN,SEQM,URGENTE,305,2026-01-02T03:03:00.000Z
OYSN-000000007,OYSN,EHAM,URGENTE,243,2026-01-02T04:07:00.000Z
OYSN-000000008,OYSN,SVMI,URGENTE,273,2026-01-02T05:01:00.000Z
OYSN-000000009,OYSN,OAKB,URGENTE,237,2026-01-02T06:07:00.000Z
OYSN-000000010,OYSN,SUAA,NORMAL,314,2026-01-02T07:04:00.000Z
OYSN-000000011,OYSN,SEQM,NORMAL,59,2026-01-02T08:08:00.000Z
OYSN-000000012,OYSN,SVMI,NORMAL,98,2026-01-02T09:00:00.000Z
OYSN-000000013,OYSN,SUAA,NORMAL,314,2026-01-02T10:06:00.000Z
OYSN-000000014,OYSN,EBCI,NORMAL,33,2026-01-02T11:01:00.000Z
OYSN-000000015,OYSN,SABE,URGENTE,63,2026-01-02T22:07:00.000Z
OYSN-000000016,OYSN,SCEL,URGENTE,18,2026-01-02T23:01:00.000Z
OYSN-000000018,OYSN,LBSF,URGENTE,260,2026-01-03T01:01:00.000Z
OYSN-000000019,OYSN,UMMS,URGENTE,274,2026-01-03T02:03:00.000Z
OYSN-000000020,OYSN,SCEL,URGENTE,272,2026-01-03T03:01:00.000Z
OYSN-000000021,OYSN,LKPR,URGENTE,301,2026-01-03T04:09:00.000Z
OYSN-000000022,OYSN,EHAM,URGENTE,244,2026-01-03T05:02:00.000Z
OYSN-000000023,OYSN,SUAA,URGENTE,227,2026-01-03T06:06:00.000Z
OYSN-000000025,OYSN,SPIM,NORMAL,256,2026-01-03T08:07:00.000Z
OYSN-000000026,OYSN,EDDI,NORMAL,271,2026-01-03T09:02:00.000Z
OYSN-000000027,OYSN,LATI,NORMAL,29,2026-01-03T10:09:00.000Z
OYSN-000000028,OYSN,VIDP,NORMAL,35,2026-01-03T11:07:00.000Z
OYSN-000000029,OYSN,SABE,URGENTE,41,2026-01-03T21:49:00.000Z
OYSN-000000030,OYSN,OJAI,URGENTE,68,2026-01-03T22:30:00.000Z
OYSN-000000031,OYSN,EBCI,NORMAL,327,2026-01-03T23:22:00.000Z
OYSN-000000032,OYSN,SVMI,NORMAL,239,2026-01-04T00:04:00.000Z
OYSN-000000033,OYSN,UBBB,NORMAL,145,2026-01-04T00:45:00.000Z
OYSN-000000034,OYSN,LKPR,NORMAL,71,2026-01-04T01:34:00.000Z
OYSN-000000035,OYSN,EBCI,NORMAL,198,2026-01-04T02:16:00.000Z
OYSN-000000036,OYSN,LKPR,NORMAL,98,2026-01-04T03:01:00.000Z
OYSN-000000037,OYSN,SCEL,NORMAL,140,2026-01-04T03:53:00.000Z
OYSN-000000038,OYSN,EBCI,NORMAL,11,2026-01-04T04:37:00.000Z
OYSN-000000039,OYSN,UBBB,NORMAL,118,2026-01-04T05:16:00.000Z
OYSN-000000040,OYSN,EKCH,NORMAL,153,2026-01-04T06:07:00.000Z
OYSN-000000042,OYSN,SABE,NORMAL,189,2026-01-04T07:37:00.000Z
OYSN-000000043,OYSN,SGAS,NORMAL,198,2026-01-04T08:18:00.000Z
OYSN-000000044,OYSN,SBBR,NORMAL,221,2026-01-04T09:01:00.000Z
OYSN-000000045,OYSN,SEQM,NORMAL,246,2026-01-04T09:48:00.000Z
OYSN-000000046,OYSN,LBSF,NORMAL,56,2026-01-04T10:39:00.000Z
OYSN-000000047,OYSN,SEQM,NORMAL,20,2026-01-04T11:24:00.000Z
OYSN-000000048,OYSN,EKCH,NORMAL,43,2026-01-04T12:05:00.000Z
OYSN-000000049,OYSN,SABE,NORMAL,79,2026-01-04T12:47:00.000Z
OYSN-000000050,OYSN,SLLP,NORMAL,29,2026-01-04T13:34:00.000Z
OYSN-000000051,OYSN,EDDI,URGENTE,128,2026-01-04T21:53:00.000Z
OYSN-000000052,OYSN,VIDP,URGENTE,57,2026-01-04T22:32:00.000Z
OYSN-000000053,OYSN,EKCH,NORMAL,101,2026-01-04T23:21:00.000Z
OYSN-000000055,OYSN,EHAM,NORMAL,292,2026-01-05T00:50:00.000Z
OYSN-000000056,OYSN,OJAI,NORMAL,213,2026-01-05T01:34:00.000Z
OYSN-000000057,OYSN,OAKB,NORMAL,195,2026-01-05T02:18:00.000Z
OYSN-000000058,OYSN,SBBR,NORMAL,284,2026-01-05T03:01:00.000Z
OYSN-000000059,OYSN,EKCH,NORMAL,249,2026-01-05T03:45:00.000Z
OYSN-000000060,OYSN,SEQM,NORMAL,194,2026-01-05T04:34:00.000Z
OYSN-000000062,OYSN,OSDI,NORMAL,156,2026-01-05T06:09:00.000Z
OYSN-000000063,OYSN,UMMS,NORMAL,237,2026-01-05T06:50:00.000Z
OYSN-000000064,OYSN,SCEL,NORMAL,309,2026-01-05T07:39:00.000Z
OYSN-000000065,OYSN,LKPR,NORMAL,263,2026-01-05T08:20:00.000Z
OYSN-000000066,OYSN,SBBR,NORMAL,261,2026-01-05T09:01:00.000Z
OYSN-000000068,OYSN,UBBB,NORMAL,41,2026-01-05T10:33:00.000Z
OYSN-000000069,OYSN,SGAS,NORMAL,189,2026-01-05T11:23:00.000Z
OYSN-000000070,OYSN,LDZA,NORMAL,139,2026-01-05T12:08:00.000Z
OYSN-000000071,OYSN,SUAA,NORMAL,145,2026-01-05T12:48:00.000Z
OYSN-000000072,OYSN,OAKB,NORMAL,78,2026-01-05T13:35:00.000Z
OYSN-000000073,OYSN,SKBO,URGENTE,38,2026-01-05T21:50:00.000Z
OYSN-000000074,OYSN,SABE,URGENTE,72,2026-01-05T22:31:00.000Z
OYSN-000000075,OYSN,SUAA,NORMAL,67,2026-01-05T23:20:00.000Z
OYSN-000000076,OYSN,LBSF,NORMAL,249,2026-01-06T00:02:00.000Z
OYSN-000000077,OYSN,VIDP,NORMAL,293,2026-01-06T00:45:00.000Z
OYSN-000000079,OYSN,OSDI,NORMAL,281,2026-01-06T02:21:00.000Z
OYSN-000000081,OYSN,SBBR,NORMAL,303,2026-01-06T03:46:00.000Z
OYSN-000000082,OYSN,OPKC,NORMAL,1,2026-01-06T04:37:00.000Z
OYSN-000000083,OYSN,SKBO,NORMAL,8,2026-01-06T05:23:00.000Z
OYSN-000000084,OYSN,UMMS,NORMAL,68,2026-01-06T06:00:00.000Z
OYSN-000000085,OYSN,LDZA,NORMAL,146,2026-01-06T06:45:00.000Z
OYSN-000000086,OYSN,LKPR,NORMAL,23,2026-01-06T07:36:00.000Z
OYSN-000000087,OYSN,OJAI,NORMAL,138,2026-01-06T08:24:00.000Z
OYSN-000000088,OYSN,SABE,NORMAL,323,2026-01-06T09:01:00.000Z
OYSN-000000089,OYSN,SPIM,NORMAL,28,2026-01-06T09:49:00.000Z
OYSN-000000090,OYSN,SKBO,NORMAL,306,2026-01-06T10:35:00.000Z
OYSN-000000091,OYSN,VIDP,NORMAL,292,2026-01-06T11:21:00.000Z
OYSN-000000092,OYSN,UBBB,NORMAL,207,2026-01-06T12:02:00.000Z
OYSN-000000093,OYSN,SUAA,NORMAL,170,2026-01-06T12:46:00.000Z
OYSN-000000094,OYSN,UMMS,NORMAL,98,2026-01-06T13:39:00.000Z
OPKC-000000001,OPKC,EDDI,URGENTE,108,2026-01-01T19:52:00.000Z
OPKC-000000002,OPKC,SLLP,URGENTE,174,2026-01-01T20:41:00.000Z
OPKC-000000003,OPKC,SGAS,NORMAL,19,2026-01-01T21:19:00.000Z
OPKC-000000004,OPKC,SUAA,NORMAL,285,2026-01-01T22:06:00.000Z
OPKC-000000005,OPKC,SKBO,NORMAL,21,2026-01-01T22:58:00.000Z
OPKC-000000006,OPKC,SCEL,NORMAL,164,2026-01-01T23:39:00.000Z
OPKC-000000007,OPKC,LATI,NORMAL,308,2026-01-02T00:26:00.000Z
OPKC-000000008,OPKC,LKPR,NORMAL,319,2026-01-02T01:10:00.000Z
OPKC-000000009,OPKC,SVMI,NORMAL,177,2026-01-02T01:58:00.000Z
OPKC-000000010,OPKC,EBCI,NORMAL,236,2026-01-02T02:46:00.000Z
OPKC-000000011,OPKC,SVMI,NORMAL,59,2026-01-02T03:31:00.000Z
OPKC-000000012,OPKC,EHAM,NORMAL,35,2026-01-02T04:17:00.000Z
OPKC-000000013,OPKC,SVMI,NORMAL,170,2026-01-02T04:59:00.000Z
OPKC-000000014,OPKC,OJAI,NORMAL,31,2026-01-02T05:47:00.000Z
OPKC-000000015,OPKC,LBSF,NORMAL,311,2026-01-02T06:37:00.000Z
OPKC-000000016,OPKC,SCEL,NORMAL,145,2026-01-02T07:25:00.000Z
OPKC-000000017,OPKC,EKCH,NORMAL,286,2026-01-02T08:06:00.000Z
OPKC-000000018,OPKC,EDDI,NORMAL,111,2026-01-02T08:56:00.000Z
OPKC-000000019,OPKC,SGAS,NORMAL,52,2026-01-02T09:37:00.000Z
OPKC-000000021,OPKC,OOMS,NORMAL,194,2026-01-02T11:11:00.000Z
OPKC-000000022,OPKC,LKPR,URGENTE,266,2026-01-02T20:04:00.000Z
OPKC-000000023,OPKC,UMMS,URGENTE,160,2026-01-02T21:06:00.000Z
OPKC-000000024,OPKC,VIDP,URGENTE,135,2026-01-02T22:01:00.000Z
OPKC-000000025,OPKC,OJAI,URGENTE,172,2026-01-02T23:08:00.000Z
OPKC-000000026,OPKC,OAKB,URGENTE,40,2026-01-03T00:00:00.000Z
OPKC-000000027,OPKC,SCEL,URGENTE,93,2026-01-03T01:04:00.000Z
OPKC-000000028,OPKC,EBCI,URGENTE,158,2026-01-03T02:09:00.000Z
OPKC-000000029,OPKC,SBBR,URGENTE,200,2026-01-03T03:03:00.000Z
OPKC-000000030,OPKC,SABE,URGENTE,168,2026-01-03T04:05:00.000Z
OPKC-000000031,OPKC,UMMS,NORMAL,171,2026-01-03T05:01:00.000Z
OPKC-000000033,OPKC,EKCH,NORMAL,305,2026-01-03T07:02:00.000Z
OPKC-000000034,OPKC,EKCH,NORMAL,274,2026-01-03T08:06:00.000Z
OPKC-000000035,OPKC,SVMI,NORMAL,87,2026-01-03T09:02:00.000Z
OPKC-000000036,OPKC,SEQM,URGENTE,282,2026-01-03T19:46:00.000Z
OPKC-000000037,OPKC,LOWW,URGENTE,67,2026-01-03T20:39:00.000Z
OPKC-000000038,OPKC,SEQM,NORMAL,121,2026-01-03T21:23:00.000Z
OPKC-000000039,OPKC,OYSN,NORMAL,24,2026-01-03T22:07:00.000Z
OPKC-000000040,OPKC,UMMS,NORMAL,230,2026-01-03T22:48:00.000Z
OPKC-000000041,OPKC,EKCH,NORMAL,273,2026-01-03T23:39:00.000Z
OPKC-000000042,OPKC,SPIM,NORMAL,17,2026-01-04T00:21:00.000Z
OPKC-000000043,OPKC,SABE,NORMAL,254,2026-01-04T01:05:00.000Z
OPKC-000000044,OPKC,OAKB,NORMAL,10,2026-01-04T01:51:00.000Z
OPKC-000000045,OPKC,LATI,NORMAL,89,2026-01-04T02:34:00.000Z
OPKC-000000046,OPKC,EHAM,NORMAL,55,2026-01-04T03:23:00.000Z
OPKC-000000048,OPKC,LDZA,NORMAL,305,2026-01-04T04:54:00.000Z
OPKC-000000049,OPKC,UBBB,NORMAL,326,2026-01-04T05:33:00.000Z
OPKC-000000050,OPKC,SLLP,NORMAL,204,2026-01-04T06:19:00.000Z
OPKC-000000051,OPKC,EKCH,NORMAL,117,2026-01-04T07:05:00.000Z
OPKC-000000052,OPKC,VIDP,NORMAL,290,2026-01-04T07:48:00.000Z
OPKC-000000053,OPKC,LKPR,NORMAL,98,2026-01-04T08:38:00.000Z
OPKC-000000054,OPKC,OJAI,NORMAL,118,2026-01-04T09:15:00.000Z
OPKC-000000056,OPKC,SGAS,NORMAL,310,2026-01-04T10:51:00.000Z
OPKC-000000057,OPKC,LKPR,NORMAL,306,2026-01-04T11:35:00.000Z
OPKC-000000058,OPKC,EDDI,URGENTE,312,2026-01-04T20:05:00.000Z
OPKC-000000059,OPKC,EBCI,URGENTE,281,2026-01-04T21:09:00.000Z
OPKC-000000061,OPKC,LATI,URGENTE,129,2026-01-04T23:06:00.000Z
OPKC-000000062,OPKC,UMMS,URGENTE,158,2026-01-05T00:03:00.000Z
OPKC-000000063,OPKC,SBBR,URGENTE,79,2026-01-05T01:09:00.000Z
OPKC-000000064,OPKC,UMMS,URGENTE,23,2026-01-05T02:03:00.000Z
OPKC-000000065,OPKC,SVMI,URGENTE,117,2026-01-05T03:06:00.000Z
OPKC-000000066,OPKC,SBBR,URGENTE,178,2026-01-05T04:07:00.000Z
OPKC-000000067,OPKC,EDDI,URGENTE,146,2026-01-05T05:09:00.000Z
OPKC-000000068,OPKC,SLLP,NORMAL,121,2026-01-05T06:06:00.000Z
OPKC-000000069,OPKC,OYSN,NORMAL,139,2026-01-05T07:05:00.000Z
OPKC-000000070,OPKC,SGAS,NORMAL,94,2026-01-05T08:01:00.000Z
OPKC-000000071,OPKC,OJAI,NORMAL,187,2026-01-05T09:03:00.000Z
OPKC-000000072,OPKC,LKPR,URGENTE,57,2026-01-05T20:24:00.000Z
OPKC-000000073,OPKC,EHAM,URGENTE,187,2026-01-05T21:45:00.000Z
OPKC-000000074,OPKC,LATI,URGENTE,40,2026-01-05T23:01:00.000Z
OPKC-000000075,OPKC,SUAA,URGENTE,256,2026-01-06T00:28:00.000Z
OPKC-000000076,OPKC,LATI,URGENTE,41,2026-01-06T01:42:00.000Z
OPKC-000000077,OPKC,OYSN,URGENTE,161,2026-01-06T03:06:00.000Z
OPKC-000000078,OPKC,SLLP,URGENTE,4,2026-01-06T04:26:00.000Z
OPKC-000000079,OPKC,OYSN,NORMAL,12,2026-01-06T05:48:00.000Z
UBBB-000000001,UBBB,LBSF,URGENTE,93,2026-01-01T23:14:00.000Z
UBBB-000000002,UBBB,OSDI,URGENTE,165,2026-01-02T00:22:00.000Z
UBBB-000000003,UBBB,SKBO,URGENTE,61,2026-01-02T01:29:00.000Z
UBBB-000000004,UBBB,VIDP,URGENTE,133,2026-01-02T02:40:00.000Z
UBBB-000000005,UBBB,SPIM,URGENTE,111,2026-01-02T03:47:00.000Z
UBBB-000000006,UBBB,OPKC,URGENTE,221,2026-01-02T04:52:00.000Z
UBBB-000000007,UBBB,EDDI,URGENTE,198,2026-01-02T05:02:00.000Z
UBBB-000000008,UBBB,LKPR,URGENTE,193,2026-01-02T07:08:00.000Z
UBBB-000000009,UBBB,SUAA,URGENTE,140,2026-01-02T08:19:00.000Z
UBBB-000000010,UBBB,LDZA,URGENTE,39,2026-01-02T09:24:00.000Z
UBBB-000000011,UBBB,SCEL,NORMAL,315,2026-01-02T10:36:00.000Z
UBBB-000000012,UBBB,SLLP,URGENTE,266,2026-01-02T22:55:00.000Z
UBBB-000000013,UBBB,SCEL,URGENTE,29,2026-01-02T23:38:00.000Z
UBBB-000000014,UBBB,SUAA,NORMAL,273,2026-01-03T00:22:00.000Z
UBBB-000000015,UBBB,SABE,NORMAL,79,2026-01-03T01:08:00.000Z
UBBB-000000016,UBBB,LATI,NORMAL,259,2026-01-03T01:51:00.000Z
UBBB-000000017,UBBB,SLLP,NORMAL,271,2026-01-03T02:43:00.000Z
UBBB-000000018,UBBB,SKBO,NORMAL,109,2026-01-03T03:27:00.000Z
UBBB-000000019,UBBB,EDDI,NORMAL,189,2026-01-03T04:15:00.000Z
UBBB-000000020,UBBB,SVMI,NORMAL,154,2026-01-03T04:58:00.000Z
UBBB-000000021,UBBB,OYSN,NORMAL,268,2026-01-03T05:40:00.000Z
UBBB-000000022,UBBB,SBBR,NORMAL,63,2026-01-03T06:28:00.000Z
UBBB-000000023,UBBB,SABE,NORMAL,250,2026-01-03T07:14:00.000Z
UBBB-000000024,UBBB,OAKB,NORMAL,148,2026-01-03T07:04:00.000Z
UBBB-000000025,UBBB,UMMS,NORMAL,271,2026-01-03T08:46:00.000Z
UBBB-000000026,UBBB,OPKC,NORMAL,19,2026-01-03T09:39:00.000Z
UBBB-000000027,UBBB,SUAA,NORMAL,310,2026-01-03T10:17:00.000Z
UBBB-000000028,UBBB,SEQM,NORMAL,188,2026-01-03T11:09:00.000Z
UBBB-000000029,UBBB,VIDP,NORMAL,212,2026-01-03T11:52:00.000Z
UBBB-000000030,UBBB,UMMS,NORMAL,17,2026-01-03T12:35:00.000Z
UBBB-000000032,UBBB,EDDI,NORMAL,124,2026-01-03T14:11:00.000Z
UBBB-000000033,UBBB,OPKC,URGENTE,168,2026-01-03T22:51:00.000Z
UBBB-000000034,UBBB,SUAA,URGENTE,323,2026-01-03T23:42:00.000Z
UBBB-000000035,UBBB,EKCH,URGENTE,94,2026-01-04T00:33:00.000Z
UBBB-000000036,UBBB,EDDI,URGENTE,198,2026-01-04T01:12:00.000Z
UBBB-000000037,UBBB,EBCI,NORMAL,299,2026-01-04T02:00:00.000Z
UBBB-000000038,UBBB,OAKB,NORMAL,202,2026-01-04T02:53:00.000Z
UBBB-000000039,UBBB,SVMI,NORMAL,140,2026-01-04T03:40:00.000Z
UBBB-000000040,UBBB,EDDI,NORMAL,241,2026-01-04T04:31:00.000Z
UBBB-000000041,UBBB,SEQM,NORMAL,114,2026-01-04T05:14:00.000Z
UBBB-000000042,UBBB,SVMI,NORMAL,102,2026-01-04T06:07:00.000Z
UBBB-000000043,UBBB,SGAS,NORMAL,175,2026-01-04T06:53:00.000Z
UBBB-000000044,UBBB,SPIM,NORMAL,153,2026-01-04T07:45:00.000Z
UBBB-000000045,UBBB,SPIM,NORMAL,37,2026-01-04T08:32:00.000Z
UBBB-000000046,UBBB,LKPR,NORMAL,110,2026-01-04T09:14:00.000Z
UBBB-000000047,UBBB,LKPR,NORMAL,127,2026-01-04T10:08:00.000Z
UBBB-000000048,UBBB,SUAA,NORMAL,196,2026-01-04T10:54:00.000Z
UBBB-000000049,UBBB,LATI,NORMAL,269,2026-01-04T11:41:00.000Z
UBBB-000000050,UBBB,LOWW,NORMAL,202,2026-01-04T12:25:00.000Z
UBBB-000000051,UBBB,SBBR,NORMAL,100,2026-01-04T13:17:00.000Z
UBBB-000000052,UBBB,SEQM,NORMAL,23,2026-01-04T14:02:00.000Z
UBBB-000000053,UBBB,OOMS,URGENTE,42,2026-01-04T22:48:00.000Z
UBBB-000000054,UBBB,SABE,URGENTE,301,2026-01-04T23:32:00.000Z
UBBB-000000055,UBBB,LOWW,NORMAL,206,2026-01-05T00:15:00.000Z
UBBB-000000056,UBBB,LATI,NORMAL,128,2026-01-05T01:07:00.000Z
UBBB-000000057,UBBB,EDDI,NORMAL,115,2026-01-05T01:51:00.000Z
UBBB-000000058,UBBB,LOWW,NORMAL,238,2026-01-05T02:34:00.000Z
UBBB-000000059,UBBB,SKBO,NORMAL,56,2026-01-05T03:15:00.000Z
UBBB-000000060,UBBB,OOMS,NORMAL,215,2026-01-05T04:04:00.000Z
UBBB-000000061,UBBB,EHAM,NORMAL,289,2026-01-05T04:54:00.000Z
UBBB-000000062,UBBB,EKCH,NORMAL,251,2026-01-05T05:38:00.000Z
UBBB-000000063,UBBB,OOMS,NORMAL,111,2026-01-05T06:17:00.000Z
UBBB-000000064,UBBB,OPKC,NORMAL,132,2026-01-05T07:09:00.000Z
UBBB-000000065,UBBB,OSDI,NORMAL,77,2026-01-05T07:52:00.000Z
UBBB-000000066,UBBB,LOWW,NORMAL,79,2026-01-05T08:30:00.000Z
UBBB-000000067,UBBB,LDZA,NORMAL,324,2026-01-05T09:15:00.000Z
UBBB-000000068,UBBB,LDZA,NORMAL,2,2026-01-05T10:01:00.000Z
UBBB-000000069,UBBB,EBCI,NORMAL,72,2026-01-05T10:51:00.000Z
UBBB-000000070,UBBB,SGAS,NORMAL,85,2026-01-05T11:34:00.000Z
UBBB-000000071,UBBB,EDDI,NORMAL,251,2026-01-05T12:18:00.000Z
UBBB-000000072,UBBB,VIDP,NORMAL,315,2026-01-05T13:03:00.000Z
UBBB-000000073,UBBB,OOMS,NORMAL,107,2026-01-05T13:48:00.000Z
UBBB-000000074,UBBB,OPKC,NORMAL,165,2026-01-05T14:35:00.000Z
UBBB-000000075,UBBB,LBSF,URGENTE,25,2026-01-05T22:51:00.000Z
UBBB-000000076,UBBB,LKPR,URGENTE,297,2026-01-05T23:37:00.000Z
UBBB-000000077,UBBB,OPKC,NORMAL,145,2026-01-06T00:15:00.000Z
UBBB-000000078,UBBB,OYSN,NORMAL,265,2026-01-06T01:04:00.000Z
UBBB-000000079,UBBB,SPIM,NORMAL,158,2026-01-06T01:45:00.000Z
UBBB-000000080,UBBB,LATI,NORMAL,217,2026-01-06T02:36:00.000Z
UBBB-000000081,UBBB,LBSF,NORMAL,99,2026-01-06T03:24:00.000Z
UBBB-000000082,UBBB,SKBO,NORMAL,197,2026-01-06T04:07:00.000Z
UBBB-000000083,UBBB,SABE,NORMAL,67,2026-01-06T04:47:00.000Z
UBBB-000000084,UBBB,OSDI,NORMAL,29,2026-01-06T05:35:00.000Z
UBBB-000000085,UBBB,OPKC,NORMAL,278,2026-01-06T06:19:00.000Z
UBBB-000000086,UBBB,SPIM,NORMAL,125,2026-01-06T07:02:00.000Z
UBBB-000000088,UBBB,SCEL,NORMAL,311,2026-01-06T08:31:00.000Z
UBBB-000000089,UBBB,OOMS,NORMAL,182,2026-01-06T09:15:00.000Z
UBBB-000000090,UBBB,SEQM,NORMAL,183,2026-01-06T10:02:00.000Z
UBBB-000000091,UBBB,OSDI,NORMAL,243,2026-01-06T10:51:00.000Z
UBBB-000000092,UBBB,LATI,NORMAL,230,2026-01-06T11:34:00.000Z
UBBB-000000093,UBBB,SUAA,NORMAL,10,2026-01-06T12:17:00.000Z
UBBB-000000094,UBBB,VIDP,NORMAL,189,2026-01-06T13:05:00.000Z
UBBB-000000095,UBBB,VIDP,NORMAL,180,2026-01-06T13:51:00.000Z
UBBB-000000096,UBBB,LOWW,NORMAL,173,2026-01-06T14:36:00.000Z
OJAI-000000001,OJAI,SBBR,URGENTE,259,2026-01-01T22:22:00.000Z
OJAI-000000002,OJAI,EDDI,URGENTE,276,2026-01-01T23:42:00.000Z
OJAI-000000004,OJAI,VIDP,URGENTE,202,2026-01-02T02:25:00.000Z
OJAI-000000005,OJAI,SBBR,URGENTE,83,2026-01-02T03:42:00.000Z
OJAI-000000006,OJAI,OPKC,URGENTE,48,2026-01-02T05:00:00.000Z
OJAI-000000007,OJAI,SVMI,URGENTE,267,2026-01-02T06:22:00.000Z
OJAI-000000008,OJAI,UMMS,NORMAL,38,2026-01-02T07:44:00.000Z
OJAI-000000009,OJAI,LDZA,URGENTE,324,2026-01-02T21:54:00.000Z
OJAI-000000010,OJAI,SEQM,URGENTE,8,2026-01-02T22:41:00.000Z
OJAI-000000011,OJAI,SUAA,URGENTE,113,2026-01-02T23:33:00.000Z
OJAI-000000012,OJAI,EBCI,NORMAL,164,2026-01-03T00:16:00.000Z
OJAI-000000013,OJAI,SBBR,NORMAL,314,2026-01-03T01:06:00.000Z
OJAI-000000014,OJAI,EKCH,NORMAL,206,2026-01-03T01:53:00.000Z
OJAI-000000016,OJAI,SUAA,NORMAL,77,2026-01-03T03:24:00.000Z
OJAI-000000017,OJAI,SABE,NORMAL,305,2026-01-03T04:19:00.000Z
OJAI-000000018,OJAI,UMMS,NORMAL,184,2026-01-03T05:05:00.000Z
OJAI-000000019,OJAI,SLLP,NORMAL,228,2026-01-03T05:48:00.000Z
OJAI-000000020,OJAI,VIDP,NORMAL,51,2026-01-03T06:36:00.000Z
OJAI-000000021,OJAI,SABE,NORMAL,61,2026-01-03T07:27:00.000Z
OJAI-000000022,OJAI,SBBR,NORMAL,220,2026-01-03T08:14:00.000Z
OJAI-000000023,OJAI,SEQM,NORMAL,77,2026-01-03T09:05:00.000Z
OJAI-000000024,OJAI,LDZA,NORMAL,162,2026-01-03T09:57:00.000Z
OJAI-000000026,OJAI,EDDI,NORMAL,130,2026-01-03T11:31:00.000Z
OJAI-000000027,OJAI,UMMS,NORMAL,149,2026-01-03T12:15:00.000Z
OJAI-000000028,OJAI,LDZA,NORMAL,119,2026-01-03T13:03:00.000Z
OJAI-000000029,OJAI,SBBR,URGENTE,91,2026-01-03T21:47:00.000Z
OJAI-000000030,OJAI,EBCI,URGENTE,79,2026-01-03T22:38:00.000Z
OJAI-000000031,OJAI,SBBR,NORMAL,153,2026-01-03T23:22:00.000Z
OJAI-000000032,OJAI,OSDI,NORMAL,153,2026-01-04T00:06:00.000Z
OJAI-000000033,OJAI,OYSN,NORMAL,81,2026-01-04T00:50:00.000Z
OJAI-000000034,OJAI,EBCI,NORMAL,100,2026-01-04T01:39:00.000Z
OJAI-000000035,OJAI,SABE,NORMAL,321,2026-01-04T02:16:00.000Z
OJAI-000000036,OJAI,SKBO,NORMAL,225,2026-01-04T03:00:00.000Z
OJAI-000000037,OJAI,SABE,NORMAL,156,2026-01-04T03:50:00.000Z
OJAI-000000038,OJAI,SKBO,NORMAL,55,2026-01-04T04:33:00.000Z
OJAI-000000039,OJAI,SLLP,NORMAL,288,2026-01-04T05:23:00.000Z
OJAI-000000040,OJAI,OAKB,NORMAL,121,2026-01-04T06:00:00.000Z
OJAI-000000041,OJAI,LDZA,NORMAL,120,2026-01-04T06:47:00.000Z
OJAI-000000042,OJAI,LATI,NORMAL,201,2026-01-04T07:38:00.000Z
OJAI-000000043,OJAI,UMMS,NORMAL,197,2026-01-04T08:20:00.000Z
OJAI-000000044,OJAI,SPIM,NORMAL,80,2026-01-04T09:00:00.000Z
OJAI-000000045,OJAI,LKPR,NORMAL,195,2026-01-04T09:48:00.000Z
OJAI-000000046,OJAI,EKCH,NORMAL,306,2026-01-04T10:38:00.000Z
OJAI-000000047,OJAI,LATI,NORMAL,121,2026-01-04T11:22:00.000Z
OJAI-000000048,OJAI,OPKC,NORMAL,87,2026-01-04T12:06:00.000Z
OJAI-000000050,OJAI,OPKC,NORMAL,267,2026-01-04T13:31:00.000Z
OJAI-000000052,OJAI,LKPR,URGENTE,163,2026-01-04T22:38:00.000Z
OJAI-000000053,OJAI,OOMS,NORMAL,38,2026-01-04T23:23:00.000Z
OJAI-000000054,OJAI,SKBO,NORMAL,33,2026-01-05T00:03:00.000Z
OJAI-000000055,OJAI,EDDI,NORMAL,313,2026-01-05T00:47:00.000Z
OJAI-000000056,OJAI,SLLP,NORMAL,203,2026-01-05T01:39:00.000Z
OJAI-000000058,OJAI,OPKC,NORMAL,168,2026-01-05T03:00:00.000Z
OJAI-000000059,OJAI,OYSN,NORMAL,67,2026-01-05T03:53:00.000Z
OJAI-000000060,OJAI,EBCI,NORMAL,23,2026-01-05T04:35:00.000Z
OJAI-000000062,OJAI,SPIM,NORMAL,262,2026-01-05T06:04:00.000Z
OJAI-000000063,OJAI,SKBO,NORMAL,155,2026-01-05T06:45:00.000Z
OJAI-000000064,OJAI,EKCH,NORMAL,307,2026-01-05T07:35:00.000Z
OJAI-000000065,OJAI,SGAS,NORMAL,223,2026-01-05T08:15:00.000Z
OJAI-000000066,OJAI,SCEL,NORMAL,295,2026-01-05T09:07:00.000Z
OJAI-000000067,OJAI,VIDP,NORMAL,269,2026-01-05T09:54:00.000Z
OJAI-000000068,OJAI,SABE,NORMAL,102,2026-01-05T10:33:00.000Z
OJAI-000000069,OJAI,SABE,NORMAL,194,2026-01-05T11:15:00.000Z
OJAI-000000070,OJAI,SKBO,NORMAL,98,2026-01-05T12:06:00.000Z
OJAI-000000071,OJAI,SKBO,NORMAL,95,2026-01-05T12:47:00.000Z
OJAI-000000072,OJAI,SKBO,NORMAL,202,2026-01-05T13:33:00.000Z
OJAI-000000073,OJAI,OSDI,URGENTE,58,2026-01-05T22:24:00.000Z
OJAI-000000074,OJAI,UBBB,URGENTE,188,2026-01-05T23:42:00.000Z
OJAI-000000075,OJAI,EDDI,URGENTE,211,2026-01-06T01:08:00.000Z
OJAI-000000076,OJAI,EDDI,URGENTE,24,2026-01-06T02:20:00.000Z
OJAI-000000077,OJAI,EDDI,URGENTE,282,2026-01-06T03:46:00.000Z
OJAI-000000078,OJAI,SVMI,URGENTE,166,2026-01-06T05:08:00.000Z
OJAI-000000079,OJAI,LATI,URGENTE,65,2026-01-06T06:20:00.000Z
OJAI-000000080,OJAI,LATI,NORMAL,268,2026-01-06T07:48:00.000Z
