idVuelo,iataOrigen,iataDestino,horaSalidaUtc,horaLlegadaUtc,capacidadMaletas,cancelado
V000001,SKBO,SEQM,2026-01-02T08:34:00.000Z,2026-01-02T09:21:00.000Z,300,false
V000002,SEQM,SKBO,2026-01-02T09:29:00.000Z,2026-01-02T10:16:00.000Z,340,false
V000003,SKBO,SEQM,2026-01-02T19:22:00.000Z,2026-01-02T20:09:00.000Z,320,false
V000004,SEQM,SKBO,2026-01-02T13:05:00.000Z,2026-01-02T13:52:00.000Z,320,false
V000005,SKBO,SEQM,2026-01-03T00:01:00.000Z,2026-01-03T00:48:00.000Z,340,false
V000006,SEQM,SKBO,2026-01-03T00:55:00.000Z,2026-01-03T01:42:00.000Z,360,false
V000007,SKBO,SVMI,2026-01-02T12:24:00.000Z,2026-01-02T13:47:00.000Z,300,false
V000008,SVMI,SKBO,2026-01-02T10:33:00.000Z,2026-01-02T11:56:00.000Z,340,false
V000009,SKBO,SVMI,2026-01-02T18:56:00.000Z,2026-01-02T20:19:00.000Z,360,false
V000010,SVMI,SKBO,2026-01-02T18:35:00.000Z,2026-01-02T19:58:00.000Z,340,false
V000011,SKBO,SVMI,2026-01-03T00:18:00.000Z,2026-01-03T01:41:00.000Z,360,false
V000012,SVMI,SKBO,2026-01-03T01:52:00.000Z,2026-01-03T03:15:00.000Z,360,false
V000013,SKBO,SBBR,2026-01-02T11:23:00.000Z,2026-01-02T15:58:00.000Z,320,false
V000014,SBBR,SKBO,2026-01-02T06:02:00.000Z,2026-01-02T10:37:00.000Z,320,false
V000015,SKBO,SBBR,2026-01-02T13:21:00.000Z,2026-01-02T17:56:00.000Z,300,false
V000016,SBBR,SKBO,2026-01-02T18:53:00.000Z,2026-01-02T23:28:00.000Z,360,false
V000017,SKBO,SBBR,2026-01-03T01:22:00.000Z,2026-01-03T05:57:00.000Z,360,false
V000018,SBBR,SKBO,2026-01-03T00:57:00.000Z,2026-01-03T05:32:00.000Z,360,false
V000019,SKBO,SPIM,2026-01-02T06:58:00.000Z,2026-01-02T09:14:00.000Z,340,false
V000020,SPIM,SKBO,2026-01-02T09:35:00.000Z,2026-01-02T11:51:00.000Z,340,false
V000021,SKBO,SPIM,2026-01-02T13:46:00.000Z,2026-01-02T16:02:00.000Z,300,false
V000022,SPIM,SKBO,2026-01-02T13:02:00.000Z,2026-01-02T15:18:00.000Z,300,false
V000023,SKBO,SPIM,2026-01-03T03:45:00.000Z,2026-01-03T06:01:00.000Z,340,false
V000024,SPIM,SKBO,2026-01-02T23:09:00.000Z,2026-01-03T01:25:00.000Z,340,false
V000025,SKBO,SLLP,2026-01-03T02:33:00.000Z,2026-01-03T05:28:00.000Z,360,false
V000026,SLLP,SKBO,2026-01-03T00:09:00.000Z,2026-01-03T03:04:00.000Z,300,false
V000027,SKBO,SCEL,2026-01-02T05:20:00.000Z,2026-01-02T10:32:00.000Z,360,false
V000028,SCEL,SKBO,2026-01-02T07:56:00.000Z,2026-01-02T13:08:00.000Z,300,false
V000029,SKBO,SCEL,2026-01-02T11:39:00.000Z,2026-01-02T16:51:00.000Z,320,false
V000030,SCEL,SKBO,2026-01-02T11:43:00.000Z,2026-01-02T16:55:00.000Z,340,false
V000031,SKBO,SCEL,2026-01-02T19:42:00.000Z,2026-01-03T00:54:00.000Z,320,false
V000032,SCEL,SKBO,2026-01-02T18:41:00.000Z,2026-01-02T23:53:00.000Z,360,false
V000033,SKBO,SCEL,2026-01-03T00:18:00.000Z,2026-01-03T05:30:00.000Z,320,false
V000034,SCEL,SKBO,2026-01-02T21:30:00.000Z,2026-01-03T02:42:00.000Z,340,false
V000035,SKBO,SABE,2026-01-02T05:41:00.000Z,2026-01-02T11:24:00.000Z,300,false
V000036,SABE,SKBO,2026-01-02T08:44:00.000Z,2026-01-02T14:27:00.000Z,340,false
V000037,SKBO,SABE,2026-01-02T14:17:00.000Z,2026-01-02T20:00:00.000Z,300,false
V000038,SABE,SKBO,2026-01-02T12:57:00.000Z,2026-01-02T18:40:00.000Z,340,false
V000039,SKBO,SABE,2026-01-02T17:41:00.000Z,2026-01-02T23:24:00.000Z,360,false
V000040,SABE,SKBO,2026-01-02T15:35:00.000Z,2026-01-02T21:18:00.000Z,360,false
V000041,SKBO,SABE,2026-01-03T03:11:00.000Z,2026-01-03T08:54:00.000Z,340,false
V000042,SABE,SKBO,2026-01-03T01:50:00.000Z,2026-01-03T07:33:00.000Z,320,false
V000043,SKBO,SGAS,2026-01-02T11:10:00.000Z,2026-01-02T15:50:00.000Z,360,false
V000044,SGAS,SKBO,2026-01-02T07:11:00.000Z,2026-01-02T11:51:00.000Z,320,false
V000045,SKBO,SGAS,2026-01-02T14:47:00.000Z,2026-01-02T19:27:00.000Z,320,false
V000046,SGAS,SKBO,2026-01-02T13:03:00.000Z,2026-01-02T17:43:00.000Z,320,false
V000047,SKBO,SGAS,2026-01-02T22:38:00.000Z,2026-01-03T03:18:00.000Z,340,false
V000048,SGAS,SKBO,2026-01-03T01:48:00.000Z,2026-01-03T06:28:00.000Z,340,false
V000049,SKBO,SUAA,2026-01-03T03:33:00.000Z,2026-01-03T09:22:00.000Z,360,false
V000050,SUAA,SKBO,2026-01-02T11:00:00.000Z,2026-01-02T16:49:00.000Z,340,false
V000051,SKBO,LATI,2026-01-02T09:59:00.000Z,2026-01-02T22:31:00.000Z,300,false
V000052,LATI,SKBO,2026-01-01T22:17:00.000Z,2026-01-02T10:49:00.000Z,360,false
V000053,SKBO,LATI,2026-01-02T12:21:00.000Z,2026-01-03T00:53:00.000Z,360,false
V000054,LATI,SKBO,2026-01-02T06:50:00.000Z,2026-01-02T19:22:00.000Z,300,false
V000055,SKBO,LATI,2026-01-02T19:40:00.000Z,2026-01-03T08:12:00.000Z,300,false
V000056,LATI,SKBO,2026-01-02T10:21:00.000Z,2026-01-02T22:53:00.000Z,360,false
V000057,SKBO,LATI,2026-01-02T23:04:00.000Z,2026-01-03T11:36:00.000Z,320,false
V000058,LATI,SKBO,2026-01-02T17:54:00.000Z,2026-01-03T06:26:00.000Z,360,false
V000059,SKBO,EDDI,2026-01-02T07:00:00.000Z,2026-01-02T18:53:00.000Z,360,false
V000060,EDDI,SKBO,2026-01-02T06:07:00.000Z,2026-01-02T18:00:00.000Z,300,false
V000061,SKBO,EDDI,2026-01-02T18:48:00.000Z,2026-01-03T06:41:00.000Z,320,false
V000062,EDDI,SKBO,2026-01-02T17:47:00.000Z,2026-01-03T05:40:00.000Z,340,false
V000063,SKBO,LOWW,2026-01-02T06:34:00.000Z,2026-01-02T18:44:00.000Z,360,false
V000064,LOWW,SKBO,2026-01-02T03:56:00.000Z,2026-01-02T16:06:00.000Z,360,false
V000065,SKBO,LOWW,2026-01-03T01:29:00.000Z,2026-01-03T13:39:00.000Z,340,false
V000066,LOWW,SKBO,2026-01-02T17:56:00.000Z,2026-01-03T06:06:00.000Z,360,false
V000067,SKBO,EBCI,2026-01-02T05:24:00.000Z,2026-01-02T16:29:00.000Z,340,false
V000068,EBCI,SKBO,2026-01-01T23:49:00.000Z,2026-01-02T10:54:00.000Z,360,false
V000069,SKBO,EBCI,2026-01-02T18:33:00.000Z,2026-01-03T05:38:00.000Z,360,false
V000070,EBCI,SKBO,2026-01-02T13:43:00.000Z,2026-01-03T00:48:00.000Z,340,false
V000071,SKBO,EBCI,2026-01-03T04:08:00.000Z,2026-01-03T15:13:00.000Z,340,false
V000072,EBCI,SKBO,2026-01-02T14:18:00.000Z,2026-01-03T01:23:00.000Z,300,false
V000073,SKBO,UMMS,2026-01-02T07:41:00.000Z,2026-01-02T20:49:00.000Z,320,false
V000074,UMMS,SKBO,2026-01-02T02:38:00.000Z,2026-01-02T15:46:00.000Z,320,false
V000075,SKBO,UMMS,2026-01-02T11:42:00.000Z,2026-01-03T00:50:00.000Z,340,false
V000076,UMMS,SKBO,2026-01-02T07:52:00.000Z,2026-01-02T21:00:00.000Z,360,false
V000077,SKBO,UMMS,2026-01-02T21:17:00.000Z,2026-01-03T10:25:00.000Z,360,false
V000078,UMMS,SKBO,2026-01-02T11:11:00.000Z,2026-01-03T00:19:00.000Z,300,false
V000079,SKBO,UMMS,2026-01-03T03:51:00.000Z,2026-01-03T16:59:00.000Z,300,false
V000080,UMMS,SKBO,2026-01-02T17:54:00.000Z,2026-01-03T07:02:00.000Z,360,false
V000081,SKBO,LBSF,2026-01-02T11:22:00.000Z,2026-01-03T00:18:00.000Z,320,false
V000082,LBSF,SKBO,2026-01-02T03:35:00.000Z,2026-01-02T16:31:00.000Z,320,false
V000083,SKBO,LBSF,2026-01-02T19:24:00.000Z,2026-01-03T08:20:00.000Z,340,false
V000084,LBSF,SKBO,2026-01-02T05:41:00.000Z,2026-01-02T18:37:00.000Z,340,false
V000085,SKBO,LBSF,2026-01-03T00:01:00.000Z,2026-01-03T12:57:00.000Z,300,false
V000086,LBSF,SKBO,2026-01-02T16:17:00.000Z,2026-01-03T05:13:00.000Z,300,false
V000087,SKBO,LKPR,2026-01-02T10:32:00.000Z,2026-01-02T22:31:00.000Z,360,false
V000088,LKPR,SKBO,2026-01-02T00:50:00.000Z,2026-01-02T12:49:00.000Z,320,false
V000089,SKBO,LKPR,2026-01-02T16:48:00.000Z,2026-01-03T04:47:00.000Z,360,false
V000090,LKPR,SKBO,2026-01-02T07:09:00.000Z,2026-01-02T19:08:00.000Z,360,false
V000091,SKBO,LKPR,2026-01-02T21:25:00.000Z,2026-01-03T09:24:00.000Z,300,false
V000092,LKPR,SKBO,2026-01-02T12:25:00.000Z,2026-01-03T00:24:00.000Z,340,false
V000093,SKBO,LKPR,2026-01-03T02:57:00.000Z,2026-01-03T14:56:00.000Z,320,false
V000094,LKPR,SKBO,2026-01-02T20:32:00.000Z,2026-01-03T08:31:00.000Z,340,false
V000095,SKBO,LDZA,2026-01-02T10:56:00.000Z,2026-01-02T23:07:00.000Z,300,false
V000096,LDZA,SKBO,2026-01-01T23:28:00.000Z,2026-01-02T11:39:00.000Z,320,false
V000097,SKBO,LDZA,2026-01-02T16:14:00.000Z,2026-01-03T04:25:00.000Z,300,false
V000098,LDZA,SKBO,2026-01-02T11:01:00.000Z,2026-01-02T23:12:00.000Z,320,false
V000099,SKBO,LDZA,2026-01-03T01:58:00.000Z,2026-01-03T14:09:00.000Z,360,false
V000100,LDZA,SKBO,2026-01-02T15:59:00.000Z,2026-01-03T04:10:00.000Z,360,false
V000101,SKBO,EKCH,2026-01-02T06:49:00.000Z,2026-01-02T18:37:00.000Z,340,false
V000102,EKCH,SKBO,2026-01-01T23:37:00.000Z,2026-01-02T11:25:00.000Z,320,false
V000103,SKBO,EKCH,2026-01-02T12:35:00.000Z,2026-01-03T00:23:00.000Z,340,false
V000104,EKCH,SKBO,2026-01-02T07:16:00.000Z,2026-01-02T19:04:00.000Z,320,false
V000105,SKBO,EKCH,2026-01-02T19:22:00.000Z,2026-01-03T07:10:00.000Z,340,false
V000106,EKCH,SKBO,2026-01-02T15:54:00.000Z,2026-01-03T03:42:00.000Z,320,false
V000107,SKBO,EKCH,2026-01-03T01:31:00.000Z,2026-01-03T13:19:00.000Z,320,false
V000108,EKCH,SKBO,2026-01-02T18:23:00.000Z,2026-01-03T06:11:00.000Z,360,false
V000109,SKBO,EHAM,2026-01-02T06:12:00.000Z,2026-01-02T17:19:00.000Z,320,false
V000110,EHAM,SKBO,2026-01-02T00:32:00.000Z,2026-01-02T11:39:00.000Z,320,false
V000111,SKBO,EHAM,2026-01-02T11:01:00.000Z,2026-01-02T22:08:00.000Z,340,false
V000112,EHAM,SKBO,2026-01-02T08:06:00.000Z,2026-01-02T19:13:00.000Z,320,false
V000113,SKBO,EHAM,2026-01-02T21:36:00.000Z,2026-01-03T08:43:00.000Z,320,false
V000114,EHAM,SKBO,2026-01-02T12:49:00.000Z,2026-01-02T23:56:00.000Z,360,false
V000115,SKBO,EHAM,2026-01-03T01:13:00.000Z,2026-01-03T12:20:00.000Z,360,false
V000116,EHAM,SKBO,2026-01-02T18:44:00.000Z,2026-01-03T05:51:00.000Z,300,false
V000117,SKBO,VIDP,2026-01-02T10:44:00.000Z,2026-01-03T05:58:00.000Z,320,false
V000118,VIDP,SKBO,2026-01-01T21:50:00.000Z,2026-01-02T17:04:00.000Z,320,false
V000119,SKBO,VIDP,2026-01-02T15:33:00.000Z,2026-01-03T10:47:00.000Z,300,false
V000120,VIDP,SKBO,2026-01-02T05:02:00.000Z,2026-01-03T00:16:00.000Z,340,false
V000121,SKBO,VIDP,2026-01-03T00:05:00.000Z,2026-01-02T19:19:00.000Z,340,false
V000122,VIDP,SKBO,2026-01-02T17:11:00.000Z,2026-01-03T12:25:00.000Z,320,false
V000123,SKBO,OSDI,2026-01-02T09:14:00.000Z,2026-01-02T23:50:00.000Z,340,false
V000124,OSDI,SKBO,2026-01-01T21:54:00.000Z,2026-01-02T12:30:00.000Z,300,false
V000125,SKBO,OSDI,2026-01-02T16:13:00.000Z,2026-01-03T06:49:00.000Z,320,false
V000126,OSDI,SKBO,2026-01-02T05:47:00.000Z,2026-01-02T20:23:00.000Z,340,false
V000127,SKBO,OSDI,2026-01-02T22:13:00.000Z,2026-01-03T12:49:00.000Z,300,false
V000128,OSDI,SKBO,2026-01-02T11:23:00.000Z,2026-01-03T01:59:00.000Z,300,false
V000129,SKBO,OSDI,2026-01-03T04:42:00.000Z,2026-01-03T19:18:00.000Z,360,false
V000130,OSDI,SKBO,2026-01-02T17:53:00.000Z,2026-01-03T08:29:00.000Z,340,false
V000131,SKBO,OAKB,2026-01-02T09:24:00.000Z,2026-01-03T03:22:00.000Z,300,false
V000132,OAKB,SKBO,2026-01-02T01:52:00.000Z,2026-01-02T19:50:00.000Z,360,false
V000133,SKBO,OAKB,2026-01-02T15:06:00.000Z,2026-01-03T09:04:00.000Z,340,false
V000134,OAKB,SKBO,2026-01-02T06:17:00.000Z,2026-01-03T00:15:00.000Z,360,false
V000135,SKBO,OAKB,2026-01-02T17:47:00.000Z,2026-01-03T11:45:00.000Z,300,false
V000136,OAKB,SKBO,2026-01-02T09:18:00.000Z,2026-01-03T03:16:00.000Z,320,false
V000137,SKBO,OAKB,2026-01-03T03:46:00.000Z,2026-01-02T21:44:00.000Z,320,false
V000138,OAKB,SKBO,2026-01-02T17:07:00.000Z,2026-01-03T11:05:00.000Z,340,false
V000139,SKBO,OOMS,2026-01-02T08:49:00.000Z,2026-01-03T02:26:00.000Z,300,false
V000140,OOMS,SKBO,2026-01-01T20:43:00.000Z,2026-01-02T14:20:00.000Z,340,false
V000141,SKBO,OOMS,2026-01-02T15:03:00.000Z,2026-01-03T08:40:00.000Z,320,false
V000142,OOMS,SKBO,2026-01-02T08:17:00.000Z,2026-01-03T01:54:00.000Z,360,false
V000143,SKBO,OOMS,2026-01-03T02:04:00.000Z,2026-01-03T19:41:00.000Z,300,false
V000144,OOMS,SKBO,2026-01-02T16:22:00.000Z,2026-01-03T09:59:00.000Z,340,false
V000145,SKBO,OYSN,2026-01-02T08:51:00.000Z,2026-01-03T01:02:00.000Z,320,false
V000146,OYSN,SKBO,2026-01-02T00:47:00.000Z,2026-01-02T16:58:00.000Z,300,false
V000147,SKBO,OYSN,2026-01-02T19:44:00.000Z,2026-01-03T11:55:00.000Z,300,false
V000148,OYSN,SKBO,2026-01-02T09:43:00.000Z,2026-01-03T01:54:00.000Z,360,false
V000149,SKBO,OYSN,2026-01-03T03:29:00.000Z,2026-01-03T19:40:00.000Z,340,false
V000150,OYSN,SKBO,2026-01-02T17:13:00.000Z,2026-01-03T09:24:00.000Z,340,false
V000151,SKBO,OPKC,2026-01-02T10:17:00.000Z,2026-01-03T04:52:00.000Z,360,false
V000152,OPKC,SKBO,2026-01-01T19:18:00.000Z,2026-01-02T13:53:00.000Z,360,false
V000153,SKBO,OPKC,2026-01-02T15:37:00.000Z,2026-01-03T10:12:00.000Z,300,false
V000154,OPKC,SKBO,2026-01-02T03:57:00.000Z,2026-01-02T22:32:00.000Z,320,false
V000155,SKBO,OPKC,2026-01-02T18:01:00.000Z,2026-01-03T12:36:00.000Z,300,false
V000156,OPKC,SKBO,2026-01-02T09:00:00.000Z,2026-01-03T03:35:00.000Z,320,false
V000157,SKBO,OPKC,2026-01-02T23:25:00.000Z,2026-01-03T18:00:00.000Z,300,false
V000158,OPKC,SKBO,2026-01-02T13:31:00.000Z,2026-01-03T08:06:00.000Z,360,false
V000159,SKBO,UBBB,2026-01-02T05:10:00.000Z,2026-01-02T20:54:00.000Z,300,false
V000160,UBBB,SKBO,2026-01-01T23:25:00.000Z,2026-01-02T15:09:00.000Z,300,false
V000161,SKBO,UBBB,2026-01-02T11:57:00.000Z,2026-01-03T03:41:00.000Z,320,false
V000162,UBBB,SKBO,2026-01-02T04:37:00.000Z,2026-01-02T20:21:00.000Z,360,false
V000163,SKBO,UBBB,2026-01-02T18:21:00.000Z,2026-01-03T10:05:00.000Z,320,false
V000164,UBBB,SKBO,2026-01-02T12:02:00.000Z,2026-01-03T03:46:00.000Z,300,false
V000165,SKBO,UBBB,2026-01-03T02:36:00.000Z,2026-01-03T18:20:00.000Z,360,false
V000166,UBBB,SKBO,2026-01-02T21:41:00.000Z,2026-01-03T13:25:00.000Z,320,false
V000167,SKBO,OJAI,2026-01-02T10:19:00.000Z,2026-01-03T00:52:00.000Z,360,false
V000168,OJAI,SKBO,2026-01-02T01:36:00.000Z,2026-01-02T16:09:00.000Z,320,false
V000169,SKBO,OJAI,2026-01-02T15:44:00.000Z,2026-01-03T06:17:00.000Z,300,false
V000170,OJAI,SKBO,2026-01-02T11:54:00.000Z,2026-01-03T02:27:00.000Z,320,false
V000171,SKBO,OJAI,2026-01-02T22:32:00.000Z,2026-01-03T13:05:00.000Z,360,false
V000172,OJAI,SKBO,2026-01-02T16:27:00.000Z,2026-01-03T07:00:00.000Z,360,false
V000173,SEQM,SVMI,2026-01-02T08:48:00.000Z,2026-01-02T10:58:00.000Z,360,false
V000174,SVMI,SEQM,2026-01-02T07:38:00.000Z,2026-01-02T09:48:00.000Z,340,false
V000175,SEQM,SVMI,2026-01-02T15:31:00.000Z,2026-01-02T17:41:00.000Z,360,false
V000176,SVMI,SEQM,2026-01-02T17:15:00.000Z,2026-01-02T19:25:00.000Z,320,false
V000177,SEQM,SVMI,2026-01-03T02:50:00.000Z,2026-01-03T05:00:00.000Z,320,false
V000178,SVMI,SEQM,2026-01-02T22:14:00.000Z,2026-01-03T00:24:00.000Z,360,false
V000179,SEQM,SBBR,2026-01-02T09:19:00.000Z,2026-01-02T14:05:00.000Z,340,false
V000180,SBBR,SEQM,2026-01-02T06:13:00.000Z,2026-01-02T10:59:00.000Z,320,false
V000181,SEQM,SBBR,2026-01-02T13:36:00.000Z,2026-01-02T18:22:00.000Z,320,false
V000182,SBBR,SEQM,2026-01-02T10:36:00.000Z,2026-01-02T15:22:00.000Z,340,false
V000183,SEQM,SBBR,2026-01-02T17:41:00.000Z,2026-01-02T22:27:00.000Z,320,false
V000184,SBBR,SEQM,2026-01-02T15:13:00.000Z,2026-01-02T19:59:00.000Z,360,false
V000185,SEQM,SBBR,2026-01-03T02:02:00.000Z,2026-01-03T06:48:00.000Z,320,false
V000186,SBBR,SEQM,2026-01-02T23:11:00.000Z,2026-01-03T03:57:00.000Z,300,false
V000187,SEQM,SPIM,2026-01-02T05:23:00.000Z,2026-01-02T07:04:00.000Z,300,false
V000188,SPIM,SEQM,2026-01-02T05:13:00.000Z,2026-01-02T06:54:00.000Z,320,false
V000189,SEQM,SPIM,2026-01-02T16:32:00.000Z,2026-01-02T18:13:00.000Z,320,false
V000190,SPIM,SEQM,2026-01-02T13:10:00.000Z,2026-01-02T14:51:00.000Z,300,false
V000191,SEQM,SPIM,2026-01-02T19:35:00.000Z,2026-01-02T21:16:00.000Z,300,false
V000192,SPIM,SEQM,2026-01-02T22:11:00.000Z,2026-01-02T23:52:00.000Z,300,false
V000193,SEQM,SPIM,2026-01-03T04:10:00.000Z,2026-01-03T05:51:00.000Z,340,false
V000194,SPIM,SEQM,2026-01-03T02:09:00.000Z,2026-01-03T03:50:00.000Z,320,false
V000195,SEQM,SLLP,2026-01-02T05:51:00.000Z,2026-01-02T08:28:00.000Z,340,false
V000196,SLLP,SEQM,2026-01-02T08:24:00.000Z,2026-01-02T11:01:00.000Z,360,false
V000197,SEQM,SLLP,2026-01-02T16:32:00.000Z,2026-01-02T19:09:00.000Z,320,false
V000198,SLLP,SEQM,2026-01-02T13:04:00.000Z,2026-01-02T15:41:00.000Z,360,false
V000199,SEQM,SLLP,2026-01-02T18:15:00.000Z,2026-01-02T20:52:00.000Z,320,false
V000200,SLLP,SEQM,2026-01-02T20:12:00.000Z,2026-01-02T22:49:00.000Z,320,false
V000201,SEQM,SLLP,2026-01-02T23:01:00.000Z,2026-01-03T01:38:00.000Z,320,false
V000202,SLLP,SEQM,2026-01-02T23:47:00.000Z,2026-01-03T02:24:00.000Z,320,false
V000203,SEQM,SCEL,2026-01-02T10:14:00.000Z,2026-01-02T14:58:00.000Z,360,false
V000204,SCEL,SEQM,2026-01-02T04:17:00.000Z,2026-01-02T09:01:00.000Z,360,false
V000205,SEQM,SCEL,2026-01-02T18:52:00.000Z,2026-01-02T23:36:00.000Z,300,false
V000206,SCEL,SEQM,2026-01-02T11:21:00.000Z,2026-01-02T16:05:00.000Z,360,false
V000207,SEQM,SCEL,2026-01-03T03:28:00.000Z,2026-01-03T08:12:00.000Z,360,false
V000208,SCEL,SEQM,2026-01-02T22:04:00.000Z,2026-01-03T02:48:00.000Z,340,false
V000209,SEQM,SABE,2026-01-02T09:47:00.000Z,2026-01-02T15:12:00.000Z,360,false
V000210,SABE,SEQM,2026-01-02T06:24:00.000Z,2026-01-02T11:49:00.000Z,320,false
V000211,SEQM,SABE,2026-01-02T12:06:00.000Z,2026-01-02T17:31:00.000Z,360,false
V000212,SABE,SEQM,2026-01-02T14:10:00.000Z,2026-01-02T19:35:00.000Z,320,false
V000213,SEQM,SABE,2026-01-02T17:44:00.000Z,2026-01-02T23:09:00.000Z,320,false
V000214,SABE,SEQM,2026-01-02T15:59:00.000Z,2026-01-02T21:24:00.000Z,360,false
V000215,SEQM,SABE,2026-01-03T01:18:00.000Z,2026-01-03T06:43:00.000Z,320,false
V000216,SABE,SEQM,2026-01-03T01:30:00.000Z,2026-01-03T06:55:00.000Z,360,false
V000217,SEQM,SGAS,2026-01-02T12:22:00.000Z,2026-01-02T16:52:00.000Z,300,false
V000218,SGAS,SEQM,2026-01-02T06:27:00.000Z,2026-01-02T10:57:00.000Z,300,false
V000219,SEQM,SGAS,2026-01-02T16:44:00.000Z,2026-01-02T21:14:00.000Z,320,false
V000220,SGAS,SEQM,2026-01-02T13:35:00.000Z,2026-01-02T18:05:00.000Z,300,false
V000221,SEQM,SGAS,2026-01-02T23:18:00.000Z,2026-01-03T03:48:00.000Z,360,false
V000222,SGAS,SEQM,2026-01-02T21:22:00.000Z,2026-01-03T01:52:00.000Z,320,false
V000223,SEQM,SUAA,2026-01-02T07:45:00.000Z,2026-01-02T13:18:00.000Z,300,false
V000224,SUAA,SEQM,2026-01-02T03:25:00.000Z,2026-01-02T08:58:00.000Z,340,false
V000225,SEQM,SUAA,2026-01-02T11:01:00.000Z,2026-01-02T16:34:00.000Z,300,false
V000226,SUAA,SEQM,2026-01-02T12:12:00.000Z,2026-01-02T17:45:00.000Z,300,false
V000227,SEQM,SUAA,2026-01-02T18:10:00.000Z,2026-01-02T23:43:00.000Z,360,false
V000228,SUAA,SEQM,2026-01-02T18:21:00.000Z,2026-01-02T23:54:00.000Z,360,false
V000229,SEQM,SUAA,2026-01-03T04:20:00.000Z,2026-01-03T09:53:00.000Z,320,false
V000230,SUAA,SEQM,2026-01-03T02:35:00.000Z,2026-01-03T08:08:00.000Z,300,false
V000231,SEQM,LATI,2026-01-02T08:48:00.000Z,2026-01-02T22:07:00.000Z,320,false
V000232,LATI,SEQM,2026-01-02T05:37:00.000Z,2026-01-02T18:56:00.000Z,360,false
V000233,SEQM,LATI,2026-01-02T14:01:00.000Z,2026-01-03T03:20:00.000Z,300,false
V000234,LATI,SEQM,2026-01-02T10:02:00.000Z,2026-01-02T23:21:00.000Z,300,false
V000235,SEQM,LATI,2026-01-03T02:18:00.000Z,2026-01-03T15:37:00.000Z,340,false
V000236,LATI,SEQM,2026-01-02T16:08:00.000Z,2026-01-03T05:27:00.000Z,340,false
V000237,SEQM,EDDI,2026-01-02T08:10:00.000Z,2026-01-02T20:50:00.000Z,360,false
V000238,EDDI,SEQM,2026-01-01T22:28:00.000Z,2026-01-02T11:08:00.000Z,300,false
V000239,SEQM,EDDI,2026-01-02T16:35:00.000Z,2026-01-03T05:15:00.000Z,340,false
V000240,EDDI,SEQM,2026-01-02T04:05:00.000Z,2026-01-02T16:45:00.000Z,320,false
V000241,SEQM,EDDI,2026-01-02T20:04:00.000Z,2026-01-03T08:44:00.000Z,360,false
V000242,EDDI,SEQM,2026-01-02T14:03:00.000Z,2026-01-03T02:43:00.000Z,320,false
V000243,SEQM,EDDI,2026-01-03T03:24:00.000Z,2026-01-03T16:04:00.000Z,340,false
V000244,EDDI,SEQM,2026-01-02T19:38:00.000Z,2026-01-03T08:18:00.000Z,360,false
V000245,SEQM,LOWW,2026-01-02T08:41:00.000Z,2026-01-02T21:38:00.000Z,300,false
V000246,LOWW,SEQM,2026-01-02T03:16:00.000Z,2026-01-02T16:13:00.000Z,360,false
V000247,SEQM,LOWW,2026-01-02T17:02:00.000Z,2026-01-03T05:59:00.000Z,340,false
V000248,LOWW,SEQM,2026-01-02T09:33:00.000Z,2026-01-02T22:30:00.000Z,300,false
V000249,SEQM,LOWW,2026-01-03T01:52:00.000Z,2026-01-03T14:49:00.000Z,320,false
V000250,LOWW,SEQM,2026-01-02T16:26:00.000Z,2026-01-03T05:23:00.000Z,320,false
V000251,SEQM,EBCI,2026-01-02T14:46:00.000Z,2026-01-03T02:38:00.000Z,320,false
V000252,EBCI,SEQM,2026-01-02T02:55:00.000Z,2026-01-02T14:47:00.000Z,320,false
V000253,SEQM,UMMS,2026-01-02T05:41:00.000Z,2026-01-02T19:36:00.000Z,300,false
V000254,UMMS,SEQM,2026-01-02T03:54:00.000Z,2026-01-02T17:49:00.000Z,300,false
V000255,SEQM,UMMS,2026-01-02T13:58:00.000Z,2026-01-03T03:53:00.000Z,360,false
V000256,UMMS,SEQM,2026-01-02T07:35:00.000Z,2026-01-02T21:30:00.000Z,360,false
V000257,SEQM,UMMS,2026-01-03T03:21:00.000Z,2026-01-03T17:16:00.000Z,320,false
V000258,UMMS,SEQM,2026-01-02T14:31:00.000Z,2026-01-03T04:26:00.000Z,340,false
V000259,SEQM,LBSF,2026-01-02T05:22:00.000Z,2026-01-02T19:05:00.000Z,320,false
V000260,LBSF,SEQM,2026-01-02T01:33:00.000Z,2026-01-02T15:16:00.000Z,300,false
V000261,SEQM,LBSF,2026-01-02T11:28:00.000Z,2026-01-03T01:11:00.000Z,340,false
V000262,LBSF,SEQM,2026-01-02T05:33:00.000Z,2026-01-02T19:16:00.000Z,360,false
V000263,SEQM,LBSF,2026-01-02T19:23:00.000Z,2026-01-03T09:06:00.000Z,300,false
V000264,LBSF,SEQM,2026-01-02T09:28:00.000Z,2026-01-02T23:11:00.000Z,320,false
V000265,SEQM,LBSF,2026-01-03T00:49:00.000Z,2026-01-03T14:32:00.000Z,300,false
V000266,LBSF,SEQM,2026-01-02T19:40:00.000Z,2026-01-03T09:23:00.000Z,340,false
V000267,SEQM,LKPR,2026-01-02T07:35:00.000Z,2026-01-02T20:21:00.000Z,360,false
V000268,LKPR,SEQM,2026-01-02T03:24:00.000Z,2026-01-02T16:10:00.000Z,300,false
V000269,SEQM,LKPR,2026-01-02T14:29:00.000Z,2026-01-03T03:15:00.000Z,320,false
V000270,LKPR,SEQM,2026-01-02T08:21:00.000Z,2026-01-02T21:07:00.000Z,300,false
V000271,SEQM,LKPR,2026-01-02T21:33:00.000Z,2026-01-03T10:19:00.000Z,340,false
V000272,LKPR,SEQM,2026-01-02T12:00:00.000Z,2026-01-03T00:46:00.000Z,360,false
V000273,SEQM,LKPR,2026-01-03T02:49:00.000Z,2026-01-03T15:35:00.000Z,300,false
V000274,LKPR,SEQM,2026-01-02T18:39:00.000Z,2026-01-03T07:25:00.000Z,360,false
V000275,SEQM,LDZA,2026-01-02T08:45:00.000Z,2026-01-02T21:44:00.000Z,300,false
V000276,LDZA,SEQM,2026-01-01T23:44:00.000Z,2026-01-02T12:43:00.000Z,320,false
V000277,SEQM,LDZA,2026-01-02T16:38:00.000Z,2026-01-03T05:37:00.000Z,340,false
V000278,LDZA,SEQM,2026-01-02T07:02:00.000Z,2026-01-02T20:01:00.000Z,320,false
V000279,SEQM,LDZA,2026-01-02T19:21:00.000Z,2026-01-03T08:20:00.000Z,320,false
V000280,LDZA,SEQM,2026-01-02T10:28:00.000Z,2026-01-02T23:27:00.000Z,360,false
V000281,SEQM,LDZA,2026-01-03T00:15:00.000Z,2026-01-03T13:14:00.000Z,320,false
V000282,LDZA,SEQM,2026-01-02T19:37:00.000Z,2026-01-03T08:36:00.000Z,340,false
V000283,SEQM,EKCH,2026-01-02T08:44:00.000Z,2026-01-02T21:19:00.000Z,360,false
V000284,EKCH,SEQM,2026-01-02T19:15:00.000Z,2026-01-03T07:50:00.000Z,360,false
V000285,SEQM,EHAM,2026-01-02T12:32:00.000Z,2026-01-03T00:26:00.000Z,340,false
V000286,EHAM,SEQM,2026-01-01T22:02:00.000Z,2026-01-02T09:56:00.000Z,320,false
V000287,SEQM,EHAM,2026-01-02T19:04:00.000Z,2026-01-03T06:58:00.000Z,360,false
V000288,EHAM,SEQM,2026-01-02T12:40:00.000Z,2026-01-03T00:34:00.000Z,360,false
V000289,SEQM,EHAM,2026-01-03T02:55:00.000Z,2026-01-03T14:49:00.000Z,340,false
V000290,EHAM,SEQM,2026-01-02T21:10:00.000Z,2026-01-03T09:04:00.000Z,320,false
V000291,SEQM,VIDP,2026-01-02T06:12:00.000Z,2026-01-03T02:13:00.000Z,320,false
V000292,VIDP,SEQM,2026-01-01T23:09:00.000Z,2026-01-02T19:10:00.000Z,300,false
V000293,SEQM,VIDP,2026-01-02T16:10:00.000Z,2026-01-03T12:11:00.000Z,300,false
V000294,VIDP,SEQM,2026-01-02T02:03:00.000Z,2026-01-02T22:04:00.000Z,300,false
V000295,SEQM,VIDP,2026-01-02T21:00:00.000Z,2026-01-03T17:01:00.000Z,340,false
V000296,VIDP,SEQM,2026-01-02T08:25:00.000Z,2026-01-03T04:26:00.000Z,360,false
V000297,SEQM,VIDP,2026-01-03T04:07:00.000Z,2026-01-03T00:08:00.000Z,300,false
V000298,VIDP,SEQM,2026-01-02T18:15:00.000Z,2026-01-03T14:16:00.000Z,320,false
V000299,SEQM,OSDI,2026-01-02T10:30:00.000Z,2026-01-03T01:52:00.000Z,320,false
V000300,OSDI,SEQM,2026-01-01T21:09:00.000Z,2026-01-02T12:31:00.000Z,340,false
V000301,SEQM,OSDI,2026-01-02T13:36:00.000Z,2026-01-03T04:58:00.000Z,300,false
V000302,OSDI,SEQM,2026-01-02T06:27:00.000Z,2026-01-02T21:49:00.000Z,360,false
V000303,SEQM,OSDI,2026-01-02T21:21:00.000Z,2026-01-03T12:43:00.000Z,300,false
V000304,OSDI,SEQM,2026-01-02T14:06:00.000Z,2026-01-03T05:28:00.000Z,300,false
V000305,SEQM,OSDI,2026-01-02T23:46:00.000Z,2026-01-03T15:08:00.000Z,300,false
V000306,OSDI,SEQM,2026-01-02T20:21:00.000Z,2026-01-03T11:43:00.000Z,300,false
V000307,SEQM,OAKB,2026-01-02T12:54:00.000Z,2026-01-03T07:39:00.000Z,340,false
V000308,OAKB,SEQM,2026-01-02T07:38:00.000Z,2026-01-03T02:23:00.000Z,300,false
V000309,SEQM,OAKB,2026-01-03T04:32:00.000Z,2026-01-02T23:17:00.000Z,340,false
V000310,OAKB,SEQM,2026-01-02T17:39:00.000Z,2026-01-03T12:24:00.000Z,360,false
V000311,SEQM,OOMS,2026-01-02T11:19:00.000Z,2026-01-03T05:42:00.000Z,300,false
V000312,OOMS,SEQM,2026-01-01T22:46:00.000Z,2026-01-02T17:09:00.000Z,340,false
V000313,SEQM,OOMS,2026-01-02T22:38:00.000Z,2026-01-03T17:01:00.000Z,300,false
V000314,OOMS,SEQM,2026-01-02T18:06:00.000Z,2026-01-03T12:29:00.000Z,320,false
V000315,SEQM,OYSN,2026-01-02T12:58:00.000Z,2026-01-03T05:51:00.000Z,340,false
V000316,OYSN,SEQM,2026-01-01T23:27:00.000Z,2026-01-02T16:20:00.000Z,340,false
V000317,SEQM,OYSN,2026-01-02T17:20:00.000Z,2026-01-03T10:13:00.000Z,300,false
V000318,OYSN,SEQM,2026-01-02T11:39:00.000Z,2026-01-03T04:32:00.000Z,300,false
V000319,SEQM,OYSN,2026-01-02T23:00:00.000Z,2026-01-03T15:53:00.000Z,340,false
V000320,OYSN,SEQM,2026-01-02T16:15:00.000Z,2026-01-03T09:08:00.000Z,360,false
V000321,SEQM,OPKC,2026-01-02T10:38:00.000Z,2026-01-03T06:00:00.000Z,360,false
V000322,OPKC,SEQM,2026-01-01T20:28:00.000Z,2026-01-02T15:50:00.000Z,300,false
V000323,SEQM,OPKC,2026-01-02T19:09:00.000Z,2026-01-03T14:31:00.000Z,320,false
V000324,OPKC,SEQM,2026-01-02T08:58:00.000Z,2026-01-03T04:20:00.000Z,300,false
V000325,SEQM,OPKC,2026-01-03T01:40:00.000Z,2026-01-02T21:02:00.000Z,360,false
V000326,OPKC,SEQM,2026-01-02T14:22:00.000Z,2026-01-03T09:44:00.000Z,360,false
V000327,SEQM,UBBB,2026-01-02T10:14:00.000Z,2026-01-03T02:45:00.000Z,340,false
V000328,UBBB,SEQM,2026-01-01T22:46:00.000Z,2026-01-02T15:17:00.000Z,340,false
V000329,SEQM,UBBB,2026-01-02T13:09:00.000Z,2026-01-03T05:40:00.000Z,360,false
V000330,UBBB,SEQM,2026-01-02T08:03:00.000Z,2026-01-03T00:34:00.000Z,360,false
V000331,SEQM,UBBB,2026-01-02T18:55:00.000Z,2026-01-03T11:26:00.000Z,340,false
V000332,UBBB,SEQM,2026-01-02T13:08:00.000Z,2026-01-03T05:39:00.000Z,340,false
V000333,SEQM,UBBB,2026-01-03T04:44:00.000Z,2026-01-03T21:15:00.000Z,320,false
V000334,UBBB,SEQM,2026-01-02T19:42:00.000Z,2026-01-03T12:13:00.000Z,300,false
V000335,SEQM,OJAI,2026-01-02T08:30:00.000Z,2026-01-02T23:49:00.000Z,320,false
V000336,OJAI,SEQM,2026-01-02T00:30:00.000Z,2026-01-02T15:49:00.000Z,320,false
V000337,SEQM,OJAI,2026-01-02T13:57:00.000Z,2026-01-03T05:16:00.000Z,340,false
V000338,OJAI,SEQM,2026-01-02T07:37:00.000Z,2026-01-02T22:56:00.000Z,320,false
V000339,SEQM,OJAI,2026-01-02T21:54:00.000Z,2026-01-03T13:13:00.000Z,320,false
V000340,OJAI,SEQM,2026-01-02T09:31:00.000Z,2026-01-03T00:50:00.000Z,360,false
V000341,SEQM,OJAI,2026-01-03T02:17:00.000Z,2026-01-03T17:36:00.000Z,360,false
V000342,OJAI,SEQM,2026-01-02T17:17:00.000Z,2026-01-03T08:36:00.000Z,300,false
V000343,SVMI,SBBR,2026-01-02T04:28:00.000Z,2026-01-02T08:50:00.000Z,300,false
V000344,SBBR,SVMI,2026-01-02T06:05:00.000Z,2026-01-02T10:27:00.000Z,320,false
V000345,SVMI,SBBR,2026-01-02T12:34:00.000Z,2026-01-02T16:56:00.000Z,300,false
V000346,SBBR,SVMI,2026-01-02T09:06:00.000Z,2026-01-02T13:28:00.000Z,300,false
V000347,SVMI,SBBR,2026-01-02T19:00:00.000Z,2026-01-02T23:22:00.000Z,360,false
V000348,SBBR,SVMI,2026-01-02T17:39:00.000Z,2026-01-02T22:01:00.000Z,360,false
V000349,SVMI,SBBR,2026-01-03T01:09:00.000Z,2026-01-03T05:31:00.000Z,320,false
V000350,SBBR,SVMI,2026-01-02T22:45:00.000Z,2026-01-03T03:07:00.000Z,320,false
V000351,SVMI,SPIM,2026-01-02T14:55:00.000Z,2026-01-02T18:21:00.000Z,340,false
V000352,SPIM,SVMI,2026-01-02T10:24:00.000Z,2026-01-02T13:50:00.000Z,320,false
V000353,SVMI,SPIM,2026-01-02T22:09:00.000Z,2026-01-03T01:35:00.000Z,320,false
V000354,SPIM,SVMI,2026-01-02T17:15:00.000Z,2026-01-02T20:41:00.000Z,320,false
V000355,SVMI,SLLP,2026-01-02T06:28:00.000Z,2026-01-02T10:06:00.000Z,300,false
V000356,SLLP,SVMI,2026-01-02T08:51:00.000Z,2026-01-02T12:29:00.000Z,340,false
V000357,SVMI,SLLP,2026-01-02T14:42:00.000Z,2026-01-02T18:20:00.000Z,340,false
V000358,SLLP,SVMI,2026-01-02T10:19:00.000Z,2026-01-02T13:57:00.000Z,300,false
V000359,SVMI,SLLP,2026-01-02T16:11:00.000Z,2026-01-02T19:49:00.000Z,340,false
V000360,SLLP,SVMI,2026-01-02T19:04:00.000Z,2026-01-02T22:42:00.000Z,300,false
V000361,SVMI,SLLP,2026-01-03T02:55:00.000Z,2026-01-03T06:33:00.000Z,300,false
V000362,SLLP,SVMI,2026-01-03T00:54:00.000Z,2026-01-03T04:32:00.000Z,320,false
V000363,SVMI,SCEL,2026-01-02T07:37:00.000Z,2026-01-02T13:39:00.000Z,360,false
V000364,SCEL,SVMI,2026-01-02T08:45:00.000Z,2026-01-02T14:47:00.000Z,340,false
V000365,SVMI,SCEL,2026-01-02T18:23:00.000Z,2026-01-03T00:25:00.000Z,300,false
V000366,SCEL,SVMI,2026-01-02T13:21:00.000Z,2026-01-02T19:23:00.000Z,300,false
V000367,SVMI,SCEL,2026-01-03T03:48:00.000Z,2026-01-03T09:50:00.000Z,360,false
V000368,SCEL,SVMI,2026-01-02T19:42:00.000Z,2026-01-03T01:44:00.000Z,300,false
V000369,SVMI,SABE,2026-01-02T04:03:00.000Z,2026-01-02T10:17:00.000Z,300,false
V000370,SABE,SVMI,2026-01-02T14:34:00.000Z,2026-01-02T20:48:00.000Z,340,false
V000371,SVMI,SABE,2026-01-03T03:58:00.000Z,2026-01-03T10:12:00.000Z,340,false
V000372,SABE,SVMI,2026-01-02T20:46:00.000Z,2026-01-03T03:00:00.000Z,300,false
V000373,SVMI,SGAS,2026-01-02T08:07:00.000Z,2026-01-02T13:09:00.000Z,340,false
V000374,SGAS,SVMI,2026-01-02T06:16:00.000Z,2026-01-02T11:18:00.000Z,360,false
V000375,SVMI,SGAS,2026-01-02T15:43:00.000Z,2026-01-02T20:45:00.000Z,300,false
V000376,SGAS,SVMI,2026-01-02T12:51:00.000Z,2026-01-02T17:53:00.000Z,360,false
V000377,SVMI,SGAS,2026-01-02T18:03:00.000Z,2026-01-02T23:05:00.000Z,300,false
V000378,SGAS,SVMI,2026-01-02T16:58:00.000Z,2026-01-02T22:00:00.000Z,300,false
V000379,SVMI,SGAS,2026-01-02T23:22:00.000Z,2026-01-03T04:24:00.000Z,320,false
V000380,SGAS,SVMI,2026-01-02T22:50:00.000Z,2026-01-03T03:52:00.000Z,300,false
V000381,SVMI,SUAA,2026-01-02T07:09:00.000Z,2026-01-02T13:26:00.000Z,320,false
V000382,SUAA,SVMI,2026-01-02T06:34:00.000Z,2026-01-02T12:51:00.000Z,300,false
V000383,SVMI,SUAA,2026-01-02T10:31:00.000Z,2026-01-02T16:48:00.000Z,300,false
V000384,SUAA,SVMI,2026-01-02T09:43:00.000Z,2026-01-02T16:00:00.000Z,360,false
V000385,SVMI,SUAA,2026-01-02T18:31:00.000Z,2026-01-03T00:48:00.000Z,360,false
V000386,SUAA,SVMI,2026-01-02T20:32:00.000Z,2026-01-03T02:49:00.000Z,360,false
V000387,SVMI,SUAA,2026-01-03T00:25:00.000Z,2026-01-03T06:42:00.000Z,340,false
V000388,SUAA,SVMI,2026-01-03T01:45:00.000Z,2026-01-03T08:02:00.000Z,320,false
V000389,SVMI,LATI,2026-01-02T05:01:00.000Z,2026-01-02T16:10:00.000Z,360,false
V000390,LATI,SVMI,2026-01-02T00:48:00.000Z,2026-01-02T11:57:00.000Z,340,false
V000391,SVMI,LATI,2026-01-02T17:32:00.000Z,2026-01-03T04:41:00.000Z,320,false
V000392,LATI,SVMI,2026-01-02T12:29:00.000Z,2026-01-02T23:38:00.000Z,320,false
V000393,SVMI,LATI,2026-01-02T23:13:00.000Z,2026-01-03T10:22:00.000Z,300,false
V000394,LATI,SVMI,2026-01-02T15:34:00.000Z,2026-01-03T02:43:00.000Z,300,false
V000395,SVMI,EDDI,2026-01-02T09:02:00.000Z,2026-01-02T19:34:00.000Z,340,false
V000396,EDDI,SVMI,2026-01-01T23:17:00.000Z,2026-01-02T09:49:00.000Z,340,false
V000397,SVMI,EDDI,2026-01-02T16:01:00.000Z,2026-01-03T02:33:00.000Z,320,false
V000398,EDDI,SVMI,2026-01-02T12:03:00.000Z,2026-01-02T22:35:00.000Z,360,false
V000399,SVMI,EDDI,2026-01-02T23:35:00.000Z,2026-01-03T10:07:00.000Z,340,false
V000400,EDDI,SVMI,2026-01-02T15:47:00.000Z,2026-01-03T02:19:00.000Z,340,false
V000401,SVMI,LOWW,2026-01-02T04:06:00.000Z,2026-01-02T14:54:00.000Z,300,false
V000402,LOWW,SVMI,2026-01-01T23:50:00.000Z,2026-01-02T10:38:00.000Z,360,false
V000403,SVMI,LOWW,2026-01-02T12:13:00.000Z,2026-01-02T23:01:00.000Z,340,false
V000404,LOWW,SVMI,2026-01-02T06:43:00.000Z,2026-01-02T17:31:00.000Z,340,false
V000405,SVMI,LOWW,2026-01-02T16:32:00.000Z,2026-01-03T03:20:00.000Z,320,false
V000406,LOWW,SVMI,2026-01-02T10:14:00.000Z,2026-01-02T21:02:00.000Z,340,false
V000407,SVMI,LOWW,2026-01-03T03:47:00.000Z,2026-01-03T14:35:00.000Z,320,false
V000408,LOWW,SVMI,2026-01-02T17:18:00.000Z,2026-01-03T04:06:00.000Z,320,false
V000409,SVMI,EBCI,2026-01-02T04:58:00.000Z,2026-01-02T14:41:00.000Z,360,false
V000410,EBCI,SVMI,2026-01-01T22:21:00.000Z,2026-01-02T08:04:00.000Z,300,false
V000411,SVMI,EBCI,2026-01-02T15:58:00.000Z,2026-01-03T01:41:00.000Z,320,false
V000412,EBCI,SVMI,2026-01-02T05:55:00.000Z,2026-01-02T15:38:00.000Z,360,false
V000413,SVMI,EBCI,2026-01-02T18:06:00.000Z,2026-01-03T03:49:00.000Z,340,false
V000414,EBCI,SVMI,2026-01-02T13:20:00.000Z,2026-01-02T23:03:00.000Z,300,false
V000415,SVMI,EBCI,2026-01-02T22:32:00.000Z,2026-01-03T08:15:00.000Z,340,false
V000416,EBCI,SVMI,2026-01-02T17:20:00.000Z,2026-01-03T03:03:00.000Z,360,false
V000417,SVMI,UMMS,2026-01-02T11:17:00.000Z,2026-01-02T23:05:00.000Z,300,false
V000418,UMMS,SVMI,2026-01-02T01:02:00.000Z,2026-01-02T12:50:00.000Z,300,false
V000419,SVMI,UMMS,2026-01-02T21:44:00.000Z,2026-01-03T09:32:00.000Z,300,false
V000420,UMMS,SVMI,2026-01-02T11:08:00.000Z,2026-01-02T22:56:00.000Z,360,false
V000421,SVMI,LBSF,2026-01-02T11:08:00.000Z,2026-01-02T22:41:00.000Z,360,false
V000422,LBSF,SVMI,2026-01-01T21:17:00.000Z,2026-01-02T08:50:00.000Z,320,false
V000423,SVMI,LBSF,2026-01-02T19:21:00.000Z,2026-01-03T06:54:00.000Z,300,false
V000424,LBSF,SVMI,2026-01-02T10:20:00.000Z,2026-01-02T21:53:00.000Z,300,false
V000425,SVMI,LBSF,2026-01-02T23:51:00.000Z,2026-01-03T11:24:00.000Z,360,false
V000426,LBSF,SVMI,2026-01-02T15:13:00.000Z,2026-01-03T02:46:00.000Z,300,false
V000427,SVMI,LKPR,2026-01-02T04:17:00.000Z,2026-01-02T14:54:00.000Z,340,false
V000428,LKPR,SVMI,2026-01-02T03:20:00.000Z,2026-01-02T13:57:00.000Z,360,false
V000429,SVMI,LKPR,2026-01-02T10:40:00.000Z,2026-01-02T21:17:00.000Z,320,false
V000430,LKPR,SVMI,2026-01-02T09:59:00.000Z,2026-01-02T20:36:00.000Z,360,false
V000431,SVMI,LKPR,2026-01-02T16:52:00.000Z,2026-01-03T03:29:00.000Z,360,false
V000432,LKPR,SVMI,2026-01-02T11:52:00.000Z,2026-01-02T22:29:00.000Z,300,false
V000433,SVMI,LKPR,2026-01-02T22:40:00.000Z,2026-01-03T09:17:00.000Z,320,false
V000434,LKPR,SVMI,2026-01-02T19:25:00.000Z,2026-01-03T06:02:00.000Z,300,false
V000435,SVMI,LDZA,2026-01-02T19:12:00.000Z,2026-01-03T06:00:00.000Z,340,false
V000436,LDZA,SVMI,2026-01-02T08:49:00.000Z,2026-01-02T19:37:00.000Z,360,false
V000437,SVMI,EKCH,2026-01-02T05:13:00.000Z,2026-01-02T15:42:00.000Z,320,false
V000438,EKCH,SVMI,2026-01-02T01:00:00.000Z,2026-01-02T11:29:00.000Z,340,false
V000439,SVMI,EKCH,2026-01-02T14:50:00.000Z,2026-01-03T01:19:00.000Z,360,false
V000440,EKCH,SVMI,2026-01-02T04:18:00.000Z,2026-01-02T14:47:00.000Z,340,false
V000441,SVMI,EKCH,2026-01-02T21:39:00.000Z,2026-01-03T08:08:00.000Z,300,false
V000442,EKCH,SVMI,2026-01-02T15:24:00.000Z,2026-01-03T01:53:00.000Z,300,false
V000443,SVMI,EKCH,2026-01-03T00:07:00.000Z,2026-01-03T10:36:00.000Z,360,false
V000444,EKCH,SVMI,2026-01-02T18:57:00.000Z,2026-01-03T05:26:00.000Z,340,false
V000445,SVMI,EHAM,2026-01-02T16:14:00.000Z,2026-01-03T02:00:00.000Z,360,false
V000446,EHAM,SVMI,2026-01-02T16:11:00.000Z,2026-01-03T01:57:00.000Z,320,false
V000447,SVMI,VIDP,2026-01-02T06:23:00.000Z,2026-01-03T00:15:00.000Z,300,false
V000448,VIDP,SVMI,2026-01-01T22:36:00.000Z,2026-01-02T16:28:00.000Z,300,false
V000449,SVMI,VIDP,2026-01-02T15:34:00.000Z,2026-01-03T09:26:00.000Z,300,false
V000450,VIDP,SVMI,2026-01-02T04:42:00.000Z,2026-01-02T22:34:00.000Z,300,false
V000451,SVMI,VIDP,2026-01-02T21:44:00.000Z,2026-01-03T15:36:00.000Z,300,false
V000452,VIDP,SVMI,2026-01-02T08:36:00.000Z,2026-01-03T02:28:00.000Z,340,false
V000453,SVMI,VIDP,2026-01-03T00:47:00.000Z,2026-01-03T18:39:00.000Z,320,false
V000454,VIDP,SVMI,2026-01-02T17:40:00.000Z,2026-01-03T11:32:00.000Z,340,false
V000455,SVMI,OSDI,2026-01-02T05:42:00.000Z,2026-01-02T18:54:00.000Z,340,false
V000456,OSDI,SVMI,2026-01-01T22:43:00.000Z,2026-01-02T11:55:00.000Z,320,false
V000457,SVMI,OSDI,2026-01-02T15:55:00.000Z,2026-01-03T05:07:00.000Z,340,false
V000458,OSDI,SVMI,2026-01-02T03:16:00.000Z,2026-01-02T16:28:00.000Z,340,false
V000459,SVMI,OSDI,2026-01-02T17:38:00.000Z,2026-01-03T06:50:00.000Z,360,false
V000460,OSDI,SVMI,2026-01-02T10:30:00.000Z,2026-01-02T23:42:00.000Z,320,false
V000461,SVMI,OSDI,2026-01-03T01:55:00.000Z,2026-01-03T15:07:00.000Z,320,false
V000462,OSDI,SVMI,2026-01-02T17:16:00.000Z,2026-01-03T06:28:00.000Z,360,false
V000463,SVMI,OAKB,2026-01-02T09:23:00.000Z,2026-01-03T01:59:00.000Z,320,false
V000464,OAKB,SVMI,2026-01-01T20:00:00.000Z,2026-01-02T12:36:00.000Z,320,false
V000465,SVMI,OAKB,2026-01-02T15:53:00.000Z,2026-01-03T08:29:00.000Z,340,false
V000466,OAKB,SVMI,2026-01-02T05:38:00.000Z,2026-01-02T22:14:00.000Z,340,false
V000467,SVMI,OAKB,2026-01-02T20:51:00.000Z,2026-01-03T13:27:00.000Z,340,false
V000468,OAKB,SVMI,2026-01-02T11:45:00.000Z,2026-01-03T04:21:00.000Z,360,false
V000469,SVMI,OAKB,2026-01-02T23:30:00.000Z,2026-01-03T16:06:00.000Z,320,false
V000470,OAKB,SVMI,2026-01-02T19:33:00.000Z,2026-01-03T12:09:00.000Z,340,false
V000471,SVMI,OOMS,2026-01-02T05:12:00.000Z,2026-01-02T21:26:00.000Z,340,false
V000472,OOMS,SVMI,2026-01-02T00:47:00.000Z,2026-01-02T17:01:00.000Z,340,false
V000473,SVMI,OOMS,2026-01-02T14:01:00.000Z,2026-01-03T06:15:00.000Z,320,false
V000474,OOMS,SVMI,2026-01-02T03:27:00.000Z,2026-01-02T19:41:00.000Z,360,false
V000475,SVMI,OOMS,2026-01-02T19:58:00.000Z,2026-01-03T12:12:00.000Z,300,false
V000476,OOMS,SVMI,2026-01-02T09:07:00.000Z,2026-01-03T01:21:00.000Z,340,false
V000477,SVMI,OOMS,2026-01-03T02:19:00.000Z,2026-01-03T18:33:00.000Z,340,false
V000478,OOMS,SVMI,2026-01-02T17:02:00.000Z,2026-01-03T09:16:00.000Z,340,false
V000479,SVMI,OYSN,2026-01-02T04:34:00.000Z,2026-01-02T19:26:00.000Z,320,false
V000480,OYSN,SVMI,2026-01-01T21:33:00.000Z,2026-01-02T12:25:00.000Z,300,false
V000481,SVMI,OYSN,2026-01-02T15:01:00.000Z,2026-01-03T05:53:00.000Z,360,false
V000482,OYSN,SVMI,2026-01-02T06:42:00.000Z,2026-01-02T21:34:00.000Z,320,false
V000483,SVMI,OYSN,2026-01-02T18:52:00.000Z,2026-01-03T09:44:00.000Z,320,false
V000484,OYSN,SVMI,2026-01-02T14:16:00.000Z,2026-01-03T05:08:00.000Z,320,false
V000485,SVMI,OYSN,2026-01-03T03:47:00.000Z,2026-01-03T18:39:00.000Z,360,false
V000486,OYSN,SVMI,2026-01-02T19:18:00.000Z,2026-01-03T10:10:00.000Z,300,false
V000487,SVMI,OPKC,2026-01-02T07:38:00.000Z,2026-01-03T00:49:00.000Z,340,false
V000488,OPKC,SVMI,2026-01-01T21:13:00.000Z,2026-01-02T14:24:00.000Z,360,false
V000489,SVMI,OPKC,2026-01-02T15:28:00.000Z,2026-01-03T08:39:00.000Z,360,false
V000490,OPKC,SVMI,2026-01-02T06:32:00.000Z,2026-01-02T23:43:00.000Z,300,false
V000491,SVMI,OPKC,2026-01-02T16:58:00.000Z,2026-01-03T10:09:00.000Z,320,false
V000492,OPKC,SVMI,2026-01-02T07:41:00.000Z,2026-01-03T00:52:00.000Z,360,false
V000493,SVMI,OPKC,2026-01-03T03:23:00.000Z,2026-01-02T20:34:00.000Z,320,false
V000494,OPKC,SVMI,2026-01-02T17:13:00.000Z,2026-01-03T10:24:00.000Z,320,false
V000495,SVMI,UBBB,2026-01-02T06:50:00.000Z,2026-01-02T21:11:00.000Z,360,false
V000496,UBBB,SVMI,2026-01-02T03:41:00.000Z,2026-01-02T18:02:00.000Z,360,false
V000497,SVMI,UBBB,2026-01-02T12:43:00.000Z,2026-01-03T03:04:00.000Z,320,false
V000498,UBBB,SVMI,2026-01-02T09:32:00.000Z,2026-01-02T23:53:00.000Z,320,false
V000499,SVMI,UBBB,2026-01-02T16:36:00.000Z,2026-01-03T06:57:00.000Z,340,false
V000500,UBBB,SVMI,2026-01-02T11:27:00.000Z,2026-01-03T01:48:00.000Z,360,false
V000501,SVMI,UBBB,2026-01-03T01:32:00.000Z,2026-01-03T15:53:00.000Z,300,false
V000502,UBBB,SVMI,2026-01-02T18:29:00.000Z,2026-01-03T08:50:00.000Z,320,false
V000503,SVMI,OJAI,2026-01-02T06:13:00.000Z,2026-01-02T19:23:00.000Z,300,false
V000504,OJAI,SVMI,2026-01-02T03:58:00.000Z,2026-01-02T17:08:00.000Z,340,false
V000505,SVMI,OJAI,2026-01-02T15:46:00.000Z,2026-01-03T04:56:00.000Z,300,false
V000506,OJAI,SVMI,2026-01-02T09:17:00.000Z,2026-01-02T22:27:00.000Z,340,false
V000507,SVMI,OJAI,2026-01-02T21:28:00.000Z,2026-01-03T10:38:00.000Z,320,false
V000508,OJAI,SVMI,2026-01-02T18:44:00.000Z,2026-01-03T07:54:00.000Z,340,false
V000509,SBBR,SPIM,2026-01-02T10:06:00.000Z,2026-01-02T14:11:00.000Z,340,false
V000510,SPIM,SBBR,2026-01-02T05:48:00.000Z,2026-01-02T09:53:00.000Z,300,false
V000511,SBBR,SPIM,2026-01-02T16:38:00.000Z,2026-01-02T20:43:00.000Z,320,false
V000512,SPIM,SBBR,2026-01-02T23:19:00.000Z,2026-01-03T03:24:00.000Z,340,false
V000513,SBBR,SLLP,2026-01-02T03:10:00.000Z,2026-01-02T06:00:00.000Z,360,false
V000514,SLLP,SBBR,2026-01-02T05:33:00.000Z,2026-01-02T08:23:00.000Z,320,false
V000515,SBBR,SLLP,2026-01-02T09:40:00.000Z,2026-01-02T12:30:00.000Z,360,false
V000516,SLLP,SBBR,2026-01-02T15:07:00.000Z,2026-01-02T17:57:00.000Z,300,false
V000517,SBBR,SLLP,2026-01-02T17:47:00.000Z,2026-01-02T20:37:00.000Z,340,false
V000518,SLLP,SBBR,2026-01-02T20:07:00.000Z,2026-01-02T22:57:00.000Z,360,false
V000519,SBBR,SLLP,2026-01-02T21:31:00.000Z,2026-01-03T00:21:00.000Z,320,false
V000520,SLLP,SBBR,2026-01-03T00:13:00.000Z,2026-01-03T03:03:00.000Z,320,false
V000521,SBBR,SCEL,2026-01-02T03:17:00.000Z,2026-01-02T07:08:00.000Z,340,false
V000522,SCEL,SBBR,2026-01-02T13:28:00.000Z,2026-01-02T17:19:00.000Z,320,false
V000523,SBBR,SCEL,2026-01-02T23:02:00.000Z,2026-01-03T02:53:00.000Z,300,false
V000524,SCEL,SBBR,2026-01-02T20:38:00.000Z,2026-01-03T00:29:00.000Z,360,false
V000525,SBBR,SABE,2026-01-02T06:01:00.000Z,2026-01-02T09:00:00.000Z,360,false
V000526,SABE,SBBR,2026-01-02T04:24:00.000Z,2026-01-02T07:23:00.000Z,320,false
V000527,SBBR,SABE,2026-01-02T12:57:00.000Z,2026-01-02T15:56:00.000Z,360,false
V000528,SABE,SBBR,2026-01-02T12:22:00.000Z,2026-01-02T15:21:00.000Z,320,false
V000529,SBBR,SABE,2026-01-02T16:24:00.000Z,2026-01-02T19:23:00.000Z,320,false
V000530,SABE,SBBR,2026-01-02T15:15:00.000Z,2026-01-02T18:14:00.000Z,320,false
V000531,SBBR,SABE,2026-01-03T01:01:00.000Z,2026-01-03T04:00:00.000Z,300,false
V000532,SABE,SBBR,2026-01-02T21:06:00.000Z,2026-01-03T00:05:00.000Z,360,false
V000533,SBBR,SGAS,2026-01-02T05:00:00.000Z,2026-01-02T06:55:00.000Z,320,false
V000534,SGAS,SBBR,2026-01-02T04:51:00.000Z,2026-01-02T06:46:00.000Z,300,false
V000535,SBBR,SGAS,2026-01-02T14:36:00.000Z,2026-01-02T16:31:00.000Z,300,false
V000536,SGAS,SBBR,2026-01-02T11:28:00.000Z,2026-01-02T13:23:00.000Z,360,false
V000537,SBBR,SGAS,2026-01-02T18:19:00.000Z,2026-01-02T20:14:00.000Z,320,false
V000538,SGAS,SBBR,2026-01-02T21:19:00.000Z,2026-01-02T23:14:00.000Z,300,false
V000539,SBBR,SGAS,2026-01-02T22:05:00.000Z,2026-01-03T00:00:00.000Z,360,false
V000540,SGAS,SBBR,2026-01-02T22:40:00.000Z,2026-01-03T00:35:00.000Z,300,false
V000541,SBBR,SUAA,2026-01-02T08:25:00.000Z,2026-01-02T11:18:00.000Z,360,false
V000542,SUAA,SBBR,2026-01-02T06:28:00.000Z,2026-01-02T09:21:00.000Z,300,false
V000543,SBBR,SUAA,2026-01-02T13:12:00.000Z,2026-01-02T16:05:00.000Z,360,false
V000544,SUAA,SBBR,2026-01-02T12:00:00.000Z,2026-01-02T14:53:00.000Z,340,false
V000545,SBBR,SUAA,2026-01-02T16:02:00.000Z,2026-01-02T18:55:00.000Z,320,false
V000546,SUAA,SBBR,2026-01-02T17:36:00.000Z,2026-01-02T20:29:00.000Z,340,false
V000547,SBBR,SUAA,2026-01-02T23:00:00.000Z,2026-01-03T01:53:00.000Z,340,false
V000548,SUAA,SBBR,2026-01-02T21:16:00.000Z,2026-01-03T00:09:00.000Z,320,false
V000549,SBBR,LATI,2026-01-02T05:14:00.000Z,2026-01-02T16:48:00.000Z,300,false
V000550,LATI,SBBR,2026-01-02T03:17:00.000Z,2026-01-02T14:51:00.000Z,360,false
V000551,SBBR,LATI,2026-01-02T11:00:00.000Z,2026-01-02T22:34:00.000Z,340,false
V000552,LATI,SBBR,2026-01-02T09:35:00.000Z,2026-01-02T21:09:00.000Z,320,false
V000553,SBBR,LATI,2026-01-02T23:01:00.000Z,2026-01-03T10:35:00.000Z,300,false
V000554,LATI,SBBR,2026-01-02T14:55:00.000Z,2026-01-03T02:29:00.000Z,320,false
V000555,SBBR,EDDI,2026-01-02T07:16:00.000Z,2026-01-02T19:06:00.000Z,360,false
V000556,EDDI,SBBR,2026-01-02T05:42:00.000Z,2026-01-02T17:32:00.000Z,340,false
V000557,SBBR,EDDI,2026-01-03T00:42:00.000Z,2026-01-03T12:32:00.000Z,340,false
V000558,EDDI,SBBR,2026-01-02T18:08:00.000Z,2026-01-03T05:58:00.000Z,300,false
V000559,SBBR,LOWW,2026-01-02T09:10:00.000Z,2026-01-02T20:56:00.000Z,360,false
V000560,LOWW,SBBR,2026-01-02T04:35:00.000Z,2026-01-02T16:21:00.000Z,320,false
V000561,SBBR,LOWW,2026-01-02T22:23:00.000Z,2026-01-03T10:09:00.000Z,360,false
V000562,LOWW,SBBR,2026-01-02T18:19:00.000Z,2026-01-03T06:05:00.000Z,320,false
V000563,SBBR,EBCI,2026-01-02T04:41:00.000Z,2026-01-02T15:43:00.000Z,320,false
V000564,EBCI,SBBR,2026-01-02T02:53:00.000Z,2026-01-02T13:55:00.000Z,320,false
V000565,SBBR,EBCI,2026-01-02T12:22:00.000Z,2026-01-02T23:24:00.000Z,300,false
V000566,EBCI,SBBR,2026-01-02T07:43:00.000Z,2026-01-02T18:45:00.000Z,340,false
V000567,SBBR,EBCI,2026-01-02T15:04:00.000Z,2026-01-03T02:06:00.000Z,300,false
V000568,EBCI,SBBR,2026-01-02T11:29:00.000Z,2026-01-02T22:31:00.000Z,300,false
V000569,SBBR,EBCI,2026-01-03T02:50:00.000Z,2026-01-03T13:52:00.000Z,340,false
V000570,EBCI,SBBR,2026-01-02T21:47:00.000Z,2026-01-03T08:49:00.000Z,360,false
V000571,SBBR,UMMS,2026-01-02T07:23:00.000Z,2026-01-02T20:25:00.000Z,340,false
V000572,UMMS,SBBR,2026-01-02T01:59:00.000Z,2026-01-02T15:01:00.000Z,300,false
V000573,SBBR,UMMS,2026-01-02T17:51:00.000Z,2026-01-03T06:53:00.000Z,340,false
V000574,UMMS,SBBR,2026-01-02T06:01:00.000Z,2026-01-02T19:03:00.000Z,360,false
V000575,SBBR,UMMS,2026-01-03T00:15:00.000Z,2026-01-03T13:17:00.000Z,340,false
V000576,UMMS,SBBR,2026-01-02T15:59:00.000Z,2026-01-03T05:01:00.000Z,340,false
V000577,SBBR,LBSF,2026-01-02T10:16:00.000Z,2026-01-02T22:16:00.000Z,360,false
V000578,LBSF,SBBR,2026-01-01T22:48:00.000Z,2026-01-02T10:48:00.000Z,360,false
V000579,SBBR,LBSF,2026-01-02T12:30:00.000Z,2026-01-03T00:30:00.000Z,320,false
V000580,LBSF,SBBR,2026-01-02T07:05:00.000Z,2026-01-02T19:05:00.000Z,320,false
V000581,SBBR,LBSF,2026-01-03T02:27:00.000Z,2026-01-03T14:27:00.000Z,360,false
V000582,LBSF,SBBR,2026-01-02T18:14:00.000Z,2026-01-03T06:14:00.000Z,320,false
V000583,SBBR,LKPR,2026-01-02T08:37:00.000Z,2026-01-02T20:23:00.000Z,300,false
V000584,LKPR,SBBR,2026-01-02T02:18:00.000Z,2026-01-02T14:04:00.000Z,300,false
V000585,SBBR,LKPR,2026-01-02T10:28:00.000Z,2026-01-02T22:14:00.000Z,360,false
V000586,LKPR,SBBR,2026-01-02T06:01:00.000Z,2026-01-02T17:47:00.000Z,340,false
V000587,SBBR,LKPR,2026-01-02T17:41:00.000Z,2026-01-03T05:27:00.000Z,300,false
V000588,LKPR,SBBR,2026-01-02T15:37:00.000Z,2026-01-03T03:23:00.000Z,360,false
V000589,SBBR,LKPR,2026-01-03T02:21:00.000Z,2026-01-03T14:07:00.000Z,320,false
V000590,LKPR,SBBR,2026-01-02T17:41:00.000Z,2026-01-03T05:27:00.000Z,320,false
V000591,SBBR,LDZA,2026-01-02T05:15:00.000Z,2026-01-02T16:49:00.000Z,300,false
V000592,LDZA,SBBR,2026-01-02T03:22:00.000Z,2026-01-02T14:56:00.000Z,360,false
V000593,SBBR,LDZA,2026-01-02T18:15:00.000Z,2026-01-03T05:49:00.000Z,360,false
V000594,LDZA,SBBR,2026-01-02T07:38:00.000Z,2026-01-02T19:12:00.000Z,340,false
V000595,SBBR,LDZA,2026-01-02T19:54:00.000Z,2026-01-03T07:28:00.000Z,320,false
V000596,LDZA,SBBR,2026-01-02T20:07:00.000Z,2026-01-03T07:41:00.000Z,340,false
V000597,SBBR,EKCH,2026-01-02T05:19:00.000Z,2026-01-02T17:19:00.000Z,360,false
V000598,EKCH,SBBR,2026-01-02T00:04:00.000Z,2026-01-02T12:04:00.000Z,320,false
V000599,SBBR,EKCH,2026-01-02T17:04:00.000Z,2026-01-03T05:04:00.000Z,320,false
V000600,EKCH,SBBR,2026-01-02T11:50:00.000Z,2026-01-02T23:50:00.000Z,360,false
V000601,SBBR,EKCH,2026-01-02T21:30:00.000Z,2026-01-03T09:30:00.000Z,320,false
V000602,EKCH,SBBR,2026-01-02T20:07:00.000Z,2026-01-03T08:07:00.000Z,320,false
V000603,SBBR,EHAM,2026-01-02T05:29:00.000Z,2026-01-02T16:42:00.000Z,360,false
V000604,EHAM,SBBR,2026-01-02T00:03:00.000Z,2026-01-02T11:16:00.000Z,320,false
V000605,SBBR,EHAM,2026-01-02T16:30:00.000Z,2026-01-03T03:43:00.000Z,320,false
V000606,EHAM,SBBR,2026-01-02T14:48:00.000Z,2026-01-03T02:01:00.000Z,340,false
V000607,SBBR,VIDP,2026-01-02T07:33:00.000Z,2026-01-03T01:17:00.000Z,320,false
V000608,VIDP,SBBR,2026-01-02T02:14:00.000Z,2026-01-02T19:58:00.000Z,300,false
V000609,SBBR,VIDP,2026-01-02T17:24:00.000Z,2026-01-03T11:08:00.000Z,360,false
V000610,VIDP,SBBR,2026-01-02T06:02:00.000Z,2026-01-02T23:46:00.000Z,320,false
V000611,SBBR,VIDP,2026-01-02T19:24:00.000Z,2026-01-03T13:08:00.000Z,360,false
V000612,VIDP,SBBR,2026-01-02T14:39:00.000Z,2026-01-03T08:23:00.000Z,360,false
V000613,SBBR,OSDI,2026-01-02T08:58:00.000Z,2026-01-02T21:53:00.000Z,360,false
V000614,OSDI,SBBR,2026-01-01T22:28:00.000Z,2026-01-02T11:23:00.000Z,320,false
V000615,SBBR,OSDI,2026-01-02T12:51:00.000Z,2026-01-03T01:46:00.000Z,300,false
V000616,OSDI,SBBR,2026-01-02T09:55:00.000Z,2026-01-02T22:50:00.000Z,320,false
V000617,SBBR,OSDI,2026-01-02T20:12:00.000Z,2026-01-03T09:07:00.000Z,360,false
V000618,OSDI,SBBR,2026-01-02T13:20:00.000Z,2026-01-03T02:15:00.000Z,360,false
V000619,SBBR,OAKB,2026-01-02T08:02:00.000Z,2026-01-03T00:47:00.000Z,320,false
V000620,OAKB,SBBR,2026-01-01T23:42:00.000Z,2026-01-02T16:27:00.000Z,360,false
V000621,SBBR,OAKB,2026-01-02T13:51:00.000Z,2026-01-03T06:36:00.000Z,300,false
V000622,OAKB,SBBR,2026-01-02T09:53:00.000Z,2026-01-03T02:38:00.000Z,300,false
V000623,SBBR,OAKB,2026-01-02T21:22:00.000Z,2026-01-03T14:07:00.000Z,340,false
V000624,OAKB,SBBR,2026-01-02T19:26:00.000Z,2026-01-03T12:11:00.000Z,320,false
V000625,SBBR,OOMS,2026-01-02T07:09:00.000Z,2026-01-02T22:26:00.000Z,360,false
V000626,OOMS,SBBR,2026-01-02T01:14:00.000Z,2026-01-02T16:31:00.000Z,340,false
V000627,SBBR,OOMS,2026-01-02T14:06:00.000Z,2026-01-03T05:23:00.000Z,300,false
V000628,OOMS,SBBR,2026-01-02T06:38:00.000Z,2026-01-02T21:55:00.000Z,360,false
V000629,SBBR,OOMS,2026-01-02T18:47:00.000Z,2026-01-03T10:04:00.000Z,320,false
V000630,OOMS,SBBR,2026-01-02T09:47:00.000Z,2026-01-03T01:04:00.000Z,340,false
V000631,SBBR,OOMS,2026-01-02T22:07:00.000Z,2026-01-03T13:24:00.000Z,360,false
V000632,OOMS,SBBR,2026-01-02T18:37:00.000Z,2026-01-03T09:54:00.000Z,360,false
V000633,SBBR,OYSN,2026-01-02T06:48:00.000Z,2026-01-02T20:03:00.000Z,300,false
V000634,OYSN,SBBR,2026-01-02T00:10:00.000Z,2026-01-02T13:25:00.000Z,340,false
V000635,SBBR,OYSN,2026-01-02T18:56:00.000Z,2026-01-03T08:11:00.000Z,340,false
V000636,OYSN,SBBR,2026-01-02T10:11:00.000Z,2026-01-02T23:26:00.000Z,360,false
V000637,SBBR,OYSN,2026-01-03T02:56:00.000Z,2026-01-03T16:11:00.000Z,300,false
V000638,OYSN,SBBR,2026-01-02T16:55:00.000Z,2026-01-03T06:10:00.000Z,360,false
V000639,SBBR,OPKC,2026-01-02T07:15:00.000Z,2026-01-02T23:42:00.000Z,300,false
V000640,OPKC,SBBR,2026-01-02T05:19:00.000Z,2026-01-02T21:46:00.000Z,360,false
V000641,SBBR,UBBB,2026-01-02T08:35:00.000Z,2026-01-02T23:15:00.000Z,300,false
V000642,UBBB,SBBR,2026-01-01T22:49:00.000Z,2026-01-02T13:29:00.000Z,340,false
V000643,SBBR,UBBB,2026-01-02T09:45:00.000Z,2026-01-03T00:25:00.000Z,320,false
V000644,UBBB,SBBR,2026-01-02T05:13:00.000Z,2026-01-02T19:53:00.000Z,340,false
V000645,SBBR,UBBB,2026-01-02T20:10:00.000Z,2026-01-03T10:50:00.000Z,360,false
V000646,UBBB,SBBR,2026-01-02T11:42:00.000Z,2026-01-03T02:22:00.000Z,360,false
V000647,SBBR,UBBB,2026-01-02T21:38:00.000Z,2026-01-03T12:18:00.000Z,360,false
V000648,UBBB,SBBR,2026-01-02T21:38:00.000Z,2026-01-03T12:18:00.000Z,300,false
V000649,SBBR,OJAI,2026-01-02T08:42:00.000Z,2026-01-02T21:26:00.000Z,340,false
V000650,OJAI,SBBR,2026-01-01T22:30:00.000Z,2026-01-02T11:14:00.000Z,300,false
V000651,SBBR,OJAI,2026-01-02T09:35:00.000Z,2026-01-02T22:19:00.000Z,320,false
V000652,OJAI,SBBR,2026-01-02T06:08:00.000Z,2026-01-02T18:52:00.000Z,340,false
V000653,SBBR,OJAI,2026-01-02T15:59:00.000Z,2026-01-03T04:43:00.000Z,340,false
V000654,OJAI,SBBR,2026-01-02T13:18:00.000Z,2026-01-03T02:02:00.000Z,320,false
V000655,SBBR,OJAI,2026-01-02T22:47:00.000Z,2026-01-03T11:31:00.000Z,300,false
V000656,OJAI,SBBR,2026-01-02T20:25:00.000Z,2026-01-03T09:09:00.000Z,320,false
V000657,SPIM,SLLP,2026-01-02T05:21:00.000Z,2026-01-02T06:41:00.000Z,300,false
V000658,SLLP,SPIM,2026-01-02T09:33:00.000Z,2026-01-02T10:53:00.000Z,340,false
V000659,SPIM,SLLP,2026-01-02T14:22:00.000Z,2026-01-02T15:42:00.000Z,320,false
V000660,SLLP,SPIM,2026-01-02T15:54:00.000Z,2026-01-02T17:14:00.000Z,300,false
V000661,SPIM,SLLP,2026-01-02T21:09:00.000Z,2026-01-02T22:29:00.000Z,300,false
V000662,SLLP,SPIM,2026-01-02T20:24:00.000Z,2026-01-02T21:44:00.000Z,320,false
V000663,SPIM,SLLP,2026-01-02T23:05:00.000Z,2026-01-03T00:25:00.000Z,320,false
V000664,SLLP,SPIM,2026-01-03T03:52:00.000Z,2026-01-03T05:12:00.000Z,340,false
V000665,SPIM,SCEL,2026-01-02T08:11:00.000Z,2026-01-02T11:15:00.000Z,340,false
V000666,SCEL,SPIM,2026-01-02T08:58:00.000Z,2026-01-02T12:02:00.000Z,360,false
V000667,SPIM,SCEL,2026-01-02T13:59:00.000Z,2026-01-02T17:03:00.000Z,340,false
V000668,SCEL,SPIM,2026-01-02T16:23:00.000Z,2026-01-02T19:27:00.000Z,300,false
V000669,SPIM,SCEL,2026-01-03T00:34:00.000Z,2026-01-03T03:38:00.000Z,300,false
V000670,SCEL,SPIM,2026-01-02T21:42:00.000Z,2026-01-03T00:46:00.000Z,360,false
V000671,SPIM,SABE,2026-01-02T10:20:00.000Z,2026-01-02T14:14:00.000Z,300,false
V000672,SABE,SPIM,2026-01-02T06:16:00.000Z,2026-01-02T10:10:00.000Z,340,false
V000673,SPIM,SABE,2026-01-02T11:35:00.000Z,2026-01-02T15:29:00.000Z,360,false
V000674,SABE,SPIM,2026-01-02T13:38:00.000Z,2026-01-02T17:32:00.000Z,360,false
V000675,SPIM,SABE,2026-01-02T20:03:00.000Z,2026-01-02T23:57:00.000Z,340,false
V000676,SABE,SPIM,2026-01-02T15:02:00.000Z,2026-01-02T18:56:00.000Z,300,false
V000677,SPIM,SABE,2026-01-02T23:02:00.000Z,2026-01-03T02:56:00.000Z,340,false
V000678,SABE,SPIM,2026-01-03T00:41:00.000Z,2026-01-03T04:35:00.000Z,300,false
V000679,SPIM,SGAS,2026-01-02T06:32:00.000Z,2026-01-02T09:44:00.000Z,320,false
V000680,SGAS,SPIM,2026-01-02T10:47:00.000Z,2026-01-02T13:59:00.000Z,320,false
V000681,SPIM,SGAS,2026-01-03T02:32:00.000Z,2026-01-03T05:44:00.000Z,360,false
V000682,SGAS,SPIM,2026-01-03T03:01:00.000Z,2026-01-03T06:13:00.000Z,340,false
V000683,SPIM,SUAA,2026-01-02T12:09:00.000Z,2026-01-02T16:13:00.000Z,300,false
V000684,SUAA,SPIM,2026-01-02T03:30:00.000Z,2026-01-02T07:34:00.000Z,300,false
V000685,SPIM,SUAA,2026-01-02T20:55:00.000Z,2026-01-03T00:59:00.000Z,340,false
V000686,SUAA,SPIM,2026-01-02T15:41:00.000Z,2026-01-02T19:45:00.000Z,340,false
V000687,SPIM,SUAA,2026-01-02T22:51:00.000Z,2026-01-03T02:55:00.000Z,360,false
V000688,SUAA,SPIM,2026-01-02T23:39:00.000Z,2026-01-03T03:43:00.000Z,300,false
V000689,SPIM,LATI,2026-01-02T10:13:00.000Z,2026-01-03T00:32:00.000Z,320,false
V000690,LATI,SPIM,2026-01-02T04:54:00.000Z,2026-01-02T19:13:00.000Z,340,false
V000691,SPIM,LATI,2026-01-02T16:01:00.000Z,2026-01-03T06:20:00.000Z,360,false
V000692,LATI,SPIM,2026-01-02T08:42:00.000Z,2026-01-02T23:01:00.000Z,320,false
V000693,SPIM,LATI,2026-01-03T04:03:00.000Z,2026-01-03T18:22:00.000Z,300,false
V000694,LATI,SPIM,2026-01-02T16:37:00.000Z,2026-01-03T06:56:00.000Z,360,false
V000695,SPIM,EDDI,2026-01-02T10:21:00.000Z,2026-01-03T00:15:00.000Z,340,false
V000696,EDDI,SPIM,2026-01-02T01:05:00.000Z,2026-01-02T14:59:00.000Z,360,false
V000697,SPIM,EDDI,2026-01-02T16:41:00.000Z,2026-01-03T06:35:00.000Z,320,false
V000698,EDDI,SPIM,2026-01-02T08:49:00.000Z,2026-01-02T22:43:00.000Z,360,false
V000699,SPIM,EDDI,2026-01-02T17:58:00.000Z,2026-01-03T07:52:00.000Z,320,false
V000700,EDDI,SPIM,2026-01-02T13:55:00.000Z,2026-01-03T03:49:00.000Z,360,false
V000701,SPIM,EDDI,2026-01-03T00:27:00.000Z,2026-01-03T14:21:00.000Z,360,false
V000702,EDDI,SPIM,2026-01-02T19:24:00.000Z,2026-01-03T09:18:00.000Z,340,false
V000703,SPIM,LOWW,2026-01-02T07:01:00.000Z,2026-01-02T21:07:00.000Z,300,false
V000704,LOWW,SPIM,2026-01-02T20:25:00.000Z,2026-01-03T10:31:00.000Z,300,false
V000705,SPIM,EBCI,2026-01-02T05:58:00.000Z,2026-01-02T19:02:00.000Z,360,false
V000706,EBCI,SPIM,2026-01-02T02:38:00.000Z,2026-01-02T15:42:00.000Z,320,false
V000707,SPIM,EBCI,2026-01-02T13:07:00.000Z,2026-01-03T02:11:00.000Z,320,false
V000708,EBCI,SPIM,2026-01-02T05:36:00.000Z,2026-01-02T18:40:00.000Z,340,false
V000709,SPIM,EBCI,2026-01-02T19:50:00.000Z,2026-01-03T08:54:00.000Z,360,false
V000710,EBCI,SPIM,2026-01-02T10:56:00.000Z,2026-01-03T00:00:00.000Z,320,false
V000711,SPIM,EBCI,2026-01-03T02:20:00.000Z,2026-01-03T15:24:00.000Z,320,false
V000712,EBCI,SPIM,2026-01-02T20:18:00.000Z,2026-01-03T09:22:00.000Z,360,false
V000713,SPIM,UMMS,2026-01-02T05:01:00.000Z,2026-01-02T20:12:00.000Z,320,false
V000714,UMMS,SPIM,2026-01-02T01:39:00.000Z,2026-01-02T16:50:00.000Z,300,false
V000715,SPIM,UMMS,2026-01-02T14:12:00.000Z,2026-01-03T05:23:00.000Z,320,false
V000716,UMMS,SPIM,2026-01-02T08:33:00.000Z,2026-01-02T23:44:00.000Z,360,false
V000717,SPIM,UMMS,2026-01-02T17:11:00.000Z,2026-01-03T08:22:00.000Z,360,false
V000718,UMMS,SPIM,2026-01-02T11:08:00.000Z,2026-01-03T02:19:00.000Z,340,false
V000719,SPIM,UMMS,2026-01-03T04:08:00.000Z,2026-01-03T19:19:00.000Z,320,false
V000720,UMMS,SPIM,2026-01-02T18:07:00.000Z,2026-01-03T09:18:00.000Z,360,false
V000721,SPIM,LBSF,2026-01-02T10:38:00.000Z,2026-01-03T01:22:00.000Z,360,false
V000722,LBSF,SPIM,2026-01-02T00:56:00.000Z,2026-01-02T15:40:00.000Z,360,false
V000723,SPIM,LBSF,2026-01-02T14:51:00.000Z,2026-01-03T05:35:00.000Z,340,false
V000724,LBSF,SPIM,2026-01-02T07:01:00.000Z,2026-01-02T21:45:00.000Z,320,false
V000725,SPIM,LBSF,2026-01-02T20:16:00.000Z,2026-01-03T11:00:00.000Z,340,false
V000726,LBSF,SPIM,2026-01-02T14:24:00.000Z,2026-01-03T05:08:00.000Z,320,false
V000727,SPIM,LBSF,2026-01-03T01:23:00.000Z,2026-01-03T16:07:00.000Z,360,false
V000728,LBSF,SPIM,2026-01-02T15:12:00.000Z,2026-01-03T05:56:00.000Z,300,false
V000729,SPIM,LKPR,2026-01-02T09:31:00.000Z,2026-01-02T23:28:00.000Z,360,false
V000730,LKPR,SPIM,2026-01-02T00:10:00.000Z,2026-01-02T14:07:00.000Z,360,false
V000731,SPIM,LKPR,2026-01-02T13:39:00.000Z,2026-01-03T03:36:00.000Z,340,false
V000732,LKPR,SPIM,2026-01-02T08:55:00.000Z,2026-01-02T22:52:00.000Z,340,false
V000733,SPIM,LKPR,2026-01-02T20:18:00.000Z,2026-01-03T10:15:00.000Z,360,false
V000734,LKPR,SPIM,2026-01-02T15:09:00.000Z,2026-01-03T05:06:00.000Z,300,false
V000735,SPIM,LKPR,2026-01-03T01:04:00.000Z,2026-01-03T15:01:00.000Z,320,false
V000736,LKPR,SPIM,2026-01-02T21:26:00.000Z,2026-01-03T11:23:00.000Z,360,false
V000737,SPIM,LDZA,2026-01-02T05:00:00.000Z,2026-01-02T19:04:00.000Z,360,false
V000738,LDZA,SPIM,2026-01-01T22:36:00.000Z,2026-01-02T12:40:00.000Z,320,false
V000739,SPIM,LDZA,2026-01-02T15:11:00.000Z,2026-01-03T05:15:00.000Z,360,false
V000740,LDZA,SPIM,2026-01-02T05:27:00.000Z,2026-01-02T19:31:00.000Z,320,false
V000741,SPIM,LDZA,2026-01-02T19:50:00.000Z,2026-01-03T09:54:00.000Z,320,false
V000742,LDZA,SPIM,2026-01-02T12:15:00.000Z,2026-01-03T02:19:00.000Z,300,false
V000743,SPIM,LDZA,2026-01-03T01:37:00.000Z,2026-01-03T15:41:00.000Z,320,false
V000744,LDZA,SPIM,2026-01-02T20:24:00.000Z,2026-01-03T10:28:00.000Z,300,false
V000745,SPIM,EKCH,2026-01-02T10:28:00.000Z,2026-01-03T00:21:00.000Z,340,false
V000746,EKCH,SPIM,2026-01-02T04:09:00.000Z,2026-01-02T18:02:00.000Z,360,false
V000747,SPIM,EKCH,2026-01-02T18:25:00.000Z,2026-01-03T08:18:00.000Z,340,false
V000748,EKCH,SPIM,2026-01-02T10:05:00.000Z,2026-01-02T23:58:00.000Z,320,false
V000749,SPIM,EKCH,2026-01-03T04:00:00.000Z,2026-01-03T17:53:00.000Z,340,false
V000750,EKCH,SPIM,2026-01-02T21:53:00.000Z,2026-01-03T11:46:00.000Z,360,false
V000751,SPIM,EHAM,2026-01-02T09:14:00.000Z,2026-01-02T22:23:00.000Z,340,false
V000752,EHAM,SPIM,2026-01-01T23:37:00.000Z,2026-01-02T12:46:00.000Z,340,false
V000753,SPIM,EHAM,2026-01-02T11:16:00.000Z,2026-01-03T00:25:00.000Z,360,false
V000754,EHAM,SPIM,2026-01-02T07:40:00.000Z,2026-01-02T20:49:00.000Z,320,false
V000755,SPIM,EHAM,2026-01-02T19:25:00.000Z,2026-01-03T08:34:00.000Z,300,false
V000756,EHAM,SPIM,2026-01-02T14:13:00.000Z,2026-01-03T03:22:00.000Z,320,false
V000757,SPIM,EHAM,2026-01-02T23:05:00.000Z,2026-01-03T12:14:00.000Z,300,false
V000758,EHAM,SPIM,2026-01-02T20:37:00.000Z,2026-01-03T09:46:00.000Z,360,false
V000759,SPIM,VIDP,2026-01-02T07:23:00.000Z,2026-01-03T04:29:00.000Z,360,false
V000760,VIDP,SPIM,2026-01-02T02:55:00.000Z,2026-01-03T00:01:00.000Z,340,false
V000761,SPIM,VIDP,2026-01-02T18:05:00.000Z,2026-01-03T15:11:00.000Z,320,false
V000762,VIDP,SPIM,2026-01-02T05:39:00.000Z,2026-01-03T02:45:00.000Z,300,false
V000763,SPIM,VIDP,2026-01-03T00:22:00.000Z,2026-01-02T21:28:00.000Z,300,false
V000764,VIDP,SPIM,2026-01-02T11:33:00.000Z,2026-01-03T08:39:00.000Z,340,false
V000765,SPIM,OSDI,2026-01-02T07:28:00.000Z,2026-01-02T23:39:00.000Z,320,false
V000766,OSDI,SPIM,2026-01-02T00:57:00.000Z,2026-01-02T17:08:00.000Z,340,false
V000767,SPIM,OSDI,2026-01-02T14:18:00.000Z,2026-01-03T06:29:00.000Z,300,false
V000768,OSDI,SPIM,2026-01-02T07:09:00.000Z,2026-01-02T23:20:00.000Z,340,false
V000769,SPIM,OSDI,2026-01-02T22:18:00.000Z,2026-01-03T14:29:00.000Z,360,false
V000770,OSDI,SPIM,2026-01-02T10:46:00.000Z,2026-01-03T02:57:00.000Z,320,false
V000771,SPIM,OSDI,2026-01-03T04:04:00.000Z,2026-01-03T20:15:00.000Z,320,false
V000772,OSDI,SPIM,2026-01-02T16:40:00.000Z,2026-01-03T08:51:00.000Z,340,false
V000773,SPIM,OAKB,2026-01-02T10:01:00.000Z,2026-01-03T05:53:00.000Z,360,false
V000774,OAKB,SPIM,2026-01-01T23:28:00.000Z,2026-01-02T19:20:00.000Z,340,false
V000775,SPIM,OAKB,2026-01-02T11:04:00.000Z,2026-01-03T06:56:00.000Z,320,false
V000776,OAKB,SPIM,2026-01-02T06:13:00.000Z,2026-01-03T02:05:00.000Z,340,false
V000777,SPIM,OAKB,2026-01-02T19:22:00.000Z,2026-01-03T15:14:00.000Z,320,false
V000778,OAKB,SPIM,2026-01-02T09:44:00.000Z,2026-01-03T05:36:00.000Z,340,false
V000779,SPIM,OAKB,2026-01-03T04:25:00.000Z,2026-01-03T00:17:00.000Z,320,false
V000780,OAKB,SPIM,2026-01-02T14:44:00.000Z,2026-01-03T10:36:00.000Z,320,false
V000781,SPIM,OOMS,2026-01-02T14:07:00.000Z,2026-01-03T09:07:00.000Z,300,false
V000782,OOMS,SPIM,2026-01-02T07:57:00.000Z,2026-01-03T02:57:00.000Z,300,false
V000783,SPIM,OOMS,2026-01-02T23:54:00.000Z,2026-01-03T18:54:00.000Z,320,false
V000784,OOMS,SPIM,2026-01-02T15:21:00.000Z,2026-01-03T10:21:00.000Z,340,false
V000785,SPIM,OYSN,2026-01-02T09:58:00.000Z,2026-01-03T03:08:00.000Z,320,false
V000786,OYSN,SPIM,2026-01-01T21:38:00.000Z,2026-01-02T14:48:00.000Z,300,false
V000787,SPIM,OYSN,2026-01-02T12:16:00.000Z,2026-01-03T05:26:00.000Z,300,false
V000788,OYSN,SPIM,2026-01-02T05:29:00.000Z,2026-01-02T22:39:00.000Z,360,false
V000789,SPIM,OYSN,2026-01-02T18:28:00.000Z,2026-01-03T11:38:00.000Z,340,false
V000790,OYSN,SPIM,2026-01-02T09:42:00.000Z,2026-01-03T02:52:00.000Z,300,false
V000791,SPIM,OYSN,2026-01-03T00:38:00.000Z,2026-01-03T17:48:00.000Z,360,false
V000792,OYSN,SPIM,2026-01-02T19:44:00.000Z,2026-01-03T12:54:00.000Z,300,false
V000793,SPIM,OPKC,2026-01-02T05:58:00.000Z,2026-01-03T02:05:00.000Z,360,false
V000794,OPKC,SPIM,2026-01-02T01:47:00.000Z,2026-01-02T21:54:00.000Z,340,false
V000795,SPIM,UBBB,2026-01-02T08:34:00.000Z,2026-01-03T02:09:00.000Z,340,false
V000796,UBBB,SPIM,2026-01-02T02:01:00.000Z,2026-01-02T19:36:00.000Z,340,false
V000797,SPIM,UBBB,2026-01-02T15:01:00.000Z,2026-01-03T08:36:00.000Z,300,false
V000798,UBBB,SPIM,2026-01-02T06:26:00.000Z,2026-01-03T00:01:00.000Z,320,false
V000799,SPIM,UBBB,2026-01-02T22:08:00.000Z,2026-01-03T15:43:00.000Z,340,false
V000800,UBBB,SPIM,2026-01-02T15:53:00.000Z,2026-01-03T09:28:00.000Z,300,false
V000801,SPIM,OJAI,2026-01-02T07:02:00.000Z,2026-01-02T23:06:00.000Z,300,false
V000802,OJAI,SPIM,2026-01-02T01:21:00.000Z,2026-01-02T17:25:00.000Z,360,false
V000803,SPIM,OJAI,2026-01-02T13:47:00.000Z,2026-01-03T05:51:00.000Z,360,false
V000804,OJAI,SPIM,2026-01-02T08:43:00.000Z,2026-01-03T00:47:00.000Z,340,false
V000805,SPIM,OJAI,2026-01-02T20:56:00.000Z,2026-01-03T13:00:00.000Z,360,false
V000806,OJAI,SPIM,2026-01-02T10:52:00.000Z,2026-01-03T02:56:00.000Z,360,false
V000807,SPIM,OJAI,2026-01-03T02:18:00.000Z,2026-01-03T18:22:00.000Z,360,false
V000808,OJAI,SPIM,2026-01-02T17:24:00.000Z,2026-01-03T09:28:00.000Z,360,false
V000809,SLLP,SCEL,2026-01-02T05:01:00.000Z,2026-01-02T07:24:00.000Z,320,false
V000810,SCEL,SLLP,2026-01-02T08:58:00.000Z,2026-01-02T11:21:00.000Z,340,false
V000811,SLLP,SCEL,2026-01-02T13:52:00.000Z,2026-01-02T16:15:00.000Z,320,false
V000812,SCEL,SLLP,2026-01-02T14:00:00.000Z,2026-01-02T16:23:00.000Z,300,false
V000813,SLLP,SCEL,2026-01-02T20:36:00.000Z,2026-01-02T22:59:00.000Z,340,false
V000814,SCEL,SLLP,2026-01-02T16:53:00.000Z,2026-01-02T19:16:00.000Z,360,false
V000815,SLLP,SCEL,2026-01-03T03:48:00.000Z,2026-01-03T06:11:00.000Z,320,false
V000816,SCEL,SLLP,2026-01-03T01:21:00.000Z,2026-01-03T03:44:00.000Z,360,false
V000817,SLLP,SABE,2026-01-02T07:52:00.000Z,2026-01-02T10:40:00.000Z,300,false
V000818,SABE,SLLP,2026-01-02T06:13:00.000Z,2026-01-02T09:01:00.000Z,340,false
V000819,SLLP,SABE,2026-01-02T19:32:00.000Z,2026-01-02T22:20:00.000Z,320,false
V000820,SABE,SLLP,2026-01-02T18:54:00.000Z,2026-01-02T21:42:00.000Z,300,false
V000821,SLLP,SABE,2026-01-03T03:42:00.000Z,2026-01-03T06:30:00.000Z,340,false
V000822,SABE,SLLP,2026-01-02T20:47:00.000Z,2026-01-02T23:35:00.000Z,300,false
V000823,SLLP,SGAS,2026-01-02T09:14:00.000Z,2026-01-02T11:08:00.000Z,360,false
V000824,SGAS,SLLP,2026-01-02T05:54:00.000Z,2026-01-02T07:48:00.000Z,320,false
V000825,SLLP,SGAS,2026-01-02T13:46:00.000Z,2026-01-02T15:40:00.000Z,300,false
V000826,SGAS,SLLP,2026-01-02T11:56:00.000Z,2026-01-02T13:50:00.000Z,340,false
V000827,SLLP,SGAS,2026-01-02T21:26:00.000Z,2026-01-02T23:20:00.000Z,300,false
V000828,SGAS,SLLP,2026-01-02T18:23:00.000Z,2026-01-02T20:17:00.000Z,320,false
V000829,SLLP,SGAS,2026-01-03T01:31:00.000Z,2026-01-03T03:25:00.000Z,360,false
V000830,SGAS,SLLP,2026-01-03T03:06:00.000Z,2026-01-03T05:00:00.000Z,320,false
V000831,SLLP,SUAA,2026-01-02T09:25:00.000Z,2026-01-02T12:21:00.000Z,300,false
V000832,SUAA,SLLP,2026-01-02T07:08:00.000Z,2026-01-02T10:04:00.000Z,340,false
V000833,SLLP,SUAA,2026-01-02T14:13:00.000Z,2026-01-02T17:09:00.000Z,360,false
V000834,SUAA,SLLP,2026-01-02T11:39:00.000Z,2026-01-02T14:35:00.000Z,340,false
V000835,SLLP,SUAA,2026-01-02T23:36:00.000Z,2026-01-03T02:32:00.000Z,300,false
V000836,SUAA,SLLP,2026-01-02T21:14:00.000Z,2026-01-03T00:10:00.000Z,320,false
V000837,SLLP,LATI,2026-01-02T09:36:00.000Z,2026-01-02T23:20:00.000Z,360,false
V000838,LATI,SLLP,2026-01-02T00:42:00.000Z,2026-01-02T14:26:00.000Z,360,false
V000839,SLLP,EDDI,2026-01-02T09:53:00.000Z,2026-01-02T23:28:00.000Z,360,false
V000840,EDDI,SLLP,2026-01-02T02:57:00.000Z,2026-01-02T16:32:00.000Z,300,false
V000841,SLLP,EDDI,2026-01-02T10:06:00.000Z,2026-01-02T23:41:00.000Z,300,false
V000842,EDDI,SLLP,2026-01-02T09:14:00.000Z,2026-01-02T22:49:00.000Z,360,false
V000843,SLLP,EDDI,2026-01-02T18:24:00.000Z,2026-01-03T07:59:00.000Z,320,false
V000844,EDDI,SLLP,2026-01-02T12:26:00.000Z,2026-01-03T02:01:00.000Z,300,false
V000845,SLLP,EDDI,2026-01-03T01:40:00.000Z,2026-01-03T15:15:00.000Z,360,false
V000846,EDDI,SLLP,2026-01-02T18:40:00.000Z,2026-01-03T08:15:00.000Z,300,false
V000847,SLLP,LOWW,2026-01-02T09:57:00.000Z,2026-01-02T23:38:00.000Z,320,false
V000848,LOWW,SLLP,2026-01-02T01:01:00.000Z,2026-01-02T14:42:00.000Z,300,false
V000849,SLLP,LOWW,2026-01-02T14:24:00.000Z,2026-01-03T04:05:00.000Z,300,false
V000850,LOWW,SLLP,2026-01-02T09:03:00.000Z,2026-01-02T22:44:00.000Z,340,false
V000851,SLLP,LOWW,2026-01-02T18:28:00.000Z,2026-01-03T08:09:00.000Z,360,false
V000852,LOWW,SLLP,2026-01-02T11:50:00.000Z,2026-01-03T01:31:00.000Z,300,false
V000853,SLLP,LOWW,2026-01-02T22:26:00.000Z,2026-01-03T12:07:00.000Z,340,false
V000854,LOWW,SLLP,2026-01-02T17:01:00.000Z,2026-01-03T06:42:00.000Z,360,false
V000855,SLLP,EBCI,2026-01-02T09:52:00.000Z,2026-01-02T22:37:00.000Z,360,false
V000856,EBCI,SLLP,2026-01-02T01:41:00.000Z,2026-01-02T14:26:00.000Z,320,false
V000857,SLLP,EBCI,2026-01-02T10:58:00.000Z,2026-01-02T23:43:00.000Z,300,false
V000858,EBCI,SLLP,2026-01-02T09:11:00.000Z,2026-01-02T21:56:00.000Z,360,false
V000859,SLLP,EBCI,2026-01-02T19:37:00.000Z,2026-01-03T08:22:00.000Z,320,false
V000860,EBCI,SLLP,2026-01-02T10:35:00.000Z,2026-01-02T23:20:00.000Z,300,false
V000861,SLLP,EBCI,2026-01-03T01:08:00.000Z,2026-01-03T13:53:00.000Z,320,false
V000862,EBCI,SLLP,2026-01-02T17:09:00.000Z,2026-01-03T05:54:00.000Z,320,false
V000863,SLLP,UMMS,2026-01-02T05:36:00.000Z,2026-01-02T20:28:00.000Z,320,false
V000864,UMMS,SLLP,2026-01-02T08:47:00.000Z,2026-01-02T23:39:00.000Z,340,false
V000865,SLLP,LBSF,2026-01-02T09:01:00.000Z,2026-01-02T23:11:00.000Z,340,false
V000866,LBSF,SLLP,2026-01-02T04:30:00.000Z,2026-01-02T18:40:00.000Z,360,false
V000867,SLLP,LBSF,2026-01-02T15:57:00.000Z,2026-01-03T06:07:00.000Z,340,false
V000868,LBSF,SLLP,2026-01-02T10:04:00.000Z,2026-01-03T00:14:00.000Z,360,false
V000869,SLLP,LBSF,2026-01-03T03:15:00.000Z,2026-01-03T17:25:00.000Z,320,false
V000870,LBSF,SLLP,2026-01-02T13:11:00.000Z,2026-01-03T03:21:00.000Z,320,false
V000871,SLLP,LKPR,2026-01-02T05:00:00.000Z,2026-01-02T18:35:00.000Z,360,false
V000872,LKPR,SLLP,2026-01-01T22:30:00.000Z,2026-01-02T12:05:00.000Z,300,false
V000873,SLLP,LKPR,2026-01-02T12:57:00.000Z,2026-01-03T02:32:00.000Z,300,false
V000874,LKPR,SLLP,2026-01-02T04:26:00.000Z,2026-01-02T18:01:00.000Z,320,false
V000875,SLLP,LKPR,2026-01-02T21:44:00.000Z,2026-01-03T11:19:00.000Z,340,false
V000876,LKPR,SLLP,2026-01-02T10:30:00.000Z,2026-01-03T00:05:00.000Z,360,false
V000877,SLLP,LKPR,2026-01-02T23:47:00.000Z,2026-01-03T13:22:00.000Z,360,false
V000878,LKPR,SLLP,2026-01-02T21:39:00.000Z,2026-01-03T11:14:00.000Z,300,false
V000879,SLLP,LDZA,2026-01-02T16:53:00.000Z,2026-01-03T06:28:00.000Z,320,false
V000880,LDZA,SLLP,2026-01-02T08:10:00.000Z,2026-01-02T21:45:00.000Z,340,false
V000881,SLLP,EKCH,2026-01-02T08:32:00.000Z,2026-01-02T22:10:00.000Z,340,false
V000882,EKCH,SLLP,2026-01-01T22:54:00.000Z,2026-01-02T12:32:00.000Z,320,false
V000883,SLLP,EKCH,2026-01-02T12:29:00.000Z,2026-01-03T02:07:00.000Z,360,false
V000884,EKCH,SLLP,2026-01-02T05:48:00.000Z,2026-01-02T19:26:00.000Z,320,false
V000885,SLLP,EKCH,2026-01-02T19:08:00.000Z,2026-01-03T08:46:00.000Z,320,false
V000886,EKCH,SLLP,2026-01-02T14:33:00.000Z,2026-01-03T04:11:00.000Z,340,false
V000887,SLLP,EKCH,2026-01-03T01:41:00.000Z,2026-01-03T15:19:00.000Z,340,false
V000888,EKCH,SLLP,2026-01-02T16:48:00.000Z,2026-01-03T06:26:00.000Z,340,false
V000889,SLLP,EHAM,2026-01-02T18:39:00.000Z,2026-01-03T07:31:00.000Z,340,false
V000890,EHAM,SLLP,2026-01-01T23:27:00.000Z,2026-01-02T12:19:00.000Z,320,false
V000891,SLLP,VIDP,2026-01-02T06:55:00.000Z,2026-01-03T03:16:00.000Z,320,false
V000892,VIDP,SLLP,2026-01-01T19:33:00.000Z,2026-01-02T15:54:00.000Z,320,false
V000893,SLLP,VIDP,2026-01-02T11:34:00.000Z,2026-01-03T07:55:00.000Z,340,false
V000894,VIDP,SLLP,2026-01-02T02:15:00.000Z,2026-01-02T22:36:00.000Z,320,false
V000895,SLLP,VIDP,2026-01-02T21:33:00.000Z,2026-01-03T17:54:00.000Z,300,false
V000896,VIDP,SLLP,2026-01-02T09:31:00.000Z,2026-01-03T05:52:00.000Z,340,false
V000897,SLLP,VIDP,2026-01-02T23:14:00.000Z,2026-01-02T19:35:00.000Z,360,false
V000898,VIDP,SLLP,2026-01-02T17:37:00.000Z,2026-01-03T13:58:00.000Z,360,false
V000899,SLLP,OSDI,2026-01-02T12:52:00.000Z,2026-01-03T04:17:00.000Z,320,false
V000900,OSDI,SLLP,2026-01-02T02:50:00.000Z,2026-01-02T18:15:00.000Z,300,false
V000901,SLLP,OSDI,2026-01-02T18:49:00.000Z,2026-01-03T10:14:00.000Z,340,false
V000902,OSDI,SLLP,2026-01-02T09:49:00.000Z,2026-01-03T01:14:00.000Z,300,false
V000903,SLLP,OAKB,2026-01-02T11:55:00.000Z,2026-01-03T07:09:00.000Z,340,false
V000904,OAKB,SLLP,2026-01-01T21:23:00.000Z,2026-01-02T16:37:00.000Z,360,false
V000905,SLLP,OAKB,2026-01-02T17:31:00.000Z,2026-01-03T12:45:00.000Z,300,false
V000906,OAKB,SLLP,2026-01-02T07:54:00.000Z,2026-01-03T03:08:00.000Z,320,false
V000907,SLLP,OAKB,2026-01-03T01:21:00.000Z,2026-01-02T20:35:00.000Z,360,false
V000908,OAKB,SLLP,2026-01-02T13:08:00.000Z,2026-01-03T08:22:00.000Z,300,false
V000909,SLLP,OOMS,2026-01-02T09:30:00.000Z,2026-01-03T03:31:00.000Z,360,false
V000910,OOMS,SLLP,2026-01-01T20:15:00.000Z,2026-01-02T14:16:00.000Z,300,false
V000911,SLLP,OOMS,2026-01-02T10:40:00.000Z,2026-01-03T04:41:00.000Z,300,false
V000912,OOMS,SLLP,2026-01-02T02:34:00.000Z,2026-01-02T20:35:00.000Z,360,false
V000913,SLLP,OOMS,2026-01-02T17:16:00.000Z,2026-01-03T11:17:00.000Z,300,false
V000914,OOMS,SLLP,2026-01-02T12:02:00.000Z,2026-01-03T06:03:00.000Z,360,false
V000915,SLLP,OOMS,2026-01-03T03:44:00.000Z,2026-01-02T21:45:00.000Z,300,false
V000916,OOMS,SLLP,2026-01-02T15:28:00.000Z,2026-01-03T09:29:00.000Z,340,false
V000917,SLLP,OYSN,2026-01-02T06:41:00.000Z,2026-01-02T22:44:00.000Z,300,false
V000918,OYSN,SLLP,2026-01-02T00:39:00.000Z,2026-01-02T16:42:00.000Z,300,false
V000919,SLLP,OYSN,2026-01-02T13:15:00.000Z,2026-01-03T05:18:00.000Z,340,false
V000920,OYSN,SLLP,2026-01-02T05:30:00.000Z,2026-01-02T21:33:00.000Z,340,false
V000921,SLLP,OYSN,2026-01-02T18:01:00.000Z,2026-01-03T10:04:00.000Z,320,false
V000922,OYSN,SLLP,2026-01-02T12:43:00.000Z,2026-01-03T04:46:00.000Z,300,false
V000923,SLLP,OYSN,2026-01-03T01:58:00.000Z,2026-01-03T18:01:00.000Z,300,false
V000924,OYSN,SLLP,2026-01-02T20:43:00.000Z,2026-01-03T12:46:00.000Z,320,false
V000925,SLLP,OPKC,2026-01-02T04:33:00.000Z,2026-01-02T23:44:00.000Z,340,false
V000926,OPKC,SLLP,2026-01-01T20:29:00.000Z,2026-01-02T15:40:00.000Z,360,false
V000927,SLLP,OPKC,2026-01-02T11:57:00.000Z,2026-01-03T07:08:00.000Z,300,false
V000928,OPKC,SLLP,2026-01-02T01:15:00.000Z,2026-01-02T20:26:00.000Z,360,false
V000929,SLLP,OPKC,2026-01-02T20:48:00.000Z,2026-01-03T15:59:00.000Z,300,false
V000930,OPKC,SLLP,2026-01-02T12:53:00.000Z,2026-01-03T08:04:00.000Z,360,false
V000931,SLLP,OPKC,2026-01-03T01:08:00.000Z,2026-01-02T20:19:00.000Z,320,false
V000932,OPKC,SLLP,2026-01-02T13:11:00.000Z,2026-01-03T08:22:00.000Z,320,false
V000933,SLLP,UBBB,2026-01-02T08:30:00.000Z,2026-01-03T01:30:00.000Z,320,false
V000934,UBBB,SLLP,2026-01-01T22:16:00.000Z,2026-01-02T15:16:00.000Z,320,false
V000935,SLLP,UBBB,2026-01-02T15:09:00.000Z,2026-01-03T08:09:00.000Z,320,false
V000936,UBBB,SLLP,2026-01-02T07:33:00.000Z,2026-01-03T00:33:00.000Z,300,false
V000937,SLLP,UBBB,2026-01-02T16:45:00.000Z,2026-01-03T09:45:00.000Z,320,false
V000938,UBBB,SLLP,2026-01-02T10:53:00.000Z,2026-01-03T03:53:00.000Z,300,false
V000939,SLLP,UBBB,2026-01-02T22:54:00.000Z,2026-01-03T15:54:00.000Z,300,false
V000940,UBBB,SLLP,2026-01-02T17:25:00.000Z,2026-01-03T10:25:00.000Z,320,false
V000941,SLLP,OJAI,2026-01-02T04:30:00.000Z,2026-01-02T19:45:00.000Z,320,false
V000942,OJAI,SLLP,2026-01-01T21:42:00.000Z,2026-01-02T12:57:00.000Z,340,false
V000943,SLLP,OJAI,2026-01-02T15:40:00.000Z,2026-01-03T06:55:00.000Z,320,false
V000944,OJAI,SLLP,2026-01-02T12:07:00.000Z,2026-01-03T03:22:00.000Z,360,false
V000945,SLLP,OJAI,2026-01-02T20:33:00.000Z,2026-01-03T11:48:00.000Z,360,false
V000946,OJAI,SLLP,2026-01-02T16:11:00.000Z,2026-01-03T07:26:00.000Z,340,false
V000947,SCEL,SABE,2026-01-02T10:14:00.000Z,2026-01-02T11:38:00.000Z,340,false
V000948,SABE,SCEL,2026-01-02T07:53:00.000Z,2026-01-02T09:17:00.000Z,320,false
V000949,SCEL,SABE,2026-01-02T17:58:00.000Z,2026-01-02T19:22:00.000Z,360,false
V000950,SABE,SCEL,2026-01-02T17:26:00.000Z,2026-01-02T18:50:00.000Z,360,false
V000951,SCEL,SGAS,2026-01-02T08:19:00.000Z,2026-01-02T10:15:00.000Z,320,false
V000952,SGAS,SCEL,2026-01-02T04:04:00.000Z,2026-01-02T06:00:00.000Z,360,false
V000953,SCEL,SGAS,2026-01-02T09:14:00.000Z,2026-01-02T11:10:00.000Z,360,false
V000954,SGAS,SCEL,2026-01-02T10:47:00.000Z,2026-01-02T12:43:00.000Z,320,false
V000955,SCEL,SGAS,2026-01-02T19:46:00.000Z,2026-01-02T21:42:00.000Z,320,false
V000956,SGAS,SCEL,2026-01-02T21:20:00.000Z,2026-01-02T23:16:00.000Z,340,false
V000957,SCEL,SGAS,2026-01-03T00:38:00.000Z,2026-01-03T02:34:00.000Z,360,false
V000958,SGAS,SCEL,2026-01-02T22:37:00.000Z,2026-01-03T00:33:00.000Z,340,false
V000959,SCEL,SUAA,2026-01-02T22:05:00.000Z,2026-01-02T23:43:00.000Z,300,false
V000960,SUAA,SCEL,2026-01-03T02:55:00.000Z,2026-01-03T04:33:00.000Z,360,false
V000961,SCEL,LATI,2026-01-02T09:48:00.000Z,2026-01-03T01:13:00.000Z,340,false
V000962,LATI,SCEL,2026-01-02T07:35:00.000Z,2026-01-02T23:00:00.000Z,320,false
V000963,SCEL,EDDI,2026-01-02T06:52:00.000Z,2026-01-02T22:27:00.000Z,300,false
V000964,EDDI,SCEL,2026-01-02T04:37:00.000Z,2026-01-02T20:12:00.000Z,360,false
V000965,SCEL,EDDI,2026-01-02T17:54:00.000Z,2026-01-03T09:29:00.000Z,340,false
V000966,EDDI,SCEL,2026-01-02T20:43:00.000Z,2026-01-03T12:18:00.000Z,360,false
V000967,SCEL,LOWW,2026-01-02T04:18:00.000Z,2026-01-02T19:53:00.000Z,340,false
V000968,LOWW,SCEL,2026-01-02T01:10:00.000Z,2026-01-02T16:45:00.000Z,320,false
V000969,SCEL,LOWW,2026-01-02T10:53:00.000Z,2026-01-03T02:28:00.000Z,300,false
V000970,LOWW,SCEL,2026-01-02T08:36:00.000Z,2026-01-03T00:11:00.000Z,340,false
V000971,SCEL,LOWW,2026-01-02T18:21:00.000Z,2026-01-03T09:56:00.000Z,320,false
V000972,LOWW,SCEL,2026-01-02T10:05:00.000Z,2026-01-03T01:40:00.000Z,300,false
V000973,SCEL,LOWW,2026-01-02T22:55:00.000Z,2026-01-03T14:30:00.000Z,320,false
V000974,LOWW,SCEL,2026-01-02T21:54:00.000Z,2026-01-03T13:29:00.000Z,360,false
V000975,SCEL,EBCI,2026-01-02T05:59:00.000Z,2026-01-02T20:45:00.000Z,340,false
V000976,EBCI,SCEL,2026-01-02T01:05:00.000Z,2026-01-02T15:51:00.000Z,300,false
V000977,SCEL,EBCI,2026-01-02T11:47:00.000Z,2026-01-03T02:33:00.000Z,320,false
V000978,EBCI,SCEL,2026-01-02T09:32:00.000Z,2026-01-03T00:18:00.000Z,320,false
V000979,SCEL,EBCI,2026-01-02T16:03:00.000Z,2026-01-03T06:49:00.000Z,360,false
V000980,EBCI,SCEL,2026-01-02T11:13:00.000Z,2026-01-03T01:59:00.000Z,360,false
V000981,SCEL,EBCI,2026-01-03T00:28:00.000Z,2026-01-03T15:14:00.000Z,340,false
V000982,EBCI,SCEL,2026-01-02T20:08:00.000Z,2026-01-03T10:54:00.000Z,300,false
V000983,SCEL,UMMS,2026-01-02T09:43:00.000Z,2026-01-03T02:33:00.000Z,360,false
V000984,UMMS,SCEL,2026-01-01T22:36:00.000Z,2026-01-02T15:26:00.000Z,340,false
V000985,SCEL,UMMS,2026-01-02T13:41:00.000Z,2026-01-03T06:31:00.000Z,360,false
V000986,UMMS,SCEL,2026-01-02T05:38:00.000Z,2026-01-02T22:28:00.000Z,340,false
V000987,SCEL,UMMS,2026-01-03T00:19:00.000Z,2026-01-03T17:09:00.000Z,360,false
V000988,UMMS,SCEL,2026-01-02T13:28:00.000Z,2026-01-03T06:18:00.000Z,360,false
V000989,SCEL,LBSF,2026-01-02T10:46:00.000Z,2026-01-03T02:37:00.000Z,320,false
V000990,LBSF,SCEL,2026-01-02T02:46:00.000Z,2026-01-02T18:37:00.000Z,360,false
V000991,SCEL,LBSF,2026-01-02T16:52:00.000Z,2026-01-03T08:43:00.000Z,300,false
V000992,LBSF,SCEL,2026-01-02T08:39:00.000Z,2026-01-03T00:30:00.000Z,320,false
V000993,SCEL,LBSF,2026-01-02T20:28:00.000Z,2026-01-03T12:19:00.000Z,300,false
V000994,LBSF,SCEL,2026-01-02T19:24:00.000Z,2026-01-03T11:15:00.000Z,300,false
V000995,SCEL,LKPR,2026-01-02T03:42:00.000Z,2026-01-02T19:15:00.000Z,340,false
V000996,LKPR,SCEL,2026-01-01T22:04:00.000Z,2026-01-02T13:37:00.000Z,320,false
V000997,SCEL,LKPR,2026-01-02T14:04:00.000Z,2026-01-03T05:37:00.000Z,360,false
V000998,LKPR,SCEL,2026-01-02T12:04:00.000Z,2026-01-03T03:37:00.000Z,320,false
V000999,SCEL,LKPR,2026-01-03T01:55:00.000Z,2026-01-03T17:28:00.000Z,360,false
V001000,LKPR,SCEL,2026-01-02T21:52:00.000Z,2026-01-03T13:25:00.000Z,320,false
V001001,SCEL,LDZA,2026-01-02T14:31:00.000Z,2026-01-03T05:55:00.000Z,320,false
V001002,LDZA,SCEL,2026-01-02T05:50:00.000Z,2026-01-02T21:14:00.000Z,360,false
V001003,SCEL,LDZA,2026-01-03T01:04:00.000Z,2026-01-03T16:28:00.000Z,320,false
V001004,LDZA,SCEL,2026-01-02T10:46:00.000Z,2026-01-03T02:10:00.000Z,300,false
V001005,SCEL,EKCH,2026-01-02T08:04:00.000Z,2026-01-02T23:46:00.000Z,300,false
V001006,EKCH,SCEL,2026-01-01T22:47:00.000Z,2026-01-02T14:29:00.000Z,320,false
V001007,SCEL,EKCH,2026-01-02T17:51:00.000Z,2026-01-03T09:33:00.000Z,320,false
V001008,EKCH,SCEL,2026-01-02T11:53:00.000Z,2026-01-03T03:35:00.000Z,340,false
V001009,SCEL,EKCH,2026-01-02T19:04:00.000Z,2026-01-03T10:46:00.000Z,360,false
V001010,EKCH,SCEL,2026-01-02T21:35:00.000Z,2026-01-03T13:17:00.000Z,320,false
V001011,SCEL,EHAM,2026-01-02T03:10:00.000Z,2026-01-02T18:05:00.000Z,320,false
V001012,EHAM,SCEL,2026-01-01T23:10:00.000Z,2026-01-02T14:05:00.000Z,340,false
V001013,SCEL,EHAM,2026-01-02T10:34:00.000Z,2026-01-03T01:29:00.000Z,320,false
V001014,EHAM,SCEL,2026-01-02T06:13:00.000Z,2026-01-02T21:08:00.000Z,340,false
V001015,SCEL,EHAM,2026-01-02T18:33:00.000Z,2026-01-03T09:28:00.000Z,300,false
V001016,EHAM,SCEL,2026-01-02T14:51:00.000Z,2026-01-03T05:46:00.000Z,360,false
V001017,SCEL,EHAM,2026-01-03T01:09:00.000Z,2026-01-03T16:04:00.000Z,360,false
V001018,EHAM,SCEL,2026-01-02T16:05:00.000Z,2026-01-03T07:00:00.000Z,300,false
V001019,SCEL,VIDP,2026-01-03T02:08:00.000Z,2026-01-02T23:17:00.000Z,320,false
V001020,VIDP,SCEL,2026-01-02T08:18:00.000Z,2026-01-03T05:27:00.000Z,360,false
V001021,SCEL,OSDI,2026-01-02T07:02:00.000Z,2026-01-02T23:44:00.000Z,340,false
V001022,OSDI,SCEL,2026-01-02T02:06:00.000Z,2026-01-02T18:48:00.000Z,320,false
V001023,SCEL,OSDI,2026-01-02T11:45:00.000Z,2026-01-03T04:27:00.000Z,340,false
V001024,OSDI,SCEL,2026-01-02T06:23:00.000Z,2026-01-02T23:05:00.000Z,340,false
V001025,SCEL,OSDI,2026-01-02T18:16:00.000Z,2026-01-03T10:58:00.000Z,340,false
V001026,OSDI,SCEL,2026-01-02T10:26:00.000Z,2026-01-03T03:08:00.000Z,320,false
V001027,SCEL,OSDI,2026-01-03T02:20:00.000Z,2026-01-03T19:02:00.000Z,320,false
V001028,OSDI,SCEL,2026-01-02T19:23:00.000Z,2026-01-03T12:05:00.000Z,320,false
V001029,SCEL,OAKB,2026-01-02T03:39:00.000Z,2026-01-03T00:04:00.000Z,340,false
V001030,OAKB,SCEL,2026-01-01T20:36:00.000Z,2026-01-02T17:01:00.000Z,340,false
V001031,SCEL,OAKB,2026-01-02T17:48:00.000Z,2026-01-03T14:13:00.000Z,300,false
V001032,OAKB,SCEL,2026-01-02T09:26:00.000Z,2026-01-03T05:51:00.000Z,320,false
V001033,SCEL,OAKB,2026-01-02T23:19:00.000Z,2026-01-03T19:44:00.000Z,300,false
V001034,OAKB,SCEL,2026-01-02T15:09:00.000Z,2026-01-03T11:34:00.000Z,320,false
V001035,SCEL,OOMS,2026-01-02T09:46:00.000Z,2026-01-03T04:26:00.000Z,360,false
V001036,OOMS,SCEL,2026-01-02T03:57:00.000Z,2026-01-02T22:37:00.000Z,360,false
V001037,SCEL,OOMS,2026-01-02T12:11:00.000Z,2026-01-03T06:51:00.000Z,340,false
V001038,OOMS,SCEL,2026-01-02T10:44:00.000Z,2026-01-03T05:24:00.000Z,320,false
V001039,SCEL,OOMS,2026-01-03T00:56:00.000Z,2026-01-03T19:36:00.000Z,320,false
V001040,OOMS,SCEL,2026-01-02T17:45:00.000Z,2026-01-03T12:25:00.000Z,300,false
V001041,SCEL,OYSN,2026-01-02T06:35:00.000Z,2026-01-02T23:06:00.000Z,320,false
V001042,OYSN,SCEL,2026-01-01T21:37:00.000Z,2026-01-02T14:08:00.000Z,320,false
V001043,SCEL,OYSN,2026-01-02T11:48:00.000Z,2026-01-03T04:19:00.000Z,320,false
V001044,OYSN,SCEL,2026-01-02T06:03:00.000Z,2026-01-02T22:34:00.000Z,340,false
V001045,SCEL,OYSN,2026-01-02T20:35:00.000Z,2026-01-03T13:06:00.000Z,300,false
V001046,OYSN,SCEL,2026-01-02T09:53:00.000Z,2026-01-03T02:24:00.000Z,340,false
V001047,SCEL,OYSN,2026-01-02T22:28:00.000Z,2026-01-03T14:59:00.000Z,340,false
V001048,OYSN,SCEL,2026-01-02T18:08:00.000Z,2026-01-03T10:39:00.000Z,300,false
V001049,SCEL,OPKC,2026-01-02T06:47:00.000Z,2026-01-03T02:34:00.000Z,320,false
V001050,OPKC,SCEL,2026-01-01T19:04:00.000Z,2026-01-02T14:51:00.000Z,320,false
V001051,SCEL,OPKC,2026-01-02T10:12:00.000Z,2026-01-03T05:59:00.000Z,340,false
V001052,OPKC,SCEL,2026-01-02T04:32:00.000Z,2026-01-03T00:19:00.000Z,360,false
V001053,SCEL,OPKC,2026-01-02T18:49:00.000Z,2026-01-03T14:36:00.000Z,300,false
V001054,OPKC,SCEL,2026-01-02T08:53:00.000Z,2026-01-03T04:40:00.000Z,300,false
V001055,SCEL,OPKC,2026-01-02T22:37:00.000Z,2026-01-03T18:24:00.000Z,300,false
V001056,OPKC,SCEL,2026-01-02T17:30:00.000Z,2026-01-03T13:17:00.000Z,300,false
V001057,SCEL,UBBB,2026-01-02T07:17:00.000Z,2026-01-03T01:46:00.000Z,320,false
V001058,UBBB,SCEL,2026-01-02T02:39:00.000Z,2026-01-02T21:08:00.000Z,320,false
V001059,SCEL,UBBB,2026-01-02T18:36:00.000Z,2026-01-03T13:05:00.000Z,360,false
V001060,UBBB,SCEL,2026-01-02T10:20:00.000Z,2026-01-03T04:49:00.000Z,300,false
V001061,SCEL,UBBB,2026-01-02T21:00:00.000Z,2026-01-03T15:29:00.000Z,360,false
V001062,UBBB,SCEL,2026-01-02T17:43:00.000Z,2026-01-03T12:12:00.000Z,320,false
V001063,SCEL,OJAI,2026-01-02T05:54:00.000Z,2026-01-02T22:22:00.000Z,340,false
V001064,OJAI,SCEL,2026-01-01T22:33:00.000Z,2026-01-02T15:01:00.000Z,340,false
V001065,SCEL,OJAI,2026-01-02T13:34:00.000Z,2026-01-03T06:02:00.000Z,300,false
V001066,OJAI,SCEL,2026-01-02T06:49:00.000Z,2026-01-02T23:17:00.000Z,300,false
V001067,SCEL,OJAI,2026-01-02T15:12:00.000Z,2026-01-03T07:40:00.000Z,360,false
V001068,OJAI,SCEL,2026-01-02T09:22:00.000Z,2026-01-03T01:50:00.000Z,320,false
V001069,SCEL,OJAI,2026-01-02T21:53:00.000Z,2026-01-03T14:21:00.000Z,340,false
V001070,OJAI,SCEL,2026-01-02T17:40:00.000Z,2026-01-03T10:08:00.000Z,320,false
V001071,SABE,SGAS,2026-01-02T05:10:00.000Z,2026-01-02T06:25:00.000Z,340,false
V001072,SGAS,SABE,2026-01-02T05:57:00.000Z,2026-01-02T07:12:00.000Z,360,false
V001073,SABE,SGAS,2026-01-02T12:25:00.000Z,2026-01-02T13:40:00.000Z,360,false
V001074,SGAS,SABE,2026-01-02T14:37:00.000Z,2026-01-02T15:52:00.000Z,340,false
V001075,SABE,SGAS,2026-01-02T17:25:00.000Z,2026-01-02T18:40:00.000Z,300,false
V001076,SGAS,SABE,2026-01-02T19:04:00.000Z,2026-01-02T20:19:00.000Z,320,false
V001077,SABE,SGAS,2026-01-02T23:35:00.000Z,2026-01-03T00:50:00.000Z,340,false
V001078,SGAS,SABE,2026-01-02T22:38:00.000Z,2026-01-02T23:53:00.000Z,300,false
V001079,SABE,SUAA,2026-01-02T07:37:00.000Z,2026-01-02T07:50:00.000Z,320,false
V001080,SUAA,SABE,2026-01-02T07:47:00.000Z,2026-01-02T08:00:00.000Z,320,false
V001081,SABE,SUAA,2026-01-02T14:26:00.000Z,2026-01-02T14:39:00.000Z,340,false
V001082,SUAA,SABE,2026-01-02T12:04:00.000Z,2026-01-02T12:17:00.000Z,320,false
V001083,SABE,SUAA,2026-01-02T20:46:00.000Z,2026-01-02T20:59:00.000Z,360,false
V001084,SUAA,SABE,2026-01-02T20:12:00.000Z,2026-01-02T20:25:00.000Z,360,false
V001085,SABE,SUAA,2026-01-03T01:21:00.000Z,2026-01-03T01:34:00.000Z,320,false
V001086,SUAA,SABE,2026-01-03T00:18:00.000Z,2026-01-03T00:31:00.000Z,360,false
V001087,SABE,LATI,2026-01-02T11:09:00.000Z,2026-01-03T01:34:00.000Z,340,false
V001088,LATI,SABE,2026-01-01T23:30:00.000Z,2026-01-02T13:55:00.000Z,340,false
V001089,SABE,LATI,2026-01-02T22:46:00.000Z,2026-01-03T13:11:00.000Z,300,false
V001090,LATI,SABE,2026-01-02T17:26:00.000Z,2026-01-03T07:51:00.000Z,300,false
V001091,SABE,EDDI,2026-01-02T03:13:00.000Z,2026-01-02T18:02:00.000Z,300,false
V001092,EDDI,SABE,2026-01-02T03:11:00.000Z,2026-01-02T18:00:00.000Z,320,false
V001093,SABE,EDDI,2026-01-02T16:40:00.000Z,2026-01-03T07:29:00.000Z,320,false
V001094,EDDI,SABE,2026-01-02T12:25:00.000Z,2026-01-03T03:14:00.000Z,340,false
V001095,SABE,EDDI,2026-01-02T23:46:00.000Z,2026-01-03T14:35:00.000Z,320,false
V001096,EDDI,SABE,2026-01-02T15:08:00.000Z,2026-01-03T05:57:00.000Z,320,false
V001097,SABE,LOWW,2026-01-02T07:56:00.000Z,2026-01-02T22:39:00.000Z,360,false
V001098,LOWW,SABE,2026-01-02T04:24:00.000Z,2026-01-02T19:07:00.000Z,300,false
V001099,SABE,LOWW,2026-01-02T11:24:00.000Z,2026-01-03T02:07:00.000Z,300,false
V001100,LOWW,SABE,2026-01-02T10:23:00.000Z,2026-01-03T01:06:00.000Z,360,false
V001101,SABE,LOWW,2026-01-02T19:10:00.000Z,2026-01-03T09:53:00.000Z,340,false
V001102,LOWW,SABE,2026-01-02T14:23:00.000Z,2026-01-03T05:06:00.000Z,320,false
V001103,SABE,EBCI,2026-01-02T06:06:00.000Z,2026-01-02T20:07:00.000Z,360,false
V001104,EBCI,SABE,2026-01-02T02:36:00.000Z,2026-01-02T16:37:00.000Z,340,false
V001105,SABE,EBCI,2026-01-02T10:58:00.000Z,2026-01-03T00:59:00.000Z,360,false
V001106,EBCI,SABE,2026-01-02T07:14:00.000Z,2026-01-02T21:15:00.000Z,360,false
V001107,SABE,EBCI,2026-01-02T17:12:00.000Z,2026-01-03T07:13:00.000Z,320,false
V001108,EBCI,SABE,2026-01-02T10:16:00.000Z,2026-01-03T00:17:00.000Z,340,false
V001109,SABE,EBCI,2026-01-02T22:27:00.000Z,2026-01-03T12:28:00.000Z,340,false
V001110,EBCI,SABE,2026-01-02T18:46:00.000Z,2026-01-03T08:47:00.000Z,340,false
V001111,SABE,UMMS,2026-01-02T05:15:00.000Z,2026-01-02T21:14:00.000Z,340,false
V001112,UMMS,SABE,2026-01-01T23:34:00.000Z,2026-01-02T15:33:00.000Z,340,false
V001113,SABE,UMMS,2026-01-02T18:16:00.000Z,2026-01-03T10:15:00.000Z,320,false
V001114,UMMS,SABE,2026-01-02T11:39:00.000Z,2026-01-03T03:38:00.000Z,300,false
V001115,SABE,UMMS,2026-01-02T23:44:00.000Z,2026-01-03T15:43:00.000Z,340,false
V001116,UMMS,SABE,2026-01-02T18:50:00.000Z,2026-01-03T10:49:00.000Z,300,false
V001117,SABE,LBSF,2026-01-02T04:40:00.000Z,2026-01-02T19:30:00.000Z,300,false
V001118,LBSF,SABE,2026-01-01T21:43:00.000Z,2026-01-02T12:33:00.000Z,320,false
V001119,SABE,LBSF,2026-01-02T18:59:00.000Z,2026-01-03T09:49:00.000Z,300,false
V001120,LBSF,SABE,2026-01-02T05:50:00.000Z,2026-01-02T20:40:00.000Z,360,false
V001121,SABE,LBSF,2026-01-02T21:59:00.000Z,2026-01-03T12:49:00.000Z,360,false
V001122,LBSF,SABE,2026-01-02T20:24:00.000Z,2026-01-03T11:14:00.000Z,320,false
V001123,SABE,LKPR,2026-01-02T04:49:00.000Z,2026-01-02T19:32:00.000Z,360,false
V001124,LKPR,SABE,2026-01-02T01:22:00.000Z,2026-01-02T16:05:00.000Z,300,false
V001125,SABE,LKPR,2026-01-02T14:21:00.000Z,2026-01-03T05:04:00.000Z,340,false
V001126,LKPR,SABE,2026-01-02T04:09:00.000Z,2026-01-02T18:52:00.000Z,300,false
V001127,SABE,LKPR,2026-01-02T20:37:00.000Z,2026-01-03T11:20:00.000Z,340,false
V001128,LKPR,SABE,2026-01-02T14:58:00.000Z,2026-01-03T05:41:00.000Z,320,false
V001129,SABE,LKPR,2026-01-02T23:32:00.000Z,2026-01-03T14:15:00.000Z,320,false
V001130,LKPR,SABE,2026-01-02T17:36:00.000Z,2026-01-03T08:19:00.000Z,360,false
V001131,SABE,LDZA,2026-01-02T10:31:00.000Z,2026-01-03T01:00:00.000Z,300,false
V001132,LDZA,SABE,2026-01-01T23:02:00.000Z,2026-01-02T13:31:00.000Z,300,false
V001133,SABE,LDZA,2026-01-02T11:19:00.000Z,2026-01-03T01:48:00.000Z,360,false
V001134,LDZA,SABE,2026-01-02T11:53:00.000Z,2026-01-03T02:22:00.000Z,360,false
V001135,SABE,LDZA,2026-01-03T02:03:00.000Z,2026-01-03T16:32:00.000Z,300,false
V001136,LDZA,SABE,2026-01-02T18:38:00.000Z,2026-01-03T09:07:00.000Z,300,false
V001137,SABE,EKCH,2026-01-02T08:34:00.000Z,2026-01-02T23:33:00.000Z,340,false
V001138,EKCH,SABE,2026-01-02T03:19:00.000Z,2026-01-02T18:18:00.000Z,320,false
V001139,SABE,EKCH,2026-01-02T10:22:00.000Z,2026-01-03T01:21:00.000Z,320,false
V001140,EKCH,SABE,2026-01-02T05:16:00.000Z,2026-01-02T20:15:00.000Z,300,false
V001141,SABE,EKCH,2026-01-02T16:31:00.000Z,2026-01-03T07:30:00.000Z,360,false
V001142,EKCH,SABE,2026-01-02T10:50:00.000Z,2026-01-03T01:49:00.000Z,360,false
V001143,SABE,EKCH,2026-01-03T02:44:00.000Z,2026-01-03T17:43:00.000Z,320,false
V001144,EKCH,SABE,2026-01-02T16:59:00.000Z,2026-01-03T07:58:00.000Z,300,false
V001145,SABE,EHAM,2026-01-02T21:48:00.000Z,2026-01-03T12:00:00.000Z,300,false
V001146,EHAM,SABE,2026-01-01T23:52:00.000Z,2026-01-02T14:04:00.000Z,340,false
V001147,SABE,VIDP,2026-01-02T04:53:00.000Z,2026-01-03T00:38:00.000Z,340,false
V001148,VIDP,SABE,2026-01-01T20:45:00.000Z,2026-01-02T16:30:00.000Z,360,false
V001149,SABE,VIDP,2026-01-02T09:52:00.000Z,2026-01-03T05:37:00.000Z,300,false
V001150,VIDP,SABE,2026-01-02T01:16:00.000Z,2026-01-02T21:01:00.000Z,340,false
V001151,SABE,VIDP,2026-01-02T20:44:00.000Z,2026-01-03T16:29:00.000Z,300,false
V001152,VIDP,SABE,2026-01-02T09:54:00.000Z,2026-01-03T05:39:00.000Z,300,false
V001153,SABE,VIDP,2026-01-02T22:05:00.000Z,2026-01-03T17:50:00.000Z,320,false
V001154,VIDP,SABE,2026-01-02T15:31:00.000Z,2026-01-03T11:16:00.000Z,320,false
V001155,SABE,OSDI,2026-01-02T04:19:00.000Z,2026-01-02T19:48:00.000Z,300,false
V001156,OSDI,SABE,2026-01-01T21:57:00.000Z,2026-01-02T13:26:00.000Z,360,false
V001157,SABE,OSDI,2026-01-02T11:24:00.000Z,2026-01-03T02:53:00.000Z,340,false
V001158,OSDI,SABE,2026-01-02T08:17:00.000Z,2026-01-02T23:46:00.000Z,340,false
V001159,SABE,OSDI,2026-01-02T20:06:00.000Z,2026-01-03T11:35:00.000Z,340,false
V001160,OSDI,SABE,2026-01-02T13:29:00.000Z,2026-01-03T04:58:00.000Z,320,false
V001161,SABE,OSDI,2026-01-03T00:12:00.000Z,2026-01-03T15:41:00.000Z,320,false
V001162,OSDI,SABE,2026-01-02T20:46:00.000Z,2026-01-03T12:15:00.000Z,300,false
V001163,SABE,OAKB,2026-01-02T07:27:00.000Z,2026-01-03T02:33:00.000Z,360,false
V001164,OAKB,SABE,2026-01-01T22:25:00.000Z,2026-01-02T17:31:00.000Z,320,false
V001165,SABE,OAKB,2026-01-02T09:53:00.000Z,2026-01-03T04:59:00.000Z,320,false
V001166,OAKB,SABE,2026-01-02T06:12:00.000Z,2026-01-03T01:18:00.000Z,360,false
V001167,SABE,OAKB,2026-01-02T20:17:00.000Z,2026-01-03T15:23:00.000Z,360,false
V001168,OAKB,SABE,2026-01-02T09:33:00.000Z,2026-01-03T04:39:00.000Z,320,false
V001169,SABE,OAKB,2026-01-03T01:32:00.000Z,2026-01-02T20:38:00.000Z,360,false
V001170,OAKB,SABE,2026-01-02T15:01:00.000Z,2026-01-03T10:07:00.000Z,340,false
V001171,SABE,OOMS,2026-01-02T04:27:00.000Z,2026-01-02T21:44:00.000Z,320,false
V001172,OOMS,SABE,2026-01-02T00:36:00.000Z,2026-01-02T17:53:00.000Z,360,false
V001173,SABE,OOMS,2026-01-02T10:44:00.000Z,2026-01-03T04:01:00.000Z,340,false
V001174,OOMS,SABE,2026-01-02T02:31:00.000Z,2026-01-02T19:48:00.000Z,340,false
V001175,SABE,OOMS,2026-01-02T19:15:00.000Z,2026-01-03T12:32:00.000Z,340,false
V001176,OOMS,SABE,2026-01-02T13:17:00.000Z,2026-01-03T06:34:00.000Z,300,false
V001177,SABE,OOMS,2026-01-03T01:50:00.000Z,2026-01-03T19:07:00.000Z,300,false
V001178,OOMS,SABE,2026-01-02T18:45:00.000Z,2026-01-03T12:02:00.000Z,320,false
V001179,SABE,OYSN,2026-01-02T07:57:00.000Z,2026-01-02T23:04:00.000Z,340,false
V001180,OYSN,SABE,2026-01-01T23:04:00.000Z,2026-01-02T14:11:00.000Z,300,false
V001181,SABE,OYSN,2026-01-02T17:15:00.000Z,2026-01-03T08:22:00.000Z,340,false
V001182,OYSN,SABE,2026-01-02T05:06:00.000Z,2026-01-02T20:13:00.000Z,340,false
V001183,SABE,OYSN,2026-01-02T19:13:00.000Z,2026-01-03T10:20:00.000Z,360,false
V001184,OYSN,SABE,2026-01-02T16:47:00.000Z,2026-01-03T07:54:00.000Z,320,false
V001185,SABE,OPKC,2026-01-02T03:48:00.000Z,2026-01-02T22:11:00.000Z,300,false
V001186,OPKC,SABE,2026-01-01T20:59:00.000Z,2026-01-02T15:22:00.000Z,320,false
V001187,SABE,OPKC,2026-01-02T11:37:00.000Z,2026-01-03T06:00:00.000Z,300,false
V001188,OPKC,SABE,2026-01-02T04:09:00.000Z,2026-01-02T22:32:00.000Z,360,false
V001189,SABE,OPKC,2026-01-02T19:22:00.000Z,2026-01-03T13:45:00.000Z,360,false
V001190,OPKC,SABE,2026-01-02T10:17:00.000Z,2026-01-03T04:40:00.000Z,360,false
V001191,SABE,OPKC,2026-01-03T01:00:00.000Z,2026-01-02T19:23:00.000Z,300,false
V001192,OPKC,SABE,2026-01-02T15:04:00.000Z,2026-01-03T09:27:00.000Z,360,false
V001193,SABE,UBBB,2026-01-02T06:41:00.000Z,2026-01-02T23:59:00.000Z,300,false
V001194,UBBB,SABE,2026-01-02T03:47:00.000Z,2026-01-02T21:05:00.000Z,300,false
V001195,SABE,UBBB,2026-01-02T10:41:00.000Z,2026-01-03T03:59:00.000Z,360,false
V001196,UBBB,SABE,2026-01-02T05:48:00.000Z,2026-01-02T23:06:00.000Z,360,false
V001197,SABE,UBBB,2026-01-02T17:29:00.000Z,2026-01-03T10:47:00.000Z,300,false
V001198,UBBB,SABE,2026-01-02T13:06:00.000Z,2026-01-03T06:24:00.000Z,360,false
V001199,SABE,UBBB,2026-01-02T23:04:00.000Z,2026-01-03T16:22:00.000Z,320,false
V001200,UBBB,SABE,2026-01-02T20:06:00.000Z,2026-01-03T13:24:00.000Z,320,false
V001201,SABE,OJAI,2026-01-02T04:48:00.000Z,2026-01-02T20:02:00.000Z,320,false
V001202,OJAI,SABE,2026-01-02T03:27:00.000Z,2026-01-02T18:41:00.000Z,300,false
V001203,SABE,OJAI,2026-01-02T16:17:00.000Z,2026-01-03T07:31:00.000Z,320,false
V001204,OJAI,SABE,2026-01-02T10:55:00.000Z,2026-01-03T02:09:00.000Z,360,false
V001205,SGAS,SUAA,2026-01-02T05:19:00.000Z,2026-01-02T06:34:00.000Z,320,false
V001206,SUAA,SGAS,2026-01-02T03:55:00.000Z,2026-01-02T05:10:00.000Z,340,false
V001207,SGAS,SUAA,2026-01-02T14:52:00.000Z,2026-01-02T16:07:00.000Z,300,false
V001208,SUAA,SGAS,2026-01-02T11:59:00.000Z,2026-01-02T13:14:00.000Z,340,false
V001209,SGAS,SUAA,2026-01-02T22:32:00.000Z,2026-01-02T23:47:00.000Z,360,false
V001210,SUAA,SGAS,2026-01-02T19:01:00.000Z,2026-01-02T20:16:00.000Z,340,false
V001211,SGAS,LATI,2026-01-02T04:55:00.000Z,2026-01-02T18:24:00.000Z,340,false
V001212,LATI,SGAS,2026-01-02T02:54:00.000Z,2026-01-02T16:23:00.000Z,320,false
V001213,SGAS,LATI,2026-01-02T18:58:00.000Z,2026-01-03T08:27:00.000Z,340,false
V001214,LATI,SGAS,2026-01-02T11:27:00.000Z,2026-01-03T00:56:00.000Z,340,false
V001215,SGAS,LATI,2026-01-03T02:11:00.000Z,2026-01-03T15:40:00.000Z,320,false
V001216,LATI,SGAS,2026-01-02T19:39:00.000Z,2026-01-03T09:08:00.000Z,340,false
V001217,SGAS,EDDI,2026-01-02T04:03:00.000Z,2026-01-02T17:47:00.000Z,300,false
V001218,EDDI,SGAS,2026-01-02T04:22:00.000Z,2026-01-02T18:06:00.000Z,320,false
V001219,SGAS,EDDI,2026-01-02T14:07:00.000Z,2026-01-03T03:51:00.000Z,340,false
V001220,EDDI,SGAS,2026-01-02T07:26:00.000Z,2026-01-02T21:10:00.000Z,340,false
V001221,SGAS,EDDI,2026-01-02T22:57:00.000Z,2026-01-03T12:41:00.000Z,360,false
V001222,EDDI,SGAS,2026-01-02T18:23:00.000Z,2026-01-03T08:07:00.000Z,300,false
V001223,SGAS,LOWW,2026-01-02T04:43:00.000Z,2026-01-02T18:24:00.000Z,300,false
V001224,LOWW,SGAS,2026-01-02T01:33:00.000Z,2026-01-02T15:14:00.000Z,340,false
V001225,SGAS,LOWW,2026-01-02T13:26:00.000Z,2026-01-03T03:07:00.000Z,300,false
V001226,LOWW,SGAS,2026-01-02T08:12:00.000Z,2026-01-02T21:53:00.000Z,340,false
V001227,SGAS,LOWW,2026-01-02T17:22:00.000Z,2026-01-03T07:03:00.000Z,340,false
V001228,LOWW,SGAS,2026-01-02T10:06:00.000Z,2026-01-02T23:47:00.000Z,300,false
V001229,SGAS,LOWW,2026-01-03T03:30:00.000Z,2026-01-03T17:11:00.000Z,360,false
V001230,LOWW,SGAS,2026-01-02T18:30:00.000Z,2026-01-03T08:11:00.000Z,360,false
V001231,SGAS,EBCI,2026-01-02T05:28:00.000Z,2026-01-02T18:23:00.000Z,360,false
V001232,EBCI,SGAS,2026-01-01T22:01:00.000Z,2026-01-02T10:56:00.000Z,340,false
V001233,SGAS,EBCI,2026-01-02T14:08:00.000Z,2026-01-03T03:03:00.000Z,360,false
V001234,EBCI,SGAS,2026-01-02T08:05:00.000Z,2026-01-02T21:00:00.000Z,340,false
V001235,SGAS,EBCI,2026-01-02T21:18:00.000Z,2026-01-03T10:13:00.000Z,300,false
V001236,EBCI,SGAS,2026-01-02T15:51:00.000Z,2026-01-03T04:46:00.000Z,300,false
V001237,SGAS,EBCI,2026-01-03T00:21:00.000Z,2026-01-03T13:16:00.000Z,360,false
V001238,EBCI,SGAS,2026-01-02T17:08:00.000Z,2026-01-03T06:03:00.000Z,300,false
V001239,SGAS,UMMS,2026-01-02T14:39:00.000Z,2026-01-03T05:36:00.000Z,320,false
V001240,UMMS,SGAS,2026-01-02T08:25:00.000Z,2026-01-02T23:22:00.000Z,340,false
V001241,SGAS,UMMS,2026-01-03T01:35:00.000Z,2026-01-03T16:32:00.000Z,300,false
V001242,UMMS,SGAS,2026-01-02T14:27:00.000Z,2026-01-03T05:24:00.000Z,340,false
V001243,SGAS,LBSF,2026-01-02T11:49:00.000Z,2026-01-03T01:44:00.000Z,320,false
V001244,LBSF,SGAS,2026-01-02T02:00:00.000Z,2026-01-02T15:55:00.000Z,320,false
V001245,SGAS,LBSF,2026-01-02T14:41:00.000Z,2026-01-03T04:36:00.000Z,320,false
V001246,LBSF,SGAS,2026-01-02T06:42:00.000Z,2026-01-02T20:37:00.000Z,360,false
V001247,SGAS,LBSF,2026-01-03T01:53:00.000Z,2026-01-03T15:48:00.000Z,360,false
V001248,LBSF,SGAS,2026-01-02T20:55:00.000Z,2026-01-03T10:50:00.000Z,340,false
V001249,SGAS,LKPR,2026-01-02T06:45:00.000Z,2026-01-02T20:25:00.000Z,300,false
V001250,LKPR,SGAS,2026-01-02T02:41:00.000Z,2026-01-02T16:21:00.000Z,340,false
V001251,SGAS,LKPR,2026-01-02T10:08:00.000Z,2026-01-02T23:48:00.000Z,300,false
V001252,LKPR,SGAS,2026-01-02T09:16:00.000Z,2026-01-02T22:56:00.000Z,320,false
V001253,SGAS,LKPR,2026-01-02T16:58:00.000Z,2026-01-03T06:38:00.000Z,360,false
V001254,LKPR,SGAS,2026-01-02T12:46:00.000Z,2026-01-03T02:26:00.000Z,300,false
V001255,SGAS,LKPR,2026-01-03T03:01:00.000Z,2026-01-03T16:41:00.000Z,340,false
V001256,LKPR,SGAS,2026-01-02T16:45:00.000Z,2026-01-03T06:25:00.000Z,300,false
V001257,SGAS,LDZA,2026-01-02T08:37:00.000Z,2026-01-02T22:06:00.000Z,340,false
V001258,LDZA,SGAS,2026-01-02T00:20:00.000Z,2026-01-02T13:49:00.000Z,360,false
V001259,SGAS,LDZA,2026-01-02T12:38:00.000Z,2026-01-03T02:07:00.000Z,340,false
V001260,LDZA,SGAS,2026-01-02T13:20:00.000Z,2026-01-03T02:49:00.000Z,360,false
V001261,SGAS,LDZA,2026-01-02T23:13:00.000Z,2026-01-03T12:42:00.000Z,360,false
V001262,LDZA,SGAS,2026-01-02T17:16:00.000Z,2026-01-03T06:45:00.000Z,360,false
V001263,SGAS,EKCH,2026-01-02T04:56:00.000Z,2026-01-02T18:48:00.000Z,340,false
V001264,EKCH,SGAS,2026-01-02T02:03:00.000Z,2026-01-02T15:55:00.000Z,360,false
V001265,SGAS,EKCH,2026-01-02T15:22:00.000Z,2026-01-03T05:14:00.000Z,300,false
V001266,EKCH,SGAS,2026-01-02T09:26:00.000Z,2026-01-02T23:18:00.000Z,340,false
V001267,SGAS,EKCH,2026-01-02T17:58:00.000Z,2026-01-03T07:50:00.000Z,320,false
V001268,EKCH,SGAS,2026-01-02T12:04:00.000Z,2026-01-03T01:56:00.000Z,320,false
V001269,SGAS,EKCH,2026-01-03T00:00:00.000Z,2026-01-03T13:52:00.000Z,340,false
V001270,EKCH,SGAS,2026-01-02T20:54:00.000Z,2026-01-03T10:46:00.000Z,300,false
V001271,SGAS,EHAM,2026-01-02T06:06:00.000Z,2026-01-02T19:11:00.000Z,320,false
V001272,EHAM,SGAS,2026-01-02T01:30:00.000Z,2026-01-02T14:35:00.000Z,360,false
V001273,SGAS,EHAM,2026-01-02T11:33:00.000Z,2026-01-03T00:38:00.000Z,320,false
V001274,EHAM,SGAS,2026-01-02T06:57:00.000Z,2026-01-02T20:02:00.000Z,320,false
V001275,SGAS,EHAM,2026-01-02T19:49:00.000Z,2026-01-03T08:54:00.000Z,320,false
V001276,EHAM,SGAS,2026-01-02T15:08:00.000Z,2026-01-03T04:13:00.000Z,340,false
V001277,SGAS,EHAM,2026-01-03T01:41:00.000Z,2026-01-03T14:46:00.000Z,320,false
V001278,EHAM,SGAS,2026-01-02T20:47:00.000Z,2026-01-03T09:52:00.000Z,300,false
V001279,SGAS,VIDP,2026-01-02T15:49:00.000Z,2026-01-03T11:15:00.000Z,360,false
V001280,VIDP,SGAS,2026-01-02T05:29:00.000Z,2026-01-03T00:55:00.000Z,360,false
V001281,SGAS,OSDI,2026-01-02T07:31:00.000Z,2026-01-02T22:17:00.000Z,340,false
V001282,OSDI,SGAS,2026-01-02T01:54:00.000Z,2026-01-02T16:40:00.000Z,300,false
V001283,SGAS,OSDI,2026-01-02T14:28:00.000Z,2026-01-03T05:14:00.000Z,340,false
V001284,OSDI,SGAS,2026-01-02T12:55:00.000Z,2026-01-03T03:41:00.000Z,300,false
V001285,SGAS,OSDI,2026-01-02T20:18:00.000Z,2026-01-03T11:04:00.000Z,320,false
V001286,OSDI,SGAS,2026-01-02T19:27:00.000Z,2026-01-03T10:13:00.000Z,360,false
V001287,SGAS,OAKB,2026-01-02T06:09:00.000Z,2026-01-03T00:42:00.000Z,360,false
V001288,OAKB,SGAS,2026-01-01T23:06:00.000Z,2026-01-02T17:39:00.000Z,360,false
V001289,SGAS,OAKB,2026-01-02T15:35:00.000Z,2026-01-03T10:08:00.000Z,300,false
V001290,OAKB,SGAS,2026-01-02T04:21:00.000Z,2026-01-02T22:54:00.000Z,320,false
V001291,SGAS,OAKB,2026-01-02T16:11:00.000Z,2026-01-03T10:44:00.000Z,360,false
V001292,OAKB,SGAS,2026-01-02T08:34:00.000Z,2026-01-03T03:07:00.000Z,360,false
V001293,SGAS,OAKB,2026-01-03T00:56:00.000Z,2026-01-03T19:29:00.000Z,320,false
V001294,OAKB,SGAS,2026-01-02T14:31:00.000Z,2026-01-03T09:04:00.000Z,340,false
V001295,SGAS,OOMS,2026-01-02T05:55:00.000Z,2026-01-02T22:52:00.000Z,360,false
V001296,OOMS,SGAS,2026-01-01T22:58:00.000Z,2026-01-02T15:55:00.000Z,340,false
V001297,SGAS,OOMS,2026-01-02T13:42:00.000Z,2026-01-03T06:39:00.000Z,360,false
V001298,OOMS,SGAS,2026-01-02T05:51:00.000Z,2026-01-02T22:48:00.000Z,300,false
V001299,SGAS,OOMS,2026-01-02T16:50:00.000Z,2026-01-03T09:47:00.000Z,320,false
V001300,OOMS,SGAS,2026-01-02T08:08:00.000Z,2026-01-03T01:05:00.000Z,340,false
V001301,SGAS,OOMS,2026-01-03T02:38:00.000Z,2026-01-03T19:35:00.000Z,300,false
V001302,OOMS,SGAS,2026-01-02T17:21:00.000Z,2026-01-03T10:18:00.000Z,300,false
V001303,SGAS,OYSN,2026-01-02T07:32:00.000Z,2026-01-02T22:22:00.000Z,360,false
V001304,OYSN,SGAS,2026-01-02T01:22:00.000Z,2026-01-02T16:12:00.000Z,300,false
V001305,SGAS,OYSN,2026-01-02T12:14:00.000Z,2026-01-03T03:04:00.000Z,360,false
V001306,OYSN,SGAS,2026-01-02T06:34:00.000Z,2026-01-02T21:24:00.000Z,300,false
V001307,SGAS,OYSN,2026-01-02T16:34:00.000Z,2026-01-03T07:24:00.000Z,320,false
V001308,OYSN,SGAS,2026-01-02T13:30:00.000Z,2026-01-03T04:20:00.000Z,360,false
V001309,SGAS,OYSN,2026-01-03T03:27:00.000Z,2026-01-03T18:17:00.000Z,360,false
V001310,OYSN,SGAS,2026-01-02T17:11:00.000Z,2026-01-03T08:01:00.000Z,300,false
V001311,SGAS,OPKC,2026-01-02T04:28:00.000Z,2026-01-02T22:34:00.000Z,360,false
V001312,OPKC,SGAS,2026-01-01T23:19:00.000Z,2026-01-02T17:25:00.000Z,340,false
V001313,SGAS,OPKC,2026-01-03T03:48:00.000Z,2026-01-02T21:54:00.000Z,360,false
V001314,OPKC,SGAS,2026-01-02T13:05:00.000Z,2026-01-03T07:11:00.000Z,340,false
V001315,SGAS,UBBB,2026-01-02T07:54:00.000Z,2026-01-03T00:27:00.000Z,300,false
V001316,UBBB,SGAS,2026-01-01T22:27:00.000Z,2026-01-02T15:00:00.000Z,340,false
V001317,SGAS,UBBB,2026-01-02T12:31:00.000Z,2026-01-03T05:04:00.000Z,340,false
V001318,UBBB,SGAS,2026-01-02T06:38:00.000Z,2026-01-02T23:11:00.000Z,320,false
V001319,SGAS,UBBB,2026-01-03T00:56:00.000Z,2026-01-03T17:29:00.000Z,320,false
V001320,UBBB,SGAS,2026-01-02T20:10:00.000Z,2026-01-03T12:43:00.000Z,300,false
V001321,SGAS,OJAI,2026-01-02T09:42:00.000Z,2026-01-03T00:16:00.000Z,360,false
V001322,OJAI,SGAS,2026-01-02T01:03:00.000Z,2026-01-02T15:37:00.000Z,320,false
V001323,SGAS,OJAI,2026-01-02T15:37:00.000Z,2026-01-03T06:11:00.000Z,360,false
V001324,OJAI,SGAS,2026-01-02T07:56:00.000Z,2026-01-02T22:30:00.000Z,320,false
V001325,SGAS,OJAI,2026-01-03T03:19:00.000Z,2026-01-03T17:53:00.000Z,300,false
V001326,OJAI,SGAS,2026-01-02T15:35:00.000Z,2026-01-03T06:09:00.000Z,300,false
V001327,SUAA,LATI,2026-01-02T07:56:00.000Z,2026-01-02T22:10:00.000Z,340,false
V001328,LATI,SUAA,2026-01-02T00:32:00.000Z,2026-01-02T14:46:00.000Z,320,false
V001329,SUAA,LATI,2026-01-02T14:08:00.000Z,2026-01-03T04:22:00.000Z,340,false
V001330,LATI,SUAA,2026-01-02T08:28:00.000Z,2026-01-02T22:42:00.000Z,340,false
V001331,SUAA,LATI,2026-01-02T20:15:00.000Z,2026-01-03T10:29:00.000Z,340,false
V001332,LATI,SUAA,2026-01-02T14:36:00.000Z,2026-01-03T04:50:00.000Z,300,false
V001333,SUAA,LATI,2026-01-02T23:09:00.000Z,2026-01-03T13:23:00.000Z,300,false
V001334,LATI,SUAA,2026-01-02T20:04:00.000Z,2026-01-03T10:18:00.000Z,320,false
V001335,SUAA,EDDI,2026-01-02T05:02:00.000Z,2026-01-02T19:42:00.000Z,300,false
V001336,EDDI,SUAA,2026-01-02T00:55:00.000Z,2026-01-02T15:35:00.000Z,320,false
V001337,SUAA,EDDI,2026-01-02T11:39:00.000Z,2026-01-03T02:19:00.000Z,300,false
V001338,EDDI,SUAA,2026-01-02T09:17:00.000Z,2026-01-02T23:57:00.000Z,340,false
V001339,SUAA,EDDI,2026-01-02T18:44:00.000Z,2026-01-03T09:24:00.000Z,320,false
V001340,EDDI,SUAA,2026-01-02T11:42:00.000Z,2026-01-03T02:22:00.000Z,320,false
V001341,SUAA,EDDI,2026-01-03T00:57:00.000Z,2026-01-03T15:37:00.000Z,300,false
V001342,EDDI,SUAA,2026-01-02T17:33:00.000Z,2026-01-03T08:13:00.000Z,360,false
V001343,SUAA,LOWW,2026-01-02T06:41:00.000Z,2026-01-02T21:15:00.000Z,360,false
V001344,LOWW,SUAA,2026-01-02T00:08:00.000Z,2026-01-02T14:42:00.000Z,340,false
V001345,SUAA,LOWW,2026-01-02T11:11:00.000Z,2026-01-03T01:45:00.000Z,300,false
V001346,LOWW,SUAA,2026-01-02T06:09:00.000Z,2026-01-02T20:43:00.000Z,320,false
V001347,SUAA,LOWW,2026-01-02T20:08:00.000Z,2026-01-03T10:42:00.000Z,300,false
V001348,LOWW,SUAA,2026-01-02T12:22:00.000Z,2026-01-03T02:56:00.000Z,320,false
V001349,SUAA,LOWW,2026-01-02T21:03:00.000Z,2026-01-03T11:37:00.000Z,320,false
V001350,LOWW,SUAA,2026-01-02T16:52:00.000Z,2026-01-03T07:26:00.000Z,320,false
V001351,SUAA,EBCI,2026-01-02T06:22:00.000Z,2026-01-02T20:15:00.000Z,320,false
V001352,EBCI,SUAA,2026-01-01T22:02:00.000Z,2026-01-02T11:55:00.000Z,340,false
V001353,SUAA,EBCI,2026-01-02T12:14:00.000Z,2026-01-03T02:07:00.000Z,340,false
V001354,EBCI,SUAA,2026-01-02T04:34:00.000Z,2026-01-02T18:27:00.000Z,360,false
V001355,SUAA,EBCI,2026-01-02T15:52:00.000Z,2026-01-03T05:45:00.000Z,360,false
V001356,EBCI,SUAA,2026-01-02T10:13:00.000Z,2026-01-03T00:06:00.000Z,360,false
V001357,SUAA,EBCI,2026-01-02T21:33:00.000Z,2026-01-03T11:26:00.000Z,360,false
V001358,EBCI,SUAA,2026-01-02T21:55:00.000Z,2026-01-03T11:48:00.000Z,320,false
V001359,SUAA,UMMS,2026-01-02T06:41:00.000Z,2026-01-02T22:31:00.000Z,300,false
V001360,UMMS,SUAA,2026-01-02T00:36:00.000Z,2026-01-02T16:26:00.000Z,320,false
V001361,SUAA,UMMS,2026-01-02T11:52:00.000Z,2026-01-03T03:42:00.000Z,360,false
V001362,UMMS,SUAA,2026-01-02T09:16:00.000Z,2026-01-03T01:06:00.000Z,360,false
V001363,SUAA,UMMS,2026-01-02T22:29:00.000Z,2026-01-03T14:19:00.000Z,300,false
V001364,UMMS,SUAA,2026-01-02T17:12:00.000Z,2026-01-03T09:02:00.000Z,340,false
V001365,SUAA,LBSF,2026-01-02T05:16:00.000Z,2026-01-02T19:56:00.000Z,340,false
V001366,LBSF,SUAA,2026-01-01T23:40:00.000Z,2026-01-02T14:20:00.000Z,340,false
V001367,SUAA,LBSF,2026-01-02T10:25:00.000Z,2026-01-03T01:05:00.000Z,300,false
V001368,LBSF,SUAA,2026-01-02T07:31:00.000Z,2026-01-02T22:11:00.000Z,340,false
V001369,SUAA,LBSF,2026-01-02T15:44:00.000Z,2026-01-03T06:24:00.000Z,340,false
V001370,LBSF,SUAA,2026-01-02T12:13:00.000Z,2026-01-03T02:53:00.000Z,300,false
V001371,SUAA,LBSF,2026-01-03T02:32:00.000Z,2026-01-03T17:12:00.000Z,340,false
V001372,LBSF,SUAA,2026-01-02T16:31:00.000Z,2026-01-03T07:11:00.000Z,300,false
V001373,SUAA,LKPR,2026-01-02T08:30:00.000Z,2026-01-02T23:05:00.000Z,360,false
V001374,LKPR,SUAA,2026-01-01T22:08:00.000Z,2026-01-02T12:43:00.000Z,300,false
V001375,SUAA,LKPR,2026-01-02T10:49:00.000Z,2026-01-03T01:24:00.000Z,340,false
V001376,LKPR,SUAA,2026-01-02T05:59:00.000Z,2026-01-02T20:34:00.000Z,360,false
V001377,SUAA,LKPR,2026-01-02T17:32:00.000Z,2026-01-03T08:07:00.000Z,320,false
V001378,LKPR,SUAA,2026-01-02T12:59:00.000Z,2026-01-03T03:34:00.000Z,360,false
V001379,SUAA,LKPR,2026-01-02T22:50:00.000Z,2026-01-03T13:25:00.000Z,300,false
V001380,LKPR,SUAA,2026-01-02T17:19:00.000Z,2026-01-03T07:54:00.000Z,360,false
V001381,SUAA,LDZA,2026-01-02T07:11:00.000Z,2026-01-02T21:30:00.000Z,300,false
V001382,LDZA,SUAA,2026-01-02T00:20:00.000Z,2026-01-02T14:39:00.000Z,300,false
V001383,SUAA,LDZA,2026-01-02T15:25:00.000Z,2026-01-03T05:44:00.000Z,340,false
V001384,LDZA,SUAA,2026-01-02T11:10:00.000Z,2026-01-03T01:29:00.000Z,300,false
V001385,SUAA,LDZA,2026-01-02T23:35:00.000Z,2026-01-03T13:54:00.000Z,300,false
V001386,LDZA,SUAA,2026-01-02T14:26:00.000Z,2026-01-03T04:45:00.000Z,360,false
V001387,SUAA,EKCH,2026-01-02T07:05:00.000Z,2026-01-02T21:56:00.000Z,320,false
V001388,EKCH,SUAA,2026-01-02T00:33:00.000Z,2026-01-02T15:24:00.000Z,360,false
V001389,SUAA,EKCH,2026-01-02T09:38:00.000Z,2026-01-03T00:29:00.000Z,340,false
V001390,EKCH,SUAA,2026-01-02T05:44:00.000Z,2026-01-02T20:35:00.000Z,360,false
V001391,SUAA,EKCH,2026-01-02T19:48:00.000Z,2026-01-03T10:39:00.000Z,340,false
V001392,EKCH,SUAA,2026-01-02T10:58:00.000Z,2026-01-03T01:49:00.000Z,340,false
V001393,SUAA,EKCH,2026-01-02T22:39:00.000Z,2026-01-03T13:30:00.000Z,340,false
V001394,EKCH,SUAA,2026-01-02T17:24:00.000Z,2026-01-03T08:15:00.000Z,320,false
V001395,SUAA,EHAM,2026-01-02T07:27:00.000Z,2026-01-02T21:32:00.000Z,320,false
V001396,EHAM,SUAA,2026-01-02T02:43:00.000Z,2026-01-02T16:48:00.000Z,360,false
V001397,SUAA,EHAM,2026-01-02T13:46:00.000Z,2026-01-03T03:51:00.000Z,300,false
V001398,EHAM,SUAA,2026-01-02T06:03:00.000Z,2026-01-02T20:08:00.000Z,300,false
V001399,SUAA,EHAM,2026-01-02T19:03:00.000Z,2026-01-03T09:08:00.000Z,340,false
V001400,EHAM,SUAA,2026-01-02T13:56:00.000Z,2026-01-03T04:01:00.000Z,340,false
V001401,SUAA,EHAM,2026-01-03T02:52:00.000Z,2026-01-03T16:57:00.000Z,320,false
V001402,EHAM,SUAA,2026-01-02T18:17:00.000Z,2026-01-03T08:22:00.000Z,340,false
V001403,SUAA,VIDP,2026-01-02T04:19:00.000Z,2026-01-02T23:51:00.000Z,300,false
V001404,VIDP,SUAA,2026-01-01T23:28:00.000Z,2026-01-02T19:00:00.000Z,340,false
V001405,SUAA,VIDP,2026-01-02T10:47:00.000Z,2026-01-03T06:19:00.000Z,300,false
V001406,VIDP,SUAA,2026-01-02T05:14:00.000Z,2026-01-03T00:46:00.000Z,320,false
V001407,SUAA,VIDP,2026-01-02T15:10:00.000Z,2026-01-03T10:42:00.000Z,340,false
V001408,VIDP,SUAA,2026-01-02T10:15:00.000Z,2026-01-03T05:47:00.000Z,360,false
V001409,SUAA,VIDP,2026-01-02T21:10:00.000Z,2026-01-03T16:42:00.000Z,360,false
V001410,VIDP,SUAA,2026-01-02T17:45:00.000Z,2026-01-03T13:17:00.000Z,340,false
V001411,SUAA,OSDI,2026-01-02T06:25:00.000Z,2026-01-02T21:41:00.000Z,320,false
V001412,OSDI,SUAA,2026-01-01T23:48:00.000Z,2026-01-02T15:04:00.000Z,360,false
V001413,SUAA,OSDI,2026-01-02T12:57:00.000Z,2026-01-03T04:13:00.000Z,340,false
V001414,OSDI,SUAA,2026-01-02T07:09:00.000Z,2026-01-02T22:25:00.000Z,340,false
V001415,SUAA,OSDI,2026-01-02T18:20:00.000Z,2026-01-03T09:36:00.000Z,320,false
V001416,OSDI,SUAA,2026-01-02T10:19:00.000Z,2026-01-03T01:35:00.000Z,340,false
V001417,SUAA,OSDI,2026-01-02T21:31:00.000Z,2026-01-03T12:47:00.000Z,300,false
V001418,OSDI,SUAA,2026-01-02T15:33:00.000Z,2026-01-03T06:49:00.000Z,320,false
V001419,SUAA,OAKB,2026-01-02T07:22:00.000Z,2026-01-03T02:15:00.000Z,360,false
V001420,OAKB,SUAA,2026-01-01T23:56:00.000Z,2026-01-02T18:49:00.000Z,340,false
V001421,SUAA,OAKB,2026-01-02T14:19:00.000Z,2026-01-03T09:12:00.000Z,340,false
V001422,OAKB,SUAA,2026-01-02T03:17:00.000Z,2026-01-02T22:10:00.000Z,360,false
V001423,SUAA,OAKB,2026-01-02T19:20:00.000Z,2026-01-03T14:13:00.000Z,360,false
V001424,OAKB,SUAA,2026-01-02T13:46:00.000Z,2026-01-03T08:39:00.000Z,340,false
V001425,SUAA,OAKB,2026-01-03T00:32:00.000Z,2026-01-03T19:25:00.000Z,320,false
V001426,OAKB,SUAA,2026-01-02T18:55:00.000Z,2026-01-03T13:48:00.000Z,300,false
V001427,SUAA,OOMS,2026-01-02T07:41:00.000Z,2026-01-03T00:44:00.000Z,320,false
V001428,OOMS,SUAA,2026-01-01T23:24:00.000Z,2026-01-02T16:27:00.000Z,340,false
V001429,SUAA,OOMS,2026-01-02T12:37:00.000Z,2026-01-03T05:40:00.000Z,320,false
V001430,OOMS,SUAA,2026-01-02T07:38:00.000Z,2026-01-03T00:41:00.000Z,300,false
V001431,SUAA,OOMS,2026-01-02T16:53:00.000Z,2026-01-03T09:56:00.000Z,360,false
V001432,OOMS,SUAA,2026-01-02T10:33:00.000Z,2026-01-03T03:36:00.000Z,320,false
V001433,SUAA,OOMS,2026-01-02T21:41:00.000Z,2026-01-03T14:44:00.000Z,300,false
V001434,OOMS,SUAA,2026-01-02T17:59:00.000Z,2026-01-03T11:02:00.000Z,360,false
V001435,SUAA,OYSN,2026-01-02T06:29:00.000Z,2026-01-02T21:22:00.000Z,340,false
V001436,OYSN,SUAA,2026-01-01T23:26:00.000Z,2026-01-02T14:19:00.000Z,360,false
V001437,SUAA,OYSN,2026-01-02T09:29:00.000Z,2026-01-03T00:22:00.000Z,360,false
V001438,OYSN,SUAA,2026-01-02T04:28:00.000Z,2026-01-02T19:21:00.000Z,360,false
V001439,SUAA,OYSN,2026-01-02T19:58:00.000Z,2026-01-03T10:51:00.000Z,360,false
V001440,OYSN,SUAA,2026-01-02T09:18:00.000Z,2026-01-03T00:11:00.000Z,300,false
V001441,SUAA,OYSN,2026-01-02T21:38:00.000Z,2026-01-03T12:31:00.000Z,320,false
V001442,OYSN,SUAA,2026-01-02T20:23:00.000Z,2026-01-03T11:16:00.000Z,340,false
V001443,SUAA,OPKC,2026-01-02T07:15:00.000Z,2026-01-03T01:24:00.000Z,300,false
V001444,OPKC,SUAA,2026-01-01T23:03:00.000Z,2026-01-02T17:12:00.000Z,360,false
V001445,SUAA,OPKC,2026-01-02T09:30:00.000Z,2026-01-03T03:39:00.000Z,360,false
V001446,OPKC,SUAA,2026-01-02T02:09:00.000Z,2026-01-02T20:18:00.000Z,320,false
V001447,SUAA,OPKC,2026-01-02T16:25:00.000Z,2026-01-03T10:34:00.000Z,340,false
V001448,OPKC,SUAA,2026-01-02T11:18:00.000Z,2026-01-03T05:27:00.000Z,340,false
V001449,SUAA,OPKC,2026-01-02T22:21:00.000Z,2026-01-03T16:30:00.000Z,300,false
V001450,OPKC,SUAA,2026-01-02T16:40:00.000Z,2026-01-03T10:49:00.000Z,360,false
V001451,SUAA,UBBB,2026-01-02T09:58:00.000Z,2026-01-03T03:04:00.000Z,320,false
V001452,UBBB,SUAA,2026-01-02T02:25:00.000Z,2026-01-02T19:31:00.000Z,300,false
V001453,SUAA,UBBB,2026-01-02T16:27:00.000Z,2026-01-03T09:33:00.000Z,340,false
V001454,UBBB,SUAA,2026-01-02T11:26:00.000Z,2026-01-03T04:32:00.000Z,300,false
V001455,SUAA,UBBB,2026-01-02T20:30:00.000Z,2026-01-03T13:36:00.000Z,320,false
V001456,UBBB,SUAA,2026-01-02T19:28:00.000Z,2026-01-03T12:34:00.000Z,360,false
V001457,SUAA,OJAI,2026-01-02T08:57:00.000Z,2026-01-02T23:59:00.000Z,320,false
V001458,OJAI,SUAA,2026-01-02T04:51:00.000Z,2026-01-02T19:53:00.000Z,320,false
V001459,SUAA,OJAI,2026-01-02T14:16:00.000Z,2026-01-03T05:18:00.000Z,300,false
V001460,OJAI,SUAA,2026-01-02T06:31:00.000Z,2026-01-02T21:33:00.000Z,340,false
V001461,SUAA,OJAI,2026-01-02T22:00:00.000Z,2026-01-03T13:02:00.000Z,340,false
V001462,OJAI,SUAA,2026-01-02T13:16:00.000Z,2026-01-03T04:18:00.000Z,360,false
V001463,LATI,EDDI,2026-01-02T00:41:00.000Z,2026-01-02T02:19:00.000Z,360,false
V001464,EDDI,LATI,2026-01-02T01:41:00.000Z,2026-01-02T03:19:00.000Z,320,false
V001465,LATI,EDDI,2026-01-02T07:59:00.000Z,2026-01-02T09:37:00.000Z,360,false
V001466,EDDI,LATI,2026-01-02T07:19:00.000Z,2026-01-02T08:57:00.000Z,320,false
V001467,LATI,EDDI,2026-01-02T12:21:00.000Z,2026-01-02T13:59:00.000Z,320,false
V001468,EDDI,LATI,2026-01-02T14:23:00.000Z,2026-01-02T16:01:00.000Z,360,false
V001469,LATI,EDDI,2026-01-02T20:55:00.000Z,2026-01-02T22:33:00.000Z,360,false
V001470,EDDI,LATI,2026-01-02T21:50:00.000Z,2026-01-02T23:28:00.000Z,320,false
V001471,LATI,LOWW,2026-01-01T22:44:00.000Z,2026-01-01T23:45:00.000Z,360,false
V001472,LOWW,LATI,2026-01-02T01:20:00.000Z,2026-01-02T02:21:00.000Z,300,false
V001473,LATI,LOWW,2026-01-02T06:43:00.000Z,2026-01-02T07:44:00.000Z,320,false
V001474,LOWW,LATI,2026-01-02T08:36:00.000Z,2026-01-02T09:37:00.000Z,340,false
V001475,LATI,LOWW,2026-01-02T14:18:00.000Z,2026-01-02T15:19:00.000Z,300,false
V001476,LOWW,LATI,2026-01-02T14:24:00.000Z,2026-01-02T15:25:00.000Z,360,false
V001477,LATI,LOWW,2026-01-02T17:57:00.000Z,2026-01-02T18:58:00.000Z,360,false
V001478,LOWW,LATI,2026-01-02T20:10:00.000Z,2026-01-02T21:11:00.000Z,300,false
V001479,LATI,EBCI,2026-01-02T00:32:00.000Z,2026-01-02T02:27:00.000Z,360,false
V001480,EBCI,LATI,2026-01-02T00:04:00.000Z,2026-01-02T01:59:00.000Z,300,false
V001481,LATI,EBCI,2026-01-02T06:31:00.000Z,2026-01-02T08:26:00.000Z,300,false
V001482,EBCI,LATI,2026-01-02T04:28:00.000Z,2026-01-02T06:23:00.000Z,340,false
V001483,LATI,EBCI,2026-01-02T12:26:00.000Z,2026-01-02T14:21:00.000Z,340,false
V001484,EBCI,LATI,2026-01-02T10:28:00.000Z,2026-01-02T12:23:00.000Z,320,false
V001485,LATI,EBCI,2026-01-02T18:07:00.000Z,2026-01-02T20:02:00.000Z,300,false
V001486,EBCI,LATI,2026-01-02T16:39:00.000Z,2026-01-02T18:34:00.000Z,360,false
V001487,LATI,UMMS,2026-01-02T02:17:00.000Z,2026-01-02T04:09:00.000Z,340,false
V001488,UMMS,LATI,2026-01-02T01:30:00.000Z,2026-01-02T03:22:00.000Z,320,false
V001489,LATI,UMMS,2026-01-02T05:08:00.000Z,2026-01-02T07:00:00.000Z,360,false
V001490,UMMS,LATI,2026-01-02T03:34:00.000Z,2026-01-02T05:26:00.000Z,320,false
V001491,LATI,UMMS,2026-01-02T14:43:00.000Z,2026-01-02T16:35:00.000Z,340,false
V001492,UMMS,LATI,2026-01-02T09:18:00.000Z,2026-01-02T11:10:00.000Z,320,false
V001493,LATI,UMMS,2026-01-02T19:15:00.000Z,2026-01-02T21:07:00.000Z,340,false
V001494,UMMS,LATI,2026-01-02T20:54:00.000Z,2026-01-02T22:46:00.000Z,360,false
V001495,LATI,LBSF,2026-01-02T00:20:00.000Z,2026-01-02T00:46:00.000Z,300,false
V001496,LBSF,LATI,2026-01-02T00:17:00.000Z,2026-01-02T00:43:00.000Z,300,false
V001497,LATI,LBSF,2026-01-02T06:24:00.000Z,2026-01-02T06:50:00.000Z,320,false
V001498,LBSF,LATI,2026-01-02T08:55:00.000Z,2026-01-02T09:21:00.000Z,320,false
V001499,LATI,LBSF,2026-01-02T13:28:00.000Z,2026-01-02T13:54:00.000Z,340,false
V001500,LBSF,LATI,2026-01-02T11:04:00.000Z,2026-01-02T11:30:00.000Z,360,false
V001501,LATI,LBSF,2026-01-02T19:10:00.000Z,2026-01-02T19:36:00.000Z,360,false
V001502,LBSF,LATI,2026-01-02T15:59:00.000Z,2026-01-02T16:25:00.000Z,360,false
V001503,LATI,LKPR,2026-01-01T23:05:00.000Z,2026-01-02T00:26:00.000Z,300,false
V001504,LKPR,LATI,2026-01-02T00:38:00.000Z,2026-01-02T01:59:00.000Z,300,false
V001505,LATI,LKPR,2026-01-02T04:46:00.000Z,2026-01-02T06:07:00.000Z,320,false
V001506,LKPR,LATI,2026-01-02T04:37:00.000Z,2026-01-02T05:58:00.000Z,360,false
V001507,LATI,LKPR,2026-01-02T11:29:00.000Z,2026-01-02T12:50:00.000Z,300,false
V001508,LKPR,LATI,2026-01-02T11:49:00.000Z,2026-01-02T13:10:00.000Z,360,false
V001509,LATI,LKPR,2026-01-02T19:54:00.000Z,2026-01-02T21:15:00.000Z,340,false
V001510,LKPR,LATI,2026-01-02T16:08:00.000Z,2026-01-02T17:29:00.000Z,320,false
V001511,LATI,LDZA,2026-01-02T02:18:00.000Z,2026-01-02T02:56:00.000Z,340,false
V001512,LDZA,LATI,2026-01-02T02:56:00.000Z,2026-01-02T03:34:00.000Z,340,false
V001513,LATI,LDZA,2026-01-02T05:39:00.000Z,2026-01-02T06:17:00.000Z,360,false
V001514,LDZA,LATI,2026-01-02T05:13:00.000Z,2026-01-02T05:51:00.000Z,320,false
V001515,LATI,LDZA,2026-01-02T13:33:00.000Z,2026-01-02T14:11:00.000Z,360,false
V001516,LDZA,LATI,2026-01-02T11:52:00.000Z,2026-01-02T12:30:00.000Z,340,false
V001517,LATI,LDZA,2026-01-02T20:00:00.000Z,2026-01-02T20:38:00.000Z,320,false
V001518,LDZA,LATI,2026-01-02T20:41:00.000Z,2026-01-02T21:19:00.000Z,360,false
V001519,LATI,EKCH,2026-01-02T03:26:00.000Z,2026-01-02T05:29:00.000Z,340,false
V001520,EKCH,LATI,2026-01-01T23:02:00.000Z,2026-01-02T01:05:00.000Z,340,false
V001521,LATI,EKCH,2026-01-02T09:10:00.000Z,2026-01-02T11:13:00.000Z,360,false
V001522,EKCH,LATI,2026-01-02T13:55:00.000Z,2026-01-02T15:58:00.000Z,360,false
V001523,LATI,EKCH,2026-01-02T17:12:00.000Z,2026-01-02T19:15:00.000Z,300,false
V001524,EKCH,LATI,2026-01-02T21:17:00.000Z,2026-01-02T23:20:00.000Z,320,false
V001525,LATI,EHAM,2026-01-02T01:32:00.000Z,2026-01-02T03:38:00.000Z,340,false
V001526,EHAM,LATI,2026-01-01T22:28:00.000Z,2026-01-02T00:34:00.000Z,320,false
V001527,LATI,EHAM,2026-01-02T08:59:00.000Z,2026-01-02T11:05:00.000Z,340,false
V001528,EHAM,LATI,2026-01-02T09:11:00.000Z,2026-01-02T11:17:00.000Z,320,false
V001529,LATI,EHAM,2026-01-02T10:43:00.000Z,2026-01-02T12:49:00.000Z,300,false
V001530,EHAM,LATI,2026-01-02T12:24:00.000Z,2026-01-02T14:30:00.000Z,320,false
V001531,LATI,EHAM,2026-01-02T19:42:00.000Z,2026-01-02T21:48:00.000Z,320,false
V001532,EHAM,LATI,2026-01-02T16:02:00.000Z,2026-01-02T18:08:00.000Z,320,false
V001533,LATI,VIDP,2026-01-02T01:50:00.000Z,2026-01-02T08:38:00.000Z,360,false
V001534,VIDP,LATI,2026-01-01T21:43:00.000Z,2026-01-02T04:31:00.000Z,320,false
V001535,LATI,VIDP,2026-01-02T07:38:00.000Z,2026-01-02T14:26:00.000Z,320,false
V001536,VIDP,LATI,2026-01-02T04:47:00.000Z,2026-01-02T11:35:00.000Z,340,false
V001537,LATI,VIDP,2026-01-02T14:29:00.000Z,2026-01-02T21:17:00.000Z,360,false
V001538,VIDP,LATI,2026-01-02T07:35:00.000Z,2026-01-02T14:23:00.000Z,360,false
V001539,LATI,VIDP,2026-01-02T16:02:00.000Z,2026-01-02T22:50:00.000Z,360,false
V001540,VIDP,LATI,2026-01-02T13:31:00.000Z,2026-01-02T20:19:00.000Z,320,false
V001541,LATI,OSDI,2026-01-02T00:02:00.000Z,2026-01-02T02:13:00.000Z,360,false
V001542,OSDI,LATI,2026-01-01T21:50:00.000Z,2026-01-02T00:01:00.000Z,300,false
V001543,LATI,OSDI,2026-01-02T08:02:00.000Z,2026-01-02T10:13:00.000Z,360,false
V001544,OSDI,LATI,2026-01-02T10:48:00.000Z,2026-01-02T12:59:00.000Z,300,false
V001545,LATI,OSDI,2026-01-02T15:23:00.000Z,2026-01-02T17:34:00.000Z,360,false
V001546,OSDI,LATI,2026-01-02T19:19:00.000Z,2026-01-02T21:30:00.000Z,360,false
V001547,LATI,OAKB,2026-01-02T02:52:00.000Z,2026-01-02T08:25:00.000Z,360,false
V001548,OAKB,LATI,2026-01-02T06:01:00.000Z,2026-01-02T11:34:00.000Z,300,false
V001549,LATI,OAKB,2026-01-02T19:49:00.000Z,2026-01-03T01:22:00.000Z,320,false
V001550,OAKB,LATI,2026-01-02T15:22:00.000Z,2026-01-02T20:55:00.000Z,340,false
V001551,LATI,OOMS,2026-01-02T05:40:00.000Z,2026-01-02T10:52:00.000Z,320,false
V001552,OOMS,LATI,2026-01-01T22:12:00.000Z,2026-01-02T03:24:00.000Z,340,false
V001553,LATI,OOMS,2026-01-02T09:01:00.000Z,2026-01-02T14:13:00.000Z,340,false
V001554,OOMS,LATI,2026-01-02T04:41:00.000Z,2026-01-02T09:53:00.000Z,300,false
V001555,LATI,OOMS,2026-01-02T14:21:00.000Z,2026-01-02T19:33:00.000Z,320,false
V001556,OOMS,LATI,2026-01-02T14:33:00.000Z,2026-01-02T19:45:00.000Z,320,false
V001557,LATI,OYSN,2026-01-02T00:28:00.000Z,2026-01-02T05:12:00.000Z,300,false
V001558,OYSN,LATI,2026-01-01T23:21:00.000Z,2026-01-02T04:05:00.000Z,300,false
V001559,LATI,OYSN,2026-01-02T08:39:00.000Z,2026-01-02T13:23:00.000Z,300,false
V001560,OYSN,LATI,2026-01-02T07:09:00.000Z,2026-01-02T11:53:00.000Z,360,false
V001561,LATI,OYSN,2026-01-02T21:24:00.000Z,2026-01-03T02:08:00.000Z,320,false
V001562,OYSN,LATI,2026-01-02T19:22:00.000Z,2026-01-03T00:06:00.000Z,360,false
V001563,LATI,OPKC,2026-01-02T00:23:00.000Z,2026-01-02T06:26:00.000Z,300,false
V001564,OPKC,LATI,2026-01-01T19:58:00.000Z,2026-01-02T02:01:00.000Z,360,false
V001565,LATI,OPKC,2026-01-02T06:14:00.000Z,2026-01-02T12:17:00.000Z,320,false
V001566,OPKC,LATI,2026-01-02T01:04:00.000Z,2026-01-02T07:07:00.000Z,300,false
V001567,LATI,OPKC,2026-01-02T11:41:00.000Z,2026-01-02T17:44:00.000Z,320,false
V001568,OPKC,LATI,2026-01-02T12:30:00.000Z,2026-01-02T18:33:00.000Z,360,false
V001569,LATI,OPKC,2026-01-02T19:42:00.000Z,2026-01-03T01:45:00.000Z,320,false
V001570,OPKC,LATI,2026-01-02T18:47:00.000Z,2026-01-03T00:50:00.000Z,340,false
V001571,LATI,UBBB,2026-01-02T02:14:00.000Z,2026-01-02T05:31:00.000Z,360,false
V001572,UBBB,LATI,2026-01-02T00:49:00.000Z,2026-01-02T04:06:00.000Z,300,false
V001573,LATI,UBBB,2026-01-02T07:31:00.000Z,2026-01-02T10:48:00.000Z,340,false
V001574,UBBB,LATI,2026-01-02T06:44:00.000Z,2026-01-02T10:01:00.000Z,300,false
V001575,LATI,UBBB,2026-01-02T12:01:00.000Z,2026-01-02T15:18:00.000Z,360,false
V001576,UBBB,LATI,2026-01-02T13:29:00.000Z,2026-01-02T16:46:00.000Z,360,false
V001577,LATI,UBBB,2026-01-02T20:45:00.000Z,2026-01-03T00:02:00.000Z,300,false
V001578,UBBB,LATI,2026-01-02T16:00:00.000Z,2026-01-02T19:17:00.000Z,360,false
V001579,LATI,OJAI,2026-01-01T23:31:00.000Z,2026-01-02T01:47:00.000Z,300,false
V001580,OJAI,LATI,2026-01-02T13:22:00.000Z,2026-01-02T15:38:00.000Z,360,false
V001581,EDDI,LOWW,2026-01-02T03:45:00.000Z,2026-01-02T04:22:00.000Z,320,false
V001582,LOWW,EDDI,2026-01-02T03:09:00.000Z,2026-01-02T03:46:00.000Z,360,false
V001583,EDDI,LOWW,2026-01-02T06:07:00.000Z,2026-01-02T06:44:00.000Z,360,false
V001584,LOWW,EDDI,2026-01-02T09:41:00.000Z,2026-01-02T10:18:00.000Z,320,false
V001585,EDDI,LOWW,2026-01-02T12:44:00.000Z,2026-01-02T13:21:00.000Z,340,false
V001586,LOWW,EDDI,2026-01-02T11:04:00.000Z,2026-01-02T11:41:00.000Z,340,false
V001587,EDDI,LOWW,2026-01-02T17:17:00.000Z,2026-01-02T17:54:00.000Z,360,false
V001588,LOWW,EDDI,2026-01-02T16:51:00.000Z,2026-01-02T17:28:00.000Z,320,false
V001589,EDDI,EBCI,2026-01-02T01:55:00.000Z,2026-01-02T02:45:00.000Z,300,false
V001590,EBCI,EDDI,2026-01-02T02:41:00.000Z,2026-01-02T03:31:00.000Z,360,false
V001591,EDDI,EBCI,2026-01-02T06:59:00.000Z,2026-01-02T07:49:00.000Z,300,false
V001592,EBCI,EDDI,2026-01-02T08:37:00.000Z,2026-01-02T09:27:00.000Z,300,false
V001593,EDDI,EBCI,2026-01-02T18:28:00.000Z,2026-01-02T19:18:00.000Z,320,false
V001594,EBCI,EDDI,2026-01-02T19:21:00.000Z,2026-01-02T20:11:00.000Z,360,false
V001595,EDDI,UMMS,2026-01-02T00:27:00.000Z,2026-01-02T01:43:00.000Z,300,false
V001596,UMMS,EDDI,2026-01-01T23:14:00.000Z,2026-01-02T00:30:00.000Z,340,false
V001597,EDDI,UMMS,2026-01-02T08:41:00.000Z,2026-01-02T09:57:00.000Z,340,false
V001598,UMMS,EDDI,2026-01-02T05:08:00.000Z,2026-01-02T06:24:00.000Z,300,false
V001599,EDDI,UMMS,2026-01-02T14:00:00.000Z,2026-01-02T15:16:00.000Z,320,false
V001600,UMMS,EDDI,2026-01-02T18:57:00.000Z,2026-01-02T20:13:00.000Z,320,false
V001601,EDDI,LBSF,2026-01-02T02:01:00.000Z,2026-01-02T03:42:00.000Z,360,false
V001602,LBSF,EDDI,2026-01-01T21:20:00.000Z,2026-01-01T23:01:00.000Z,300,false
V001603,EDDI,LBSF,2026-01-02T10:22:00.000Z,2026-01-02T12:03:00.000Z,300,false
V001604,LBSF,EDDI,2026-01-02T05:06:00.000Z,2026-01-02T06:47:00.000Z,320,false
V001605,EDDI,LBSF,2026-01-02T20:39:00.000Z,2026-01-02T22:20:00.000Z,360,false
V001606,LBSF,EDDI,2026-01-02T20:47:00.000Z,2026-01-02T22:28:00.000Z,320,false
V001607,EDDI,LKPR,2026-01-02T02:21:00.000Z,2026-01-02T02:38:00.000Z,360,false
V001608,LKPR,EDDI,2026-01-01T23:00:00.000Z,2026-01-01T23:17:00.000Z,300,false
V001609,EDDI,LKPR,2026-01-02T06:12:00.000Z,2026-01-02T06:29:00.000Z,320,false
V001610,LKPR,EDDI,2026-01-02T07:24:00.000Z,2026-01-02T07:41:00.000Z,320,false
V001611,EDDI,LKPR,2026-01-02T15:32:00.000Z,2026-01-02T15:49:00.000Z,340,false
V001612,LKPR,EDDI,2026-01-02T14:27:00.000Z,2026-01-02T14:44:00.000Z,340,false
V001613,EDDI,LKPR,2026-01-02T20:46:00.000Z,2026-01-02T21:03:00.000Z,300,false
V001614,LKPR,EDDI,2026-01-02T20:59:00.000Z,2026-01-02T21:16:00.000Z,360,false
V001615,EDDI,LDZA,2026-01-02T03:03:00.000Z,2026-01-02T04:04:00.000Z,360,false
V001616,LDZA,EDDI,2026-01-02T00:00:00.000Z,2026-01-02T01:01:00.000Z,340,false
V001617,EDDI,LDZA,2026-01-02T09:42:00.000Z,2026-01-02T10:43:00.000Z,360,false
V001618,LDZA,EDDI,2026-01-02T09:27:00.000Z,2026-01-02T10:28:00.000Z,320,false
V001619,EDDI,LDZA,2026-01-02T13:39:00.000Z,2026-01-02T14:40:00.000Z,320,false
V001620,LDZA,EDDI,2026-01-02T13:18:00.000Z,2026-01-02T14:19:00.000Z,340,false
V001621,EDDI,LDZA,2026-01-02T21:58:00.000Z,2026-01-02T22:59:00.000Z,300,false
V001622,LDZA,EDDI,2026-01-02T20:38:00.000Z,2026-01-02T21:39:00.000Z,320,false
V001623,EDDI,EKCH,2026-01-02T01:02:00.000Z,2026-01-02T01:27:00.000Z,300,false
V001624,EKCH,EDDI,2026-01-02T02:07:00.000Z,2026-01-02T02:32:00.000Z,340,false
V001625,EDDI,EKCH,2026-01-02T09:14:00.000Z,2026-01-02T09:39:00.000Z,300,false
V001626,EKCH,EDDI,2026-01-02T07:19:00.000Z,2026-01-02T07:44:00.000Z,340,false
V001627,EDDI,EKCH,2026-01-02T15:11:00.000Z,2026-01-02T15:36:00.000Z,320,false
V001628,EKCH,EDDI,2026-01-02T11:05:00.000Z,2026-01-02T11:30:00.000Z,360,false
V001629,EDDI,EKCH,2026-01-02T18:18:00.000Z,2026-01-02T18:43:00.000Z,340,false
V001630,EKCH,EDDI,2026-01-02T17:02:00.000Z,2026-01-02T17:27:00.000Z,300,false
V001631,EDDI,EHAM,2026-01-02T02:35:00.000Z,2026-01-02T03:21:00.000Z,340,false
V001632,EHAM,EDDI,2026-01-02T01:43:00.000Z,2026-01-02T02:29:00.000Z,300,false
V001633,EDDI,EHAM,2026-01-02T09:50:00.000Z,2026-01-02T10:36:00.000Z,300,false
V001634,EHAM,EDDI,2026-01-02T07:52:00.000Z,2026-01-02T08:38:00.000Z,340,false
V001635,EDDI,EHAM,2026-01-02T21:19:00.000Z,2026-01-02T22:05:00.000Z,360,false
V001636,EHAM,EDDI,2026-01-02T14:49:00.000Z,2026-01-02T15:35:00.000Z,360,false
V001637,EDDI,VIDP,2026-01-02T01:37:00.000Z,2026-01-02T08:58:00.000Z,360,false
V001638,VIDP,EDDI,2026-01-02T00:20:00.000Z,2026-01-02T07:41:00.000Z,340,false
V001639,EDDI,VIDP,2026-01-02T06:17:00.000Z,2026-01-02T13:38:00.000Z,300,false
V001640,VIDP,EDDI,2026-01-02T05:01:00.000Z,2026-01-02T12:22:00.000Z,300,false
V001641,EDDI,VIDP,2026-01-02T12:57:00.000Z,2026-01-02T20:18:00.000Z,300,false
V001642,VIDP,EDDI,2026-01-02T12:51:00.000Z,2026-01-02T20:12:00.000Z,320,false
V001643,EDDI,VIDP,2026-01-02T18:25:00.000Z,2026-01-03T01:46:00.000Z,340,false
V001644,VIDP,EDDI,2026-01-02T13:34:00.000Z,2026-01-02T20:55:00.000Z,340,false
V001645,EDDI,OSDI,2026-01-01T22:05:00.000Z,2026-01-02T01:36:00.000Z,300,false
V001646,OSDI,EDDI,2026-01-02T02:17:00.000Z,2026-01-02T05:48:00.000Z,320,false
V001647,EDDI,OSDI,2026-01-02T13:07:00.000Z,2026-01-02T16:38:00.000Z,360,false
V001648,OSDI,EDDI,2026-01-02T09:33:00.000Z,2026-01-02T13:04:00.000Z,340,false
V001649,EDDI,OSDI,2026-01-02T21:29:00.000Z,2026-01-03T01:00:00.000Z,340,false
V001650,OSDI,EDDI,2026-01-02T13:35:00.000Z,2026-01-02T17:06:00.000Z,300,false
V001651,EDDI,OAKB,2026-01-02T21:14:00.000Z,2026-01-03T03:18:00.000Z,320,false
V001652,OAKB,EDDI,2026-01-02T15:07:00.000Z,2026-01-02T21:11:00.000Z,360,false
V001653,EDDI,OOMS,2026-01-01T23:05:00.000Z,2026-01-02T05:21:00.000Z,300,false
V001654,OOMS,EDDI,2026-01-01T23:52:00.000Z,2026-01-02T06:08:00.000Z,300,false
V001655,EDDI,OOMS,2026-01-02T09:43:00.000Z,2026-01-02T15:59:00.000Z,340,false
V001656,OOMS,EDDI,2026-01-02T03:59:00.000Z,2026-01-02T10:15:00.000Z,360,false
V001657,EDDI,OOMS,2026-01-02T10:14:00.000Z,2026-01-02T16:30:00.000Z,320,false
V001658,OOMS,EDDI,2026-01-02T11:33:00.000Z,2026-01-02T17:49:00.000Z,340,false
V001659,EDDI,OOMS,2026-01-02T16:51:00.000Z,2026-01-02T23:07:00.000Z,360,false
V001660,OOMS,EDDI,2026-01-02T17:46:00.000Z,2026-01-03T00:02:00.000Z,360,false
V001661,EDDI,OYSN,2026-01-02T02:36:00.000Z,2026-01-02T08:49:00.000Z,320,false
V001662,OYSN,EDDI,2026-01-01T21:27:00.000Z,2026-01-02T03:40:00.000Z,360,false
V001663,EDDI,OYSN,2026-01-02T07:42:00.000Z,2026-01-02T13:55:00.000Z,320,false
V001664,OYSN,EDDI,2026-01-02T06:27:00.000Z,2026-01-02T12:40:00.000Z,300,false
V001665,EDDI,OYSN,2026-01-02T10:06:00.000Z,2026-01-02T16:19:00.000Z,340,false
V001666,OYSN,EDDI,2026-01-02T12:57:00.000Z,2026-01-02T19:10:00.000Z,300,false
V001667,EDDI,OYSN,2026-01-02T16:05:00.000Z,2026-01-02T22:18:00.000Z,320,false
V001668,OYSN,EDDI,2026-01-02T19:24:00.000Z,2026-01-03T01:37:00.000Z,360,false
V001669,EDDI,OPKC,2026-01-01T22:23:00.000Z,2026-01-02T05:17:00.000Z,340,false
V001670,OPKC,EDDI,2026-01-01T21:09:00.000Z,2026-01-02T04:03:00.000Z,320,false
V001671,EDDI,OPKC,2026-01-02T11:59:00.000Z,2026-01-02T18:53:00.000Z,340,false
V001672,OPKC,EDDI,2026-01-02T06:59:00.000Z,2026-01-02T13:53:00.000Z,300,false
V001673,EDDI,OPKC,2026-01-02T21:30:00.000Z,2026-01-03T04:24:00.000Z,320,false
V001674,OPKC,EDDI,2026-01-02T15:25:00.000Z,2026-01-02T22:19:00.000Z,360,false
V001675,EDDI,UBBB,2026-01-01T22:44:00.000Z,2026-01-02T02:38:00.000Z,360,false
V001676,UBBB,EDDI,2026-01-02T03:25:00.000Z,2026-01-02T07:19:00.000Z,340,false
V001677,EDDI,UBBB,2026-01-02T04:08:00.000Z,2026-01-02T08:02:00.000Z,320,false
V001678,UBBB,EDDI,2026-01-02T08:28:00.000Z,2026-01-02T12:22:00.000Z,340,false
V001679,EDDI,UBBB,2026-01-02T12:51:00.000Z,2026-01-02T16:45:00.000Z,360,false
V001680,UBBB,EDDI,2026-01-02T12:37:00.000Z,2026-01-02T16:31:00.000Z,320,false
V001681,EDDI,UBBB,2026-01-02T21:54:00.000Z,2026-01-03T01:48:00.000Z,340,false
V001682,UBBB,EDDI,2026-01-02T17:30:00.000Z,2026-01-02T21:24:00.000Z,300,false
V001683,EDDI,OJAI,2026-01-01T23:01:00.000Z,2026-01-02T02:43:00.000Z,340,false
V001684,OJAI,EDDI,2026-01-01T22:38:00.000Z,2026-01-02T02:20:00.000Z,340,false
V001685,EDDI,OJAI,2026-01-02T13:21:00.000Z,2026-01-02T17:03:00.000Z,340,false
V001686,OJAI,EDDI,2026-01-02T11:58:00.000Z,2026-01-02T15:40:00.000Z,360,false
V001687,EDDI,OJAI,2026-01-02T15:02:00.000Z,2026-01-02T18:44:00.000Z,340,false
V001688,OJAI,EDDI,2026-01-02T19:20:00.000Z,2026-01-02T23:02:00.000Z,320,false
V001689,LOWW,EBCI,2026-01-02T02:39:00.000Z,2026-01-02T03:47:00.000Z,320,false
V001690,EBCI,LOWW,2026-01-01T23:56:00.000Z,2026-01-02T01:04:00.000Z,360,false
V001691,LOWW,EBCI,2026-01-02T06:38:00.000Z,2026-01-02T07:46:00.000Z,300,false
V001692,EBCI,LOWW,2026-01-02T05:10:00.000Z,2026-01-02T06:18:00.000Z,320,false
V001693,LOWW,EBCI,2026-01-02T12:04:00.000Z,2026-01-02T13:12:00.000Z,360,false
V001694,EBCI,LOWW,2026-01-02T10:22:00.000Z,2026-01-02T11:30:00.000Z,320,false
V001695,LOWW,EBCI,2026-01-02T20:41:00.000Z,2026-01-02T21:49:00.000Z,300,false
V001696,EBCI,LOWW,2026-01-02T21:46:00.000Z,2026-01-02T22:54:00.000Z,320,false
V001697,LOWW,UMMS,2026-01-01T23:34:00.000Z,2026-01-02T00:50:00.000Z,300,false
V001698,UMMS,LOWW,2026-01-01T22:37:00.000Z,2026-01-01T23:53:00.000Z,320,false
V001699,LOWW,UMMS,2026-01-02T04:25:00.000Z,2026-01-02T05:41:00.000Z,300,false
V001700,UMMS,LOWW,2026-01-02T03:02:00.000Z,2026-01-02T04:18:00.000Z,340,false
V001701,LOWW,UMMS,2026-01-02T14:28:00.000Z,2026-01-02T15:44:00.000Z,340,false
V001702,UMMS,LOWW,2026-01-02T12:18:00.000Z,2026-01-02T13:34:00.000Z,320,false
V001703,LOWW,UMMS,2026-01-02T18:52:00.000Z,2026-01-02T20:08:00.000Z,360,false
V001704,UMMS,LOWW,2026-01-02T17:03:00.000Z,2026-01-02T18:19:00.000Z,320,false
V001705,LOWW,LBSF,2026-01-02T01:45:00.000Z,2026-01-02T02:50:00.000Z,320,false
V001706,LBSF,LOWW,2026-01-02T01:54:00.000Z,2026-01-02T02:59:00.000Z,360,false
V001707,LOWW,LBSF,2026-01-02T07:22:00.000Z,2026-01-02T08:27:00.000Z,340,false
V001708,LBSF,LOWW,2026-01-02T07:59:00.000Z,2026-01-02T09:04:00.000Z,320,false
V001709,LOWW,LBSF,2026-01-02T15:16:00.000Z,2026-01-02T16:21:00.000Z,360,false
V001710,LBSF,LOWW,2026-01-02T09:08:00.000Z,2026-01-02T10:13:00.000Z,320,false
V001711,LOWW,LBSF,2026-01-02T20:49:00.000Z,2026-01-02T21:54:00.000Z,340,false
V001712,LBSF,LOWW,2026-01-02T20:34:00.000Z,2026-01-02T21:39:00.000Z,340,false
V001713,LOWW,LKPR,2026-01-02T04:57:00.000Z,2026-01-02T05:17:00.000Z,300,false
V001714,LKPR,LOWW,2026-01-02T04:11:00.000Z,2026-01-02T04:31:00.000Z,360,false
V001715,LOWW,LKPR,2026-01-02T11:25:00.000Z,2026-01-02T11:45:00.000Z,340,false
V001716,LKPR,LOWW,2026-01-02T11:27:00.000Z,2026-01-02T11:47:00.000Z,360,false
V001717,LOWW,LKPR,2026-01-02T15:35:00.000Z,2026-01-02T15:55:00.000Z,340,false
V001718,LKPR,LOWW,2026-01-02T16:52:00.000Z,2026-01-02T17:12:00.000Z,340,false
V001719,LOWW,LDZA,2026-01-01T23:05:00.000Z,2026-01-01T23:30:00.000Z,320,false
V001720,LDZA,LOWW,2026-01-02T01:23:00.000Z,2026-01-02T01:48:00.000Z,340,false
V001721,LOWW,LDZA,2026-01-02T13:17:00.000Z,2026-01-02T13:42:00.000Z,300,false
V001722,LDZA,LOWW,2026-01-02T13:59:00.000Z,2026-01-02T14:24:00.000Z,340,false
V001723,LOWW,LDZA,2026-01-02T18:31:00.000Z,2026-01-02T18:56:00.000Z,340,false
V001724,LDZA,LOWW,2026-01-02T16:29:00.000Z,2026-01-02T16:54:00.000Z,300,false
V001725,LOWW,EKCH,2026-01-02T09:12:00.000Z,2026-01-02T10:14:00.000Z,300,false
V001726,EKCH,LOWW,2026-01-02T00:01:00.000Z,2026-01-02T01:03:00.000Z,300,false
V001727,LOWW,EKCH,2026-01-02T16:49:00.000Z,2026-01-02T17:51:00.000Z,300,false
V001728,EKCH,LOWW,2026-01-02T11:26:00.000Z,2026-01-02T12:28:00.000Z,340,false
V001729,LOWW,EHAM,2026-01-01T22:55:00.000Z,2026-01-02T00:07:00.000Z,360,false
V001730,EHAM,LOWW,2026-01-02T00:05:00.000Z,2026-01-02T01:17:00.000Z,320,false
V001731,LOWW,EHAM,2026-01-02T08:40:00.000Z,2026-01-02T09:52:00.000Z,300,false
V001732,EHAM,LOWW,2026-01-02T08:41:00.000Z,2026-01-02T09:53:00.000Z,360,false
V001733,LOWW,EHAM,2026-01-02T13:07:00.000Z,2026-01-02T14:19:00.000Z,320,false
V001734,EHAM,LOWW,2026-01-02T13:50:00.000Z,2026-01-02T15:02:00.000Z,320,false
V001735,LOWW,EHAM,2026-01-02T17:43:00.000Z,2026-01-02T18:55:00.000Z,360,false
V001736,EHAM,LOWW,2026-01-02T16:40:00.000Z,2026-01-02T17:52:00.000Z,340,false
V001737,LOWW,VIDP,2026-01-02T01:26:00.000Z,2026-01-02T08:30:00.000Z,300,false
V001738,VIDP,LOWW,2026-01-01T20:39:00.000Z,2026-01-02T03:43:00.000Z,340,false
V001739,LOWW,VIDP,2026-01-02T07:18:00.000Z,2026-01-02T14:22:00.000Z,320,false
V001740,VIDP,LOWW,2026-01-02T05:04:00.000Z,2026-01-02T12:08:00.000Z,360,false
V001741,LOWW,VIDP,2026-01-02T12:03:00.000Z,2026-01-02T19:07:00.000Z,340,false
V001742,VIDP,LOWW,2026-01-02T12:42:00.000Z,2026-01-02T19:46:00.000Z,360,false
V001743,LOWW,VIDP,2026-01-02T16:28:00.000Z,2026-01-02T23:32:00.000Z,360,false
V001744,VIDP,LOWW,2026-01-02T13:39:00.000Z,2026-01-02T20:43:00.000Z,320,false
V001745,LOWW,OSDI,2026-01-01T23:05:00.000Z,2026-01-02T02:03:00.000Z,300,false
V001746,OSDI,LOWW,2026-01-02T02:43:00.000Z,2026-01-02T05:41:00.000Z,300,false
V001747,LOWW,OSDI,2026-01-02T09:49:00.000Z,2026-01-02T12:47:00.000Z,360,false
V001748,OSDI,LOWW,2026-01-02T04:09:00.000Z,2026-01-02T07:07:00.000Z,360,false
V001749,LOWW,OSDI,2026-01-02T15:50:00.000Z,2026-01-02T18:48:00.000Z,340,false
V001750,OSDI,LOWW,2026-01-02T12:09:00.000Z,2026-01-02T15:07:00.000Z,300,false
V001751,LOWW,OSDI,2026-01-02T16:52:00.000Z,2026-01-02T19:50:00.000Z,320,false
V001752,OSDI,LOWW,2026-01-02T20:33:00.000Z,2026-01-02T23:31:00.000Z,300,false
V001753,LOWW,OAKB,2026-01-02T04:54:00.000Z,2026-01-02T10:42:00.000Z,360,false
V001754,OAKB,LOWW,2026-01-02T13:20:00.000Z,2026-01-02T19:08:00.000Z,340,false
V001755,LOWW,OOMS,2026-01-01T23:43:00.000Z,2026-01-02T05:32:00.000Z,320,false
V001756,OOMS,LOWW,2026-01-01T20:43:00.000Z,2026-01-02T02:32:00.000Z,340,false
V001757,LOWW,OOMS,2026-01-02T10:57:00.000Z,2026-01-02T16:46:00.000Z,340,false
V001758,OOMS,LOWW,2026-01-02T10:39:00.000Z,2026-01-02T16:28:00.000Z,300,false
V001759,LOWW,OYSN,2026-01-02T02:17:00.000Z,2026-01-02T07:55:00.000Z,300,false
V001760,OYSN,LOWW,2026-01-02T00:19:00.000Z,2026-01-02T05:57:00.000Z,340,false
V001761,LOWW,OYSN,2026-01-02T13:46:00.000Z,2026-01-02T19:24:00.000Z,300,false
V001762,OYSN,LOWW,2026-01-02T10:35:00.000Z,2026-01-02T16:13:00.000Z,300,false
V001763,LOWW,OYSN,2026-01-02T19:47:00.000Z,2026-01-03T01:25:00.000Z,360,false
V001764,OYSN,LOWW,2026-01-02T15:24:00.000Z,2026-01-02T21:02:00.000Z,320,false
V001765,LOWW,OPKC,2026-01-02T03:02:00.000Z,2026-01-02T09:33:00.000Z,340,false
V001766,OPKC,LOWW,2026-01-02T00:23:00.000Z,2026-01-02T06:54:00.000Z,340,false
V001767,LOWW,OPKC,2026-01-02T04:36:00.000Z,2026-01-02T11:07:00.000Z,300,false
V001768,OPKC,LOWW,2026-01-02T01:49:00.000Z,2026-01-02T08:20:00.000Z,360,false
V001769,LOWW,OPKC,2026-01-02T11:16:00.000Z,2026-01-02T17:47:00.000Z,320,false
V001770,OPKC,LOWW,2026-01-02T08:54:00.000Z,2026-01-02T15:25:00.000Z,340,false
V001771,LOWW,OPKC,2026-01-02T19:22:00.000Z,2026-01-03T01:53:00.000Z,320,false
V001772,OPKC,LOWW,2026-01-02T18:29:00.000Z,2026-01-03T01:00:00.000Z,320,false
V001773,LOWW,UBBB,2026-01-02T00:13:00.000Z,2026-01-02T03:47:00.000Z,360,false
V001774,UBBB,LOWW,2026-01-02T03:17:00.000Z,2026-01-02T06:51:00.000Z,320,false
V001775,LOWW,UBBB,2026-01-02T05:02:00.000Z,2026-01-02T08:36:00.000Z,340,false
V001776,UBBB,LOWW,2026-01-02T07:20:00.000Z,2026-01-02T10:54:00.000Z,320,false
V001777,LOWW,UBBB,2026-01-02T13:09:00.000Z,2026-01-02T16:43:00.000Z,340,false
V001778,UBBB,LOWW,2026-01-02T12:24:00.000Z,2026-01-02T15:58:00.000Z,340,false
V001779,LOWW,UBBB,2026-01-02T21:15:00.000Z,2026-01-03T00:49:00.000Z,300,false
V001780,UBBB,LOWW,2026-01-02T19:26:00.000Z,2026-01-02T23:00:00.000Z,300,false
V001781,LOWW,OJAI,2026-01-02T03:12:00.000Z,2026-01-02T06:19:00.000Z,320,false
V001782,OJAI,LOWW,2026-01-01T23:46:00.000Z,2026-01-02T02:53:00.000Z,360,false
V001783,LOWW,OJAI,2026-01-02T06:13:00.000Z,2026-01-02T09:20:00.000Z,340,false
V001784,OJAI,LOWW,2026-01-02T07:16:00.000Z,2026-01-02T10:23:00.000Z,300,false
V001785,LOWW,OJAI,2026-01-02T11:48:00.000Z,2026-01-02T14:55:00.000Z,300,false
V001786,OJAI,LOWW,2026-01-02T11:37:00.000Z,2026-01-02T14:44:00.000Z,300,false
V001787,LOWW,OJAI,2026-01-02T20:26:00.000Z,2026-01-02T23:33:00.000Z,300,false
V001788,OJAI,LOWW,2026-01-02T17:13:00.000Z,2026-01-02T20:20:00.000Z,340,false
V001789,EBCI,UMMS,2026-01-02T03:51:00.000Z,2026-01-02T05:58:00.000Z,300,false
V001790,UMMS,EBCI,2026-01-01T21:29:00.000Z,2026-01-01T23:36:00.000Z,360,false
V001791,EBCI,UMMS,2026-01-02T04:51:00.000Z,2026-01-02T06:58:00.000Z,320,false
V001792,UMMS,EBCI,2026-01-02T08:51:00.000Z,2026-01-02T10:58:00.000Z,300,false
V001793,EBCI,UMMS,2026-01-02T13:14:00.000Z,2026-01-02T15:21:00.000Z,340,false
V001794,UMMS,EBCI,2026-01-02T10:10:00.000Z,2026-01-02T12:17:00.000Z,360,false
V001795,EBCI,UMMS,2026-01-02T21:13:00.000Z,2026-01-02T23:20:00.000Z,340,false
V001796,UMMS,EBCI,2026-01-02T15:27:00.000Z,2026-01-02T17:34:00.000Z,320,false
V001797,EBCI,LBSF,2026-01-02T01:36:00.000Z,2026-01-02T03:45:00.000Z,340,false
V001798,LBSF,EBCI,2026-01-02T00:49:00.000Z,2026-01-02T02:58:00.000Z,300,false
V001799,EBCI,LBSF,2026-01-02T09:48:00.000Z,2026-01-02T11:57:00.000Z,320,false
V001800,LBSF,EBCI,2026-01-02T06:05:00.000Z,2026-01-02T08:14:00.000Z,360,false
V001801,EBCI,LBSF,2026-01-02T10:40:00.000Z,2026-01-02T12:49:00.000Z,340,false
V001802,LBSF,EBCI,2026-01-02T14:01:00.000Z,2026-01-02T16:10:00.000Z,340,false
V001803,EBCI,LBSF,2026-01-02T17:24:00.000Z,2026-01-02T19:33:00.000Z,340,false
V001804,LBSF,EBCI,2026-01-02T20:00:00.000Z,2026-01-02T22:09:00.000Z,300,false
V001805,EBCI,LKPR,2026-01-02T03:23:00.000Z,2026-01-02T04:16:00.000Z,300,false
V001806,LKPR,EBCI,2026-01-02T01:31:00.000Z,2026-01-02T02:24:00.000Z,300,false
V001807,EBCI,LKPR,2026-01-02T07:10:00.000Z,2026-01-02T08:03:00.000Z,300,false
V001808,LKPR,EBCI,2026-01-02T05:49:00.000Z,2026-01-02T06:42:00.000Z,300,false
V001809,EBCI,LKPR,2026-01-02T11:26:00.000Z,2026-01-02T12:19:00.000Z,300,false
V001810,LKPR,EBCI,2026-01-02T10:43:00.000Z,2026-01-02T11:36:00.000Z,340,false
V001811,EBCI,LKPR,2026-01-02T16:38:00.000Z,2026-01-02T17:31:00.000Z,320,false
V001812,LKPR,EBCI,2026-01-02T18:03:00.000Z,2026-01-02T18:56:00.000Z,360,false
V001813,EBCI,LDZA,2026-01-02T03:43:00.000Z,2026-01-02T05:02:00.000Z,340,false
V001814,LDZA,EBCI,2026-01-02T01:14:00.000Z,2026-01-02T02:33:00.000Z,300,false
V001815,EBCI,LDZA,2026-01-02T09:39:00.000Z,2026-01-02T10:58:00.000Z,300,false
V001816,LDZA,EBCI,2026-01-02T06:16:00.000Z,2026-01-02T07:35:00.000Z,340,false
V001817,EBCI,LDZA,2026-01-02T13:40:00.000Z,2026-01-02T14:59:00.000Z,360,false
V001818,LDZA,EBCI,2026-01-02T15:23:00.000Z,2026-01-02T16:42:00.000Z,300,false
V001819,EBCI,LDZA,2026-01-02T19:17:00.000Z,2026-01-02T20:36:00.000Z,360,false
V001820,LDZA,EBCI,2026-01-02T20:17:00.000Z,2026-01-02T21:36:00.000Z,340,false
V001821,EBCI,EKCH,2026-01-02T01:00:00.000Z,2026-01-02T01:58:00.000Z,300,false
V001822,EKCH,EBCI,2026-01-02T02:22:00.000Z,2026-01-02T03:20:00.000Z,340,false
V001823,EBCI,EKCH,2026-01-02T08:47:00.000Z,2026-01-02T09:45:00.000Z,340,false
V001824,EKCH,EBCI,2026-01-02T08:31:00.000Z,2026-01-02T09:29:00.000Z,320,false
V001825,EBCI,EKCH,2026-01-02T13:54:00.000Z,2026-01-02T14:52:00.000Z,360,false
V001826,EKCH,EBCI,2026-01-02T10:15:00.000Z,2026-01-02T11:13:00.000Z,360,false
V001827,EBCI,EKCH,2026-01-02T18:55:00.000Z,2026-01-02T19:53:00.000Z,340,false
V001828,EKCH,EBCI,2026-01-02T17:19:00.000Z,2026-01-02T18:17:00.000Z,300,false
V001829,EBCI,EHAM,2026-01-02T01:48:00.000Z,2026-01-02T02:04:00.000Z,360,false
V001830,EHAM,EBCI,2026-01-02T00:00:00.000Z,2026-01-02T00:16:00.000Z,300,false
V001831,EBCI,EHAM,2026-01-02T05:13:00.000Z,2026-01-02T05:29:00.000Z,340,false
V001832,EHAM,EBCI,2026-01-02T06:50:00.000Z,2026-01-02T07:06:00.000Z,340,false
V001833,EBCI,EHAM,2026-01-02T12:56:00.000Z,2026-01-02T13:12:00.000Z,320,false
V001834,EHAM,EBCI,2026-01-02T15:57:00.000Z,2026-01-02T16:13:00.000Z,320,false
V001835,EBCI,EHAM,2026-01-02T17:32:00.000Z,2026-01-02T17:48:00.000Z,340,false
V001836,EHAM,EBCI,2026-01-02T19:25:00.000Z,2026-01-02T19:41:00.000Z,320,false
V001837,EBCI,VIDP,2026-01-02T00:55:00.000Z,2026-01-02T09:04:00.000Z,340,false
V001838,VIDP,EBCI,2026-01-01T19:26:00.000Z,2026-01-02T03:35:00.000Z,360,false
V001839,EBCI,VIDP,2026-01-02T09:36:00.000Z,2026-01-02T17:45:00.000Z,300,false
V001840,VIDP,EBCI,2026-01-02T01:58:00.000Z,2026-01-02T10:07:00.000Z,360,false
V001841,EBCI,VIDP,2026-01-02T14:39:00.000Z,2026-01-02T22:48:00.000Z,340,false
V001842,VIDP,EBCI,2026-01-02T12:25:00.000Z,2026-01-02T20:34:00.000Z,300,false
V001843,EBCI,VIDP,2026-01-02T16:43:00.000Z,2026-01-03T00:52:00.000Z,320,false
V001844,VIDP,EBCI,2026-01-02T16:56:00.000Z,2026-01-03T01:05:00.000Z,340,false
V001845,EBCI,OSDI,2026-01-02T00:03:00.000Z,2026-01-02T04:06:00.000Z,320,false
V001846,OSDI,EBCI,2026-01-02T01:32:00.000Z,2026-01-02T05:35:00.000Z,320,false
V001847,EBCI,OSDI,2026-01-02T13:59:00.000Z,2026-01-02T18:02:00.000Z,360,false
V001848,OSDI,EBCI,2026-01-02T05:41:00.000Z,2026-01-02T09:44:00.000Z,300,false
V001849,EBCI,OSDI,2026-01-02T15:06:00.000Z,2026-01-02T19:09:00.000Z,320,false
V001850,OSDI,EBCI,2026-01-02T19:06:00.000Z,2026-01-02T23:09:00.000Z,340,false
V001851,EBCI,OAKB,2026-01-01T22:23:00.000Z,2026-01-02T05:15:00.000Z,360,false
V001852,OAKB,EBCI,2026-01-01T20:28:00.000Z,2026-01-02T03:20:00.000Z,320,false
V001853,EBCI,OAKB,2026-01-02T16:40:00.000Z,2026-01-02T23:32:00.000Z,300,false
V001854,OAKB,EBCI,2026-01-02T12:11:00.000Z,2026-01-02T19:03:00.000Z,320,false
V001855,EBCI,OOMS,2026-01-01T22:44:00.000Z,2026-01-02T05:41:00.000Z,360,false
V001856,OOMS,EBCI,2026-01-02T01:54:00.000Z,2026-01-02T08:51:00.000Z,340,false
V001857,EBCI,OOMS,2026-01-02T08:45:00.000Z,2026-01-02T15:42:00.000Z,340,false
V001858,OOMS,EBCI,2026-01-02T06:00:00.000Z,2026-01-02T12:57:00.000Z,340,false
V001859,EBCI,OOMS,2026-01-02T19:54:00.000Z,2026-01-03T02:51:00.000Z,300,false
V001860,OOMS,EBCI,2026-01-02T14:03:00.000Z,2026-01-02T21:00:00.000Z,300,false
V001861,EBCI,OYSN,2026-01-02T01:39:00.000Z,2026-01-02T08:18:00.000Z,300,false
V001862,OYSN,EBCI,2026-01-02T00:22:00.000Z,2026-01-02T07:01:00.000Z,300,false
V001863,EBCI,OYSN,2026-01-02T06:38:00.000Z,2026-01-02T13:17:00.000Z,320,false
V001864,OYSN,EBCI,2026-01-02T03:50:00.000Z,2026-01-02T10:29:00.000Z,360,false
V001865,EBCI,OYSN,2026-01-02T10:24:00.000Z,2026-01-02T17:03:00.000Z,360,false
V001866,OYSN,EBCI,2026-01-02T10:45:00.000Z,2026-01-02T17:24:00.000Z,300,false
V001867,EBCI,OYSN,2026-01-02T17:38:00.000Z,2026-01-03T00:17:00.000Z,300,false
V001868,OYSN,EBCI,2026-01-02T17:09:00.000Z,2026-01-02T23:48:00.000Z,300,false
V001869,EBCI,OPKC,2026-01-02T01:04:00.000Z,2026-01-02T08:43:00.000Z,320,false
V001870,OPKC,EBCI,2026-01-02T01:16:00.000Z,2026-01-02T08:55:00.000Z,340,false
V001871,EBCI,OPKC,2026-01-02T11:56:00.000Z,2026-01-02T19:35:00.000Z,340,false
V001872,OPKC,EBCI,2026-01-02T06:11:00.000Z,2026-01-02T13:50:00.000Z,360,false
V001873,EBCI,OPKC,2026-01-02T16:19:00.000Z,2026-01-02T23:58:00.000Z,300,false
V001874,OPKC,EBCI,2026-01-02T13:16:00.000Z,2026-01-02T20:55:00.000Z,320,false
V001875,EBCI,UBBB,2026-01-02T01:45:00.000Z,2026-01-02T06:25:00.000Z,360,false
V001876,UBBB,EBCI,2026-01-01T22:10:00.000Z,2026-01-02T02:50:00.000Z,340,false
V001877,EBCI,UBBB,2026-01-02T04:39:00.000Z,2026-01-02T09:19:00.000Z,320,false
V001878,UBBB,EBCI,2026-01-02T08:55:00.000Z,2026-01-02T13:35:00.000Z,320,false
V001879,EBCI,UBBB,2026-01-02T12:32:00.000Z,2026-01-02T17:12:00.000Z,340,false
V001880,UBBB,EBCI,2026-01-02T14:26:00.000Z,2026-01-02T19:06:00.000Z,360,false
V001881,EBCI,UBBB,2026-01-02T21:27:00.000Z,2026-01-03T02:07:00.000Z,300,false
V001882,UBBB,EBCI,2026-01-02T18:17:00.000Z,2026-01-02T22:57:00.000Z,360,false
V001883,EBCI,OJAI,2026-01-02T02:55:00.000Z,2026-01-02T07:06:00.000Z,340,false
V001884,OJAI,EBCI,2026-01-01T22:10:00.000Z,2026-01-02T02:21:00.000Z,360,false
V001885,EBCI,OJAI,2026-01-02T05:45:00.000Z,2026-01-02T09:56:00.000Z,300,false
V001886,OJAI,EBCI,2026-01-02T06:07:00.000Z,2026-01-02T10:18:00.000Z,300,false
V001887,EBCI,OJAI,2026-01-02T15:29:00.000Z,2026-01-02T19:40:00.000Z,360,false
V001888,OJAI,EBCI,2026-01-02T09:28:00.000Z,2026-01-02T13:39:00.000Z,300,false
V001889,EBCI,OJAI,2026-01-02T20:01:00.000Z,2026-01-03T00:12:00.000Z,340,false
V001890,OJAI,EBCI,2026-01-02T17:03:00.000Z,2026-01-02T21:14:00.000Z,340,false
V001891,UMMS,LBSF,2026-01-02T07:46:00.000Z,2026-01-02T09:22:00.000Z,340,false
V001892,LBSF,UMMS,2026-01-01T22:44:00.000Z,2026-01-02T00:20:00.000Z,340,false
V001893,UMMS,LBSF,2026-01-02T09:19:00.000Z,2026-01-02T10:55:00.000Z,320,false
V001894,LBSF,UMMS,2026-01-02T17:22:00.000Z,2026-01-02T18:58:00.000Z,340,false
V001895,UMMS,LKPR,2026-01-02T03:02:00.000Z,2026-01-02T04:19:00.000Z,340,false
V001896,LKPR,UMMS,2026-01-02T16:52:00.000Z,2026-01-02T18:09:00.000Z,300,false
V001897,UMMS,LDZA,2026-01-02T03:02:00.000Z,2026-01-02T04:35:00.000Z,320,false
V001898,LDZA,UMMS,2026-01-01T23:41:00.000Z,2026-01-02T01:14:00.000Z,320,false
V001899,UMMS,LDZA,2026-01-02T12:42:00.000Z,2026-01-02T14:15:00.000Z,360,false
V001900,LDZA,UMMS,2026-01-02T07:41:00.000Z,2026-01-02T09:14:00.000Z,340,false
V001901,UMMS,LDZA,2026-01-02T17:29:00.000Z,2026-01-02T19:02:00.000Z,320,false
V001902,LDZA,UMMS,2026-01-02T16:44:00.000Z,2026-01-02T18:17:00.000Z,340,false
V001903,UMMS,EKCH,2026-01-02T02:51:00.000Z,2026-01-02T04:11:00.000Z,340,false
V001904,EKCH,UMMS,2026-01-01T22:12:00.000Z,2026-01-01T23:32:00.000Z,320,false
V001905,UMMS,EKCH,2026-01-02T04:21:00.000Z,2026-01-02T05:41:00.000Z,320,false
V001906,EKCH,UMMS,2026-01-02T08:36:00.000Z,2026-01-02T09:56:00.000Z,360,false
V001907,UMMS,EKCH,2026-01-02T12:44:00.000Z,2026-01-02T14:04:00.000Z,300,false
V001908,EKCH,UMMS,2026-01-02T13:53:00.000Z,2026-01-02T15:13:00.000Z,300,false
V001909,UMMS,EKCH,2026-01-02T18:53:00.000Z,2026-01-02T20:13:00.000Z,300,false
V001910,EKCH,UMMS,2026-01-02T18:13:00.000Z,2026-01-02T19:33:00.000Z,320,false
V001911,UMMS,EHAM,2026-01-01T23:57:00.000Z,2026-01-02T01:59:00.000Z,320,false
V001912,EHAM,UMMS,2026-01-01T22:09:00.000Z,2026-01-02T00:11:00.000Z,300,false
V001913,UMMS,EHAM,2026-01-02T08:01:00.000Z,2026-01-02T10:03:00.000Z,360,false
V001914,EHAM,UMMS,2026-01-02T13:56:00.000Z,2026-01-02T15:58:00.000Z,300,false
V001915,UMMS,EHAM,2026-01-02T13:53:00.000Z,2026-01-02T15:55:00.000Z,320,false
V001916,EHAM,UMMS,2026-01-02T19:31:00.000Z,2026-01-02T21:33:00.000Z,300,false
V001917,UMMS,VIDP,2026-01-01T23:39:00.000Z,2026-01-02T05:45:00.000Z,340,false
V001918,VIDP,UMMS,2026-01-01T19:52:00.000Z,2026-01-02T01:58:00.000Z,320,false
V001919,UMMS,VIDP,2026-01-02T05:32:00.000Z,2026-01-02T11:38:00.000Z,340,false
V001920,VIDP,UMMS,2026-01-02T02:49:00.000Z,2026-01-02T08:55:00.000Z,300,false
V001921,UMMS,VIDP,2026-01-02T10:55:00.000Z,2026-01-02T17:01:00.000Z,360,false
V001922,VIDP,UMMS,2026-01-02T09:25:00.000Z,2026-01-02T15:31:00.000Z,320,false
V001923,UMMS,VIDP,2026-01-02T16:43:00.000Z,2026-01-02T22:49:00.000Z,320,false
V001924,VIDP,UMMS,2026-01-02T14:26:00.000Z,2026-01-02T20:32:00.000Z,360,false
V001925,UMMS,OSDI,2026-01-02T00:04:00.000Z,2026-01-02T02:58:00.000Z,320,false
V001926,OSDI,UMMS,2026-01-01T21:24:00.000Z,2026-01-02T00:18:00.000Z,300,false
V001927,UMMS,OSDI,2026-01-02T07:25:00.000Z,2026-01-02T10:19:00.000Z,360,false
V001928,OSDI,UMMS,2026-01-02T04:13:00.000Z,2026-01-02T07:07:00.000Z,340,false
V001929,UMMS,OSDI,2026-01-02T10:09:00.000Z,2026-01-02T13:03:00.000Z,360,false
V001930,OSDI,UMMS,2026-01-02T12:10:00.000Z,2026-01-02T15:04:00.000Z,300,false
V001931,UMMS,OSDI,2026-01-02T18:59:00.000Z,2026-01-02T21:53:00.000Z,300,false
V001932,OSDI,UMMS,2026-01-02T19:35:00.000Z,2026-01-02T22:29:00.000Z,340,false
V001933,UMMS,OAKB,2026-01-01T23:29:00.000Z,2026-01-02T04:19:00.000Z,320,false
V001934,OAKB,UMMS,2026-01-01T23:40:00.000Z,2026-01-02T04:30:00.000Z,320,false
V001935,UMMS,OAKB,2026-01-02T08:23:00.000Z,2026-01-02T13:13:00.000Z,320,false
V001936,OAKB,UMMS,2026-01-02T02:21:00.000Z,2026-01-02T07:11:00.000Z,360,false
V001937,UMMS,OAKB,2026-01-02T12:14:00.000Z,2026-01-02T17:04:00.000Z,360,false
V001938,OAKB,UMMS,2026-01-02T09:57:00.000Z,2026-01-02T14:47:00.000Z,300,false
V001939,UMMS,OAKB,2026-01-02T15:51:00.000Z,2026-01-02T20:41:00.000Z,360,false
V001940,OAKB,UMMS,2026-01-02T15:06:00.000Z,2026-01-02T19:56:00.000Z,320,false
V001941,UMMS,OOMS,2026-01-02T04:11:00.000Z,2026-01-02T09:27:00.000Z,300,false
V001942,OOMS,UMMS,2026-01-02T03:30:00.000Z,2026-01-02T08:46:00.000Z,360,false
V001943,UMMS,OOMS,2026-01-02T09:01:00.000Z,2026-01-02T14:17:00.000Z,320,false
V001944,OOMS,UMMS,2026-01-02T04:07:00.000Z,2026-01-02T09:23:00.000Z,340,false
V001945,UMMS,OOMS,2026-01-02T18:51:00.000Z,2026-01-03T00:07:00.000Z,360,false
V001946,OOMS,UMMS,2026-01-02T17:18:00.000Z,2026-01-02T22:34:00.000Z,360,false
V001947,UMMS,OYSN,2026-01-02T12:49:00.000Z,2026-01-02T18:25:00.000Z,300,false
V001948,OYSN,UMMS,2026-01-01T21:41:00.000Z,2026-01-02T03:17:00.000Z,340,false
V001949,UMMS,OPKC,2026-01-01T21:17:00.000Z,2026-01-02T03:03:00.000Z,360,false
V001950,OPKC,UMMS,2026-01-01T21:50:00.000Z,2026-01-02T03:36:00.000Z,340,false
V001951,UMMS,OPKC,2026-01-02T08:21:00.000Z,2026-01-02T14:07:00.000Z,340,false
V001952,OPKC,UMMS,2026-01-02T08:18:00.000Z,2026-01-02T14:04:00.000Z,360,false
V001953,UMMS,OPKC,2026-01-02T18:55:00.000Z,2026-01-03T00:41:00.000Z,300,false
V001954,OPKC,UMMS,2026-01-02T16:12:00.000Z,2026-01-02T21:58:00.000Z,360,false
V001955,UMMS,UBBB,2026-01-02T02:49:00.000Z,2026-01-02T05:35:00.000Z,340,false
V001956,UBBB,UMMS,2026-01-02T00:26:00.000Z,2026-01-02T03:12:00.000Z,300,false
V001957,UMMS,UBBB,2026-01-02T08:59:00.000Z,2026-01-02T11:45:00.000Z,320,false
V001958,UBBB,UMMS,2026-01-02T04:05:00.000Z,2026-01-02T06:51:00.000Z,300,false
V001959,UMMS,UBBB,2026-01-02T10:26:00.000Z,2026-01-02T13:12:00.000Z,320,false
V001960,UBBB,UMMS,2026-01-02T11:15:00.000Z,2026-01-02T14:01:00.000Z,300,false
V001961,UMMS,UBBB,2026-01-02T20:31:00.000Z,2026-01-02T23:17:00.000Z,300,false
V001962,UBBB,UMMS,2026-01-02T16:25:00.000Z,2026-01-02T19:11:00.000Z,340,false
V001963,UMMS,OJAI,2026-01-02T03:51:00.000Z,2026-01-02T07:00:00.000Z,300,false
V001964,OJAI,UMMS,2026-01-02T10:37:00.000Z,2026-01-02T13:46:00.000Z,300,false
V001965,LBSF,LKPR,2026-01-02T01:12:00.000Z,2026-01-02T02:37:00.000Z,360,false
V001966,LKPR,LBSF,2026-01-02T05:10:00.000Z,2026-01-02T06:35:00.000Z,360,false
V001967,LBSF,LKPR,2026-01-02T11:07:00.000Z,2026-01-02T12:32:00.000Z,300,false
V001968,LKPR,LBSF,2026-01-02T20:25:00.000Z,2026-01-02T21:50:00.000Z,300,false
V001969,LBSF,LDZA,2026-01-02T01:25:00.000Z,2026-01-02T02:14:00.000Z,340,false
V001970,LDZA,LBSF,2026-01-02T03:01:00.000Z,2026-01-02T03:50:00.000Z,320,false
V001971,LBSF,LDZA,2026-01-02T07:13:00.000Z,2026-01-02T08:02:00.000Z,360,false
V001972,LDZA,LBSF,2026-01-02T09:52:00.000Z,2026-01-02T10:41:00.000Z,320,false
V001973,LBSF,LDZA,2026-01-02T13:19:00.000Z,2026-01-02T14:08:00.000Z,320,false
V001974,LDZA,LBSF,2026-01-02T15:45:00.000Z,2026-01-02T16:34:00.000Z,340,false
V001975,LBSF,LDZA,2026-01-02T19:11:00.000Z,2026-01-02T20:00:00.000Z,360,false
V001976,LDZA,LBSF,2026-01-02T21:53:00.000Z,2026-01-02T22:42:00.000Z,340,false
V001977,LBSF,EKCH,2026-01-02T01:04:00.000Z,2026-01-02T03:08:00.000Z,340,false
V001978,EKCH,LBSF,2026-01-01T22:18:00.000Z,2026-01-02T00:22:00.000Z,360,false
V001979,LBSF,EKCH,2026-01-02T05:18:00.000Z,2026-01-02T07:22:00.000Z,340,false
V001980,EKCH,LBSF,2026-01-02T09:59:00.000Z,2026-01-02T12:03:00.000Z,360,false
V001981,LBSF,EKCH,2026-01-02T14:18:00.000Z,2026-01-02T16:22:00.000Z,360,false
V001982,EKCH,LBSF,2026-01-02T11:45:00.000Z,2026-01-02T13:49:00.000Z,340,false
V001983,LBSF,EKCH,2026-01-02T17:25:00.000Z,2026-01-02T19:29:00.000Z,320,false
V001984,EKCH,LBSF,2026-01-02T20:01:00.000Z,2026-01-02T22:05:00.000Z,360,false
V001985,LBSF,EHAM,2026-01-01T22:27:00.000Z,2026-01-02T00:43:00.000Z,300,false
V001986,EHAM,LBSF,2026-01-01T22:04:00.000Z,2026-01-02T00:20:00.000Z,340,false
V001987,LBSF,EHAM,2026-01-02T05:24:00.000Z,2026-01-02T07:40:00.000Z,360,false
V001988,EHAM,LBSF,2026-01-02T09:26:00.000Z,2026-01-02T11:42:00.000Z,300,false
V001989,LBSF,EHAM,2026-01-02T12:17:00.000Z,2026-01-02T14:33:00.000Z,360,false
V001990,EHAM,LBSF,2026-01-02T12:41:00.000Z,2026-01-02T14:57:00.000Z,360,false
V001991,LBSF,EHAM,2026-01-02T16:42:00.000Z,2026-01-02T18:58:00.000Z,300,false
V001992,EHAM,LBSF,2026-01-02T21:11:00.000Z,2026-01-02T23:27:00.000Z,360,false
V001993,LBSF,VIDP,2026-01-02T02:56:00.000Z,2026-01-02T09:18:00.000Z,320,false
V001994,VIDP,LBSF,2026-01-01T23:01:00.000Z,2026-01-02T05:23:00.000Z,360,false
V001995,LBSF,VIDP,2026-01-02T09:28:00.000Z,2026-01-02T15:50:00.000Z,300,false
V001996,VIDP,LBSF,2026-01-02T06:53:00.000Z,2026-01-02T13:15:00.000Z,340,false
V001997,LBSF,VIDP,2026-01-02T17:37:00.000Z,2026-01-02T23:59:00.000Z,360,false
V001998,VIDP,LBSF,2026-01-02T12:52:00.000Z,2026-01-02T19:14:00.000Z,300,false
V001999,LBSF,OSDI,2026-01-02T01:51:00.000Z,2026-01-02T03:45:00.000Z,340,false
V002000,OSDI,LBSF,2026-01-01T21:00:00.000Z,2026-01-01T22:54:00.000Z,300,false
V002001,LBSF,OSDI,2026-01-02T05:25:00.000Z,2026-01-02T07:19:00.000Z,320,false
V002002,OSDI,LBSF,2026-01-02T08:48:00.000Z,2026-01-02T10:42:00.000Z,340,false
V002003,LBSF,OSDI,2026-01-02T11:13:00.000Z,2026-01-02T13:07:00.000Z,300,false
V002004,OSDI,LBSF,2026-01-02T11:42:00.000Z,2026-01-02T13:36:00.000Z,300,false
V002005,LBSF,OSDI,2026-01-02T17:21:00.000Z,2026-01-02T19:15:00.000Z,320,false
V002006,OSDI,LBSF,2026-01-02T16:36:00.000Z,2026-01-02T18:30:00.000Z,320,false
V002007,LBSF,OAKB,2026-01-01T22:08:00.000Z,2026-01-02T03:15:00.000Z,300,false
V002008,OAKB,LBSF,2026-01-01T23:35:00.000Z,2026-01-02T04:42:00.000Z,320,false
V002009,LBSF,OAKB,2026-01-02T06:07:00.000Z,2026-01-02T11:14:00.000Z,300,false
V002010,OAKB,LBSF,2026-01-02T02:39:00.000Z,2026-01-02T07:46:00.000Z,360,false
V002011,LBSF,OAKB,2026-01-02T14:21:00.000Z,2026-01-02T19:28:00.000Z,320,false
V002012,OAKB,LBSF,2026-01-02T13:24:00.000Z,2026-01-02T18:31:00.000Z,360,false
V002013,LBSF,OAKB,2026-01-02T16:50:00.000Z,2026-01-02T21:57:00.000Z,360,false
V002014,OAKB,LBSF,2026-01-02T16:23:00.000Z,2026-01-02T21:30:00.000Z,300,false
V002015,LBSF,OOMS,2026-01-01T23:58:00.000Z,2026-01-02T04:49:00.000Z,340,false
V002016,OOMS,LBSF,2026-01-01T21:43:00.000Z,2026-01-02T02:34:00.000Z,300,false
V002017,LBSF,OOMS,2026-01-02T11:49:00.000Z,2026-01-02T16:40:00.000Z,340,false
V002018,OOMS,LBSF,2026-01-02T09:24:00.000Z,2026-01-02T14:15:00.000Z,360,false
V002019,LBSF,OOMS,2026-01-02T13:29:00.000Z,2026-01-02T18:20:00.000Z,320,false
V002020,OOMS,LBSF,2026-01-02T15:38:00.000Z,2026-01-02T20:29:00.000Z,340,false
V002021,LBSF,OYSN,2026-01-01T23:41:00.000Z,2026-01-02T04:13:00.000Z,360,false
V002022,OYSN,LBSF,2026-01-02T02:03:00.000Z,2026-01-02T06:35:00.000Z,340,false
V002023,LBSF,OYSN,2026-01-02T20:43:00.000Z,2026-01-03T01:15:00.000Z,340,false
V002024,OYSN,LBSF,2026-01-02T15:45:00.000Z,2026-01-02T20:17:00.000Z,340,false
V002025,LBSF,OPKC,2026-01-02T00:10:00.000Z,2026-01-02T05:49:00.000Z,340,false
V002026,OPKC,LBSF,2026-01-01T23:16:00.000Z,2026-01-02T04:55:00.000Z,300,false
V002027,LBSF,OPKC,2026-01-02T06:26:00.000Z,2026-01-02T12:05:00.000Z,360,false
V002028,OPKC,LBSF,2026-01-02T04:04:00.000Z,2026-01-02T09:43:00.000Z,320,false
V002029,LBSF,OPKC,2026-01-02T16:37:00.000Z,2026-01-02T22:16:00.000Z,300,false
V002030,OPKC,LBSF,2026-01-02T13:18:00.000Z,2026-01-02T18:57:00.000Z,340,false
V002031,LBSF,UBBB,2026-01-02T00:28:00.000Z,2026-01-02T03:19:00.000Z,320,false
V002032,UBBB,LBSF,2026-01-01T23:43:00.000Z,2026-01-02T02:34:00.000Z,320,false
V002033,LBSF,UBBB,2026-01-02T07:29:00.000Z,2026-01-02T10:20:00.000Z,320,false
V002034,UBBB,LBSF,2026-01-02T07:43:00.000Z,2026-01-02T10:34:00.000Z,360,false
V002035,LBSF,UBBB,2026-01-02T12:26:00.000Z,2026-01-02T15:17:00.000Z,340,false
V002036,UBBB,LBSF,2026-01-02T12:09:00.000Z,2026-01-02T15:00:00.000Z,300,false
V002037,LBSF,UBBB,2026-01-02T17:59:00.000Z,2026-01-02T20:50:00.000Z,300,false
V002038,UBBB,LBSF,2026-01-02T17:28:00.000Z,2026-01-02T20:19:00.000Z,320,false
V002039,LBSF,OJAI,2026-01-01T23:53:00.000Z,2026-01-02T01:55:00.000Z,360,false
V002040,OJAI,LBSF,2026-01-02T02:43:00.000Z,2026-01-02T04:45:00.000Z,360,false
V002041,LBSF,OJAI,2026-01-02T04:10:00.000Z,2026-01-02T06:12:00.000Z,360,false
V002042,OJAI,LBSF,2026-01-02T08:40:00.000Z,2026-01-02T10:42:00.000Z,320,false
V002043,LBSF,OJAI,2026-01-02T13:45:00.000Z,2026-01-02T15:47:00.000Z,300,false
V002044,OJAI,LBSF,2026-01-02T10:09:00.000Z,2026-01-02T12:11:00.000Z,320,false
V002045,LBSF,OJAI,2026-01-02T20:39:00.000Z,2026-01-02T22:41:00.000Z,360,false
V002046,OJAI,LBSF,2026-01-02T20:47:00.000Z,2026-01-02T22:49:00.000Z,360,false
V002047,LKPR,LDZA,2026-01-02T01:15:00.000Z,2026-01-02T01:58:00.000Z,300,false
V002048,LDZA,LKPR,2026-01-01T22:53:00.000Z,2026-01-01T23:36:00.000Z,300,false
V002049,LKPR,LDZA,2026-01-02T07:08:00.000Z,2026-01-02T07:51:00.000Z,320,false
V002050,LDZA,LKPR,2026-01-02T08:35:00.000Z,2026-01-02T09:18:00.000Z,300,false
V002051,LKPR,LDZA,2026-01-02T14:03:00.000Z,2026-01-02T14:46:00.000Z,360,false
V002052,LDZA,LKPR,2026-01-02T11:57:00.000Z,2026-01-02T12:40:00.000Z,360,false
V002053,LKPR,LDZA,2026-01-02T21:10:00.000Z,2026-01-02T21:53:00.000Z,360,false
V002054,LDZA,LKPR,2026-01-02T20:58:00.000Z,2026-01-02T21:41:00.000Z,340,false
V002055,LKPR,EKCH,2026-01-02T06:59:00.000Z,2026-01-02T07:42:00.000Z,360,false
V002056,EKCH,LKPR,2026-01-01T23:47:00.000Z,2026-01-02T00:30:00.000Z,340,false
V002057,LKPR,EKCH,2026-01-02T11:19:00.000Z,2026-01-02T12:02:00.000Z,340,false
V002058,EKCH,LKPR,2026-01-02T20:34:00.000Z,2026-01-02T21:17:00.000Z,360,false
V002059,LKPR,EHAM,2026-01-02T03:18:00.000Z,2026-01-02T04:13:00.000Z,300,false
V002060,EHAM,LKPR,2026-01-01T22:37:00.000Z,2026-01-01T23:32:00.000Z,320,false
V002061,LKPR,EHAM,2026-01-02T13:24:00.000Z,2026-01-02T14:19:00.000Z,320,false
V002062,EHAM,LKPR,2026-01-02T08:01:00.000Z,2026-01-02T08:56:00.000Z,300,false
V002063,LKPR,EHAM,2026-01-02T17:41:00.000Z,2026-01-02T18:36:00.000Z,300,false
V002064,EHAM,LKPR,2026-01-02T20:16:00.000Z,2026-01-02T21:11:00.000Z,360,false
V002065,LKPR,VIDP,2026-01-02T00:51:00.000Z,2026-01-02T08:06:00.000Z,360,false
V002066,VIDP,LKPR,2026-01-01T23:54:00.000Z,2026-01-02T07:09:00.000Z,360,false
V002067,LKPR,VIDP,2026-01-02T09:09:00.000Z,2026-01-02T16:24:00.000Z,320,false
V002068,VIDP,LKPR,2026-01-02T01:52:00.000Z,2026-01-02T09:07:00.000Z,340,false
V002069,LKPR,VIDP,2026-01-02T14:12:00.000Z,2026-01-02T21:27:00.000Z,320,false
V002070,VIDP,LKPR,2026-01-02T08:30:00.000Z,2026-01-02T15:45:00.000Z,300,false
V002071,LKPR,VIDP,2026-01-02T21:37:00.000Z,2026-01-03T04:52:00.000Z,340,false
V002072,VIDP,LKPR,2026-01-02T18:21:00.000Z,2026-01-03T01:36:00.000Z,320,false
V002073,LKPR,OSDI,2026-01-01T23:06:00.000Z,2026-01-02T02:23:00.000Z,340,false
V002074,OSDI,LKPR,2026-01-01T23:08:00.000Z,2026-01-02T02:25:00.000Z,300,false
V002075,LKPR,OSDI,2026-01-02T09:15:00.000Z,2026-01-02T12:32:00.000Z,320,false
V002076,OSDI,LKPR,2026-01-02T06:35:00.000Z,2026-01-02T09:52:00.000Z,340,false
V002077,LKPR,OSDI,2026-01-02T16:54:00.000Z,2026-01-02T20:11:00.000Z,300,false
V002078,OSDI,LKPR,2026-01-02T19:10:00.000Z,2026-01-02T22:27:00.000Z,360,false
V002079,LKPR,OAKB,2026-01-01T22:25:00.000Z,2026-01-02T04:24:00.000Z,360,false
V002080,OAKB,LKPR,2026-01-02T00:04:00.000Z,2026-01-02T06:03:00.000Z,340,false
V002081,LKPR,OAKB,2026-01-02T08:48:00.000Z,2026-01-02T14:47:00.000Z,320,false
V002082,OAKB,LKPR,2026-01-02T06:51:00.000Z,2026-01-02T12:50:00.000Z,340,false
V002083,LKPR,OAKB,2026-01-02T10:23:00.000Z,2026-01-02T16:22:00.000Z,360,false
V002084,OAKB,LKPR,2026-01-02T10:19:00.000Z,2026-01-02T16:18:00.000Z,320,false
V002085,LKPR,OAKB,2026-01-02T17:56:00.000Z,2026-01-02T23:55:00.000Z,340,false
V002086,OAKB,LKPR,2026-01-02T14:01:00.000Z,2026-01-02T20:00:00.000Z,360,false
V002087,LKPR,OOMS,2026-01-02T05:59:00.000Z,2026-01-02T12:04:00.000Z,340,false
V002088,OOMS,LKPR,2026-01-01T20:10:00.000Z,2026-01-02T02:15:00.000Z,320,false
V002089,LKPR,OOMS,2026-01-02T12:58:00.000Z,2026-01-02T19:03:00.000Z,340,false
V002090,OOMS,LKPR,2026-01-02T08:00:00.000Z,2026-01-02T14:05:00.000Z,340,false
V002091,LKPR,OOMS,2026-01-02T14:10:00.000Z,2026-01-02T20:15:00.000Z,300,false
V002092,OOMS,LKPR,2026-01-02T15:59:00.000Z,2026-01-02T22:04:00.000Z,320,false
V002093,LKPR,OYSN,2026-01-02T05:44:00.000Z,2026-01-02T11:41:00.000Z,300,false
V002094,OYSN,LKPR,2026-01-02T01:48:00.000Z,2026-01-02T07:45:00.000Z,360,false
V002095,LKPR,OYSN,2026-01-02T12:29:00.000Z,2026-01-02T18:26:00.000Z,360,false
V002096,OYSN,LKPR,2026-01-02T08:20:00.000Z,2026-01-02T14:17:00.000Z,300,false
V002097,LKPR,OYSN,2026-01-02T18:19:00.000Z,2026-01-03T00:16:00.000Z,300,false
V002098,OYSN,LKPR,2026-01-02T17:00:00.000Z,2026-01-02T22:57:00.000Z,340,false
V002099,LKPR,OPKC,2026-01-01T23:20:00.000Z,2026-01-02T06:05:00.000Z,300,false
V002100,OPKC,LKPR,2026-01-01T19:25:00.000Z,2026-01-02T02:10:00.000Z,360,false
V002101,LKPR,OPKC,2026-01-02T08:22:00.000Z,2026-01-02T15:07:00.000Z,340,false
V002102,OPKC,LKPR,2026-01-02T04:19:00.000Z,2026-01-02T11:04:00.000Z,340,false
V002103,LKPR,OPKC,2026-01-02T12:44:00.000Z,2026-01-02T19:29:00.000Z,360,false
V002104,OPKC,LKPR,2026-01-02T12:25:00.000Z,2026-01-02T19:10:00.000Z,340,false
V002105,LKPR,OPKC,2026-01-02T21:47:00.000Z,2026-01-03T04:32:00.000Z,360,false
V002106,OPKC,LKPR,2026-01-02T17:16:00.000Z,2026-01-03T00:01:00.000Z,300,false
V002107,LKPR,UBBB,2026-01-02T00:17:00.000Z,2026-01-02T04:03:00.000Z,320,false
V002108,UBBB,LKPR,2026-01-02T00:06:00.000Z,2026-01-02T03:52:00.000Z,360,false
V002109,LKPR,UBBB,2026-01-02T04:14:00.000Z,2026-01-02T08:00:00.000Z,320,false
V002110,UBBB,LKPR,2026-01-02T08:11:00.000Z,2026-01-02T11:57:00.000Z,320,false
V002111,LKPR,UBBB,2026-01-02T15:40:00.000Z,2026-01-02T19:26:00.000Z,320,false
V002112,UBBB,LKPR,2026-01-02T10:47:00.000Z,2026-01-02T14:33:00.000Z,320,false
V002113,LKPR,UBBB,2026-01-02T21:08:00.000Z,2026-01-03T00:54:00.000Z,360,false
V002114,UBBB,LKPR,2026-01-02T17:57:00.000Z,2026-01-02T21:43:00.000Z,320,false
V002115,LKPR,OJAI,2026-01-02T04:11:00.000Z,2026-01-02T07:37:00.000Z,340,false
V002116,OJAI,LKPR,2026-01-01T23:53:00.000Z,2026-01-02T03:19:00.000Z,320,false
V002117,LKPR,OJAI,2026-01-02T08:26:00.000Z,2026-01-02T11:52:00.000Z,340,false
V002118,OJAI,LKPR,2026-01-02T12:13:00.000Z,2026-01-02T15:39:00.000Z,320,false
V002119,LKPR,OJAI,2026-01-02T20:28:00.000Z,2026-01-02T23:54:00.000Z,360,false
V002120,OJAI,LKPR,2026-01-02T19:37:00.000Z,2026-01-02T23:03:00.000Z,360,false
V002121,LDZA,EKCH,2026-01-02T01:34:00.000Z,2026-01-02T03:00:00.000Z,320,false
V002122,EKCH,LDZA,2026-01-02T00:44:00.000Z,2026-01-02T02:10:00.000Z,320,false
V002123,LDZA,EKCH,2026-01-02T06:17:00.000Z,2026-01-02T07:43:00.000Z,360,false
V002124,EKCH,LDZA,2026-01-02T04:40:00.000Z,2026-01-02T06:06:00.000Z,320,false
V002125,LDZA,EKCH,2026-01-02T11:25:00.000Z,2026-01-02T12:51:00.000Z,300,false
V002126,EKCH,LDZA,2026-01-02T14:38:00.000Z,2026-01-02T16:04:00.000Z,340,false
V002127,LDZA,EKCH,2026-01-02T18:44:00.000Z,2026-01-02T20:10:00.000Z,320,false
V002128,EKCH,LDZA,2026-01-02T16:35:00.000Z,2026-01-02T18:01:00.000Z,360,false
V002129,LDZA,EHAM,2026-01-02T00:18:00.000Z,2026-01-02T01:46:00.000Z,340,false
V002130,EHAM,LDZA,2026-01-01T23:52:00.000Z,2026-01-02T01:20:00.000Z,320,false
V002131,LDZA,EHAM,2026-01-02T05:45:00.000Z,2026-01-02T07:13:00.000Z,320,false
V002132,EHAM,LDZA,2026-01-02T05:54:00.000Z,2026-01-02T07:22:00.000Z,360,false
V002133,LDZA,EHAM,2026-01-02T12:49:00.000Z,2026-01-02T14:17:00.000Z,340,false
V002134,EHAM,LDZA,2026-01-02T12:21:00.000Z,2026-01-02T13:49:00.000Z,320,false
V002135,LDZA,EHAM,2026-01-02T17:52:00.000Z,2026-01-02T19:20:00.000Z,340,false
V002136,EHAM,LDZA,2026-01-02T19:28:00.000Z,2026-01-02T20:56:00.000Z,320,false
V002137,LDZA,VIDP,2026-01-02T01:15:00.000Z,2026-01-02T08:19:00.000Z,340,false
V002138,VIDP,LDZA,2026-01-01T22:11:00.000Z,2026-01-02T05:15:00.000Z,320,false
V002139,LDZA,VIDP,2026-01-02T08:39:00.000Z,2026-01-02T15:43:00.000Z,300,false
V002140,VIDP,LDZA,2026-01-02T03:22:00.000Z,2026-01-02T10:26:00.000Z,300,false
V002141,LDZA,VIDP,2026-01-02T13:23:00.000Z,2026-01-02T20:27:00.000Z,340,false
V002142,VIDP,LDZA,2026-01-02T11:23:00.000Z,2026-01-02T18:27:00.000Z,360,false
V002143,LDZA,VIDP,2026-01-02T18:00:00.000Z,2026-01-03T01:04:00.000Z,340,false
V002144,VIDP,LDZA,2026-01-02T16:16:00.000Z,2026-01-02T23:20:00.000Z,320,false
V002145,LDZA,OSDI,2026-01-01T23:26:00.000Z,2026-01-02T02:10:00.000Z,300,false
V002146,OSDI,LDZA,2026-01-02T00:08:00.000Z,2026-01-02T02:52:00.000Z,360,false
V002147,LDZA,OSDI,2026-01-02T10:15:00.000Z,2026-01-02T12:59:00.000Z,320,false
V002148,OSDI,LDZA,2026-01-02T11:50:00.000Z,2026-01-02T14:34:00.000Z,360,false
V002149,LDZA,OSDI,2026-01-02T19:38:00.000Z,2026-01-02T22:22:00.000Z,320,false
V002150,OSDI,LDZA,2026-01-02T18:55:00.000Z,2026-01-02T21:39:00.000Z,300,false
V002151,LDZA,OAKB,2026-01-02T04:31:00.000Z,2026-01-02T10:19:00.000Z,340,false
V002152,OAKB,LDZA,2026-01-01T20:22:00.000Z,2026-01-02T02:10:00.000Z,320,false
V002153,LDZA,OAKB,2026-01-02T12:11:00.000Z,2026-01-02T17:59:00.000Z,360,false
V002154,OAKB,LDZA,2026-01-02T16:58:00.000Z,2026-01-02T22:46:00.000Z,300,false
V002155,LDZA,OOMS,2026-01-02T20:05:00.000Z,2026-01-03T01:45:00.000Z,300,false
V002156,OOMS,LDZA,2026-01-02T10:52:00.000Z,2026-01-02T16:32:00.000Z,300,false
V002157,LDZA,OYSN,2026-01-02T08:45:00.000Z,2026-01-02T14:05:00.000Z,360,false
V002158,OYSN,LDZA,2026-01-02T07:46:00.000Z,2026-01-02T13:06:00.000Z,300,false
V002159,LDZA,OYSN,2026-01-02T14:01:00.000Z,2026-01-02T19:21:00.000Z,360,false
V002160,OYSN,LDZA,2026-01-02T11:26:00.000Z,2026-01-02T16:46:00.000Z,320,false
V002161,LDZA,OPKC,2026-01-02T00:36:00.000Z,2026-01-02T07:02:00.000Z,360,false
V002162,OPKC,LDZA,2026-01-01T23:59:00.000Z,2026-01-02T06:25:00.000Z,300,false
V002163,LDZA,OPKC,2026-01-02T09:07:00.000Z,2026-01-02T15:33:00.000Z,300,false
V002164,OPKC,LDZA,2026-01-02T04:27:00.000Z,2026-01-02T10:53:00.000Z,320,false
V002165,LDZA,OPKC,2026-01-02T13:57:00.000Z,2026-01-02T20:23:00.000Z,360,false
V002166,OPKC,LDZA,2026-01-02T11:23:00.000Z,2026-01-02T17:49:00.000Z,320,false
V002167,LDZA,OPKC,2026-01-02T21:41:00.000Z,2026-01-03T04:07:00.000Z,320,false
V002168,OPKC,LDZA,2026-01-02T14:01:00.000Z,2026-01-02T20:27:00.000Z,340,false
V002169,LDZA,UBBB,2026-01-01T22:31:00.000Z,2026-01-02T02:03:00.000Z,340,false
V002170,UBBB,LDZA,2026-01-02T03:33:00.000Z,2026-01-02T07:05:00.000Z,300,false
V002171,LDZA,UBBB,2026-01-02T04:08:00.000Z,2026-01-02T07:40:00.000Z,340,false
V002172,UBBB,LDZA,2026-01-02T06:01:00.000Z,2026-01-02T09:33:00.000Z,300,false
V002173,LDZA,UBBB,2026-01-02T13:18:00.000Z,2026-01-02T16:50:00.000Z,320,false
V002174,UBBB,LDZA,2026-01-02T15:04:00.000Z,2026-01-02T18:36:00.000Z,340,false
V002175,LDZA,UBBB,2026-01-02T17:45:00.000Z,2026-01-02T21:17:00.000Z,300,false
V002176,UBBB,LDZA,2026-01-02T20:00:00.000Z,2026-01-02T23:32:00.000Z,320,false
V002177,LDZA,OJAI,2026-01-02T03:11:00.000Z,2026-01-02T06:02:00.000Z,300,false
V002178,OJAI,LDZA,2026-01-02T00:41:00.000Z,2026-01-02T03:32:00.000Z,300,false
V002179,LDZA,OJAI,2026-01-02T05:31:00.000Z,2026-01-02T08:22:00.000Z,320,false
V002180,OJAI,LDZA,2026-01-02T08:30:00.000Z,2026-01-02T11:21:00.000Z,300,false
V002181,LDZA,OJAI,2026-01-02T14:07:00.000Z,2026-01-02T16:58:00.000Z,300,false
V002182,OJAI,LDZA,2026-01-02T09:08:00.000Z,2026-01-02T11:59:00.000Z,320,false
V002183,LDZA,OJAI,2026-01-02T17:15:00.000Z,2026-01-02T20:06:00.000Z,340,false
V002184,OJAI,LDZA,2026-01-02T17:31:00.000Z,2026-01-02T20:22:00.000Z,320,false
V002185,EKCH,EHAM,2026-01-02T01:53:00.000Z,2026-01-02T02:40:00.000Z,360,false
V002186,EHAM,EKCH,2026-01-02T01:08:00.000Z,2026-01-02T01:55:00.000Z,340,false
V002187,EKCH,EHAM,2026-01-02T07:25:00.000Z,2026-01-02T08:12:00.000Z,360,false
V002188,EHAM,EKCH,2026-01-02T06:39:00.000Z,2026-01-02T07:26:00.000Z,340,false
V002189,EKCH,EHAM,2026-01-02T13:38:00.000Z,2026-01-02T14:25:00.000Z,360,false
V002190,EHAM,EKCH,2026-01-02T13:47:00.000Z,2026-01-02T14:34:00.000Z,340,false
V002191,EKCH,EHAM,2026-01-02T20:06:00.000Z,2026-01-02T20:53:00.000Z,300,false
V002192,EHAM,EKCH,2026-01-02T21:02:00.000Z,2026-01-02T21:49:00.000Z,300,false
V002193,EKCH,VIDP,2026-01-02T03:00:00.000Z,2026-01-02T10:26:00.000Z,320,false
V002194,VIDP,EKCH,2026-01-01T21:18:00.000Z,2026-01-02T04:44:00.000Z,300,false
V002195,EKCH,VIDP,2026-01-02T07:53:00.000Z,2026-01-02T15:19:00.000Z,340,false
V002196,VIDP,EKCH,2026-01-02T05:17:00.000Z,2026-01-02T12:43:00.000Z,360,false
V002197,EKCH,VIDP,2026-01-02T15:21:00.000Z,2026-01-02T22:47:00.000Z,300,false
V002198,VIDP,EKCH,2026-01-02T16:16:00.000Z,2026-01-02T23:42:00.000Z,360,false
V002199,EKCH,OSDI,2026-01-02T03:32:00.000Z,2026-01-02T07:24:00.000Z,300,false
V002200,OSDI,EKCH,2026-01-01T23:21:00.000Z,2026-01-02T03:13:00.000Z,340,false
V002201,EKCH,OSDI,2026-01-02T13:08:00.000Z,2026-01-02T17:00:00.000Z,320,false
V002202,OSDI,EKCH,2026-01-02T07:30:00.000Z,2026-01-02T11:22:00.000Z,340,false
V002203,EKCH,OSDI,2026-01-02T21:49:00.000Z,2026-01-03T01:41:00.000Z,320,false
V002204,OSDI,EKCH,2026-01-02T20:53:00.000Z,2026-01-03T00:45:00.000Z,300,false
V002205,EKCH,OAKB,2026-01-01T23:06:00.000Z,2026-01-02T05:16:00.000Z,300,false
V002206,OAKB,EKCH,2026-01-01T21:32:00.000Z,2026-01-02T03:42:00.000Z,300,false
V002207,EKCH,OAKB,2026-01-02T05:16:00.000Z,2026-01-02T11:26:00.000Z,320,false
V002208,OAKB,EKCH,2026-01-02T03:45:00.000Z,2026-01-02T09:55:00.000Z,360,false
V002209,EKCH,OAKB,2026-01-02T10:34:00.000Z,2026-01-02T16:44:00.000Z,300,false
V002210,OAKB,EKCH,2026-01-02T12:17:00.000Z,2026-01-02T18:27:00.000Z,300,false
V002211,EKCH,OAKB,2026-01-02T16:56:00.000Z,2026-01-02T23:06:00.000Z,340,false
V002212,OAKB,EKCH,2026-01-02T17:12:00.000Z,2026-01-02T23:22:00.000Z,300,false
V002213,EKCH,OOMS,2026-01-02T02:50:00.000Z,2026-01-02T09:21:00.000Z,360,false
V002214,OOMS,EKCH,2026-01-02T03:49:00.000Z,2026-01-02T10:20:00.000Z,300,false
V002215,EKCH,OOMS,2026-01-02T12:41:00.000Z,2026-01-02T19:12:00.000Z,340,false
V002216,OOMS,EKCH,2026-01-02T05:55:00.000Z,2026-01-02T12:26:00.000Z,360,false
V002217,EKCH,OOMS,2026-01-02T15:02:00.000Z,2026-01-02T21:33:00.000Z,300,false
V002218,OOMS,EKCH,2026-01-02T16:18:00.000Z,2026-01-02T22:49:00.000Z,320,false
V002219,EKCH,OYSN,2026-01-02T07:23:00.000Z,2026-01-02T13:57:00.000Z,300,false
V002220,OYSN,EKCH,2026-01-01T21:11:00.000Z,2026-01-02T03:45:00.000Z,360,false
V002221,EKCH,OYSN,2026-01-02T13:32:00.000Z,2026-01-02T20:06:00.000Z,340,false
V002222,OYSN,EKCH,2026-01-02T19:02:00.000Z,2026-01-03T01:36:00.000Z,300,false
V002223,EKCH,OPKC,2026-01-02T01:01:00.000Z,2026-01-02T08:06:00.000Z,320,false
V002224,OPKC,EKCH,2026-01-01T19:33:00.000Z,2026-01-02T02:38:00.000Z,340,false
V002225,EKCH,OPKC,2026-01-02T07:06:00.000Z,2026-01-02T14:11:00.000Z,340,false
V002226,OPKC,EKCH,2026-01-02T06:53:00.000Z,2026-01-02T13:58:00.000Z,300,false
V002227,EKCH,OPKC,2026-01-02T10:25:00.000Z,2026-01-02T17:30:00.000Z,300,false
V002228,OPKC,EKCH,2026-01-02T11:12:00.000Z,2026-01-02T18:17:00.000Z,320,false
V002229,EKCH,OPKC,2026-01-02T16:02:00.000Z,2026-01-02T23:07:00.000Z,320,false
V002230,OPKC,EKCH,2026-01-02T14:58:00.000Z,2026-01-02T22:03:00.000Z,320,false
V002231,EKCH,UBBB,2026-01-02T01:01:00.000Z,2026-01-02T05:06:00.000Z,300,false
V002232,UBBB,EKCH,2026-01-02T02:50:00.000Z,2026-01-02T06:55:00.000Z,320,false
V002233,EKCH,UBBB,2026-01-02T09:19:00.000Z,2026-01-02T13:24:00.000Z,340,false
V002234,UBBB,EKCH,2026-01-02T04:37:00.000Z,2026-01-02T08:42:00.000Z,340,false
V002235,EKCH,UBBB,2026-01-02T13:41:00.000Z,2026-01-02T17:46:00.000Z,320,false
V002236,UBBB,EKCH,2026-01-02T13:52:00.000Z,2026-01-02T17:57:00.000Z,360,false
V002237,EKCH,UBBB,2026-01-02T20:46:00.000Z,2026-01-03T00:51:00.000Z,320,false
V002238,UBBB,EKCH,2026-01-02T16:02:00.000Z,2026-01-02T20:07:00.000Z,320,false
V002239,EKCH,OJAI,2026-01-02T02:48:00.000Z,2026-01-02T06:51:00.000Z,300,false
V002240,OJAI,EKCH,2026-01-02T01:48:00.000Z,2026-01-02T05:51:00.000Z,300,false
V002241,EKCH,OJAI,2026-01-02T06:57:00.000Z,2026-01-02T11:00:00.000Z,320,false
V002242,OJAI,EKCH,2026-01-02T04:24:00.000Z,2026-01-02T08:27:00.000Z,340,false
V002243,EKCH,OJAI,2026-01-02T14:01:00.000Z,2026-01-02T18:04:00.000Z,340,false
V002244,OJAI,EKCH,2026-01-02T13:07:00.000Z,2026-01-02T17:10:00.000Z,360,false
V002245,EKCH,OJAI,2026-01-02T19:41:00.000Z,2026-01-02T23:44:00.000Z,320,false
V002246,OJAI,EKCH,2026-01-02T17:14:00.000Z,2026-01-02T21:17:00.000Z,300,false
V002247,EHAM,VIDP,2026-01-02T03:45:00.000Z,2026-01-02T11:52:00.000Z,360,false
V002248,VIDP,EHAM,2026-01-01T22:19:00.000Z,2026-01-02T06:26:00.000Z,300,false
V002249,EHAM,VIDP,2026-01-02T04:24:00.000Z,2026-01-02T12:31:00.000Z,300,false
V002250,VIDP,EHAM,2026-01-02T04:05:00.000Z,2026-01-02T12:12:00.000Z,320,false
V002251,EHAM,VIDP,2026-01-02T14:49:00.000Z,2026-01-02T22:56:00.000Z,320,false
V002252,VIDP,EHAM,2026-01-02T11:14:00.000Z,2026-01-02T19:21:00.000Z,320,false
V002253,EHAM,VIDP,2026-01-02T19:58:00.000Z,2026-01-03T04:05:00.000Z,340,false
V002254,VIDP,EHAM,2026-01-02T18:10:00.000Z,2026-01-03T02:17:00.000Z,360,false
V002255,EHAM,OSDI,2026-01-02T04:22:00.000Z,2026-01-02T08:32:00.000Z,320,false
V002256,OSDI,EHAM,2026-01-02T04:28:00.000Z,2026-01-02T08:38:00.000Z,300,false
V002257,EHAM,OSDI,2026-01-02T06:16:00.000Z,2026-01-02T10:26:00.000Z,360,false
V002258,OSDI,EHAM,2026-01-02T09:38:00.000Z,2026-01-02T13:48:00.000Z,360,false
V002259,EHAM,OSDI,2026-01-02T14:22:00.000Z,2026-01-02T18:32:00.000Z,340,false
V002260,OSDI,EHAM,2026-01-02T15:50:00.000Z,2026-01-02T20:00:00.000Z,300,false
V002261,EHAM,OAKB,2026-01-02T04:55:00.000Z,2026-01-02T11:46:00.000Z,320,false
V002262,OAKB,EHAM,2026-01-02T03:17:00.000Z,2026-01-02T10:08:00.000Z,360,false
V002263,EHAM,OAKB,2026-01-02T13:03:00.000Z,2026-01-02T19:54:00.000Z,340,false
V002264,OAKB,EHAM,2026-01-02T06:02:00.000Z,2026-01-02T12:53:00.000Z,360,false
V002265,EHAM,OAKB,2026-01-02T18:12:00.000Z,2026-01-03T01:03:00.000Z,340,false
V002266,OAKB,EHAM,2026-01-02T14:17:00.000Z,2026-01-02T21:08:00.000Z,360,false
V002267,EHAM,OOMS,2026-01-02T04:51:00.000Z,2026-01-02T11:51:00.000Z,300,false
V002268,OOMS,EHAM,2026-01-02T01:03:00.000Z,2026-01-02T08:03:00.000Z,360,false
V002269,EHAM,OYSN,2026-01-02T03:21:00.000Z,2026-01-02T10:10:00.000Z,300,false
V002270,OYSN,EHAM,2026-01-02T04:27:00.000Z,2026-01-02T11:16:00.000Z,320,false
V002271,EHAM,OYSN,2026-01-02T07:47:00.000Z,2026-01-02T14:36:00.000Z,300,false
V002272,OYSN,EHAM,2026-01-02T12:27:00.000Z,2026-01-02T19:16:00.000Z,320,false
V002273,EHAM,OYSN,2026-01-02T16:06:00.000Z,2026-01-02T22:55:00.000Z,360,false
V002274,OYSN,EHAM,2026-01-02T16:22:00.000Z,2026-01-02T23:11:00.000Z,360,false
V002275,EHAM,OPKC,2026-01-01T23:27:00.000Z,2026-01-02T07:07:00.000Z,300,false
V002276,OPKC,EHAM,2026-01-01T21:46:00.000Z,2026-01-02T05:26:00.000Z,300,false
V002277,EHAM,OPKC,2026-01-02T07:21:00.000Z,2026-01-02T15:01:00.000Z,320,false
V002278,OPKC,EHAM,2026-01-02T03:20:00.000Z,2026-01-02T11:00:00.000Z,340,false
V002279,EHAM,OPKC,2026-01-02T17:18:00.000Z,2026-01-03T00:58:00.000Z,320,false
V002280,OPKC,EHAM,2026-01-02T15:31:00.000Z,2026-01-02T23:11:00.000Z,300,false
V002281,EHAM,UBBB,2026-01-02T01:42:00.000Z,2026-01-02T06:23:00.000Z,300,false
V002282,UBBB,EHAM,2026-01-01T22:53:00.000Z,2026-01-02T03:34:00.000Z,340,false
V002283,EHAM,UBBB,2026-01-02T09:06:00.000Z,2026-01-02T13:47:00.000Z,360,false
V002284,UBBB,EHAM,2026-01-02T04:47:00.000Z,2026-01-02T09:28:00.000Z,360,false
V002285,EHAM,UBBB,2026-01-02T10:42:00.000Z,2026-01-02T15:23:00.000Z,300,false
V002286,UBBB,EHAM,2026-01-02T11:27:00.000Z,2026-01-02T16:08:00.000Z,340,false
V002287,EHAM,UBBB,2026-01-02T21:49:00.000Z,2026-01-03T02:30:00.000Z,360,false
V002288,UBBB,EHAM,2026-01-02T20:30:00.000Z,2026-01-03T01:11:00.000Z,360,false
V002289,EHAM,OJAI,2026-01-02T01:34:00.000Z,2026-01-02T05:53:00.000Z,300,false
V002290,OJAI,EHAM,2026-01-02T00:43:00.000Z,2026-01-02T05:02:00.000Z,360,false
V002291,EHAM,OJAI,2026-01-02T09:06:00.000Z,2026-01-02T13:25:00.000Z,320,false
V002292,OJAI,EHAM,2026-01-02T03:07:00.000Z,2026-01-02T07:26:00.000Z,340,false
V002293,EHAM,OJAI,2026-01-02T15:05:00.000Z,2026-01-02T19:24:00.000Z,360,false
V002294,OJAI,EHAM,2026-01-02T13:08:00.000Z,2026-01-02T17:27:00.000Z,340,false
V002295,EHAM,OJAI,2026-01-02T21:53:00.000Z,2026-01-03T02:12:00.000Z,300,false
V002296,OJAI,EHAM,2026-01-02T19:36:00.000Z,2026-01-02T23:55:00.000Z,320,false
V002297,VIDP,OSDI,2026-01-01T20:50:00.000Z,2026-01-02T01:47:00.000Z,300,false
V002298,OSDI,VIDP,2026-01-01T22:27:00.000Z,2026-01-02T03:24:00.000Z,360,false
V002299,VIDP,OSDI,2026-01-02T03:15:00.000Z,2026-01-02T08:12:00.000Z,340,false
V002300,OSDI,VIDP,2026-01-02T03:26:00.000Z,2026-01-02T08:23:00.000Z,300,false
V002301,VIDP,OSDI,2026-01-02T10:45:00.000Z,2026-01-02T15:42:00.000Z,340,false
V002302,OSDI,VIDP,2026-01-02T14:38:00.000Z,2026-01-02T19:35:00.000Z,320,false
V002303,VIDP,OSDI,2026-01-02T17:59:00.000Z,2026-01-02T22:56:00.000Z,320,false
V002304,OSDI,VIDP,2026-01-02T19:52:00.000Z,2026-01-03T00:49:00.000Z,300,false
V002305,VIDP,OAKB,2026-01-01T20:20:00.000Z,2026-01-01T21:36:00.000Z,360,false
V002306,OAKB,VIDP,2026-01-01T23:26:00.000Z,2026-01-02T00:42:00.000Z,300,false
V002307,VIDP,OAKB,2026-01-02T06:06:00.000Z,2026-01-02T07:22:00.000Z,360,false
V002308,OAKB,VIDP,2026-01-02T06:59:00.000Z,2026-01-02T08:15:00.000Z,300,false
V002309,VIDP,OAKB,2026-01-02T11:34:00.000Z,2026-01-02T12:50:00.000Z,340,false
V002310,OAKB,VIDP,2026-01-02T10:26:00.000Z,2026-01-02T11:42:00.000Z,340,false
V002311,VIDP,OAKB,2026-01-02T14:33:00.000Z,2026-01-02T15:49:00.000Z,300,false
V002312,OAKB,VIDP,2026-01-02T15:26:00.000Z,2026-01-02T16:42:00.000Z,340,false
V002313,VIDP,OOMS,2026-01-01T23:00:00.000Z,2026-01-02T01:29:00.000Z,340,false
V002314,OOMS,VIDP,2026-01-02T01:33:00.000Z,2026-01-02T04:02:00.000Z,340,false
V002315,VIDP,OOMS,2026-01-02T03:14:00.000Z,2026-01-02T05:43:00.000Z,340,false
V002316,OOMS,VIDP,2026-01-02T06:46:00.000Z,2026-01-02T09:15:00.000Z,300,false
V002317,VIDP,OOMS,2026-01-02T07:49:00.000Z,2026-01-02T10:18:00.000Z,340,false
V002318,OOMS,VIDP,2026-01-02T08:07:00.000Z,2026-01-02T10:36:00.000Z,300,false
V002319,VIDP,OOMS,2026-01-02T16:47:00.000Z,2026-01-02T19:16:00.000Z,320,false
V002320,OOMS,VIDP,2026-01-02T16:10:00.000Z,2026-01-02T18:39:00.000Z,360,false
V002321,VIDP,OYSN,2026-01-01T22:04:00.000Z,2026-01-02T02:42:00.000Z,300,false
V002322,OYSN,VIDP,2026-01-01T22:27:00.000Z,2026-01-02T03:05:00.000Z,360,false
V002323,VIDP,OYSN,2026-01-02T01:47:00.000Z,2026-01-02T06:25:00.000Z,340,false
V002324,OYSN,VIDP,2026-01-02T07:45:00.000Z,2026-01-02T12:23:00.000Z,340,false
V002325,VIDP,OYSN,2026-01-02T08:20:00.000Z,2026-01-02T12:58:00.000Z,320,false
V002326,OYSN,VIDP,2026-01-02T14:35:00.000Z,2026-01-02T19:13:00.000Z,340,false
V002327,VIDP,OYSN,2026-01-02T18:03:00.000Z,2026-01-02T22:41:00.000Z,340,false
V002328,OYSN,VIDP,2026-01-02T20:46:00.000Z,2026-01-03T01:24:00.000Z,320,false
V002329,VIDP,OPKC,2026-01-02T05:06:00.000Z,2026-01-02T06:28:00.000Z,340,false
V002330,OPKC,VIDP,2026-01-02T03:03:00.000Z,2026-01-02T04:25:00.000Z,340,false
V002331,VIDP,OPKC,2026-01-02T12:03:00.000Z,2026-01-02T13:25:00.000Z,360,false
V002332,OPKC,VIDP,2026-01-02T09:37:00.000Z,2026-01-02T10:59:00.000Z,320,false
V002333,VIDP,UBBB,2026-01-02T00:15:00.000Z,2026-01-02T03:46:00.000Z,360,false
V002334,UBBB,VIDP,2026-01-02T00:12:00.000Z,2026-01-02T03:43:00.000Z,300,false
V002335,VIDP,UBBB,2026-01-02T02:55:00.000Z,2026-01-02T06:26:00.000Z,300,false
V002336,UBBB,VIDP,2026-01-02T07:12:00.000Z,2026-01-02T10:43:00.000Z,320,false
V002337,VIDP,UBBB,2026-01-02T07:57:00.000Z,2026-01-02T11:28:00.000Z,320,false
V002338,UBBB,VIDP,2026-01-02T12:49:00.000Z,2026-01-02T16:20:00.000Z,320,false
V002339,VIDP,UBBB,2026-01-02T18:07:00.000Z,2026-01-02T21:38:00.000Z,300,false
V002340,UBBB,VIDP,2026-01-02T19:03:00.000Z,2026-01-02T22:34:00.000Z,320,false
V002341,VIDP,OJAI,2026-01-01T21:41:00.000Z,2026-01-02T02:47:00.000Z,360,false
V002342,OJAI,VIDP,2026-01-01T22:15:00.000Z,2026-01-02T03:21:00.000Z,300,false
V002343,VIDP,OJAI,2026-01-02T05:01:00.000Z,2026-01-02T10:07:00.000Z,300,false
V002344,OJAI,VIDP,2026-01-02T04:13:00.000Z,2026-01-02T09:19:00.000Z,300,false
V002345,VIDP,OJAI,2026-01-02T12:04:00.000Z,2026-01-02T17:10:00.000Z,300,false
V002346,OJAI,VIDP,2026-01-02T11:14:00.000Z,2026-01-02T16:20:00.000Z,360,false
V002347,VIDP,OJAI,2026-01-02T17:15:00.000Z,2026-01-02T22:21:00.000Z,320,false
V002348,OJAI,VIDP,2026-01-02T16:46:00.000Z,2026-01-02T21:52:00.000Z,300,false
V002349,OSDI,OAKB,2026-01-02T04:08:00.000Z,2026-01-02T07:58:00.000Z,340,false
V002350,OAKB,OSDI,2026-01-02T03:19:00.000Z,2026-01-02T07:09:00.000Z,340,false
V002351,OSDI,OAKB,2026-01-02T10:30:00.000Z,2026-01-02T14:20:00.000Z,320,false
V002352,OAKB,OSDI,2026-01-02T08:41:00.000Z,2026-01-02T12:31:00.000Z,300,false
V002353,OSDI,OAKB,2026-01-02T19:58:00.000Z,2026-01-02T23:48:00.000Z,320,false
V002354,OAKB,OSDI,2026-01-02T16:32:00.000Z,2026-01-02T20:22:00.000Z,360,false
V002355,OSDI,OOMS,2026-01-02T00:34:00.000Z,2026-01-02T03:36:00.000Z,320,false
V002356,OOMS,OSDI,2026-01-01T22:10:00.000Z,2026-01-02T01:12:00.000Z,300,false
V002357,OSDI,OOMS,2026-01-02T10:17:00.000Z,2026-01-02T13:19:00.000Z,340,false
V002358,OOMS,OSDI,2026-01-02T04:45:00.000Z,2026-01-02T07:47:00.000Z,320,false
V002359,OSDI,OOMS,2026-01-02T20:33:00.000Z,2026-01-02T23:35:00.000Z,320,false
V002360,OOMS,OSDI,2026-01-02T17:46:00.000Z,2026-01-02T20:48:00.000Z,320,false
V002361,OSDI,OYSN,2026-01-02T04:00:00.000Z,2026-01-02T06:42:00.000Z,360,false
V002362,OYSN,OSDI,2026-01-02T04:40:00.000Z,2026-01-02T07:22:00.000Z,360,false
V002363,OSDI,OYSN,2026-01-02T08:41:00.000Z,2026-01-02T11:23:00.000Z,320,false
V002364,OYSN,OSDI,2026-01-02T12:44:00.000Z,2026-01-02T15:26:00.000Z,340,false
V002365,OSDI,OYSN,2026-01-02T13:42:00.000Z,2026-01-02T16:24:00.000Z,340,false
V002366,OYSN,OSDI,2026-01-02T16:29:00.000Z,2026-01-02T19:11:00.000Z,340,false
V002367,OSDI,OPKC,2026-01-02T02:45:00.000Z,2026-01-02T06:44:00.000Z,300,false
V002368,OPKC,OSDI,2026-01-01T19:49:00.000Z,2026-01-01T23:48:00.000Z,360,false
V002369,OSDI,OPKC,2026-01-02T04:42:00.000Z,2026-01-02T08:41:00.000Z,360,false
V002370,OPKC,OSDI,2026-01-02T02:22:00.000Z,2026-01-02T06:21:00.000Z,360,false
V002371,OSDI,OPKC,2026-01-02T14:47:00.000Z,2026-01-02T18:46:00.000Z,360,false
V002372,OPKC,OSDI,2026-01-02T12:30:00.000Z,2026-01-02T16:29:00.000Z,360,false
V002373,OSDI,OPKC,2026-01-02T17:44:00.000Z,2026-01-02T21:43:00.000Z,320,false
V002374,OPKC,OSDI,2026-01-02T16:49:00.000Z,2026-01-02T20:48:00.000Z,300,false
V002375,OSDI,UBBB,2026-01-01T22:16:00.000Z,2026-01-02T00:07:00.000Z,300,false
V002376,UBBB,OSDI,2026-01-01T22:00:00.000Z,2026-01-01T23:51:00.000Z,340,false
V002377,OSDI,UBBB,2026-01-02T05:06:00.000Z,2026-01-02T06:57:00.000Z,320,false
V002378,UBBB,OSDI,2026-01-02T09:58:00.000Z,2026-01-02T11:49:00.000Z,360,false
V002379,OSDI,UBBB,2026-01-02T13:52:00.000Z,2026-01-02T15:43:00.000Z,340,false
V002380,UBBB,OSDI,2026-01-02T14:43:00.000Z,2026-01-02T16:34:00.000Z,360,false
V002381,OSDI,OJAI,2026-01-02T06:00:00.000Z,2026-01-02T06:18:00.000Z,360,false
V002382,OJAI,OSDI,2026-01-02T07:01:00.000Z,2026-01-02T07:19:00.000Z,320,false
V002383,OSDI,OJAI,2026-01-02T14:25:00.000Z,2026-01-02T14:43:00.000Z,320,false
V002384,OJAI,OSDI,2026-01-02T19:51:00.000Z,2026-01-02T20:09:00.000Z,300,false
V002385,OAKB,OOMS,2026-01-01T20:03:00.000Z,2026-01-01T22:05:00.000Z,340,false
V002386,OOMS,OAKB,2026-01-02T00:58:00.000Z,2026-01-02T03:00:00.000Z,300,false
V002387,OAKB,OOMS,2026-01-02T07:53:00.000Z,2026-01-02T09:55:00.000Z,300,false
V002388,OOMS,OAKB,2026-01-02T02:58:00.000Z,2026-01-02T05:00:00.000Z,360,false
V002389,OAKB,OOMS,2026-01-02T10:48:00.000Z,2026-01-02T12:50:00.000Z,300,false
V002390,OOMS,OAKB,2026-01-02T08:01:00.000Z,2026-01-02T10:03:00.000Z,360,false
V002391,OAKB,OOMS,2026-01-02T18:26:00.000Z,2026-01-02T20:28:00.000Z,340,false
V002392,OOMS,OAKB,2026-01-02T16:26:00.000Z,2026-01-02T18:28:00.000Z,300,false
V002393,OAKB,OYSN,2026-01-02T00:42:00.000Z,2026-01-02T04:49:00.000Z,320,false
V002394,OYSN,OAKB,2026-01-01T23:01:00.000Z,2026-01-02T03:08:00.000Z,300,false
V002395,OAKB,OYSN,2026-01-02T04:17:00.000Z,2026-01-02T08:24:00.000Z,360,false
V002396,OYSN,OAKB,2026-01-02T05:35:00.000Z,2026-01-02T09:42:00.000Z,360,false
V002397,OAKB,OYSN,2026-01-02T11:21:00.000Z,2026-01-02T15:28:00.000Z,340,false
V002398,OYSN,OAKB,2026-01-02T12:44:00.000Z,2026-01-02T16:51:00.000Z,300,false
V002399,OAKB,OYSN,2026-01-02T18:46:00.000Z,2026-01-02T22:53:00.000Z,320,false
V002400,OYSN,OAKB,2026-01-02T17:31:00.000Z,2026-01-02T21:38:00.000Z,300,false
V002401,OAKB,OPKC,2026-01-01T21:26:00.000Z,2026-01-01T22:51:00.000Z,300,false
V002402,OPKC,OAKB,2026-01-01T20:00:00.000Z,2026-01-01T21:25:00.000Z,320,false
V002403,OAKB,OPKC,2026-01-02T06:31:00.000Z,2026-01-02T07:56:00.000Z,360,false
V002404,OPKC,OAKB,2026-01-02T06:07:00.000Z,2026-01-02T07:32:00.000Z,360,false
V002405,OAKB,OPKC,2026-01-02T08:23:00.000Z,2026-01-02T09:48:00.000Z,360,false
V002406,OPKC,OAKB,2026-01-02T08:52:00.000Z,2026-01-02T10:17:00.000Z,320,false
V002407,OAKB,OPKC,2026-01-02T17:06:00.000Z,2026-01-02T18:31:00.000Z,340,false
V002408,OPKC,OAKB,2026-01-02T14:15:00.000Z,2026-01-02T15:40:00.000Z,360,false
V002409,OAKB,UBBB,2026-01-02T01:48:00.000Z,2026-01-02T04:04:00.000Z,320,false
V002410,UBBB,OAKB,2026-01-01T22:24:00.000Z,2026-01-02T00:40:00.000Z,320,false
V002411,OAKB,UBBB,2026-01-02T03:03:00.000Z,2026-01-02T05:19:00.000Z,340,false
V002412,UBBB,OAKB,2026-01-02T07:37:00.000Z,2026-01-02T09:53:00.000Z,300,false
V002413,OAKB,UBBB,2026-01-02T09:28:00.000Z,2026-01-02T11:44:00.000Z,360,false
V002414,UBBB,OAKB,2026-01-02T10:23:00.000Z,2026-01-02T12:39:00.000Z,300,false
V002415,OAKB,UBBB,2026-01-02T15:48:00.000Z,2026-01-02T18:04:00.000Z,300,false
V002416,UBBB,OAKB,2026-01-02T16:21:00.000Z,2026-01-02T18:37:00.000Z,320,false
V002417,OAKB,OJAI,2026-01-02T01:12:00.000Z,2026-01-02T05:12:00.000Z,340,false
V002418,OJAI,OAKB,2026-01-02T04:47:00.000Z,2026-01-02T08:47:00.000Z,360,false
V002419,OAKB,OJAI,2026-01-02T11:37:00.000Z,2026-01-02T15:37:00.000Z,320,false
V002420,OJAI,OAKB,2026-01-02T07:03:00.000Z,2026-01-02T11:03:00.000Z,320,false
V002421,OAKB,OJAI,2026-01-02T15:13:00.000Z,2026-01-02T19:13:00.000Z,360,false
V002422,OJAI,OAKB,2026-01-02T19:14:00.000Z,2026-01-02T23:14:00.000Z,340,false
V002423,OOMS,OYSN,2026-01-02T10:17:00.000Z,2026-01-02T12:26:00.000Z,340,false
V002424,OYSN,OOMS,2026-01-02T11:28:00.000Z,2026-01-02T13:37:00.000Z,300,false
V002425,OOMS,OPKC,2026-01-01T22:04:00.000Z,2026-01-01T23:13:00.000Z,360,false
V002426,OPKC,OOMS,2026-01-01T19:06:00.000Z,2026-01-01T20:15:00.000Z,360,false
V002427,OOMS,OPKC,2026-01-02T11:57:00.000Z,2026-01-02T13:06:00.000Z,340,false
V002428,OPKC,OOMS,2026-01-02T10:25:00.000Z,2026-01-02T11:34:00.000Z,300,false
V002429,OOMS,OPKC,2026-01-02T17:18:00.000Z,2026-01-02T18:27:00.000Z,340,false
V002430,OPKC,OOMS,2026-01-02T18:18:00.000Z,2026-01-02T19:27:00.000Z,300,false
V002431,OOMS,UBBB,2026-01-01T22:33:00.000Z,2026-01-02T01:06:00.000Z,340,false
V002432,UBBB,OOMS,2026-01-02T03:58:00.000Z,2026-01-02T06:31:00.000Z,360,false
V002433,OOMS,UBBB,2026-01-02T06:37:00.000Z,2026-01-02T09:10:00.000Z,360,false
V002434,UBBB,OOMS,2026-01-02T04:09:00.000Z,2026-01-02T06:42:00.000Z,300,false
V002435,OOMS,UBBB,2026-01-02T12:20:00.000Z,2026-01-02T14:53:00.000Z,340,false
V002436,UBBB,OOMS,2026-01-02T15:23:00.000Z,2026-01-02T17:56:00.000Z,340,false
V002437,OOMS,UBBB,2026-01-02T18:46:00.000Z,2026-01-02T21:19:00.000Z,320,false
V002438,UBBB,OOMS,2026-01-02T20:10:00.000Z,2026-01-02T22:43:00.000Z,360,false
V002439,OOMS,OJAI,2026-01-02T06:18:00.000Z,2026-01-02T09:22:00.000Z,360,false
V002440,OJAI,OOMS,2026-01-02T05:17:00.000Z,2026-01-02T08:21:00.000Z,360,false
V002441,OOMS,OJAI,2026-01-02T08:16:00.000Z,2026-01-02T11:20:00.000Z,360,false
V002442,OJAI,OOMS,2026-01-02T11:49:00.000Z,2026-01-02T14:53:00.000Z,340,false
V002443,OYSN,OPKC,2026-01-01T21:15:00.000Z,2026-01-02T00:31:00.000Z,300,false
V002444,OPKC,OYSN,2026-01-01T22:56:00.000Z,2026-01-02T02:12:00.000Z,300,false
V002445,OYSN,OPKC,2026-01-02T06:10:00.000Z,2026-01-02T09:26:00.000Z,320,false
V002446,OPKC,OYSN,2026-01-02T06:07:00.000Z,2026-01-02T09:23:00.000Z,360,false
V002447,OYSN,OPKC,2026-01-02T14:23:00.000Z,2026-01-02T17:39:00.000Z,340,false
V002448,OPKC,OYSN,2026-01-02T11:46:00.000Z,2026-01-02T15:02:00.000Z,300,false
V002449,OYSN,OPKC,2026-01-02T16:21:00.000Z,2026-01-02T19:37:00.000Z,360,false
V002450,OPKC,OYSN,2026-01-02T18:21:00.000Z,2026-01-02T21:37:00.000Z,300,false
V002451,OYSN,UBBB,2026-01-02T02:53:00.000Z,2026-01-02T06:27:00.000Z,340,false
V002452,UBBB,OYSN,2026-01-01T22:25:00.000Z,2026-01-02T01:59:00.000Z,320,false
V002453,OYSN,UBBB,2026-01-02T03:49:00.000Z,2026-01-02T07:23:00.000Z,360,false
V002454,UBBB,OYSN,2026-01-02T05:35:00.000Z,2026-01-02T09:09:00.000Z,360,false
V002455,OYSN,UBBB,2026-01-02T10:14:00.000Z,2026-01-02T13:48:00.000Z,300,false
V002456,UBBB,OYSN,2026-01-02T12:13:00.000Z,2026-01-02T15:47:00.000Z,340,false
V002457,OYSN,UBBB,2026-01-02T17:27:00.000Z,2026-01-02T21:01:00.000Z,320,false
V002458,UBBB,OYSN,2026-01-02T17:06:00.000Z,2026-01-02T20:40:00.000Z,320,false
V002459,OYSN,OJAI,2026-01-01T22:16:00.000Z,2026-01-02T00:47:00.000Z,320,false
V002460,OJAI,OYSN,2026-01-01T21:13:00.000Z,2026-01-01T23:44:00.000Z,320,false
V002461,OYSN,OJAI,2026-01-02T06:03:00.000Z,2026-01-02T08:34:00.000Z,360,false
V002462,OJAI,OYSN,2026-01-02T03:51:00.000Z,2026-01-02T06:22:00.000Z,340,false
V002463,OYSN,OJAI,2026-01-02T10:48:00.000Z,2026-01-02T13:19:00.000Z,300,false
V002464,OJAI,OYSN,2026-01-02T11:02:00.000Z,2026-01-02T13:33:00.000Z,300,false
V002465,OYSN,OJAI,2026-01-02T20:46:00.000Z,2026-01-02T23:17:00.000Z,320,false
V002466,OJAI,OYSN,2026-01-02T15:58:00.000Z,2026-01-02T18:29:00.000Z,320,false
V002467,OPKC,UBBB,2026-01-01T22:26:00.000Z,2026-01-02T01:26:00.000Z,320,false
V002468,UBBB,OPKC,2026-01-02T01:16:00.000Z,2026-01-02T04:16:00.000Z,340,false
V002469,OPKC,UBBB,2026-01-02T01:39:00.000Z,2026-01-02T04:39:00.000Z,300,false
V002470,UBBB,OPKC,2026-01-02T07:27:00.000Z,2026-01-02T10:27:00.000Z,320,false
V002471,OPKC,UBBB,2026-01-02T12:12:00.000Z,2026-01-02T15:12:00.000Z,360,false
V002472,UBBB,OPKC,2026-01-02T13:30:00.000Z,2026-01-02T16:30:00.000Z,320,false
V002473,OPKC,UBBB,2026-01-02T15:44:00.000Z,2026-01-02T18:44:00.000Z,300,false
V002474,UBBB,OPKC,2026-01-02T21:53:00.000Z,2026-01-03T00:53:00.000Z,340,false
V002475,OPKC,OJAI,2026-01-02T00:45:00.000Z,2026-01-02T04:49:00.000Z,300,false
V002476,OJAI,OPKC,2026-01-01T23:16:00.000Z,2026-01-02T03:20:00.000Z,340,false
V002477,OPKC,OJAI,2026-01-02T06:54:00.000Z,2026-01-02T10:58:00.000Z,340,false
V002478,OJAI,OPKC,2026-01-02T04:51:00.000Z,2026-01-02T08:55:00.000Z,300,false
V002479,OPKC,OJAI,2026-01-02T12:56:00.000Z,2026-01-02T17:00:00.000Z,340,false
V002480,OJAI,OPKC,2026-01-02T14:04:00.000Z,2026-01-02T18:08:00.000Z,300,false
V002481,OPKC,OJAI,2026-01-02T13:32:00.000Z,2026-01-02T17:36:00.000Z,320,false
V002482,OJAI,OPKC,2026-01-02T16:20:00.000Z,2026-01-02T20:24:00.000Z,300,false
V002483,UBBB,OJAI,2026-01-02T13:17:00.000Z,2026-01-02T15:24:00.000Z,300,false
V002484,OJAI,UBBB,2026-01-02T16:48:00.000Z,2026-01-02T18:55:00.000Z,360,false
V002485,SKBO,SEQM,2026-01-03T08:34:00.000Z,2026-01-03T09:21:00.000Z,300,false
V002486,SEQM,SKBO,2026-01-03T09:29:00.000Z,2026-01-03T10:16:00.000Z,340,false
V002487,SKBO,SEQM,2026-01-03T19:22:00.000Z,2026-01-03T20:09:00.000Z,320,false
V002488,SEQM,SKBO,2026-01-03T13:05:00.000Z,2026-01-03T13:52:00.000Z,320,false
V002489,SKBO,SEQM,2026-01-04T00:01:00.000Z,2026-01-04T00:48:00.000Z,340,false
V002490,SEQM,SKBO,2026-01-04T00:55:00.000Z,2026-01-04T01:42:00.000Z,360,false
V002491,SKBO,SVMI,2026-01-03T12:24:00.000Z,2026-01-03T13:47:00.000Z,300,false
V002492,SVMI,SKBO,2026-01-03T10:33:00.000Z,2026-01-03T11:56:00.000Z,340,false
V002493,SKBO,SVMI,2026-01-03T18:56:00.000Z,2026-01-03T20:19:00.000Z,360,false
V002494,SVMI,SKBO,2026-01-03T18:35:00.000Z,2026-01-03T19:58:00.000Z,340,false
V002495,SKBO,SVMI,2026-01-04T00:18:00.000Z,2026-01-04T01:41:00.000Z,360,false
V002496,SVMI,SKBO,2026-01-04T01:52:00.000Z,2026-01-04T03:15:00.000Z,360,false
V002497,SKBO,SBBR,2026-01-03T11:23:00.000Z,2026-01-03T15:58:00.000Z,320,false
V002498,SBBR,SKBO,2026-01-03T06:02:00.000Z,2026-01-03T10:37:00.000Z,320,false
V002499,SKBO,SBBR,2026-01-03T13:21:00.000Z,2026-01-03T17:56:00.000Z,300,false
V002500,SBBR,SKBO,2026-01-03T18:53:00.000Z,2026-01-03T23:28:00.000Z,360,false
V002501,SKBO,SBBR,2026-01-04T01:22:00.000Z,2026-01-04T05:57:00.000Z,360,false
V002502,SBBR,SKBO,2026-01-04T00:57:00.000Z,2026-01-04T05:32:00.000Z,360,false
V002503,SKBO,SPIM,2026-01-03T06:58:00.000Z,2026-01-03T09:14:00.000Z,340,false
V002504,SPIM,SKBO,2026-01-03T09:35:00.000Z,2026-01-03T11:51:00.000Z,340,false
V002505,SKBO,SPIM,2026-01-03T13:46:00.000Z,2026-01-03T16:02:00.000Z,300,false
V002506,SPIM,SKBO,2026-01-03T13:02:00.000Z,2026-01-03T15:18:00.000Z,300,false
V002507,SKBO,SPIM,2026-01-04T03:45:00.000Z,2026-01-04T06:01:00.000Z,340,false
V002508,SPIM,SKBO,2026-01-03T23:09:00.000Z,2026-01-04T01:25:00.000Z,340,false
V002509,SKBO,SLLP,2026-01-04T02:33:00.000Z,2026-01-04T05:28:00.000Z,360,false
V002510,SLLP,SKBO,2026-01-04T00:09:00.000Z,2026-01-04T03:04:00.000Z,300,false
V002511,SKBO,SCEL,2026-01-03T05:20:00.000Z,2026-01-03T10:32:00.000Z,360,false
V002512,SCEL,SKBO,2026-01-03T07:56:00.000Z,2026-01-03T13:08:00.000Z,300,false
V002513,SKBO,SCEL,2026-01-03T11:39:00.000Z,2026-01-03T16:51:00.000Z,320,false
V002514,SCEL,SKBO,2026-01-03T11:43:00.000Z,2026-01-03T16:55:00.000Z,340,false
V002515,SKBO,SCEL,2026-01-03T19:42:00.000Z,2026-01-04T00:54:00.000Z,320,false
V002516,SCEL,SKBO,2026-01-03T18:41:00.000Z,2026-01-03T23:53:00.000Z,360,false
V002517,SKBO,SCEL,2026-01-04T00:18:00.000Z,2026-01-04T05:30:00.000Z,320,false
V002518,SCEL,SKBO,2026-01-03T21:30:00.000Z,2026-01-04T02:42:00.000Z,340,false
V002519,SKBO,SABE,2026-01-03T05:41:00.000Z,2026-01-03T11:24:00.000Z,300,false
V002520,SABE,SKBO,2026-01-03T08:44:00.000Z,2026-01-03T14:27:00.000Z,340,false
V002521,SKBO,SABE,2026-01-03T14:17:00.000Z,2026-01-03T20:00:00.000Z,300,false
V002522,SABE,SKBO,2026-01-03T12:57:00.000Z,2026-01-03T18:40:00.000Z,340,false
V002523,SKBO,SABE,2026-01-03T17:41:00.000Z,2026-01-03T23:24:00.000Z,360,false
V002524,SABE,SKBO,2026-01-03T15:35:00.000Z,2026-01-03T21:18:00.000Z,360,false
V002525,SKBO,SABE,2026-01-04T03:11:00.000Z,2026-01-04T08:54:00.000Z,340,false
V002526,SABE,SKBO,2026-01-04T01:50:00.000Z,2026-01-04T07:33:00.000Z,320,false
V002527,SKBO,SGAS,2026-01-03T11:10:00.000Z,2026-01-03T15:50:00.000Z,360,false
V002528,SGAS,SKBO,2026-01-03T07:11:00.000Z,2026-01-03T11:51:00.000Z,320,false
V002529,SKBO,SGAS,2026-01-03T14:47:00.000Z,2026-01-03T19:27:00.000Z,320,false
V002530,SGAS,SKBO,2026-01-03T13:03:00.000Z,2026-01-03T17:43:00.000Z,320,false
V002531,SKBO,SGAS,2026-01-03T22:38:00.000Z,2026-01-04T03:18:00.000Z,340,false
V002532,SGAS,SKBO,2026-01-04T01:48:00.000Z,2026-01-04T06:28:00.000Z,340,false
V002533,SKBO,SUAA,2026-01-04T03:33:00.000Z,2026-01-04T09:22:00.000Z,360,false
V002534,SUAA,SKBO,2026-01-03T11:00:00.000Z,2026-01-03T16:49:00.000Z,340,false
V002535,SKBO,LATI,2026-01-03T09:59:00.000Z,2026-01-03T22:31:00.000Z,300,false
V002536,LATI,SKBO,2026-01-02T22:17:00.000Z,2026-01-03T10:49:00.000Z,360,false
V002537,SKBO,LATI,2026-01-03T12:21:00.000Z,2026-01-04T00:53:00.000Z,360,false
V002538,LATI,SKBO,2026-01-03T06:50:00.000Z,2026-01-03T19:22:00.000Z,300,false
V002539,SKBO,LATI,2026-01-03T19:40:00.000Z,2026-01-04T08:12:00.000Z,300,false
V002540,LATI,SKBO,2026-01-03T10:21:00.000Z,2026-01-03T22:53:00.000Z,360,false
V002541,SKBO,LATI,2026-01-03T23:04:00.000Z,2026-01-04T11:36:00.000Z,320,false
V002542,LATI,SKBO,2026-01-03T17:54:00.000Z,2026-01-04T06:26:00.000Z,360,false
V002543,SKBO,EDDI,2026-01-03T07:00:00.000Z,2026-01-03T18:53:00.000Z,360,false
V002544,EDDI,SKBO,2026-01-03T06:07:00.000Z,2026-01-03T18:00:00.000Z,300,false
V002545,SKBO,EDDI,2026-01-03T18:48:00.000Z,2026-01-04T06:41:00.000Z,320,false
V002546,EDDI,SKBO,2026-01-03T17:47:00.000Z,2026-01-04T05:40:00.000Z,340,false
V002547,SKBO,LOWW,2026-01-03T06:34:00.000Z,2026-01-03T18:44:00.000Z,360,false
V002548,LOWW,SKBO,2026-01-03T03:56:00.000Z,2026-01-03T16:06:00.000Z,360,false
V002549,SKBO,LOWW,2026-01-04T01:29:00.000Z,2026-01-04T13:39:00.000Z,340,false
V002550,LOWW,SKBO,2026-01-03T17:56:00.000Z,2026-01-04T06:06:00.000Z,360,false
V002551,SKBO,EBCI,2026-01-03T05:24:00.000Z,2026-01-03T16:29:00.000Z,340,false
V002552,EBCI,SKBO,2026-01-02T23:49:00.000Z,2026-01-03T10:54:00.000Z,360,false
V002553,SKBO,EBCI,2026-01-03T18:33:00.000Z,2026-01-04T05:38:00.000Z,360,false
V002554,EBCI,SKBO,2026-01-03T13:43:00.000Z,2026-01-04T00:48:00.000Z,340,false
V002555,SKBO,EBCI,2026-01-04T04:08:00.000Z,2026-01-04T15:13:00.000Z,340,false
V002556,EBCI,SKBO,2026-01-03T14:18:00.000Z,2026-01-04T01:23:00.000Z,300,false
V002557,SKBO,UMMS,2026-01-03T07:41:00.000Z,2026-01-03T20:49:00.000Z,320,false
V002558,UMMS,SKBO,2026-01-03T02:38:00.000Z,2026-01-03T15:46:00.000Z,320,false
V002559,SKBO,UMMS,2026-01-03T11:42:00.000Z,2026-01-04T00:50:00.000Z,340,false
V002560,UMMS,SKBO,2026-01-03T07:52:00.000Z,2026-01-03T21:00:00.000Z,360,false
V002561,SKBO,UMMS,2026-01-03T21:17:00.000Z,2026-01-04T10:25:00.000Z,360,false
V002562,UMMS,SKBO,2026-01-03T11:11:00.000Z,2026-01-04T00:19:00.000Z,300,false
V002563,SKBO,UMMS,2026-01-04T03:51:00.000Z,2026-01-04T16:59:00.000Z,300,false
V002564,UMMS,SKBO,2026-01-03T17:54:00.000Z,2026-01-04T07:02:00.000Z,360,false
V002565,SKBO,LBSF,2026-01-03T11:22:00.000Z,2026-01-04T00:18:00.000Z,320,false
V002566,LBSF,SKBO,2026-01-03T03:35:00.000Z,2026-01-03T16:31:00.000Z,320,false
V002567,SKBO,LBSF,2026-01-03T19:24:00.000Z,2026-01-04T08:20:00.000Z,340,false
V002568,LBSF,SKBO,2026-01-03T05:41:00.000Z,2026-01-03T18:37:00.000Z,340,false
V002569,SKBO,LBSF,2026-01-04T00:01:00.000Z,2026-01-04T12:57:00.000Z,300,false
V002570,LBSF,SKBO,2026-01-03T16:17:00.000Z,2026-01-04T05:13:00.000Z,300,false
V002571,SKBO,LKPR,2026-01-03T10:32:00.000Z,2026-01-03T22:31:00.000Z,360,false
V002572,LKPR,SKBO,2026-01-03T00:50:00.000Z,2026-01-03T12:49:00.000Z,320,false
V002573,SKBO,LKPR,2026-01-03T16:48:00.000Z,2026-01-04T04:47:00.000Z,360,false
V002574,LKPR,SKBO,2026-01-03T07:09:00.000Z,2026-01-03T19:08:00.000Z,360,false
V002575,SKBO,LKPR,2026-01-03T21:25:00.000Z,2026-01-04T09:24:00.000Z,300,false
V002576,LKPR,SKBO,2026-01-03T12:25:00.000Z,2026-01-04T00:24:00.000Z,340,false
V002577,SKBO,LKPR,2026-01-04T02:57:00.000Z,2026-01-04T14:56:00.000Z,320,false
V002578,LKPR,SKBO,2026-01-03T20:32:00.000Z,2026-01-04T08:31:00.000Z,340,false
V002579,SKBO,LDZA,2026-01-03T10:56:00.000Z,2026-01-03T23:07:00.000Z,300,false
V002580,LDZA,SKBO,2026-01-02T23:28:00.000Z,2026-01-03T11:39:00.000Z,320,false
V002581,SKBO,LDZA,2026-01-03T16:14:00.000Z,2026-01-04T04:25:00.000Z,300,false
V002582,LDZA,SKBO,2026-01-03T11:01:00.000Z,2026-01-03T23:12:00.000Z,320,false
V002583,SKBO,LDZA,2026-01-04T01:58:00.000Z,2026-01-04T14:09:00.000Z,360,false
V002584,LDZA,SKBO,2026-01-03T15:59:00.000Z,2026-01-04T04:10:00.000Z,360,false
V002585,SKBO,EKCH,2026-01-03T06:49:00.000Z,2026-01-03T18:37:00.000Z,340,false
V002586,EKCH,SKBO,2026-01-02T23:37:00.000Z,2026-01-03T11:25:00.000Z,320,false
V002587,SKBO,EKCH,2026-01-03T12:35:00.000Z,2026-01-04T00:23:00.000Z,340,false
V002588,EKCH,SKBO,2026-01-03T07:16:00.000Z,2026-01-03T19:04:00.000Z,320,false
V002589,SKBO,EKCH,2026-01-03T19:22:00.000Z,2026-01-04T07:10:00.000Z,340,false
V002590,EKCH,SKBO,2026-01-03T15:54:00.000Z,2026-01-04T03:42:00.000Z,320,false
V002591,SKBO,EKCH,2026-01-04T01:31:00.000Z,2026-01-04T13:19:00.000Z,320,false
V002592,EKCH,SKBO,2026-01-03T18:23:00.000Z,2026-01-04T06:11:00.000Z,360,false
V002593,SKBO,EHAM,2026-01-03T06:12:00.000Z,2026-01-03T17:19:00.000Z,320,false
V002594,EHAM,SKBO,2026-01-03T00:32:00.000Z,2026-01-03T11:39:00.000Z,320,false
V002595,SKBO,EHAM,2026-01-03T11:01:00.000Z,2026-01-03T22:08:00.000Z,340,false
V002596,EHAM,SKBO,2026-01-03T08:06:00.000Z,2026-01-03T19:13:00.000Z,320,false
V002597,SKBO,EHAM,2026-01-03T21:36:00.000Z,2026-01-04T08:43:00.000Z,320,false
V002598,EHAM,SKBO,2026-01-03T12:49:00.000Z,2026-01-03T23:56:00.000Z,360,false
V002599,SKBO,EHAM,2026-01-04T01:13:00.000Z,2026-01-04T12:20:00.000Z,360,false
V002600,EHAM,SKBO,2026-01-03T18:44:00.000Z,2026-01-04T05:51:00.000Z,300,false
V002601,SKBO,VIDP,2026-01-03T10:44:00.000Z,2026-01-04T05:58:00.000Z,320,false
V002602,VIDP,SKBO,2026-01-02T21:50:00.000Z,2026-01-03T17:04:00.000Z,320,false
V002603,SKBO,VIDP,2026-01-03T15:33:00.000Z,2026-01-04T10:47:00.000Z,300,false
V002604,VIDP,SKBO,2026-01-03T05:02:00.000Z,2026-01-04T00:16:00.000Z,340,false
V002605,SKBO,VIDP,2026-01-04T00:05:00.000Z,2026-01-03T19:19:00.000Z,340,false
V002606,VIDP,SKBO,2026-01-03T17:11:00.000Z,2026-01-04T12:25:00.000Z,320,false
V002607,SKBO,OSDI,2026-01-03T09:14:00.000Z,2026-01-03T23:50:00.000Z,340,false
V002608,OSDI,SKBO,2026-01-02T21:54:00.000Z,2026-01-03T12:30:00.000Z,300,false
V002609,SKBO,OSDI,2026-01-03T16:13:00.000Z,2026-01-04T06:49:00.000Z,320,false
V002610,OSDI,SKBO,2026-01-03T05:47:00.000Z,2026-01-03T20:23:00.000Z,340,false
V002611,SKBO,OSDI,2026-01-03T22:13:00.000Z,2026-01-04T12:49:00.000Z,300,false
V002612,OSDI,SKBO,2026-01-03T11:23:00.000Z,2026-01-04T01:59:00.000Z,300,false
V002613,SKBO,OSDI,2026-01-04T04:42:00.000Z,2026-01-04T19:18:00.000Z,360,false
V002614,OSDI,SKBO,2026-01-03T17:53:00.000Z,2026-01-04T08:29:00.000Z,340,false
V002615,SKBO,OAKB,2026-01-03T09:24:00.000Z,2026-01-04T03:22:00.000Z,300,false
V002616,OAKB,SKBO,2026-01-03T01:52:00.000Z,2026-01-03T19:50:00.000Z,360,false
V002617,SKBO,OAKB,2026-01-03T15:06:00.000Z,2026-01-04T09:04:00.000Z,340,false
V002618,OAKB,SKBO,2026-01-03T06:17:00.000Z,2026-01-04T00:15:00.000Z,360,false
V002619,SKBO,OAKB,2026-01-03T17:47:00.000Z,2026-01-04T11:45:00.000Z,300,false
V002620,OAKB,SKBO,2026-01-03T09:18:00.000Z,2026-01-04T03:16:00.000Z,320,false
V002621,SKBO,OAKB,2026-01-04T03:46:00.000Z,2026-01-03T21:44:00.000Z,320,false
V002622,OAKB,SKBO,2026-01-03T17:07:00.000Z,2026-01-04T11:05:00.000Z,340,false
V002623,SKBO,OOMS,2026-01-03T08:49:00.000Z,2026-01-04T02:26:00.000Z,300,false
V002624,OOMS,SKBO,2026-01-02T20:43:00.000Z,2026-01-03T14:20:00.000Z,340,false
V002625,SKBO,OOMS,2026-01-03T15:03:00.000Z,2026-01-04T08:40:00.000Z,320,false
V002626,OOMS,SKBO,2026-01-03T08:17:00.000Z,2026-01-04T01:54:00.000Z,360,false
V002627,SKBO,OOMS,2026-01-04T02:04:00.000Z,2026-01-04T19:41:00.000Z,300,false
V002628,OOMS,SKBO,2026-01-03T16:22:00.000Z,2026-01-04T09:59:00.000Z,340,false
V002629,SKBO,OYSN,2026-01-03T08:51:00.000Z,2026-01-04T01:02:00.000Z,320,false
V002630,OYSN,SKBO,2026-01-03T00:47:00.000Z,2026-01-03T16:58:00.000Z,300,false
V002631,SKBO,OYSN,2026-01-03T19:44:00.000Z,2026-01-04T11:55:00.000Z,300,false
V002632,OYSN,SKBO,2026-01-03T09:43:00.000Z,2026-01-04T01:54:00.000Z,360,false
V002633,SKBO,OYSN,2026-01-04T03:29:00.000Z,2026-01-04T19:40:00.000Z,340,false
V002634,OYSN,SKBO,2026-01-03T17:13:00.000Z,2026-01-04T09:24:00.000Z,340,false
V002635,SKBO,OPKC,2026-01-03T10:17:00.000Z,2026-01-04T04:52:00.000Z,360,false
V002636,OPKC,SKBO,2026-01-02T19:18:00.000Z,2026-01-03T13:53:00.000Z,360,false
V002637,SKBO,OPKC,2026-01-03T15:37:00.000Z,2026-01-04T10:12:00.000Z,300,false
V002638,OPKC,SKBO,2026-01-03T03:57:00.000Z,2026-01-03T22:32:00.000Z,320,false
V002639,SKBO,OPKC,2026-01-03T18:01:00.000Z,2026-01-04T12:36:00.000Z,300,false
V002640,OPKC,SKBO,2026-01-03T09:00:00.000Z,2026-01-04T03:35:00.000Z,320,false
V002641,SKBO,OPKC,2026-01-03T23:25:00.000Z,2026-01-04T18:00:00.000Z,300,false
V002642,OPKC,SKBO,2026-01-03T13:31:00.000Z,2026-01-04T08:06:00.000Z,360,false
V002643,SKBO,UBBB,2026-01-03T05:10:00.000Z,2026-01-03T20:54:00.000Z,300,false
V002644,UBBB,SKBO,2026-01-02T23:25:00.000Z,2026-01-03T15:09:00.000Z,300,false
V002645,SKBO,UBBB,2026-01-03T11:57:00.000Z,2026-01-04T03:41:00.000Z,320,false
V002646,UBBB,SKBO,2026-01-03T04:37:00.000Z,2026-01-03T20:21:00.000Z,360,false
V002647,SKBO,UBBB,2026-01-03T18:21:00.000Z,2026-01-04T10:05:00.000Z,320,false
V002648,UBBB,SKBO,2026-01-03T12:02:00.000Z,2026-01-04T03:46:00.000Z,300,false
V002649,SKBO,UBBB,2026-01-04T02:36:00.000Z,2026-01-04T18:20:00.000Z,360,false
V002650,UBBB,SKBO,2026-01-03T21:41:00.000Z,2026-01-04T13:25:00.000Z,320,false
V002651,SKBO,OJAI,2026-01-03T10:19:00.000Z,2026-01-04T00:52:00.000Z,360,false
V002652,OJAI,SKBO,2026-01-03T01:36:00.000Z,2026-01-03T16:09:00.000Z,320,false
V002653,SKBO,OJAI,2026-01-03T15:44:00.000Z,2026-01-04T06:17:00.000Z,300,false
V002654,OJAI,SKBO,2026-01-03T11:54:00.000Z,2026-01-04T02:27:00.000Z,320,false
V002655,SKBO,OJAI,2026-01-03T22:32:00.000Z,2026-01-04T13:05:00.000Z,360,false
V002656,OJAI,SKBO,2026-01-03T16:27:00.000Z,2026-01-04T07:00:00.000Z,360,false
V002657,SEQM,SVMI,2026-01-03T08:48:00.000Z,2026-01-03T10:58:00.000Z,360,false
V002658,SVMI,SEQM,2026-01-03T07:38:00.000Z,2026-01-03T09:48:00.000Z,340,false
V002659,SEQM,SVMI,2026-01-03T15:31:00.000Z,2026-01-03T17:41:00.000Z,360,false
V002660,SVMI,SEQM,2026-01-03T17:15:00.000Z,2026-01-03T19:25:00.000Z,320,false
V002661,SEQM,SVMI,2026-01-04T02:50:00.000Z,2026-01-04T05:00:00.000Z,320,false
V002662,SVMI,SEQM,2026-01-03T22:14:00.000Z,2026-01-04T00:24:00.000Z,360,false
V002663,SEQM,SBBR,2026-01-03T09:19:00.000Z,2026-01-03T14:05:00.000Z,340,false
V002664,SBBR,SEQM,2026-01-03T06:13:00.000Z,2026-01-03T10:59:00.000Z,320,false
V002665,SEQM,SBBR,2026-01-03T13:36:00.000Z,2026-01-03T18:22:00.000Z,320,false
V002666,SBBR,SEQM,2026-01-03T10:36:00.000Z,2026-01-03T15:22:00.000Z,340,false
V002667,SEQM,SBBR,2026-01-03T17:41:00.000Z,2026-01-03T22:27:00.000Z,320,false
V002668,SBBR,SEQM,2026-01-03T15:13:00.000Z,2026-01-03T19:59:00.000Z,360,false
V002669,SEQM,SBBR,2026-01-04T02:02:00.000Z,2026-01-04T06:48:00.000Z,320,false
V002670,SBBR,SEQM,2026-01-03T23:11:00.000Z,2026-01-04T03:57:00.000Z,300,false
V002671,SEQM,SPIM,2026-01-03T05:23:00.000Z,2026-01-03T07:04:00.000Z,300,false
V002672,SPIM,SEQM,2026-01-03T05:13:00.000Z,2026-01-03T06:54:00.000Z,320,false
V002673,SEQM,SPIM,2026-01-03T16:32:00.000Z,2026-01-03T18:13:00.000Z,320,false
V002674,SPIM,SEQM,2026-01-03T13:10:00.000Z,2026-01-03T14:51:00.000Z,300,false
V002675,SEQM,SPIM,2026-01-03T19:35:00.000Z,2026-01-03T21:16:00.000Z,300,false
V002676,SPIM,SEQM,2026-01-03T22:11:00.000Z,2026-01-03T23:52:00.000Z,300,false
V002677,SEQM,SPIM,2026-01-04T04:10:00.000Z,2026-01-04T05:51:00.000Z,340,false
V002678,SPIM,SEQM,2026-01-04T02:09:00.000Z,2026-01-04T03:50:00.000Z,320,false
V002679,SEQM,SLLP,2026-01-03T05:51:00.000Z,2026-01-03T08:28:00.000Z,340,false
V002680,SLLP,SEQM,2026-01-03T08:24:00.000Z,2026-01-03T11:01:00.000Z,360,false
V002681,SEQM,SLLP,2026-01-03T16:32:00.000Z,2026-01-03T19:09:00.000Z,320,false
V002682,SLLP,SEQM,2026-01-03T13:04:00.000Z,2026-01-03T15:41:00.000Z,360,false
V002683,SEQM,SLLP,2026-01-03T18:15:00.000Z,2026-01-03T20:52:00.000Z,320,false
V002684,SLLP,SEQM,2026-01-03T20:12:00.000Z,2026-01-03T22:49:00.000Z,320,false
V002685,SEQM,SLLP,2026-01-03T23:01:00.000Z,2026-01-04T01:38:00.000Z,320,false
V002686,SLLP,SEQM,2026-01-03T23:47:00.000Z,2026-01-04T02:24:00.000Z,320,false
V002687,SEQM,SCEL,2026-01-03T10:14:00.000Z,2026-01-03T14:58:00.000Z,360,false
V002688,SCEL,SEQM,2026-01-03T04:17:00.000Z,2026-01-03T09:01:00.000Z,360,false
V002689,SEQM,SCEL,2026-01-03T18:52:00.000Z,2026-01-03T23:36:00.000Z,300,false
V002690,SCEL,SEQM,2026-01-03T11:21:00.000Z,2026-01-03T16:05:00.000Z,360,false
V002691,SEQM,SCEL,2026-01-04T03:28:00.000Z,2026-01-04T08:12:00.000Z,360,false
V002692,SCEL,SEQM,2026-01-03T22:04:00.000Z,2026-01-04T02:48:00.000Z,340,false
V002693,SEQM,SABE,2026-01-03T09:47:00.000Z,2026-01-03T15:12:00.000Z,360,false
V002694,SABE,SEQM,2026-01-03T06:24:00.000Z,2026-01-03T11:49:00.000Z,320,false
V002695,SEQM,SABE,2026-01-03T12:06:00.000Z,2026-01-03T17:31:00.000Z,360,false
V002696,SABE,SEQM,2026-01-03T14:10:00.000Z,2026-01-03T19:35:00.000Z,320,false
V002697,SEQM,SABE,2026-01-03T17:44:00.000Z,2026-01-03T23:09:00.000Z,320,false
V002698,SABE,SEQM,2026-01-03T15:59:00.000Z,2026-01-03T21:24:00.000Z,360,false
V002699,SEQM,SABE,2026-01-04T01:18:00.000Z,2026-01-04T06:43:00.000Z,320,false
V002700,SABE,SEQM,2026-01-04T01:30:00.000Z,2026-01-04T06:55:00.000Z,360,false
V002701,SEQM,SGAS,2026-01-03T12:22:00.000Z,2026-01-03T16:52:00.000Z,300,false
V002702,SGAS,SEQM,2026-01-03T06:27:00.000Z,2026-01-03T10:57:00.000Z,300,false
V002703,SEQM,SGAS,2026-01-03T16:44:00.000Z,2026-01-03T21:14:00.000Z,320,false
V002704,SGAS,SEQM,2026-01-03T13:35:00.000Z,2026-01-03T18:05:00.000Z,300,false
V002705,SEQM,SGAS,2026-01-03T23:18:00.000Z,2026-01-04T03:48:00.000Z,360,false
V002706,SGAS,SEQM,2026-01-03T21:22:00.000Z,2026-01-04T01:52:00.000Z,320,false
V002707,SEQM,SUAA,2026-01-03T07:45:00.000Z,2026-01-03T13:18:00.000Z,300,false
V002708,SUAA,SEQM,2026-01-03T03:25:00.000Z,2026-01-03T08:58:00.000Z,340,false
V002709,SEQM,SUAA,2026-01-03T11:01:00.000Z,2026-01-03T16:34:00.000Z,300,false
V002710,SUAA,SEQM,2026-01-03T12:12:00.000Z,2026-01-03T17:45:00.000Z,300,false
V002711,SEQM,SUAA,2026-01-03T18:10:00.000Z,2026-01-03T23:43:00.000Z,360,false
V002712,SUAA,SEQM,2026-01-03T18:21:00.000Z,2026-01-03T23:54:00.000Z,360,false
V002713,SEQM,SUAA,2026-01-04T04:20:00.000Z,2026-01-04T09:53:00.000Z,320,false
V002714,SUAA,SEQM,2026-01-04T02:35:00.000Z,2026-01-04T08:08:00.000Z,300,false
V002715,SEQM,LATI,2026-01-03T08:48:00.000Z,2026-01-03T22:07:00.000Z,320,false
V002716,LATI,SEQM,2026-01-03T05:37:00.000Z,2026-01-03T18:56:00.000Z,360,false
V002717,SEQM,LATI,2026-01-03T14:01:00.000Z,2026-01-04T03:20:00.000Z,300,false
V002718,LATI,SEQM,2026-01-03T10:02:00.000Z,2026-01-03T23:21:00.000Z,300,false
V002719,SEQM,LATI,2026-01-04T02:18:00.000Z,2026-01-04T15:37:00.000Z,340,false
V002720,LATI,SEQM,2026-01-03T16:08:00.000Z,2026-01-04T05:27:00.000Z,340,false
V002721,SEQM,EDDI,2026-01-03T08:10:00.000Z,2026-01-03T20:50:00.000Z,360,false
V002722,EDDI,SEQM,2026-01-02T22:28:00.000Z,2026-01-03T11:08:00.000Z,300,false
V002723,SEQM,EDDI,2026-01-03T16:35:00.000Z,2026-01-04T05:15:00.000Z,340,false
V002724,EDDI,SEQM,2026-01-03T04:05:00.000Z,2026-01-03T16:45:00.000Z,320,false
V002725,SEQM,EDDI,2026-01-03T20:04:00.000Z,2026-01-04T08:44:00.000Z,360,false
V002726,EDDI,SEQM,2026-01-03T14:03:00.000Z,2026-01-04T02:43:00.000Z,320,false
V002727,SEQM,EDDI,2026-01-04T03:24:00.000Z,2026-01-04T16:04:00.000Z,340,false
V002728,EDDI,SEQM,2026-01-03T19:38:00.000Z,2026-01-04T08:18:00.000Z,360,false
V002729,SEQM,LOWW,2026-01-03T08:41:00.000Z,2026-01-03T21:38:00.000Z,300,false
V002730,LOWW,SEQM,2026-01-03T03:16:00.000Z,2026-01-03T16:13:00.000Z,360,false
V002731,SEQM,LOWW,2026-01-03T17:02:00.000Z,2026-01-04T05:59:00.000Z,340,false
V002732,LOWW,SEQM,2026-01-03T09:33:00.000Z,2026-01-03T22:30:00.000Z,300,false
V002733,SEQM,LOWW,2026-01-04T01:52:00.000Z,2026-01-04T14:49:00.000Z,320,false
V002734,LOWW,SEQM,2026-01-03T16:26:00.000Z,2026-01-04T05:23:00.000Z,320,false
V002735,SEQM,EBCI,2026-01-03T14:46:00.000Z,2026-01-04T02:38:00.000Z,320,false
V002736,EBCI,SEQM,2026-01-03T02:55:00.000Z,2026-01-03T14:47:00.000Z,320,false
V002737,SEQM,UMMS,2026-01-03T05:41:00.000Z,2026-01-03T19:36:00.000Z,300,false
V002738,UMMS,SEQM,2026-01-03T03:54:00.000Z,2026-01-03T17:49:00.000Z,300,false
V002739,SEQM,UMMS,2026-01-03T13:58:00.000Z,2026-01-04T03:53:00.000Z,360,false
V002740,UMMS,SEQM,2026-01-03T07:35:00.000Z,2026-01-03T21:30:00.000Z,360,false
V002741,SEQM,UMMS,2026-01-04T03:21:00.000Z,2026-01-04T17:16:00.000Z,320,false
V002742,UMMS,SEQM,2026-01-03T14:31:00.000Z,2026-01-04T04:26:00.000Z,340,false
V002743,SEQM,LBSF,2026-01-03T05:22:00.000Z,2026-01-03T19:05:00.000Z,320,false
V002744,LBSF,SEQM,2026-01-03T01:33:00.000Z,2026-01-03T15:16:00.000Z,300,false
V002745,SEQM,LBSF,2026-01-03T11:28:00.000Z,2026-01-04T01:11:00.000Z,340,false
V002746,LBSF,SEQM,2026-01-03T05:33:00.000Z,2026-01-03T19:16:00.000Z,360,false
V002747,SEQM,LBSF,2026-01-03T19:23:00.000Z,2026-01-04T09:06:00.000Z,300,false
V002748,LBSF,SEQM,2026-01-03T09:28:00.000Z,2026-01-03T23:11:00.000Z,320,false
V002749,SEQM,LBSF,2026-01-04T00:49:00.000Z,2026-01-04T14:32:00.000Z,300,false
V002750,LBSF,SEQM,2026-01-03T19:40:00.000Z,2026-01-04T09:23:00.000Z,340,false
V002751,SEQM,LKPR,2026-01-03T07:35:00.000Z,2026-01-03T20:21:00.000Z,360,false
V002752,LKPR,SEQM,2026-01-03T03:24:00.000Z,2026-01-03T16:10:00.000Z,300,false
V002753,SEQM,LKPR,2026-01-03T14:29:00.000Z,2026-01-04T03:15:00.000Z,320,false
V002754,LKPR,SEQM,2026-01-03T08:21:00.000Z,2026-01-03T21:07:00.000Z,300,false
V002755,SEQM,LKPR,2026-01-03T21:33:00.000Z,2026-01-04T10:19:00.000Z,340,false
V002756,LKPR,SEQM,2026-01-03T12:00:00.000Z,2026-01-04T00:46:00.000Z,360,false
V002757,SEQM,LKPR,2026-01-04T02:49:00.000Z,2026-01-04T15:35:00.000Z,300,false
V002758,LKPR,SEQM,2026-01-03T18:39:00.000Z,2026-01-04T07:25:00.000Z,360,false
V002759,SEQM,LDZA,2026-01-03T08:45:00.000Z,2026-01-03T21:44:00.000Z,300,false
V002760,LDZA,SEQM,2026-01-02T23:44:00.000Z,2026-01-03T12:43:00.000Z,320,false
V002761,SEQM,LDZA,2026-01-03T16:38:00.000Z,2026-01-04T05:37:00.000Z,340,false
V002762,LDZA,SEQM,2026-01-03T07:02:00.000Z,2026-01-03T20:01:00.000Z,320,false
V002763,SEQM,LDZA,2026-01-03T19:21:00.000Z,2026-01-04T08:20:00.000Z,320,false
V002764,LDZA,SEQM,2026-01-03T10:28:00.000Z,2026-01-03T23:27:00.000Z,360,false
V002765,SEQM,LDZA,2026-01-04T00:15:00.000Z,2026-01-04T13:14:00.000Z,320,false
V002766,LDZA,SEQM,2026-01-03T19:37:00.000Z,2026-01-04T08:36:00.000Z,340,false
V002767,SEQM,EKCH,2026-01-03T08:44:00.000Z,2026-01-03T21:19:00.000Z,360,false
V002768,EKCH,SEQM,2026-01-03T19:15:00.000Z,2026-01-04T07:50:00.000Z,360,false
V002769,SEQM,EHAM,2026-01-03T12:32:00.000Z,2026-01-04T00:26:00.000Z,340,false
V002770,EHAM,SEQM,2026-01-02T22:02:00.000Z,2026-01-03T09:56:00.000Z,320,false
V002771,SEQM,EHAM,2026-01-03T19:04:00.000Z,2026-01-04T06:58:00.000Z,360,false
V002772,EHAM,SEQM,2026-01-03T12:40:00.000Z,2026-01-04T00:34:00.000Z,360,false
V002773,SEQM,EHAM,2026-01-04T02:55:00.000Z,2026-01-04T14:49:00.000Z,340,false
V002774,EHAM,SEQM,2026-01-03T21:10:00.000Z,2026-01-04T09:04:00.000Z,320,false
V002775,SEQM,VIDP,2026-01-03T06:12:00.000Z,2026-01-04T02:13:00.000Z,320,false
V002776,VIDP,SEQM,2026-01-02T23:09:00.000Z,2026-01-03T19:10:00.000Z,300,false
V002777,SEQM,VIDP,2026-01-03T16:10:00.000Z,2026-01-04T12:11:00.000Z,300,false
V002778,VIDP,SEQM,2026-01-03T02:03:00.000Z,2026-01-03T22:04:00.000Z,300,false
V002779,SEQM,VIDP,2026-01-03T21:00:00.000Z,2026-01-04T17:01:00.000Z,340,false
V002780,VIDP,SEQM,2026-01-03T08:25:00.000Z,2026-01-04T04:26:00.000Z,360,false
V002781,SEQM,VIDP,2026-01-04T04:07:00.000Z,2026-01-04T00:08:00.000Z,300,false
V002782,VIDP,SEQM,2026-01-03T18:15:00.000Z,2026-01-04T14:16:00.000Z,320,false
V002783,SEQM,OSDI,2026-01-03T10:30:00.000Z,2026-01-04T01:52:00.000Z,320,false
V002784,OSDI,SEQM,2026-01-02T21:09:00.000Z,2026-01-03T12:31:00.000Z,340,false
V002785,SEQM,OSDI,2026-01-03T13:36:00.000Z,2026-01-04T04:58:00.000Z,300,false
V002786,OSDI,SEQM,2026-01-03T06:27:00.000Z,2026-01-03T21:49:00.000Z,360,false
V002787,SEQM,OSDI,2026-01-03T21:21:00.000Z,2026-01-04T12:43:00.000Z,300,false
V002788,OSDI,SEQM,2026-01-03T14:06:00.000Z,2026-01-04T05:28:00.000Z,300,false
V002789,SEQM,OSDI,2026-01-03T23:46:00.000Z,2026-01-04T15:08:00.000Z,300,false
V002790,OSDI,SEQM,2026-01-03T20:21:00.000Z,2026-01-04T11:43:00.000Z,300,false
V002791,SEQM,OAKB,2026-01-03T12:54:00.000Z,2026-01-04T07:39:00.000Z,340,false
V002792,OAKB,SEQM,2026-01-03T07:38:00.000Z,2026-01-04T02:23:00.000Z,300,false
V002793,SEQM,OAKB,2026-01-04T04:32:00.000Z,2026-01-03T23:17:00.000Z,340,false
V002794,OAKB,SEQM,2026-01-03T17:39:00.000Z,2026-01-04T12:24:00.000Z,360,false
V002795,SEQM,OOMS,2026-01-03T11:19:00.000Z,2026-01-04T05:42:00.000Z,300,false
V002796,OOMS,SEQM,2026-01-02T22:46:00.000Z,2026-01-03T17:09:00.000Z,340,false
V002797,SEQM,OOMS,2026-01-03T22:38:00.000Z,2026-01-04T17:01:00.000Z,300,false
V002798,OOMS,SEQM,2026-01-03T18:06:00.000Z,2026-01-04T12:29:00.000Z,320,false
V002799,SEQM,OYSN,2026-01-03T12:58:00.000Z,2026-01-04T05:51:00.000Z,340,false
V002800,OYSN,SEQM,2026-01-02T23:27:00.000Z,2026-01-03T16:20:00.000Z,340,false
V002801,SEQM,OYSN,2026-01-03T17:20:00.000Z,2026-01-04T10:13:00.000Z,300,false
V002802,OYSN,SEQM,2026-01-03T11:39:00.000Z,2026-01-04T04:32:00.000Z,300,false
V002803,SEQM,OYSN,2026-01-03T23:00:00.000Z,2026-01-04T15:53:00.000Z,340,false
V002804,OYSN,SEQM,2026-01-03T16:15:00.000Z,2026-01-04T09:08:00.000Z,360,false
V002805,SEQM,OPKC,2026-01-03T10:38:00.000Z,2026-01-04T06:00:00.000Z,360,false
V002806,OPKC,SEQM,2026-01-02T20:28:00.000Z,2026-01-03T15:50:00.000Z,300,false
V002807,SEQM,OPKC,2026-01-03T19:09:00.000Z,2026-01-04T14:31:00.000Z,320,false
V002808,OPKC,SEQM,2026-01-03T08:58:00.000Z,2026-01-04T04:20:00.000Z,300,false
V002809,SEQM,OPKC,2026-01-04T01:40:00.000Z,2026-01-03T21:02:00.000Z,360,false
V002810,OPKC,SEQM,2026-01-03T14:22:00.000Z,2026-01-04T09:44:00.000Z,360,false
V002811,SEQM,UBBB,2026-01-03T10:14:00.000Z,2026-01-04T02:45:00.000Z,340,false
V002812,UBBB,SEQM,2026-01-02T22:46:00.000Z,2026-01-03T15:17:00.000Z,340,false
V002813,SEQM,UBBB,2026-01-03T13:09:00.000Z,2026-01-04T05:40:00.000Z,360,false
V002814,UBBB,SEQM,2026-01-03T08:03:00.000Z,2026-01-04T00:34:00.000Z,360,false
V002815,SEQM,UBBB,2026-01-03T18:55:00.000Z,2026-01-04T11:26:00.000Z,340,false
V002816,UBBB,SEQM,2026-01-03T13:08:00.000Z,2026-01-04T05:39:00.000Z,340,false
V002817,SEQM,UBBB,2026-01-04T04:44:00.000Z,2026-01-04T21:15:00.000Z,320,false
V002818,UBBB,SEQM,2026-01-03T19:42:00.000Z,2026-01-04T12:13:00.000Z,300,false
V002819,SEQM,OJAI,2026-01-03T08:30:00.000Z,2026-01-03T23:49:00.000Z,320,false
V002820,OJAI,SEQM,2026-01-03T00:30:00.000Z,2026-01-03T15:49:00.000Z,320,false
V002821,SEQM,OJAI,2026-01-03T13:57:00.000Z,2026-01-04T05:16:00.000Z,340,false
V002822,OJAI,SEQM,2026-01-03T07:37:00.000Z,2026-01-03T22:56:00.000Z,320,false
V002823,SEQM,OJAI,2026-01-03T21:54:00.000Z,2026-01-04T13:13:00.000Z,320,false
V002824,OJAI,SEQM,2026-01-03T09:31:00.000Z,2026-01-04T00:50:00.000Z,360,false
V002825,SEQM,OJAI,2026-01-04T02:17:00.000Z,2026-01-04T17:36:00.000Z,360,false
V002826,OJAI,SEQM,2026-01-03T17:17:00.000Z,2026-01-04T08:36:00.000Z,300,false
V002827,SVMI,SBBR,2026-01-03T04:28:00.000Z,2026-01-03T08:50:00.000Z,300,false
V002828,SBBR,SVMI,2026-01-03T06:05:00.000Z,2026-01-03T10:27:00.000Z,320,false
V002829,SVMI,SBBR,2026-01-03T12:34:00.000Z,2026-01-03T16:56:00.000Z,300,false
V002830,SBBR,SVMI,2026-01-03T09:06:00.000Z,2026-01-03T13:28:00.000Z,300,false
V002831,SVMI,SBBR,2026-01-03T19:00:00.000Z,2026-01-03T23:22:00.000Z,360,false
V002832,SBBR,SVMI,2026-01-03T17:39:00.000Z,2026-01-03T22:01:00.000Z,360,false
V002833,SVMI,SBBR,2026-01-04T01:09:00.000Z,2026-01-04T05:31:00.000Z,320,false
V002834,SBBR,SVMI,2026-01-03T22:45:00.000Z,2026-01-04T03:07:00.000Z,320,false
V002835,SVMI,SPIM,2026-01-03T14:55:00.000Z,2026-01-03T18:21:00.000Z,340,false
V002836,SPIM,SVMI,2026-01-03T10:24:00.000Z,2026-01-03T13:50:00.000Z,320,false
V002837,SVMI,SPIM,2026-01-03T22:09:00.000Z,2026-01-04T01:35:00.000Z,320,false
V002838,SPIM,SVMI,2026-01-03T17:15:00.000Z,2026-01-03T20:41:00.000Z,320,false
V002839,SVMI,SLLP,2026-01-03T06:28:00.000Z,2026-01-03T10:06:00.000Z,300,false
V002840,SLLP,SVMI,2026-01-03T08:51:00.000Z,2026-01-03T12:29:00.000Z,340,false
V002841,SVMI,SLLP,2026-01-03T14:42:00.000Z,2026-01-03T18:20:00.000Z,340,false
V002842,SLLP,SVMI,2026-01-03T10:19:00.000Z,2026-01-03T13:57:00.000Z,300,false
V002843,SVMI,SLLP,2026-01-03T16:11:00.000Z,2026-01-03T19:49:00.000Z,340,false
V002844,SLLP,SVMI,2026-01-03T19:04:00.000Z,2026-01-03T22:42:00.000Z,300,false
V002845,SVMI,SLLP,2026-01-04T02:55:00.000Z,2026-01-04T06:33:00.000Z,300,false
V002846,SLLP,SVMI,2026-01-04T00:54:00.000Z,2026-01-04T04:32:00.000Z,320,false
V002847,SVMI,SCEL,2026-01-03T07:37:00.000Z,2026-01-03T13:39:00.000Z,360,false
V002848,SCEL,SVMI,2026-01-03T08:45:00.000Z,2026-01-03T14:47:00.000Z,340,false
V002849,SVMI,SCEL,2026-01-03T18:23:00.000Z,2026-01-04T00:25:00.000Z,300,false
V002850,SCEL,SVMI,2026-01-03T13:21:00.000Z,2026-01-03T19:23:00.000Z,300,false
V002851,SVMI,SCEL,2026-01-04T03:48:00.000Z,2026-01-04T09:50:00.000Z,360,false
V002852,SCEL,SVMI,2026-01-03T19:42:00.000Z,2026-01-04T01:44:00.000Z,300,false
V002853,SVMI,SABE,2026-01-03T04:03:00.000Z,2026-01-03T10:17:00.000Z,300,false
V002854,SABE,SVMI,2026-01-03T14:34:00.000Z,2026-01-03T20:48:00.000Z,340,false
V002855,SVMI,SABE,2026-01-04T03:58:00.000Z,2026-01-04T10:12:00.000Z,340,false
V002856,SABE,SVMI,2026-01-03T20:46:00.000Z,2026-01-04T03:00:00.000Z,300,false
V002857,SVMI,SGAS,2026-01-03T08:07:00.000Z,2026-01-03T13:09:00.000Z,340,false
V002858,SGAS,SVMI,2026-01-03T06:16:00.000Z,2026-01-03T11:18:00.000Z,360,false
V002859,SVMI,SGAS,2026-01-03T15:43:00.000Z,2026-01-03T20:45:00.000Z,300,false
V002860,SGAS,SVMI,2026-01-03T12:51:00.000Z,2026-01-03T17:53:00.000Z,360,false
V002861,SVMI,SGAS,2026-01-03T18:03:00.000Z,2026-01-03T23:05:00.000Z,300,false
V002862,SGAS,SVMI,2026-01-03T16:58:00.000Z,2026-01-03T22:00:00.000Z,300,false
V002863,SVMI,SGAS,2026-01-03T23:22:00.000Z,2026-01-04T04:24:00.000Z,320,false
V002864,SGAS,SVMI,2026-01-03T22:50:00.000Z,2026-01-04T03:52:00.000Z,300,false
V002865,SVMI,SUAA,2026-01-03T07:09:00.000Z,2026-01-03T13:26:00.000Z,320,false
V002866,SUAA,SVMI,2026-01-03T06:34:00.000Z,2026-01-03T12:51:00.000Z,300,false
V002867,SVMI,SUAA,2026-01-03T10:31:00.000Z,2026-01-03T16:48:00.000Z,300,false
V002868,SUAA,SVMI,2026-01-03T09:43:00.000Z,2026-01-03T16:00:00.000Z,360,false
V002869,SVMI,SUAA,2026-01-03T18:31:00.000Z,2026-01-04T00:48:00.000Z,360,false
V002870,SUAA,SVMI,2026-01-03T20:32:00.000Z,2026-01-04T02:49:00.000Z,360,false
V002871,SVMI,SUAA,2026-01-04T00:25:00.000Z,2026-01-04T06:42:00.000Z,340,false
V002872,SUAA,SVMI,2026-01-04T01:45:00.000Z,2026-01-04T08:02:00.000Z,320,false
V002873,SVMI,LATI,2026-01-03T05:01:00.000Z,2026-01-03T16:10:00.000Z,360,false
V002874,LATI,SVMI,2026-01-03T00:48:00.000Z,2026-01-03T11:57:00.000Z,340,false
V002875,SVMI,LATI,2026-01-03T17:32:00.000Z,2026-01-04T04:41:00.000Z,320,false
V002876,LATI,SVMI,2026-01-03T12:29:00.000Z,2026-01-03T23:38:00.000Z,320,false
V002877,SVMI,LATI,2026-01-03T23:13:00.000Z,2026-01-04T10:22:00.000Z,300,false
V002878,LATI,SVMI,2026-01-03T15:34:00.000Z,2026-01-04T02:43:00.000Z,300,false
V002879,SVMI,EDDI,2026-01-03T09:02:00.000Z,2026-01-03T19:34:00.000Z,340,false
V002880,EDDI,SVMI,2026-01-02T23:17:00.000Z,2026-01-03T09:49:00.000Z,340,false
V002881,SVMI,EDDI,2026-01-03T16:01:00.000Z,2026-01-04T02:33:00.000Z,320,false
V002882,EDDI,SVMI,2026-01-03T12:03:00.000Z,2026-01-03T22:35:00.000Z,360,false
V002883,SVMI,EDDI,2026-01-03T23:35:00.000Z,2026-01-04T10:07:00.000Z,340,false
V002884,EDDI,SVMI,2026-01-03T15:47:00.000Z,2026-01-04T02:19:00.000Z,340,false
V002885,SVMI,LOWW,2026-01-03T04:06:00.000Z,2026-01-03T14:54:00.000Z,300,false
V002886,LOWW,SVMI,2026-01-02T23:50:00.000Z,2026-01-03T10:38:00.000Z,360,false
V002887,SVMI,LOWW,2026-01-03T12:13:00.000Z,2026-01-03T23:01:00.000Z,340,false
V002888,LOWW,SVMI,2026-01-03T06:43:00.000Z,2026-01-03T17:31:00.000Z,340,false
V002889,SVMI,LOWW,2026-01-03T16:32:00.000Z,2026-01-04T03:20:00.000Z,320,false
V002890,LOWW,SVMI,2026-01-03T10:14:00.000Z,2026-01-03T21:02:00.000Z,340,false
V002891,SVMI,LOWW,2026-01-04T03:47:00.000Z,2026-01-04T14:35:00.000Z,320,false
V002892,LOWW,SVMI,2026-01-03T17:18:00.000Z,2026-01-04T04:06:00.000Z,320,false
V002893,SVMI,EBCI,2026-01-03T04:58:00.000Z,2026-01-03T14:41:00.000Z,360,false
V002894,EBCI,SVMI,2026-01-02T22:21:00.000Z,2026-01-03T08:04:00.000Z,300,false
V002895,SVMI,EBCI,2026-01-03T15:58:00.000Z,2026-01-04T01:41:00.000Z,320,false
V002896,EBCI,SVMI,2026-01-03T05:55:00.000Z,2026-01-03T15:38:00.000Z,360,false
V002897,SVMI,EBCI,2026-01-03T18:06:00.000Z,2026-01-04T03:49:00.000Z,340,false
V002898,EBCI,SVMI,2026-01-03T13:20:00.000Z,2026-01-03T23:03:00.000Z,300,false
V002899,SVMI,EBCI,2026-01-03T22:32:00.000Z,2026-01-04T08:15:00.000Z,340,false
V002900,EBCI,SVMI,2026-01-03T17:20:00.000Z,2026-01-04T03:03:00.000Z,360,false
V002901,SVMI,UMMS,2026-01-03T11:17:00.000Z,2026-01-03T23:05:00.000Z,300,false
V002902,UMMS,SVMI,2026-01-03T01:02:00.000Z,2026-01-03T12:50:00.000Z,300,false
V002903,SVMI,UMMS,2026-01-03T21:44:00.000Z,2026-01-04T09:32:00.000Z,300,false
V002904,UMMS,SVMI,2026-01-03T11:08:00.000Z,2026-01-03T22:56:00.000Z,360,false
V002905,SVMI,LBSF,2026-01-03T11:08:00.000Z,2026-01-03T22:41:00.000Z,360,false
V002906,LBSF,SVMI,2026-01-02T21:17:00.000Z,2026-01-03T08:50:00.000Z,320,false
V002907,SVMI,LBSF,2026-01-03T19:21:00.000Z,2026-01-04T06:54:00.000Z,300,false
V002908,LBSF,SVMI,2026-01-03T10:20:00.000Z,2026-01-03T21:53:00.000Z,300,false
V002909,SVMI,LBSF,2026-01-03T23:51:00.000Z,2026-01-04T11:24:00.000Z,360,false
V002910,LBSF,SVMI,2026-01-03T15:13:00.000Z,2026-01-04T02:46:00.000Z,300,false
V002911,SVMI,LKPR,2026-01-03T04:17:00.000Z,2026-01-03T14:54:00.000Z,340,false
V002912,LKPR,SVMI,2026-01-03T03:20:00.000Z,2026-01-03T13:57:00.000Z,360,false
V002913,SVMI,LKPR,2026-01-03T10:40:00.000Z,2026-01-03T21:17:00.000Z,320,false
V002914,LKPR,SVMI,2026-01-03T09:59:00.000Z,2026-01-03T20:36:00.000Z,360,false
V002915,SVMI,LKPR,2026-01-03T16:52:00.000Z,2026-01-04T03:29:00.000Z,360,false
V002916,LKPR,SVMI,2026-01-03T11:52:00.000Z,2026-01-03T22:29:00.000Z,300,false
V002917,SVMI,LKPR,2026-01-03T22:40:00.000Z,2026-01-04T09:17:00.000Z,320,false
V002918,LKPR,SVMI,2026-01-03T19:25:00.000Z,2026-01-04T06:02:00.000Z,300,false
V002919,SVMI,LDZA,2026-01-03T19:12:00.000Z,2026-01-04T06:00:00.000Z,340,false
V002920,LDZA,SVMI,2026-01-03T08:49:00.000Z,2026-01-03T19:37:00.000Z,360,false
V002921,SVMI,EKCH,2026-01-03T05:13:00.000Z,2026-01-03T15:42:00.000Z,320,false
V002922,EKCH,SVMI,2026-01-03T01:00:00.000Z,2026-01-03T11:29:00.000Z,340,false
V002923,SVMI,EKCH,2026-01-03T14:50:00.000Z,2026-01-04T01:19:00.000Z,360,false
V002924,EKCH,SVMI,2026-01-03T04:18:00.000Z,2026-01-03T14:47:00.000Z,340,false
V002925,SVMI,EKCH,2026-01-03T21:39:00.000Z,2026-01-04T08:08:00.000Z,300,false
V002926,EKCH,SVMI,2026-01-03T15:24:00.000Z,2026-01-04T01:53:00.000Z,300,false
V002927,SVMI,EKCH,2026-01-04T00:07:00.000Z,2026-01-04T10:36:00.000Z,360,false
V002928,EKCH,SVMI,2026-01-03T18:57:00.000Z,2026-01-04T05:26:00.000Z,340,false
V002929,SVMI,EHAM,2026-01-03T16:14:00.000Z,2026-01-04T02:00:00.000Z,360,false
V002930,EHAM,SVMI,2026-01-03T16:11:00.000Z,2026-01-04T01:57:00.000Z,320,false
V002931,SVMI,VIDP,2026-01-03T06:23:00.000Z,2026-01-04T00:15:00.000Z,300,false
V002932,VIDP,SVMI,2026-01-02T22:36:00.000Z,2026-01-03T16:28:00.000Z,300,false
V002933,SVMI,VIDP,2026-01-03T15:34:00.000Z,2026-01-04T09:26:00.000Z,300,false
V002934,VIDP,SVMI,2026-01-03T04:42:00.000Z,2026-01-03T22:34:00.000Z,300,false
V002935,SVMI,VIDP,2026-01-03T21:44:00.000Z,2026-01-04T15:36:00.000Z,300,false
V002936,VIDP,SVMI,2026-01-03T08:36:00.000Z,2026-01-04T02:28:00.000Z,340,false
V002937,SVMI,VIDP,2026-01-04T00:47:00.000Z,2026-01-04T18:39:00.000Z,320,false
V002938,VIDP,SVMI,2026-01-03T17:40:00.000Z,2026-01-04T11:32:00.000Z,340,false
V002939,SVMI,OSDI,2026-01-03T05:42:00.000Z,2026-01-03T18:54:00.000Z,340,false
V002940,OSDI,SVMI,2026-01-02T22:43:00.000Z,2026-01-03T11:55:00.000Z,320,false
V002941,SVMI,OSDI,2026-01-03T15:55:00.000Z,2026-01-04T05:07:00.000Z,340,false
V002942,OSDI,SVMI,2026-01-03T03:16:00.000Z,2026-01-03T16:28:00.000Z,340,false
V002943,SVMI,OSDI,2026-01-03T17:38:00.000Z,2026-01-04T06:50:00.000Z,360,false
V002944,OSDI,SVMI,2026-01-03T10:30:00.000Z,2026-01-03T23:42:00.000Z,320,false
V002945,SVMI,OSDI,2026-01-04T01:55:00.000Z,2026-01-04T15:07:00.000Z,320,false
V002946,OSDI,SVMI,2026-01-03T17:16:00.000Z,2026-01-04T06:28:00.000Z,360,false
V002947,SVMI,OAKB,2026-01-03T09:23:00.000Z,2026-01-04T01:59:00.000Z,320,false
V002948,OAKB,SVMI,2026-01-02T20:00:00.000Z,2026-01-03T12:36:00.000Z,320,false
V002949,SVMI,OAKB,2026-01-03T15:53:00.000Z,2026-01-04T08:29:00.000Z,340,false
V002950,OAKB,SVMI,2026-01-03T05:38:00.000Z,2026-01-03T22:14:00.000Z,340,false
V002951,SVMI,OAKB,2026-01-03T20:51:00.000Z,2026-01-04T13:27:00.000Z,340,false
V002952,OAKB,SVMI,2026-01-03T11:45:00.000Z,2026-01-04T04:21:00.000Z,360,false
V002953,SVMI,OAKB,2026-01-03T23:30:00.000Z,2026-01-04T16:06:00.000Z,320,false
V002954,OAKB,SVMI,2026-01-03T19:33:00.000Z,2026-01-04T12:09:00.000Z,340,false
V002955,SVMI,OOMS,2026-01-03T05:12:00.000Z,2026-01-03T21:26:00.000Z,340,false
V002956,OOMS,SVMI,2026-01-03T00:47:00.000Z,2026-01-03T17:01:00.000Z,340,false
V002957,SVMI,OOMS,2026-01-03T14:01:00.000Z,2026-01-04T06:15:00.000Z,320,false
V002958,OOMS,SVMI,2026-01-03T03:27:00.000Z,2026-01-03T19:41:00.000Z,360,false
V002959,SVMI,OOMS,2026-01-03T19:58:00.000Z,2026-01-04T12:12:00.000Z,300,false
V002960,OOMS,SVMI,2026-01-03T09:07:00.000Z,2026-01-04T01:21:00.000Z,340,false
V002961,SVMI,OOMS,2026-01-04T02:19:00.000Z,2026-01-04T18:33:00.000Z,340,false
V002962,OOMS,SVMI,2026-01-03T17:02:00.000Z,2026-01-04T09:16:00.000Z,340,false
V002963,SVMI,OYSN,2026-01-03T04:34:00.000Z,2026-01-03T19:26:00.000Z,320,false
V002964,OYSN,SVMI,2026-01-02T21:33:00.000Z,2026-01-03T12:25:00.000Z,300,false
V002965,SVMI,OYSN,2026-01-03T15:01:00.000Z,2026-01-04T05:53:00.000Z,360,false
V002966,OYSN,SVMI,2026-01-03T06:42:00.000Z,2026-01-03T21:34:00.000Z,320,false
V002967,SVMI,OYSN,2026-01-03T18:52:00.000Z,2026-01-04T09:44:00.000Z,320,false
V002968,OYSN,SVMI,2026-01-03T14:16:00.000Z,2026-01-04T05:08:00.000Z,320,false
V002969,SVMI,OYSN,2026-01-04T03:47:00.000Z,2026-01-04T18:39:00.000Z,360,false
V002970,OYSN,SVMI,2026-01-03T19:18:00.000Z,2026-01-04T10:10:00.000Z,300,false
V002971,SVMI,OPKC,2026-01-03T07:38:00.000Z,2026-01-04T00:49:00.000Z,340,false
V002972,OPKC,SVMI,2026-01-02T21:13:00.000Z,2026-01-03T14:24:00.000Z,360,false
V002973,SVMI,OPKC,2026-01-03T15:28:00.000Z,2026-01-04T08:39:00.000Z,360,false
V002974,OPKC,SVMI,2026-01-03T06:32:00.000Z,2026-01-03T23:43:00.000Z,300,false
V002975,SVMI,OPKC,2026-01-03T16:58:00.000Z,2026-01-04T10:09:00.000Z,320,false
V002976,OPKC,SVMI,2026-01-03T07:41:00.000Z,2026-01-04T00:52:00.000Z,360,false
V002977,SVMI,OPKC,2026-01-04T03:23:00.000Z,2026-01-03T20:34:00.000Z,320,false
V002978,OPKC,SVMI,2026-01-03T17:13:00.000Z,2026-01-04T10:24:00.000Z,320,false
V002979,SVMI,UBBB,2026-01-03T06:50:00.000Z,2026-01-03T21:11:00.000Z,360,false
V002980,UBBB,SVMI,2026-01-03T03:41:00.000Z,2026-01-03T18:02:00.000Z,360,false
V002981,SVMI,UBBB,2026-01-03T12:43:00.000Z,2026-01-04T03:04:00.000Z,320,false
V002982,UBBB,SVMI,2026-01-03T09:32:00.000Z,2026-01-03T23:53:00.000Z,320,false
V002983,SVMI,UBBB,2026-01-03T16:36:00.000Z,2026-01-04T06:57:00.000Z,340,false
V002984,UBBB,SVMI,2026-01-03T11:27:00.000Z,2026-01-04T01:48:00.000Z,360,false
V002985,SVMI,UBBB,2026-01-04T01:32:00.000Z,2026-01-04T15:53:00.000Z,300,false
V002986,UBBB,SVMI,2026-01-03T18:29:00.000Z,2026-01-04T08:50:00.000Z,320,false
V002987,SVMI,OJAI,2026-01-03T06:13:00.000Z,2026-01-03T19:23:00.000Z,300,false
V002988,OJAI,SVMI,2026-01-03T03:58:00.000Z,2026-01-03T17:08:00.000Z,340,false
V002989,SVMI,OJAI,2026-01-03T15:46:00.000Z,2026-01-04T04:56:00.000Z,300,false
V002990,OJAI,SVMI,2026-01-03T09:17:00.000Z,2026-01-03T22:27:00.000Z,340,false
V002991,SVMI,OJAI,2026-01-03T21:28:00.000Z,2026-01-04T10:38:00.000Z,320,false
V002992,OJAI,SVMI,2026-01-03T18:44:00.000Z,2026-01-04T07:54:00.000Z,340,false
V002993,SBBR,SPIM,2026-01-03T10:06:00.000Z,2026-01-03T14:11:00.000Z,340,false
V002994,SPIM,SBBR,2026-01-03T05:48:00.000Z,2026-01-03T09:53:00.000Z,300,false
V002995,SBBR,SPIM,2026-01-03T16:38:00.000Z,2026-01-03T20:43:00.000Z,320,false
V002996,SPIM,SBBR,2026-01-03T23:19:00.000Z,2026-01-04T03:24:00.000Z,340,false
V002997,SBBR,SLLP,2026-01-03T03:10:00.000Z,2026-01-03T06:00:00.000Z,360,false
V002998,SLLP,SBBR,2026-01-03T05:33:00.000Z,2026-01-03T08:23:00.000Z,320,false
V002999,SBBR,SLLP,2026-01-03T09:40:00.000Z,2026-01-03T12:30:00.000Z,360,false
V003000,SLLP,SBBR,2026-01-03T15:07:00.000Z,2026-01-03T17:57:00.000Z,300,false
V003001,SBBR,SLLP,2026-01-03T17:47:00.000Z,2026-01-03T20:37:00.000Z,340,false
V003002,SLLP,SBBR,2026-01-03T20:07:00.000Z,2026-01-03T22:57:00.000Z,360,false
V003003,SBBR,SLLP,2026-01-03T21:31:00.000Z,2026-01-04T00:21:00.000Z,320,false
V003004,SLLP,SBBR,2026-01-04T00:13:00.000Z,2026-01-04T03:03:00.000Z,320,false
V003005,SBBR,SCEL,2026-01-03T03:17:00.000Z,2026-01-03T07:08:00.000Z,340,false
V003006,SCEL,SBBR,2026-01-03T13:28:00.000Z,2026-01-03T17:19:00.000Z,320,false
V003007,SBBR,SCEL,2026-01-03T23:02:00.000Z,2026-01-04T02:53:00.000Z,300,false
V003008,SCEL,SBBR,2026-01-03T20:38:00.000Z,2026-01-04T00:29:00.000Z,360,false
V003009,SBBR,SABE,2026-01-03T06:01:00.000Z,2026-01-03T09:00:00.000Z,360,false
V003010,SABE,SBBR,2026-01-03T04:24:00.000Z,2026-01-03T07:23:00.000Z,320,false
V003011,SBBR,SABE,2026-01-03T12:57:00.000Z,2026-01-03T15:56:00.000Z,360,false
V003012,SABE,SBBR,2026-01-03T12:22:00.000Z,2026-01-03T15:21:00.000Z,320,false
V003013,SBBR,SABE,2026-01-03T16:24:00.000Z,2026-01-03T19:23:00.000Z,320,false
V003014,SABE,SBBR,2026-01-03T15:15:00.000Z,2026-01-03T18:14:00.000Z,320,false
V003015,SBBR,SABE,2026-01-04T01:01:00.000Z,2026-01-04T04:00:00.000Z,300,false
V003016,SABE,SBBR,2026-01-03T21:06:00.000Z,2026-01-04T00:05:00.000Z,360,false
V003017,SBBR,SGAS,2026-01-03T05:00:00.000Z,2026-01-03T06:55:00.000Z,320,false
V003018,SGAS,SBBR,2026-01-03T04:51:00.000Z,2026-01-03T06:46:00.000Z,300,false
V003019,SBBR,SGAS,2026-01-03T14:36:00.000Z,2026-01-03T16:31:00.000Z,300,false
V003020,SGAS,SBBR,2026-01-03T11:28:00.000Z,2026-01-03T13:23:00.000Z,360,false
V003021,SBBR,SGAS,2026-01-03T18:19:00.000Z,2026-01-03T20:14:00.000Z,320,false
V003022,SGAS,SBBR,2026-01-03T21:19:00.000Z,2026-01-03T23:14:00.000Z,300,false
V003023,SBBR,SGAS,2026-01-03T22:05:00.000Z,2026-01-04T00:00:00.000Z,360,false
V003024,SGAS,SBBR,2026-01-03T22:40:00.000Z,2026-01-04T00:35:00.000Z,300,false
V003025,SBBR,SUAA,2026-01-03T08:25:00.000Z,2026-01-03T11:18:00.000Z,360,false
V003026,SUAA,SBBR,2026-01-03T06:28:00.000Z,2026-01-03T09:21:00.000Z,300,false
V003027,SBBR,SUAA,2026-01-03T13:12:00.000Z,2026-01-03T16:05:00.000Z,360,false
V003028,SUAA,SBBR,2026-01-03T12:00:00.000Z,2026-01-03T14:53:00.000Z,340,false
V003029,SBBR,SUAA,2026-01-03T16:02:00.000Z,2026-01-03T18:55:00.000Z,320,false
V003030,SUAA,SBBR,2026-01-03T17:36:00.000Z,2026-01-03T20:29:00.000Z,340,false
V003031,SBBR,SUAA,2026-01-03T23:00:00.000Z,2026-01-04T01:53:00.000Z,340,false
V003032,SUAA,SBBR,2026-01-03T21:16:00.000Z,2026-01-04T00:09:00.000Z,320,false
V003033,SBBR,LATI,2026-01-03T05:14:00.000Z,2026-01-03T16:48:00.000Z,300,false
V003034,LATI,SBBR,2026-01-03T03:17:00.000Z,2026-01-03T14:51:00.000Z,360,false
V003035,SBBR,LATI,2026-01-03T11:00:00.000Z,2026-01-03T22:34:00.000Z,340,false
V003036,LATI,SBBR,2026-01-03T09:35:00.000Z,2026-01-03T21:09:00.000Z,320,false
V003037,SBBR,LATI,2026-01-03T23:01:00.000Z,2026-01-04T10:35:00.000Z,300,false
V003038,LATI,SBBR,2026-01-03T14:55:00.000Z,2026-01-04T02:29:00.000Z,320,false
V003039,SBBR,EDDI,2026-01-03T07:16:00.000Z,2026-01-03T19:06:00.000Z,360,false
V003040,EDDI,SBBR,2026-01-03T05:42:00.000Z,2026-01-03T17:32:00.000Z,340,false
V003041,SBBR,EDDI,2026-01-04T00:42:00.000Z,2026-01-04T12:32:00.000Z,340,false
V003042,EDDI,SBBR,2026-01-03T18:08:00.000Z,2026-01-04T05:58:00.000Z,300,false
V003043,SBBR,LOWW,2026-01-03T09:10:00.000Z,2026-01-03T20:56:00.000Z,360,false
V003044,LOWW,SBBR,2026-01-03T04:35:00.000Z,2026-01-03T16:21:00.000Z,320,false
V003045,SBBR,LOWW,2026-01-03T22:23:00.000Z,2026-01-04T10:09:00.000Z,360,false
V003046,LOWW,SBBR,2026-01-03T18:19:00.000Z,2026-01-04T06:05:00.000Z,320,false
V003047,SBBR,EBCI,2026-01-03T04:41:00.000Z,2026-01-03T15:43:00.000Z,320,false
V003048,EBCI,SBBR,2026-01-03T02:53:00.000Z,2026-01-03T13:55:00.000Z,320,false
V003049,SBBR,EBCI,2026-01-03T12:22:00.000Z,2026-01-03T23:24:00.000Z,300,false
V003050,EBCI,SBBR,2026-01-03T07:43:00.000Z,2026-01-03T18:45:00.000Z,340,false
V003051,SBBR,EBCI,2026-01-03T15:04:00.000Z,2026-01-04T02:06:00.000Z,300,false
V003052,EBCI,SBBR,2026-01-03T11:29:00.000Z,2026-01-03T22:31:00.000Z,300,false
V003053,SBBR,EBCI,2026-01-04T02:50:00.000Z,2026-01-04T13:52:00.000Z,340,false
V003054,EBCI,SBBR,2026-01-03T21:47:00.000Z,2026-01-04T08:49:00.000Z,360,false
V003055,SBBR,UMMS,2026-01-03T07:23:00.000Z,2026-01-03T20:25:00.000Z,340,false
V003056,UMMS,SBBR,2026-01-03T01:59:00.000Z,2026-01-03T15:01:00.000Z,300,false
V003057,SBBR,UMMS,2026-01-03T17:51:00.000Z,2026-01-04T06:53:00.000Z,340,false
V003058,UMMS,SBBR,2026-01-03T06:01:00.000Z,2026-01-03T19:03:00.000Z,360,false
V003059,SBBR,UMMS,2026-01-04T00:15:00.000Z,2026-01-04T13:17:00.000Z,340,false
V003060,UMMS,SBBR,2026-01-03T15:59:00.000Z,2026-01-04T05:01:00.000Z,340,false
V003061,SBBR,LBSF,2026-01-03T10:16:00.000Z,2026-01-03T22:16:00.000Z,360,false
V003062,LBSF,SBBR,2026-01-02T22:48:00.000Z,2026-01-03T10:48:00.000Z,360,false
V003063,SBBR,LBSF,2026-01-03T12:30:00.000Z,2026-01-04T00:30:00.000Z,320,false
V003064,LBSF,SBBR,2026-01-03T07:05:00.000Z,2026-01-03T19:05:00.000Z,320,false
V003065,SBBR,LBSF,2026-01-04T02:27:00.000Z,2026-01-04T14:27:00.000Z,360,false
V003066,LBSF,SBBR,2026-01-03T18:14:00.000Z,2026-01-04T06:14:00.000Z,320,false
V003067,SBBR,LKPR,2026-01-03T08:37:00.000Z,2026-01-03T20:23:00.000Z,300,false
V003068,LKPR,SBBR,2026-01-03T02:18:00.000Z,2026-01-03T14:04:00.000Z,300,false
V003069,SBBR,LKPR,2026-01-03T10:28:00.000Z,2026-01-03T22:14:00.000Z,360,false
V003070,LKPR,SBBR,2026-01-03T06:01:00.000Z,2026-01-03T17:47:00.000Z,340,false
V003071,SBBR,LKPR,2026-01-03T17:41:00.000Z,2026-01-04T05:27:00.000Z,300,false
V003072,LKPR,SBBR,2026-01-03T15:37:00.000Z,2026-01-04T03:23:00.000Z,360,false
V003073,SBBR,LKPR,2026-01-04T02:21:00.000Z,2026-01-04T14:07:00.000Z,320,false
V003074,LKPR,SBBR,2026-01-03T17:41:00.000Z,2026-01-04T05:27:00.000Z,320,false
V003075,SBBR,LDZA,2026-01-03T05:15:00.000Z,2026-01-03T16:49:00.000Z,300,false
V003076,LDZA,SBBR,2026-01-03T03:22:00.000Z,2026-01-03T14:56:00.000Z,360,false
V003077,SBBR,LDZA,2026-01-03T18:15:00.000Z,2026-01-04T05:49:00.000Z,360,false
V003078,LDZA,SBBR,2026-01-03T07:38:00.000Z,2026-01-03T19:12:00.000Z,340,false
V003079,SBBR,LDZA,2026-01-03T19:54:00.000Z,2026-01-04T07:28:00.000Z,320,false
V003080,LDZA,SBBR,2026-01-03T20:07:00.000Z,2026-01-04T07:41:00.000Z,340,false
V003081,SBBR,EKCH,2026-01-03T05:19:00.000Z,2026-01-03T17:19:00.000Z,360,false
V003082,EKCH,SBBR,2026-01-03T00:04:00.000Z,2026-01-03T12:04:00.000Z,320,false
V003083,SBBR,EKCH,2026-01-03T17:04:00.000Z,2026-01-04T05:04:00.000Z,320,false
V003084,EKCH,SBBR,2026-01-03T11:50:00.000Z,2026-01-03T23:50:00.000Z,360,false
V003085,SBBR,EKCH,2026-01-03T21:30:00.000Z,2026-01-04T09:30:00.000Z,320,false
V003086,EKCH,SBBR,2026-01-03T20:07:00.000Z,2026-01-04T08:07:00.000Z,320,false
V003087,SBBR,EHAM,2026-01-03T05:29:00.000Z,2026-01-03T16:42:00.000Z,360,false
V003088,EHAM,SBBR,2026-01-03T00:03:00.000Z,2026-01-03T11:16:00.000Z,320,false
V003089,SBBR,EHAM,2026-01-03T16:30:00.000Z,2026-01-04T03:43:00.000Z,320,false
V003090,EHAM,SBBR,2026-01-03T14:48:00.000Z,2026-01-04T02:01:00.000Z,340,false
V003091,SBBR,VIDP,2026-01-03T07:33:00.000Z,2026-01-04T01:17:00.000Z,320,false
V003092,VIDP,SBBR,2026-01-03T02:14:00.000Z,2026-01-03T19:58:00.000Z,300,false
V003093,SBBR,VIDP,2026-01-03T17:24:00.000Z,2026-01-04T11:08:00.000Z,360,false
V003094,VIDP,SBBR,2026-01-03T06:02:00.000Z,2026-01-03T23:46:00.000Z,320,false
V003095,SBBR,VIDP,2026-01-03T19:24:00.000Z,2026-01-04T13:08:00.000Z,360,false
V003096,VIDP,SBBR,2026-01-03T14:39:00.000Z,2026-01-04T08:23:00.000Z,360,false
V003097,SBBR,OSDI,2026-01-03T08:58:00.000Z,2026-01-03T21:53:00.000Z,360,false
V003098,OSDI,SBBR,2026-01-02T22:28:00.000Z,2026-01-03T11:23:00.000Z,320,false
V003099,SBBR,OSDI,2026-01-03T12:51:00.000Z,2026-01-04T01:46:00.000Z,300,false
V003100,OSDI,SBBR,2026-01-03T09:55:00.000Z,2026-01-03T22:50:00.000Z,320,false
V003101,SBBR,OSDI,2026-01-03T20:12:00.000Z,2026-01-04T09:07:00.000Z,360,false
V003102,OSDI,SBBR,2026-01-03T13:20:00.000Z,2026-01-04T02:15:00.000Z,360,false
V003103,SBBR,OAKB,2026-01-03T08:02:00.000Z,2026-01-04T00:47:00.000Z,320,false
V003104,OAKB,SBBR,2026-01-02T23:42:00.000Z,2026-01-03T16:27:00.000Z,360,false
V003105,SBBR,OAKB,2026-01-03T13:51:00.000Z,2026-01-04T06:36:00.000Z,300,false
V003106,OAKB,SBBR,2026-01-03T09:53:00.000Z,2026-01-04T02:38:00.000Z,300,false
V003107,SBBR,OAKB,2026-01-03T21:22:00.000Z,2026-01-04T14:07:00.000Z,340,false
V003108,OAKB,SBBR,2026-01-03T19:26:00.000Z,2026-01-04T12:11:00.000Z,320,false
V003109,SBBR,OOMS,2026-01-03T07:09:00.000Z,2026-01-03T22:26:00.000Z,360,false
V003110,OOMS,SBBR,2026-01-03T01:14:00.000Z,2026-01-03T16:31:00.000Z,340,false
V003111,SBBR,OOMS,2026-01-03T14:06:00.000Z,2026-01-04T05:23:00.000Z,300,false
V003112,OOMS,SBBR,2026-01-03T06:38:00.000Z,2026-01-03T21:55:00.000Z,360,false
V003113,SBBR,OOMS,2026-01-03T18:47:00.000Z,2026-01-04T10:04:00.000Z,320,false
V003114,OOMS,SBBR,2026-01-03T09:47:00.000Z,2026-01-04T01:04:00.000Z,340,false
V003115,SBBR,OOMS,2026-01-03T22:07:00.000Z,2026-01-04T13:24:00.000Z,360,false
V003116,OOMS,SBBR,2026-01-03T18:37:00.000Z,2026-01-04T09:54:00.000Z,360,false
V003117,SBBR,OYSN,2026-01-03T06:48:00.000Z,2026-01-03T20:03:00.000Z,300,false
V003118,OYSN,SBBR,2026-01-03T00:10:00.000Z,2026-01-03T13:25:00.000Z,340,false
V003119,SBBR,OYSN,2026-01-03T18:56:00.000Z,2026-01-04T08:11:00.000Z,340,false
V003120,OYSN,SBBR,2026-01-03T10:11:00.000Z,2026-01-03T23:26:00.000Z,360,false
V003121,SBBR,OYSN,2026-01-04T02:56:00.000Z,2026-01-04T16:11:00.000Z,300,false
V003122,OYSN,SBBR,2026-01-03T16:55:00.000Z,2026-01-04T06:10:00.000Z,360,false
V003123,SBBR,OPKC,2026-01-03T07:15:00.000Z,2026-01-03T23:42:00.000Z,300,false
V003124,OPKC,SBBR,2026-01-03T05:19:00.000Z,2026-01-03T21:46:00.000Z,360,false
V003125,SBBR,UBBB,2026-01-03T08:35:00.000Z,2026-01-03T23:15:00.000Z,300,false
V003126,UBBB,SBBR,2026-01-02T22:49:00.000Z,2026-01-03T13:29:00.000Z,340,false
V003127,SBBR,UBBB,2026-01-03T09:45:00.000Z,2026-01-04T00:25:00.000Z,320,false
V003128,UBBB,SBBR,2026-01-03T05:13:00.000Z,2026-01-03T19:53:00.000Z,340,false
V003129,SBBR,UBBB,2026-01-03T20:10:00.000Z,2026-01-04T10:50:00.000Z,360,false
V003130,UBBB,SBBR,2026-01-03T11:42:00.000Z,2026-01-04T02:22:00.000Z,360,false
V003131,SBBR,UBBB,2026-01-03T21:38:00.000Z,2026-01-04T12:18:00.000Z,360,false
V003132,UBBB,SBBR,2026-01-03T21:38:00.000Z,2026-01-04T12:18:00.000Z,300,false
V003133,SBBR,OJAI,2026-01-03T08:42:00.000Z,2026-01-03T21:26:00.000Z,340,false
V003134,OJAI,SBBR,2026-01-02T22:30:00.000Z,2026-01-03T11:14:00.000Z,300,false
V003135,SBBR,OJAI,2026-01-03T09:35:00.000Z,2026-01-03T22:19:00.000Z,320,false
V003136,OJAI,SBBR,2026-01-03T06:08:00.000Z,2026-01-03T18:52:00.000Z,340,false
V003137,SBBR,OJAI,2026-01-03T15:59:00.000Z,2026-01-04T04:43:00.000Z,340,false
V003138,OJAI,SBBR,2026-01-03T13:18:00.000Z,2026-01-04T02:02:00.000Z,320,false
V003139,SBBR,OJAI,2026-01-03T22:47:00.000Z,2026-01-04T11:31:00.000Z,300,false
V003140,OJAI,SBBR,2026-01-03T20:25:00.000Z,2026-01-04T09:09:00.000Z,320,false
V003141,SPIM,SLLP,2026-01-03T05:21:00.000Z,2026-01-03T06:41:00.000Z,300,false
V003142,SLLP,SPIM,2026-01-03T09:33:00.000Z,2026-01-03T10:53:00.000Z,340,false
V003143,SPIM,SLLP,2026-01-03T14:22:00.000Z,2026-01-03T15:42:00.000Z,320,false
V003144,SLLP,SPIM,2026-01-03T15:54:00.000Z,2026-01-03T17:14:00.000Z,300,false
V003145,SPIM,SLLP,2026-01-03T21:09:00.000Z,2026-01-03T22:29:00.000Z,300,false
V003146,SLLP,SPIM,2026-01-03T20:24:00.000Z,2026-01-03T21:44:00.000Z,320,false
V003147,SPIM,SLLP,2026-01-03T23:05:00.000Z,2026-01-04T00:25:00.000Z,320,false
V003148,SLLP,SPIM,2026-01-04T03:52:00.000Z,2026-01-04T05:12:00.000Z,340,false
V003149,SPIM,SCEL,2026-01-03T08:11:00.000Z,2026-01-03T11:15:00.000Z,340,false
V003150,SCEL,SPIM,2026-01-03T08:58:00.000Z,2026-01-03T12:02:00.000Z,360,false
V003151,SPIM,SCEL,2026-01-03T13:59:00.000Z,2026-01-03T17:03:00.000Z,340,false
V003152,SCEL,SPIM,2026-01-03T16:23:00.000Z,2026-01-03T19:27:00.000Z,300,false
V003153,SPIM,SCEL,2026-01-04T00:34:00.000Z,2026-01-04T03:38:00.000Z,300,false
V003154,SCEL,SPIM,2026-01-03T21:42:00.000Z,2026-01-04T00:46:00.000Z,360,false
V003155,SPIM,SABE,2026-01-03T10:20:00.000Z,2026-01-03T14:14:00.000Z,300,false
V003156,SABE,SPIM,2026-01-03T06:16:00.000Z,2026-01-03T10:10:00.000Z,340,false
V003157,SPIM,SABE,2026-01-03T11:35:00.000Z,2026-01-03T15:29:00.000Z,360,false
V003158,SABE,SPIM,2026-01-03T13:38:00.000Z,2026-01-03T17:32:00.000Z,360,false
V003159,SPIM,SABE,2026-01-03T20:03:00.000Z,2026-01-03T23:57:00.000Z,340,false
V003160,SABE,SPIM,2026-01-03T15:02:00.000Z,2026-01-03T18:56:00.000Z,300,false
V003161,SPIM,SABE,2026-01-03T23:02:00.000Z,2026-01-04T02:56:00.000Z,340,false
V003162,SABE,SPIM,2026-01-04T00:41:00.000Z,2026-01-04T04:35:00.000Z,300,false
V003163,SPIM,SGAS,2026-01-03T06:32:00.000Z,2026-01-03T09:44:00.000Z,320,false
V003164,SGAS,SPIM,2026-01-03T10:47:00.000Z,2026-01-03T13:59:00.000Z,320,false
V003165,SPIM,SGAS,2026-01-04T02:32:00.000Z,2026-01-04T05:44:00.000Z,360,false
V003166,SGAS,SPIM,2026-01-04T03:01:00.000Z,2026-01-04T06:13:00.000Z,340,false
V003167,SPIM,SUAA,2026-01-03T12:09:00.000Z,2026-01-03T16:13:00.000Z,300,false
V003168,SUAA,SPIM,2026-01-03T03:30:00.000Z,2026-01-03T07:34:00.000Z,300,false
V003169,SPIM,SUAA,2026-01-03T20:55:00.000Z,2026-01-04T00:59:00.000Z,340,false
V003170,SUAA,SPIM,2026-01-03T15:41:00.000Z,2026-01-03T19:45:00.000Z,340,false
V003171,SPIM,SUAA,2026-01-03T22:51:00.000Z,2026-01-04T02:55:00.000Z,360,false
V003172,SUAA,SPIM,2026-01-03T23:39:00.000Z,2026-01-04T03:43:00.000Z,300,false
V003173,SPIM,LATI,2026-01-03T10:13:00.000Z,2026-01-04T00:32:00.000Z,320,false
V003174,LATI,SPIM,2026-01-03T04:54:00.000Z,2026-01-03T19:13:00.000Z,340,false
V003175,SPIM,LATI,2026-01-03T16:01:00.000Z,2026-01-04T06:20:00.000Z,360,false
V003176,LATI,SPIM,2026-01-03T08:42:00.000Z,2026-01-03T23:01:00.000Z,320,false
V003177,SPIM,LATI,2026-01-04T04:03:00.000Z,2026-01-04T18:22:00.000Z,300,false
V003178,LATI,SPIM,2026-01-03T16:37:00.000Z,2026-01-04T06:56:00.000Z,360,false
V003179,SPIM,EDDI,2026-01-03T10:21:00.000Z,2026-01-04T00:15:00.000Z,340,false
V003180,EDDI,SPIM,2026-01-03T01:05:00.000Z,2026-01-03T14:59:00.000Z,360,false
V003181,SPIM,EDDI,2026-01-03T16:41:00.000Z,2026-01-04T06:35:00.000Z,320,false
V003182,EDDI,SPIM,2026-01-03T08:49:00.000Z,2026-01-03T22:43:00.000Z,360,false
V003183,SPIM,EDDI,2026-01-03T17:58:00.000Z,2026-01-04T07:52:00.000Z,320,false
V003184,EDDI,SPIM,2026-01-03T13:55:00.000Z,2026-01-04T03:49:00.000Z,360,false
V003185,SPIM,EDDI,2026-01-04T00:27:00.000Z,2026-01-04T14:21:00.000Z,360,false
V003186,EDDI,SPIM,2026-01-03T19:24:00.000Z,2026-01-04T09:18:00.000Z,340,false
V003187,SPIM,LOWW,2026-01-03T07:01:00.000Z,2026-01-03T21:07:00.000Z,300,false
V003188,LOWW,SPIM,2026-01-03T20:25:00.000Z,2026-01-04T10:31:00.000Z,300,false
V003189,SPIM,EBCI,2026-01-03T05:58:00.000Z,2026-01-03T19:02:00.000Z,360,false
V003190,EBCI,SPIM,2026-01-03T02:38:00.000Z,2026-01-03T15:42:00.000Z,320,false
V003191,SPIM,EBCI,2026-01-03T13:07:00.000Z,2026-01-04T02:11:00.000Z,320,false
V003192,EBCI,SPIM,2026-01-03T05:36:00.000Z,2026-01-03T18:40:00.000Z,340,false
V003193,SPIM,EBCI,2026-01-03T19:50:00.000Z,2026-01-04T08:54:00.000Z,360,false
V003194,EBCI,SPIM,2026-01-03T10:56:00.000Z,2026-01-04T00:00:00.000Z,320,false
V003195,SPIM,EBCI,2026-01-04T02:20:00.000Z,2026-01-04T15:24:00.000Z,320,false
V003196,EBCI,SPIM,2026-01-03T20:18:00.000Z,2026-01-04T09:22:00.000Z,360,false
V003197,SPIM,UMMS,2026-01-03T05:01:00.000Z,2026-01-03T20:12:00.000Z,320,false
V003198,UMMS,SPIM,2026-01-03T01:39:00.000Z,2026-01-03T16:50:00.000Z,300,false
V003199,SPIM,UMMS,2026-01-03T14:12:00.000Z,2026-01-04T05:23:00.000Z,320,false
V003200,UMMS,SPIM,2026-01-03T08:33:00.000Z,2026-01-03T23:44:00.000Z,360,false
V003201,SPIM,UMMS,2026-01-03T17:11:00.000Z,2026-01-04T08:22:00.000Z,360,false
V003202,UMMS,SPIM,2026-01-03T11:08:00.000Z,2026-01-04T02:19:00.000Z,340,false
V003203,SPIM,UMMS,2026-01-04T04:08:00.000Z,2026-01-04T19:19:00.000Z,320,false
V003204,UMMS,SPIM,2026-01-03T18:07:00.000Z,2026-01-04T09:18:00.000Z,360,false
V003205,SPIM,LBSF,2026-01-03T10:38:00.000Z,2026-01-04T01:22:00.000Z,360,false
V003206,LBSF,SPIM,2026-01-03T00:56:00.000Z,2026-01-03T15:40:00.000Z,360,false
V003207,SPIM,LBSF,2026-01-03T14:51:00.000Z,2026-01-04T05:35:00.000Z,340,false
V003208,LBSF,SPIM,2026-01-03T07:01:00.000Z,2026-01-03T21:45:00.000Z,320,false
V003209,SPIM,LBSF,2026-01-03T20:16:00.000Z,2026-01-04T11:00:00.000Z,340,false
V003210,LBSF,SPIM,2026-01-03T14:24:00.000Z,2026-01-04T05:08:00.000Z,320,false
V003211,SPIM,LBSF,2026-01-04T01:23:00.000Z,2026-01-04T16:07:00.000Z,360,false
V003212,LBSF,SPIM,2026-01-03T15:12:00.000Z,2026-01-04T05:56:00.000Z,300,false
V003213,SPIM,LKPR,2026-01-03T09:31:00.000Z,2026-01-03T23:28:00.000Z,360,false
V003214,LKPR,SPIM,2026-01-03T00:10:00.000Z,2026-01-03T14:07:00.000Z,360,false
V003215,SPIM,LKPR,2026-01-03T13:39:00.000Z,2026-01-04T03:36:00.000Z,340,false
V003216,LKPR,SPIM,2026-01-03T08:55:00.000Z,2026-01-03T22:52:00.000Z,340,false
V003217,SPIM,LKPR,2026-01-03T20:18:00.000Z,2026-01-04T10:15:00.000Z,360,false
V003218,LKPR,SPIM,2026-01-03T15:09:00.000Z,2026-01-04T05:06:00.000Z,300,false
V003219,SPIM,LKPR,2026-01-04T01:04:00.000Z,2026-01-04T15:01:00.000Z,320,false
V003220,LKPR,SPIM,2026-01-03T21:26:00.000Z,2026-01-04T11:23:00.000Z,360,false
V003221,SPIM,LDZA,2026-01-03T05:00:00.000Z,2026-01-03T19:04:00.000Z,360,false
V003222,LDZA,SPIM,2026-01-02T22:36:00.000Z,2026-01-03T12:40:00.000Z,320,false
V003223,SPIM,LDZA,2026-01-03T15:11:00.000Z,2026-01-04T05:15:00.000Z,360,false
V003224,LDZA,SPIM,2026-01-03T05:27:00.000Z,2026-01-03T19:31:00.000Z,320,false
V003225,SPIM,LDZA,2026-01-03T19:50:00.000Z,2026-01-04T09:54:00.000Z,320,false
V003226,LDZA,SPIM,2026-01-03T12:15:00.000Z,2026-01-04T02:19:00.000Z,300,false
V003227,SPIM,LDZA,2026-01-04T01:37:00.000Z,2026-01-04T15:41:00.000Z,320,false
V003228,LDZA,SPIM,2026-01-03T20:24:00.000Z,2026-01-04T10:28:00.000Z,300,false
V003229,SPIM,EKCH,2026-01-03T10:28:00.000Z,2026-01-04T00:21:00.000Z,340,false
V003230,EKCH,SPIM,2026-01-03T04:09:00.000Z,2026-01-03T18:02:00.000Z,360,false
V003231,SPIM,EKCH,2026-01-03T18:25:00.000Z,2026-01-04T08:18:00.000Z,340,false
V003232,EKCH,SPIM,2026-01-03T10:05:00.000Z,2026-01-03T23:58:00.000Z,320,false
V003233,SPIM,EKCH,2026-01-04T04:00:00.000Z,2026-01-04T17:53:00.000Z,340,false
V003234,EKCH,SPIM,2026-01-03T21:53:00.000Z,2026-01-04T11:46:00.000Z,360,false
V003235,SPIM,EHAM,2026-01-03T09:14:00.000Z,2026-01-03T22:23:00.000Z,340,false
V003236,EHAM,SPIM,2026-01-02T23:37:00.000Z,2026-01-03T12:46:00.000Z,340,false
V003237,SPIM,EHAM,2026-01-03T11:16:00.000Z,2026-01-04T00:25:00.000Z,360,false
V003238,EHAM,SPIM,2026-01-03T07:40:00.000Z,2026-01-03T20:49:00.000Z,320,false
V003239,SPIM,EHAM,2026-01-03T19:25:00.000Z,2026-01-04T08:34:00.000Z,300,false
V003240,EHAM,SPIM,2026-01-03T14:13:00.000Z,2026-01-04T03:22:00.000Z,320,false
V003241,SPIM,EHAM,2026-01-03T23:05:00.000Z,2026-01-04T12:14:00.000Z,300,false
V003242,EHAM,SPIM,2026-01-03T20:37:00.000Z,2026-01-04T09:46:00.000Z,360,false
V003243,SPIM,VIDP,2026-01-03T07:23:00.000Z,2026-01-04T04:29:00.000Z,360,false
V003244,VIDP,SPIM,2026-01-03T02:55:00.000Z,2026-01-04T00:01:00.000Z,340,false
V003245,SPIM,VIDP,2026-01-03T18:05:00.000Z,2026-01-04T15:11:00.000Z,320,false
V003246,VIDP,SPIM,2026-01-03T05:39:00.000Z,2026-01-04T02:45:00.000Z,300,false
V003247,SPIM,VIDP,2026-01-04T00:22:00.000Z,2026-01-03T21:28:00.000Z,300,false
V003248,VIDP,SPIM,2026-01-03T11:33:00.000Z,2026-01-04T08:39:00.000Z,340,false
V003249,SPIM,OSDI,2026-01-03T07:28:00.000Z,2026-01-03T23:39:00.000Z,320,false
V003250,OSDI,SPIM,2026-01-03T00:57:00.000Z,2026-01-03T17:08:00.000Z,340,false
V003251,SPIM,OSDI,2026-01-03T14:18:00.000Z,2026-01-04T06:29:00.000Z,300,false
V003252,OSDI,SPIM,2026-01-03T07:09:00.000Z,2026-01-03T23:20:00.000Z,340,false
V003253,SPIM,OSDI,2026-01-03T22:18:00.000Z,2026-01-04T14:29:00.000Z,360,false
V003254,OSDI,SPIM,2026-01-03T10:46:00.000Z,2026-01-04T02:57:00.000Z,320,false
V003255,SPIM,OSDI,2026-01-04T04:04:00.000Z,2026-01-04T20:15:00.000Z,320,false
V003256,OSDI,SPIM,2026-01-03T16:40:00.000Z,2026-01-04T08:51:00.000Z,340,false
V003257,SPIM,OAKB,2026-01-03T10:01:00.000Z,2026-01-04T05:53:00.000Z,360,false
V003258,OAKB,SPIM,2026-01-02T23:28:00.000Z,2026-01-03T19:20:00.000Z,340,false
V003259,SPIM,OAKB,2026-01-03T11:04:00.000Z,2026-01-04T06:56:00.000Z,320,false
V003260,OAKB,SPIM,2026-01-03T06:13:00.000Z,2026-01-04T02:05:00.000Z,340,false
V003261,SPIM,OAKB,2026-01-03T19:22:00.000Z,2026-01-04T15:14:00.000Z,320,false
V003262,OAKB,SPIM,2026-01-03T09:44:00.000Z,2026-01-04T05:36:00.000Z,340,false
V003263,SPIM,OAKB,2026-01-04T04:25:00.000Z,2026-01-04T00:17:00.000Z,320,false
V003264,OAKB,SPIM,2026-01-03T14:44:00.000Z,2026-01-04T10:36:00.000Z,320,false
V003265,SPIM,OOMS,2026-01-03T14:07:00.000Z,2026-01-04T09:07:00.000Z,300,false
V003266,OOMS,SPIM,2026-01-03T07:57:00.000Z,2026-01-04T02:57:00.000Z,300,false
V003267,SPIM,OOMS,2026-01-03T23:54:00.000Z,2026-01-04T18:54:00.000Z,320,false
V003268,OOMS,SPIM,2026-01-03T15:21:00.000Z,2026-01-04T10:21:00.000Z,340,false
V003269,SPIM,OYSN,2026-01-03T09:58:00.000Z,2026-01-04T03:08:00.000Z,320,false
V003270,OYSN,SPIM,2026-01-02T21:38:00.000Z,2026-01-03T14:48:00.000Z,300,false
V003271,SPIM,OYSN,2026-01-03T12:16:00.000Z,2026-01-04T05:26:00.000Z,300,false
V003272,OYSN,SPIM,2026-01-03T05:29:00.000Z,2026-01-03T22:39:00.000Z,360,false
V003273,SPIM,OYSN,2026-01-03T18:28:00.000Z,2026-01-04T11:38:00.000Z,340,false
V003274,OYSN,SPIM,2026-01-03T09:42:00.000Z,2026-01-04T02:52:00.000Z,300,false
V003275,SPIM,OYSN,2026-01-04T00:38:00.000Z,2026-01-04T17:48:00.000Z,360,false
V003276,OYSN,SPIM,2026-01-03T19:44:00.000Z,2026-01-04T12:54:00.000Z,300,false
V003277,SPIM,OPKC,2026-01-03T05:58:00.000Z,2026-01-04T02:05:00.000Z,360,false
V003278,OPKC,SPIM,2026-01-03T01:47:00.000Z,2026-01-03T21:54:00.000Z,340,false
V003279,SPIM,UBBB,2026-01-03T08:34:00.000Z,2026-01-04T02:09:00.000Z,340,false
V003280,UBBB,SPIM,2026-01-03T02:01:00.000Z,2026-01-03T19:36:00.000Z,340,false
V003281,SPIM,UBBB,2026-01-03T15:01:00.000Z,2026-01-04T08:36:00.000Z,300,false
V003282,UBBB,SPIM,2026-01-03T06:26:00.000Z,2026-01-04T00:01:00.000Z,320,false
V003283,SPIM,UBBB,2026-01-03T22:08:00.000Z,2026-01-04T15:43:00.000Z,340,false
V003284,UBBB,SPIM,2026-01-03T15:53:00.000Z,2026-01-04T09:28:00.000Z,300,false
V003285,SPIM,OJAI,2026-01-03T07:02:00.000Z,2026-01-03T23:06:00.000Z,300,false
V003286,OJAI,SPIM,2026-01-03T01:21:00.000Z,2026-01-03T17:25:00.000Z,360,false
V003287,SPIM,OJAI,2026-01-03T13:47:00.000Z,2026-01-04T05:51:00.000Z,360,false
V003288,OJAI,SPIM,2026-01-03T08:43:00.000Z,2026-01-04T00:47:00.000Z,340,false
V003289,SPIM,OJAI,2026-01-03T20:56:00.000Z,2026-01-04T13:00:00.000Z,360,false
V003290,OJAI,SPIM,2026-01-03T10:52:00.000Z,2026-01-04T02:56:00.000Z,360,false
V003291,SPIM,OJAI,2026-01-04T02:18:00.000Z,2026-01-04T18:22:00.000Z,360,false
V003292,OJAI,SPIM,2026-01-03T17:24:00.000Z,2026-01-04T09:28:00.000Z,360,false
V003293,SLLP,SCEL,2026-01-03T05:01:00.000Z,2026-01-03T07:24:00.000Z,320,false
V003294,SCEL,SLLP,2026-01-03T08:58:00.000Z,2026-01-03T11:21:00.000Z,340,false
V003295,SLLP,SCEL,2026-01-03T13:52:00.000Z,2026-01-03T16:15:00.000Z,320,false
V003296,SCEL,SLLP,2026-01-03T14:00:00.000Z,2026-01-03T16:23:00.000Z,300,false
V003297,SLLP,SCEL,2026-01-03T20:36:00.000Z,2026-01-03T22:59:00.000Z,340,false
V003298,SCEL,SLLP,2026-01-03T16:53:00.000Z,2026-01-03T19:16:00.000Z,360,false
V003299,SLLP,SCEL,2026-01-04T03:48:00.000Z,2026-01-04T06:11:00.000Z,320,false
V003300,SCEL,SLLP,2026-01-04T01:21:00.000Z,2026-01-04T03:44:00.000Z,360,false
V003301,SLLP,SABE,2026-01-03T07:52:00.000Z,2026-01-03T10:40:00.000Z,300,false
V003302,SABE,SLLP,2026-01-03T06:13:00.000Z,2026-01-03T09:01:00.000Z,340,false
V003303,SLLP,SABE,2026-01-03T19:32:00.000Z,2026-01-03T22:20:00.000Z,320,false
V003304,SABE,SLLP,2026-01-03T18:54:00.000Z,2026-01-03T21:42:00.000Z,300,false
V003305,SLLP,SABE,2026-01-04T03:42:00.000Z,2026-01-04T06:30:00.000Z,340,false
V003306,SABE,SLLP,2026-01-03T20:47:00.000Z,2026-01-03T23:35:00.000Z,300,false
V003307,SLLP,SGAS,2026-01-03T09:14:00.000Z,2026-01-03T11:08:00.000Z,360,false
V003308,SGAS,SLLP,2026-01-03T05:54:00.000Z,2026-01-03T07:48:00.000Z,320,false
V003309,SLLP,SGAS,2026-01-03T13:46:00.000Z,2026-01-03T15:40:00.000Z,300,false
V003310,SGAS,SLLP,2026-01-03T11:56:00.000Z,2026-01-03T13:50:00.000Z,340,false
V003311,SLLP,SGAS,2026-01-03T21:26:00.000Z,2026-01-03T23:20:00.000Z,300,false
V003312,SGAS,SLLP,2026-01-03T18:23:00.000Z,2026-01-03T20:17:00.000Z,320,false
V003313,SLLP,SGAS,2026-01-04T01:31:00.000Z,2026-01-04T03:25:00.000Z,360,false
V003314,SGAS,SLLP,2026-01-04T03:06:00.000Z,2026-01-04T05:00:00.000Z,320,false
V003315,SLLP,SUAA,2026-01-03T09:25:00.000Z,2026-01-03T12:21:00.000Z,300,false
V003316,SUAA,SLLP,2026-01-03T07:08:00.000Z,2026-01-03T10:04:00.000Z,340,false
V003317,SLLP,SUAA,2026-01-03T14:13:00.000Z,2026-01-03T17:09:00.000Z,360,false
V003318,SUAA,SLLP,2026-01-03T11:39:00.000Z,2026-01-03T14:35:00.000Z,340,false
V003319,SLLP,SUAA,2026-01-03T23:36:00.000Z,2026-01-04T02:32:00.000Z,300,false
V003320,SUAA,SLLP,2026-01-03T21:14:00.000Z,2026-01-04T00:10:00.000Z,320,false
V003321,SLLP,LATI,2026-01-03T09:36:00.000Z,2026-01-03T23:20:00.000Z,360,false
V003322,LATI,SLLP,2026-01-03T00:42:00.000Z,2026-01-03T14:26:00.000Z,360,false
V003323,SLLP,EDDI,2026-01-03T09:53:00.000Z,2026-01-03T23:28:00.000Z,360,false
V003324,EDDI,SLLP,2026-01-03T02:57:00.000Z,2026-01-03T16:32:00.000Z,300,false
V003325,SLLP,EDDI,2026-01-03T10:06:00.000Z,2026-01-03T23:41:00.000Z,300,false
V003326,EDDI,SLLP,2026-01-03T09:14:00.000Z,2026-01-03T22:49:00.000Z,360,false
V003327,SLLP,EDDI,2026-01-03T18:24:00.000Z,2026-01-04T07:59:00.000Z,320,false
V003328,EDDI,SLLP,2026-01-03T12:26:00.000Z,2026-01-04T02:01:00.000Z,300,false
V003329,SLLP,EDDI,2026-01-04T01:40:00.000Z,2026-01-04T15:15:00.000Z,360,false
V003330,EDDI,SLLP,2026-01-03T18:40:00.000Z,2026-01-04T08:15:00.000Z,300,false
V003331,SLLP,LOWW,2026-01-03T09:57:00.000Z,2026-01-03T23:38:00.000Z,320,false
V003332,LOWW,SLLP,2026-01-03T01:01:00.000Z,2026-01-03T14:42:00.000Z,300,false
V003333,SLLP,LOWW,2026-01-03T14:24:00.000Z,2026-01-04T04:05:00.000Z,300,false
V003334,LOWW,SLLP,2026-01-03T09:03:00.000Z,2026-01-03T22:44:00.000Z,340,false
V003335,SLLP,LOWW,2026-01-03T18:28:00.000Z,2026-01-04T08:09:00.000Z,360,false
V003336,LOWW,SLLP,2026-01-03T11:50:00.000Z,2026-01-04T01:31:00.000Z,300,false
V003337,SLLP,LOWW,2026-01-03T22:26:00.000Z,2026-01-04T12:07:00.000Z,340,false
V003338,LOWW,SLLP,2026-01-03T17:01:00.000Z,2026-01-04T06:42:00.000Z,360,false
V003339,SLLP,EBCI,2026-01-03T09:52:00.000Z,2026-01-03T22:37:00.000Z,360,false
V003340,EBCI,SLLP,2026-01-03T01:41:00.000Z,2026-01-03T14:26:00.000Z,320,false
V003341,SLLP,EBCI,2026-01-03T10:58:00.000Z,2026-01-03T23:43:00.000Z,300,false
V003342,EBCI,SLLP,2026-01-03T09:11:00.000Z,2026-01-03T21:56:00.000Z,360,false
V003343,SLLP,EBCI,2026-01-03T19:37:00.000Z,2026-01-04T08:22:00.000Z,320,false
V003344,EBCI,SLLP,2026-01-03T10:35:00.000Z,2026-01-03T23:20:00.000Z,300,false
V003345,SLLP,EBCI,2026-01-04T01:08:00.000Z,2026-01-04T13:53:00.000Z,320,false
V003346,EBCI,SLLP,2026-01-03T17:09:00.000Z,2026-01-04T05:54:00.000Z,320,false
V003347,SLLP,UMMS,2026-01-03T05:36:00.000Z,2026-01-03T20:28:00.000Z,320,false
V003348,UMMS,SLLP,2026-01-03T08:47:00.000Z,2026-01-03T23:39:00.000Z,340,false
V003349,SLLP,LBSF,2026-01-03T09:01:00.000Z,2026-01-03T23:11:00.000Z,340,false
V003350,LBSF,SLLP,2026-01-03T04:30:00.000Z,2026-01-03T18:40:00.000Z,360,false
V003351,SLLP,LBSF,2026-01-03T15:57:00.000Z,2026-01-04T06:07:00.000Z,340,false
V003352,LBSF,SLLP,2026-01-03T10:04:00.000Z,2026-01-04T00:14:00.000Z,360,false
V003353,SLLP,LBSF,2026-01-04T03:15:00.000Z,2026-01-04T17:25:00.000Z,320,false
V003354,LBSF,SLLP,2026-01-03T13:11:00.000Z,2026-01-04T03:21:00.000Z,320,false
V003355,SLLP,LKPR,2026-01-03T05:00:00.000Z,2026-01-03T18:35:00.000Z,360,false
V003356,LKPR,SLLP,2026-01-02T22:30:00.000Z,2026-01-03T12:05:00.000Z,300,false
V003357,SLLP,LKPR,2026-01-03T12:57:00.000Z,2026-01-04T02:32:00.000Z,300,false
V003358,LKPR,SLLP,2026-01-03T04:26:00.000Z,2026-01-03T18:01:00.000Z,320,false
V003359,SLLP,LKPR,2026-01-03T21:44:00.000Z,2026-01-04T11:19:00.000Z,340,false
V003360,LKPR,SLLP,2026-01-03T10:30:00.000Z,2026-01-04T00:05:00.000Z,360,false
V003361,SLLP,LKPR,2026-01-03T23:47:00.000Z,2026-01-04T13:22:00.000Z,360,false
V003362,LKPR,SLLP,2026-01-03T21:39:00.000Z,2026-01-04T11:14:00.000Z,300,false
V003363,SLLP,LDZA,2026-01-03T16:53:00.000Z,2026-01-04T06:28:00.000Z,320,false
V003364,LDZA,SLLP,2026-01-03T08:10:00.000Z,2026-01-03T21:45:00.000Z,340,false
V003365,SLLP,EKCH,2026-01-03T08:32:00.000Z,2026-01-03T22:10:00.000Z,340,false
V003366,EKCH,SLLP,2026-01-02T22:54:00.000Z,2026-01-03T12:32:00.000Z,320,false
V003367,SLLP,EKCH,2026-01-03T12:29:00.000Z,2026-01-04T02:07:00.000Z,360,false
V003368,EKCH,SLLP,2026-01-03T05:48:00.000Z,2026-01-03T19:26:00.000Z,320,false
V003369,SLLP,EKCH,2026-01-03T19:08:00.000Z,2026-01-04T08:46:00.000Z,320,false
V003370,EKCH,SLLP,2026-01-03T14:33:00.000Z,2026-01-04T04:11:00.000Z,340,false
V003371,SLLP,EKCH,2026-01-04T01:41:00.000Z,2026-01-04T15:19:00.000Z,340,false
V003372,EKCH,SLLP,2026-01-03T16:48:00.000Z,2026-01-04T06:26:00.000Z,340,false
V003373,SLLP,EHAM,2026-01-03T18:39:00.000Z,2026-01-04T07:31:00.000Z,340,false
V003374,EHAM,SLLP,2026-01-02T23:27:00.000Z,2026-01-03T12:19:00.000Z,320,false
V003375,SLLP,VIDP,2026-01-03T06:55:00.000Z,2026-01-04T03:16:00.000Z,320,false
V003376,VIDP,SLLP,2026-01-02T19:33:00.000Z,2026-01-03T15:54:00.000Z,320,false
V003377,SLLP,VIDP,2026-01-03T11:34:00.000Z,2026-01-04T07:55:00.000Z,340,false
V003378,VIDP,SLLP,2026-01-03T02:15:00.000Z,2026-01-03T22:36:00.000Z,320,false
V003379,SLLP,VIDP,2026-01-03T21:33:00.000Z,2026-01-04T17:54:00.000Z,300,false
V003380,VIDP,SLLP,2026-01-03T09:31:00.000Z,2026-01-04T05:52:00.000Z,340,false
V003381,SLLP,VIDP,2026-01-03T23:14:00.000Z,2026-01-03T19:35:00.000Z,360,false
V003382,VIDP,SLLP,2026-01-03T17:37:00.000Z,2026-01-04T13:58:00.000Z,360,false
V003383,SLLP,OSDI,2026-01-03T12:52:00.000Z,2026-01-04T04:17:00.000Z,320,false
V003384,OSDI,SLLP,2026-01-03T02:50:00.000Z,2026-01-03T18:15:00.000Z,300,false
V003385,SLLP,OSDI,2026-01-03T18:49:00.000Z,2026-01-04T10:14:00.000Z,340,false
V003386,OSDI,SLLP,2026-01-03T09:49:00.000Z,2026-01-04T01:14:00.000Z,300,false
V003387,SLLP,OAKB,2026-01-03T11:55:00.000Z,2026-01-04T07:09:00.000Z,340,false
V003388,OAKB,SLLP,2026-01-02T21:23:00.000Z,2026-01-03T16:37:00.000Z,360,false
V003389,SLLP,OAKB,2026-01-03T17:31:00.000Z,2026-01-04T12:45:00.000Z,300,false
V003390,OAKB,SLLP,2026-01-03T07:54:00.000Z,2026-01-04T03:08:00.000Z,320,false
V003391,SLLP,OAKB,2026-01-04T01:21:00.000Z,2026-01-03T20:35:00.000Z,360,false
V003392,OAKB,SLLP,2026-01-03T13:08:00.000Z,2026-01-04T08:22:00.000Z,300,false
V003393,SLLP,OOMS,2026-01-03T09:30:00.000Z,2026-01-04T03:31:00.000Z,360,false
V003394,OOMS,SLLP,2026-01-02T20:15:00.000Z,2026-01-03T14:16:00.000Z,300,false
V003395,SLLP,OOMS,2026-01-03T10:40:00.000Z,2026-01-04T04:41:00.000Z,300,false
V003396,OOMS,SLLP,2026-01-03T02:34:00.000Z,2026-01-03T20:35:00.000Z,360,false
V003397,SLLP,OOMS,2026-01-03T17:16:00.000Z,2026-01-04T11:17:00.000Z,300,false
V003398,OOMS,SLLP,2026-01-03T12:02:00.000Z,2026-01-04T06:03:00.000Z,360,false
V003399,SLLP,OOMS,2026-01-04T03:44:00.000Z,2026-01-03T21:45:00.000Z,300,false
V003400,OOMS,SLLP,2026-01-03T15:28:00.000Z,2026-01-04T09:29:00.000Z,340,false
V003401,SLLP,OYSN,2026-01-03T06:41:00.000Z,2026-01-03T22:44:00.000Z,300,false
V003402,OYSN,SLLP,2026-01-03T00:39:00.000Z,2026-01-03T16:42:00.000Z,300,false
V003403,SLLP,OYSN,2026-01-03T13:15:00.000Z,2026-01-04T05:18:00.000Z,340,false
V003404,OYSN,SLLP,2026-01-03T05:30:00.000Z,2026-01-03T21:33:00.000Z,340,false
V003405,SLLP,OYSN,2026-01-03T18:01:00.000Z,2026-01-04T10:04:00.000Z,320,false
V003406,OYSN,SLLP,2026-01-03T12:43:00.000Z,2026-01-04T04:46:00.000Z,300,false
V003407,SLLP,OYSN,2026-01-04T01:58:00.000Z,2026-01-04T18:01:00.000Z,300,false
V003408,OYSN,SLLP,2026-01-03T20:43:00.000Z,2026-01-04T12:46:00.000Z,320,false
V003409,SLLP,OPKC,2026-01-03T04:33:00.000Z,2026-01-03T23:44:00.000Z,340,false
V003410,OPKC,SLLP,2026-01-02T20:29:00.000Z,2026-01-03T15:40:00.000Z,360,false
V003411,SLLP,OPKC,2026-01-03T11:57:00.000Z,2026-01-04T07:08:00.000Z,300,false
V003412,OPKC,SLLP,2026-01-03T01:15:00.000Z,2026-01-03T20:26:00.000Z,360,false
V003413,SLLP,OPKC,2026-01-03T20:48:00.000Z,2026-01-04T15:59:00.000Z,300,false
V003414,OPKC,SLLP,2026-01-03T12:53:00.000Z,2026-01-04T08:04:00.000Z,360,false
V003415,SLLP,OPKC,2026-01-04T01:08:00.000Z,2026-01-03T20:19:00.000Z,320,false
V003416,OPKC,SLLP,2026-01-03T13:11:00.000Z,2026-01-04T08:22:00.000Z,320,false
V003417,SLLP,UBBB,2026-01-03T08:30:00.000Z,2026-01-04T01:30:00.000Z,320,false
V003418,UBBB,SLLP,2026-01-02T22:16:00.000Z,2026-01-03T15:16:00.000Z,320,false
V003419,SLLP,UBBB,2026-01-03T15:09:00.000Z,2026-01-04T08:09:00.000Z,320,false
V003420,UBBB,SLLP,2026-01-03T07:33:00.000Z,2026-01-04T00:33:00.000Z,300,false
V003421,SLLP,UBBB,2026-01-03T16:45:00.000Z,2026-01-04T09:45:00.000Z,320,false
V003422,UBBB,SLLP,2026-01-03T10:53:00.000Z,2026-01-04T03:53:00.000Z,300,false
V003423,SLLP,UBBB,2026-01-03T22:54:00.000Z,2026-01-04T15:54:00.000Z,300,false
V003424,UBBB,SLLP,2026-01-03T17:25:00.000Z,2026-01-04T10:25:00.000Z,320,false
V003425,SLLP,OJAI,2026-01-03T04:30:00.000Z,2026-01-03T19:45:00.000Z,320,false
V003426,OJAI,SLLP,2026-01-02T21:42:00.000Z,2026-01-03T12:57:00.000Z,340,false
V003427,SLLP,OJAI,2026-01-03T15:40:00.000Z,2026-01-04T06:55:00.000Z,320,false
V003428,OJAI,SLLP,2026-01-03T12:07:00.000Z,2026-01-04T03:22:00.000Z,360,false
V003429,SLLP,OJAI,2026-01-03T20:33:00.000Z,2026-01-04T11:48:00.000Z,360,false
V003430,OJAI,SLLP,2026-01-03T16:11:00.000Z,2026-01-04T07:26:00.000Z,340,false
V003431,SCEL,SABE,2026-01-03T10:14:00.000Z,2026-01-03T11:38:00.000Z,340,false
V003432,SABE,SCEL,2026-01-03T07:53:00.000Z,2026-01-03T09:17:00.000Z,320,false
V003433,SCEL,SABE,2026-01-03T17:58:00.000Z,2026-01-03T19:22:00.000Z,360,false
V003434,SABE,SCEL,2026-01-03T17:26:00.000Z,2026-01-03T18:50:00.000Z,360,false
V003435,SCEL,SGAS,2026-01-03T08:19:00.000Z,2026-01-03T10:15:00.000Z,320,false
V003436,SGAS,SCEL,2026-01-03T04:04:00.000Z,2026-01-03T06:00:00.000Z,360,false
V003437,SCEL,SGAS,2026-01-03T09:14:00.000Z,2026-01-03T11:10:00.000Z,360,false
V003438,SGAS,SCEL,2026-01-03T10:47:00.000Z,2026-01-03T12:43:00.000Z,320,false
V003439,SCEL,SGAS,2026-01-03T19:46:00.000Z,2026-01-03T21:42:00.000Z,320,false
V003440,SGAS,SCEL,2026-01-03T21:20:00.000Z,2026-01-03T23:16:00.000Z,340,false
V003441,SCEL,SGAS,2026-01-04T00:38:00.000Z,2026-01-04T02:34:00.000Z,360,false
V003442,SGAS,SCEL,2026-01-03T22:37:00.000Z,2026-01-04T00:33:00.000Z,340,false
V003443,SCEL,SUAA,2026-01-03T22:05:00.000Z,2026-01-03T23:43:00.000Z,300,false
V003444,SUAA,SCEL,2026-01-04T02:55:00.000Z,2026-01-04T04:33:00.000Z,360,false
V003445,SCEL,LATI,2026-01-03T09:48:00.000Z,2026-01-04T01:13:00.000Z,340,false
V003446,LATI,SCEL,2026-01-03T07:35:00.000Z,2026-01-03T23:00:00.000Z,320,false
V003447,SCEL,EDDI,2026-01-03T06:52:00.000Z,2026-01-03T22:27:00.000Z,300,false
V003448,EDDI,SCEL,2026-01-03T04:37:00.000Z,2026-01-03T20:12:00.000Z,360,false
V003449,SCEL,EDDI,2026-01-03T17:54:00.000Z,2026-01-04T09:29:00.000Z,340,false
V003450,EDDI,SCEL,2026-01-03T20:43:00.000Z,2026-01-04T12:18:00.000Z,360,false
V003451,SCEL,LOWW,2026-01-03T04:18:00.000Z,2026-01-03T19:53:00.000Z,340,false
V003452,LOWW,SCEL,2026-01-03T01:10:00.000Z,2026-01-03T16:45:00.000Z,320,false
V003453,SCEL,LOWW,2026-01-03T10:53:00.000Z,2026-01-04T02:28:00.000Z,300,false
V003454,LOWW,SCEL,2026-01-03T08:36:00.000Z,2026-01-04T00:11:00.000Z,340,false
V003455,SCEL,LOWW,2026-01-03T18:21:00.000Z,2026-01-04T09:56:00.000Z,320,false
V003456,LOWW,SCEL,2026-01-03T10:05:00.000Z,2026-01-04T01:40:00.000Z,300,false
V003457,SCEL,LOWW,2026-01-03T22:55:00.000Z,2026-01-04T14:30:00.000Z,320,false
V003458,LOWW,SCEL,2026-01-03T21:54:00.000Z,2026-01-04T13:29:00.000Z,360,false
V003459,SCEL,EBCI,2026-01-03T05:59:00.000Z,2026-01-03T20:45:00.000Z,340,false
V003460,EBCI,SCEL,2026-01-03T01:05:00.000Z,2026-01-03T15:51:00.000Z,300,false
V003461,SCEL,EBCI,2026-01-03T11:47:00.000Z,2026-01-04T02:33:00.000Z,320,false
V003462,EBCI,SCEL,2026-01-03T09:32:00.000Z,2026-01-04T00:18:00.000Z,320,false
V003463,SCEL,EBCI,2026-01-03T16:03:00.000Z,2026-01-04T06:49:00.000Z,360,false
V003464,EBCI,SCEL,2026-01-03T11:13:00.000Z,2026-01-04T01:59:00.000Z,360,false
V003465,SCEL,EBCI,2026-01-04T00:28:00.000Z,2026-01-04T15:14:00.000Z,340,false
V003466,EBCI,SCEL,2026-01-03T20:08:00.000Z,2026-01-04T10:54:00.000Z,300,false
V003467,SCEL,UMMS,2026-01-03T09:43:00.000Z,2026-01-04T02:33:00.000Z,360,false
V003468,UMMS,SCEL,2026-01-02T22:36:00.000Z,2026-01-03T15:26:00.000Z,340,false
V003469,SCEL,UMMS,2026-01-03T13:41:00.000Z,2026-01-04T06:31:00.000Z,360,false
V003470,UMMS,SCEL,2026-01-03T05:38:00.000Z,2026-01-03T22:28:00.000Z,340,false
V003471,SCEL,UMMS,2026-01-04T00:19:00.000Z,2026-01-04T17:09:00.000Z,360,false
V003472,UMMS,SCEL,2026-01-03T13:28:00.000Z,2026-01-04T06:18:00.000Z,360,false
V003473,SCEL,LBSF,2026-01-03T10:46:00.000Z,2026-01-04T02:37:00.000Z,320,false
V003474,LBSF,SCEL,2026-01-03T02:46:00.000Z,2026-01-03T18:37:00.000Z,360,false
V003475,SCEL,LBSF,2026-01-03T16:52:00.000Z,2026-01-04T08:43:00.000Z,300,false
V003476,LBSF,SCEL,2026-01-03T08:39:00.000Z,2026-01-04T00:30:00.000Z,320,false
V003477,SCEL,LBSF,2026-01-03T20:28:00.000Z,2026-01-04T12:19:00.000Z,300,false
V003478,LBSF,SCEL,2026-01-03T19:24:00.000Z,2026-01-04T11:15:00.000Z,300,false
V003479,SCEL,LKPR,2026-01-03T03:42:00.000Z,2026-01-03T19:15:00.000Z,340,false
V003480,LKPR,SCEL,2026-01-02T22:04:00.000Z,2026-01-03T13:37:00.000Z,320,false
V003481,SCEL,LKPR,2026-01-03T14:04:00.000Z,2026-01-04T05:37:00.000Z,360,false
V003482,LKPR,SCEL,2026-01-03T12:04:00.000Z,2026-01-04T03:37:00.000Z,320,false
V003483,SCEL,LKPR,2026-01-04T01:55:00.000Z,2026-01-04T17:28:00.000Z,360,false
V003484,LKPR,SCEL,2026-01-03T21:52:00.000Z,2026-01-04T13:25:00.000Z,320,false
V003485,SCEL,LDZA,2026-01-03T14:31:00.000Z,2026-01-04T05:55:00.000Z,320,false
V003486,LDZA,SCEL,2026-01-03T05:50:00.000Z,2026-01-03T21:14:00.000Z,360,false
V003487,SCEL,LDZA,2026-01-04T01:04:00.000Z,2026-01-04T16:28:00.000Z,320,false
V003488,LDZA,SCEL,2026-01-03T10:46:00.000Z,2026-01-04T02:10:00.000Z,300,false
V003489,SCEL,EKCH,2026-01-03T08:04:00.000Z,2026-01-03T23:46:00.000Z,300,false
V003490,EKCH,SCEL,2026-01-02T22:47:00.000Z,2026-01-03T14:29:00.000Z,320,false
V003491,SCEL,EKCH,2026-01-03T17:51:00.000Z,2026-01-04T09:33:00.000Z,320,false
V003492,EKCH,SCEL,2026-01-03T11:53:00.000Z,2026-01-04T03:35:00.000Z,340,false
V003493,SCEL,EKCH,2026-01-03T19:04:00.000Z,2026-01-04T10:46:00.000Z,360,false
V003494,EKCH,SCEL,2026-01-03T21:35:00.000Z,2026-01-04T13:17:00.000Z,320,false
V003495,SCEL,EHAM,2026-01-03T03:10:00.000Z,2026-01-03T18:05:00.000Z,320,false
V003496,EHAM,SCEL,2026-01-02T23:10:00.000Z,2026-01-03T14:05:00.000Z,340,false
V003497,SCEL,EHAM,2026-01-03T10:34:00.000Z,2026-01-04T01:29:00.000Z,320,false
V003498,EHAM,SCEL,2026-01-03T06:13:00.000Z,2026-01-03T21:08:00.000Z,340,false
V003499,SCEL,EHAM,2026-01-03T18:33:00.000Z,2026-01-04T09:28:00.000Z,300,false
V003500,EHAM,SCEL,2026-01-03T14:51:00.000Z,2026-01-04T05:46:00.000Z,360,false
V003501,SCEL,EHAM,2026-01-04T01:09:00.000Z,2026-01-04T16:04:00.000Z,360,false
V003502,EHAM,SCEL,2026-01-03T16:05:00.000Z,2026-01-04T07:00:00.000Z,300,false
V003503,SCEL,VIDP,2026-01-04T02:08:00.000Z,2026-01-03T23:17:00.000Z,320,false
V003504,VIDP,SCEL,2026-01-03T08:18:00.000Z,2026-01-04T05:27:00.000Z,360,false
V003505,SCEL,OSDI,2026-01-03T07:02:00.000Z,2026-01-03T23:44:00.000Z,340,false
V003506,OSDI,SCEL,2026-01-03T02:06:00.000Z,2026-01-03T18:48:00.000Z,320,false
V003507,SCEL,OSDI,2026-01-03T11:45:00.000Z,2026-01-04T04:27:00.000Z,340,false
V003508,OSDI,SCEL,2026-01-03T06:23:00.000Z,2026-01-03T23:05:00.000Z,340,false
V003509,SCEL,OSDI,2026-01-03T18:16:00.000Z,2026-01-04T10:58:00.000Z,340,false
V003510,OSDI,SCEL,2026-01-03T10:26:00.000Z,2026-01-04T03:08:00.000Z,320,false
V003511,SCEL,OSDI,2026-01-04T02:20:00.000Z,2026-01-04T19:02:00.000Z,320,false
V003512,OSDI,SCEL,2026-01-03T19:23:00.000Z,2026-01-04T12:05:00.000Z,320,false
V003513,SCEL,OAKB,2026-01-03T03:39:00.000Z,2026-01-04T00:04:00.000Z,340,false
V003514,OAKB,SCEL,2026-01-02T20:36:00.000Z,2026-01-03T17:01:00.000Z,340,false
V003515,SCEL,OAKB,2026-01-03T17:48:00.000Z,2026-01-04T14:13:00.000Z,300,false
V003516,OAKB,SCEL,2026-01-03T09:26:00.000Z,2026-01-04T05:51:00.000Z,320,false
V003517,SCEL,OAKB,2026-01-03T23:19:00.000Z,2026-01-04T19:44:00.000Z,300,false
V003518,OAKB,SCEL,2026-01-03T15:09:00.000Z,2026-01-04T11:34:00.000Z,320,false
V003519,SCEL,OOMS,2026-01-03T09:46:00.000Z,2026-01-04T04:26:00.000Z,360,false
V003520,OOMS,SCEL,2026-01-03T03:57:00.000Z,2026-01-03T22:37:00.000Z,360,false
V003521,SCEL,OOMS,2026-01-03T12:11:00.000Z,2026-01-04T06:51:00.000Z,340,false
V003522,OOMS,SCEL,2026-01-03T10:44:00.000Z,2026-01-04T05:24:00.000Z,320,false
V003523,SCEL,OOMS,2026-01-04T00:56:00.000Z,2026-01-04T19:36:00.000Z,320,false
V003524,OOMS,SCEL,2026-01-03T17:45:00.000Z,2026-01-04T12:25:00.000Z,300,false
V003525,SCEL,OYSN,2026-01-03T06:35:00.000Z,2026-01-03T23:06:00.000Z,320,false
V003526,OYSN,SCEL,2026-01-02T21:37:00.000Z,2026-01-03T14:08:00.000Z,320,false
V003527,SCEL,OYSN,2026-01-03T11:48:00.000Z,2026-01-04T04:19:00.000Z,320,false
V003528,OYSN,SCEL,2026-01-03T06:03:00.000Z,2026-01-03T22:34:00.000Z,340,false
V003529,SCEL,OYSN,2026-01-03T20:35:00.000Z,2026-01-04T13:06:00.000Z,300,false
V003530,OYSN,SCEL,2026-01-03T09:53:00.000Z,2026-01-04T02:24:00.000Z,340,false
V003531,SCEL,OYSN,2026-01-03T22:28:00.000Z,2026-01-04T14:59:00.000Z,340,false
V003532,OYSN,SCEL,2026-01-03T18:08:00.000Z,2026-01-04T10:39:00.000Z,300,false
V003533,SCEL,OPKC,2026-01-03T06:47:00.000Z,2026-01-04T02:34:00.000Z,320,false
V003534,OPKC,SCEL,2026-01-02T19:04:00.000Z,2026-01-03T14:51:00.000Z,320,false
V003535,SCEL,OPKC,2026-01-03T10:12:00.000Z,2026-01-04T05:59:00.000Z,340,false
V003536,OPKC,SCEL,2026-01-03T04:32:00.000Z,2026-01-04T00:19:00.000Z,360,false
V003537,SCEL,OPKC,2026-01-03T18:49:00.000Z,2026-01-04T14:36:00.000Z,300,false
V003538,OPKC,SCEL,2026-01-03T08:53:00.000Z,2026-01-04T04:40:00.000Z,300,false
V003539,SCEL,OPKC,2026-01-03T22:37:00.000Z,2026-01-04T18:24:00.000Z,300,false
V003540,OPKC,SCEL,2026-01-03T17:30:00.000Z,2026-01-04T13:17:00.000Z,300,false
V003541,SCEL,UBBB,2026-01-03T07:17:00.000Z,2026-01-04T01:46:00.000Z,320,false
V003542,UBBB,SCEL,2026-01-03T02:39:00.000Z,2026-01-03T21:08:00.000Z,320,false
V003543,SCEL,UBBB,2026-01-03T18:36:00.000Z,2026-01-04T13:05:00.000Z,360,false
V003544,UBBB,SCEL,2026-01-03T10:20:00.000Z,2026-01-04T04:49:00.000Z,300,false
V003545,SCEL,UBBB,2026-01-03T21:00:00.000Z,2026-01-04T15:29:00.000Z,360,false
V003546,UBBB,SCEL,2026-01-03T17:43:00.000Z,2026-01-04T12:12:00.000Z,320,false
V003547,SCEL,OJAI,2026-01-03T05:54:00.000Z,2026-01-03T22:22:00.000Z,340,false
V003548,OJAI,SCEL,2026-01-02T22:33:00.000Z,2026-01-03T15:01:00.000Z,340,false
V003549,SCEL,OJAI,2026-01-03T13:34:00.000Z,2026-01-04T06:02:00.000Z,300,false
V003550,OJAI,SCEL,2026-01-03T06:49:00.000Z,2026-01-03T23:17:00.000Z,300,false
V003551,SCEL,OJAI,2026-01-03T15:12:00.000Z,2026-01-04T07:40:00.000Z,360,false
V003552,OJAI,SCEL,2026-01-03T09:22:00.000Z,2026-01-04T01:50:00.000Z,320,false
V003553,SCEL,OJAI,2026-01-03T21:53:00.000Z,2026-01-04T14:21:00.000Z,340,false
V003554,OJAI,SCEL,2026-01-03T17:40:00.000Z,2026-01-04T10:08:00.000Z,320,false
V003555,SABE,SGAS,2026-01-03T05:10:00.000Z,2026-01-03T06:25:00.000Z,340,false
V003556,SGAS,SABE,2026-01-03T05:57:00.000Z,2026-01-03T07:12:00.000Z,360,false
V003557,SABE,SGAS,2026-01-03T12:25:00.000Z,2026-01-03T13:40:00.000Z,360,false
V003558,SGAS,SABE,2026-01-03T14:37:00.000Z,2026-01-03T15:52:00.000Z,340,false
V003559,SABE,SGAS,2026-01-03T17:25:00.000Z,2026-01-03T18:40:00.000Z,300,false
V003560,SGAS,SABE,2026-01-03T19:04:00.000Z,2026-01-03T20:19:00.000Z,320,false
V003561,SABE,SGAS,2026-01-03T23:35:00.000Z,2026-01-04T00:50:00.000Z,340,false
V003562,SGAS,SABE,2026-01-03T22:38:00.000Z,2026-01-03T23:53:00.000Z,300,false
V003563,SABE,SUAA,2026-01-03T07:37:00.000Z,2026-01-03T07:50:00.000Z,320,false
V003564,SUAA,SABE,2026-01-03T07:47:00.000Z,2026-01-03T08:00:00.000Z,320,false
V003565,SABE,SUAA,2026-01-03T14:26:00.000Z,2026-01-03T14:39:00.000Z,340,false
V003566,SUAA,SABE,2026-01-03T12:04:00.000Z,2026-01-03T12:17:00.000Z,320,false
V003567,SABE,SUAA,2026-01-03T20:46:00.000Z,2026-01-03T20:59:00.000Z,360,false
V003568,SUAA,SABE,2026-01-03T20:12:00.000Z,2026-01-03T20:25:00.000Z,360,false
V003569,SABE,SUAA,2026-01-04T01:21:00.000Z,2026-01-04T01:34:00.000Z,320,false
V003570,SUAA,SABE,2026-01-04T00:18:00.000Z,2026-01-04T00:31:00.000Z,360,false
V003571,SABE,LATI,2026-01-03T11:09:00.000Z,2026-01-04T01:34:00.000Z,340,false
V003572,LATI,SABE,2026-01-02T23:30:00.000Z,2026-01-03T13:55:00.000Z,340,false
V003573,SABE,LATI,2026-01-03T22:46:00.000Z,2026-01-04T13:11:00.000Z,300,false
V003574,LATI,SABE,2026-01-03T17:26:00.000Z,2026-01-04T07:51:00.000Z,300,false
V003575,SABE,EDDI,2026-01-03T03:13:00.000Z,2026-01-03T18:02:00.000Z,300,false
V003576,EDDI,SABE,2026-01-03T03:11:00.000Z,2026-01-03T18:00:00.000Z,320,false
V003577,SABE,EDDI,2026-01-03T16:40:00.000Z,2026-01-04T07:29:00.000Z,320,false
V003578,EDDI,SABE,2026-01-03T12:25:00.000Z,2026-01-04T03:14:00.000Z,340,false
V003579,SABE,EDDI,2026-01-03T23:46:00.000Z,2026-01-04T14:35:00.000Z,320,false
V003580,EDDI,SABE,2026-01-03T15:08:00.000Z,2026-01-04T05:57:00.000Z,320,false
V003581,SABE,LOWW,2026-01-03T07:56:00.000Z,2026-01-03T22:39:00.000Z,360,false
V003582,LOWW,SABE,2026-01-03T04:24:00.000Z,2026-01-03T19:07:00.000Z,300,false
V003583,SABE,LOWW,2026-01-03T11:24:00.000Z,2026-01-04T02:07:00.000Z,300,false
V003584,LOWW,SABE,2026-01-03T10:23:00.000Z,2026-01-04T01:06:00.000Z,360,false
V003585,SABE,LOWW,2026-01-03T19:10:00.000Z,2026-01-04T09:53:00.000Z,340,false
V003586,LOWW,SABE,2026-01-03T14:23:00.000Z,2026-01-04T05:06:00.000Z,320,false
V003587,SABE,EBCI,2026-01-03T06:06:00.000Z,2026-01-03T20:07:00.000Z,360,false
V003588,EBCI,SABE,2026-01-03T02:36:00.000Z,2026-01-03T16:37:00.000Z,340,false
V003589,SABE,EBCI,2026-01-03T10:58:00.000Z,2026-01-04T00:59:00.000Z,360,false
V003590,EBCI,SABE,2026-01-03T07:14:00.000Z,2026-01-03T21:15:00.000Z,360,false
V003591,SABE,EBCI,2026-01-03T17:12:00.000Z,2026-01-04T07:13:00.000Z,320,false
V003592,EBCI,SABE,2026-01-03T10:16:00.000Z,2026-01-04T00:17:00.000Z,340,false
V003593,SABE,EBCI,2026-01-03T22:27:00.000Z,2026-01-04T12:28:00.000Z,340,false
V003594,EBCI,SABE,2026-01-03T18:46:00.000Z,2026-01-04T08:47:00.000Z,340,false
V003595,SABE,UMMS,2026-01-03T05:15:00.000Z,2026-01-03T21:14:00.000Z,340,false
V003596,UMMS,SABE,2026-01-02T23:34:00.000Z,2026-01-03T15:33:00.000Z,340,false
V003597,SABE,UMMS,2026-01-03T18:16:00.000Z,2026-01-04T10:15:00.000Z,320,false
V003598,UMMS,SABE,2026-01-03T11:39:00.000Z,2026-01-04T03:38:00.000Z,300,false
V003599,SABE,UMMS,2026-01-03T23:44:00.000Z,2026-01-04T15:43:00.000Z,340,false
V003600,UMMS,SABE,2026-01-03T18:50:00.000Z,2026-01-04T10:49:00.000Z,300,false
V003601,SABE,LBSF,2026-01-03T04:40:00.000Z,2026-01-03T19:30:00.000Z,300,false
V003602,LBSF,SABE,2026-01-02T21:43:00.000Z,2026-01-03T12:33:00.000Z,320,false
V003603,SABE,LBSF,2026-01-03T18:59:00.000Z,2026-01-04T09:49:00.000Z,300,false
V003604,LBSF,SABE,2026-01-03T05:50:00.000Z,2026-01-03T20:40:00.000Z,360,false
V003605,SABE,LBSF,2026-01-03T21:59:00.000Z,2026-01-04T12:49:00.000Z,360,false
V003606,LBSF,SABE,2026-01-03T20:24:00.000Z,2026-01-04T11:14:00.000Z,320,false
V003607,SABE,LKPR,2026-01-03T04:49:00.000Z,2026-01-03T19:32:00.000Z,360,false
V003608,LKPR,SABE,2026-01-03T01:22:00.000Z,2026-01-03T16:05:00.000Z,300,false
V003609,SABE,LKPR,2026-01-03T14:21:00.000Z,2026-01-04T05:04:00.000Z,340,false
V003610,LKPR,SABE,2026-01-03T04:09:00.000Z,2026-01-03T18:52:00.000Z,300,false
V003611,SABE,LKPR,2026-01-03T20:37:00.000Z,2026-01-04T11:20:00.000Z,340,false
V003612,LKPR,SABE,2026-01-03T14:58:00.000Z,2026-01-04T05:41:00.000Z,320,false
V003613,SABE,LKPR,2026-01-03T23:32:00.000Z,2026-01-04T14:15:00.000Z,320,false
V003614,LKPR,SABE,2026-01-03T17:36:00.000Z,2026-01-04T08:19:00.000Z,360,false
V003615,SABE,LDZA,2026-01-03T10:31:00.000Z,2026-01-04T01:00:00.000Z,300,false
V003616,LDZA,SABE,2026-01-02T23:02:00.000Z,2026-01-03T13:31:00.000Z,300,false
V003617,SABE,LDZA,2026-01-03T11:19:00.000Z,2026-01-04T01:48:00.000Z,360,false
V003618,LDZA,SABE,2026-01-03T11:53:00.000Z,2026-01-04T02:22:00.000Z,360,false
V003619,SABE,LDZA,2026-01-04T02:03:00.000Z,2026-01-04T16:32:00.000Z,300,false
V003620,LDZA,SABE,2026-01-03T18:38:00.000Z,2026-01-04T09:07:00.000Z,300,false
V003621,SABE,EKCH,2026-01-03T08:34:00.000Z,2026-01-03T23:33:00.000Z,340,false
V003622,EKCH,SABE,2026-01-03T03:19:00.000Z,2026-01-03T18:18:00.000Z,320,false
V003623,SABE,EKCH,2026-01-03T10:22:00.000Z,2026-01-04T01:21:00.000Z,320,false
V003624,EKCH,SABE,2026-01-03T05:16:00.000Z,2026-01-03T20:15:00.000Z,300,false
V003625,SABE,EKCH,2026-01-03T16:31:00.000Z,2026-01-04T07:30:00.000Z,360,false
V003626,EKCH,SABE,2026-01-03T10:50:00.000Z,2026-01-04T01:49:00.000Z,360,false
V003627,SABE,EKCH,2026-01-04T02:44:00.000Z,2026-01-04T17:43:00.000Z,320,false
V003628,EKCH,SABE,2026-01-03T16:59:00.000Z,2026-01-04T07:58:00.000Z,300,false
V003629,SABE,EHAM,2026-01-03T21:48:00.000Z,2026-01-04T12:00:00.000Z,300,false
V003630,EHAM,SABE,2026-01-02T23:52:00.000Z,2026-01-03T14:04:00.000Z,340,false
V003631,SABE,VIDP,2026-01-03T04:53:00.000Z,2026-01-04T00:38:00.000Z,340,false
V003632,VIDP,SABE,2026-01-02T20:45:00.000Z,2026-01-03T16:30:00.000Z,360,false
V003633,SABE,VIDP,2026-01-03T09:52:00.000Z,2026-01-04T05:37:00.000Z,300,false
V003634,VIDP,SABE,2026-01-03T01:16:00.000Z,2026-01-03T21:01:00.000Z,340,false
V003635,SABE,VIDP,2026-01-03T20:44:00.000Z,2026-01-04T16:29:00.000Z,300,false
V003636,VIDP,SABE,2026-01-03T09:54:00.000Z,2026-01-04T05:39:00.000Z,300,false
V003637,SABE,VIDP,2026-01-03T22:05:00.000Z,2026-01-04T17:50:00.000Z,320,false
V003638,VIDP,SABE,2026-01-03T15:31:00.000Z,2026-01-04T11:16:00.000Z,320,false
V003639,SABE,OSDI,2026-01-03T04:19:00.000Z,2026-01-03T19:48:00.000Z,300,false
V003640,OSDI,SABE,2026-01-02T21:57:00.000Z,2026-01-03T13:26:00.000Z,360,false
V003641,SABE,OSDI,2026-01-03T11:24:00.000Z,2026-01-04T02:53:00.000Z,340,false
V003642,OSDI,SABE,2026-01-03T08:17:00.000Z,2026-01-03T23:46:00.000Z,340,false
V003643,SABE,OSDI,2026-01-03T20:06:00.000Z,2026-01-04T11:35:00.000Z,340,false
V003644,OSDI,SABE,2026-01-03T13:29:00.000Z,2026-01-04T04:58:00.000Z,320,false
V003645,SABE,OSDI,2026-01-04T00:12:00.000Z,2026-01-04T15:41:00.000Z,320,false
V003646,OSDI,SABE,2026-01-03T20:46:00.000Z,2026-01-04T12:15:00.000Z,300,false
V003647,SABE,OAKB,2026-01-03T07:27:00.000Z,2026-01-04T02:33:00.000Z,360,false
V003648,OAKB,SABE,2026-01-02T22:25:00.000Z,2026-01-03T17:31:00.000Z,320,false
V003649,SABE,OAKB,2026-01-03T09:53:00.000Z,2026-01-04T04:59:00.000Z,320,false
V003650,OAKB,SABE,2026-01-03T06:12:00.000Z,2026-01-04T01:18:00.000Z,360,false
V003651,SABE,OAKB,2026-01-03T20:17:00.000Z,2026-01-04T15:23:00.000Z,360,false
V003652,OAKB,SABE,2026-01-03T09:33:00.000Z,2026-01-04T04:39:00.000Z,320,false
V003653,SABE,OAKB,2026-01-04T01:32:00.000Z,2026-01-03T20:38:00.000Z,360,false
V003654,OAKB,SABE,2026-01-03T15:01:00.000Z,2026-01-04T10:07:00.000Z,340,false
V003655,SABE,OOMS,2026-01-03T04:27:00.000Z,2026-01-03T21:44:00.000Z,320,false
V003656,OOMS,SABE,2026-01-03T00:36:00.000Z,2026-01-03T17:53:00.000Z,360,false
V003657,SABE,OOMS,2026-01-03T10:44:00.000Z,2026-01-04T04:01:00.000Z,340,false
V003658,OOMS,SABE,2026-01-03T02:31:00.000Z,2026-01-03T19:48:00.000Z,340,false
V003659,SABE,OOMS,2026-01-03T19:15:00.000Z,2026-01-04T12:32:00.000Z,340,false
V003660,OOMS,SABE,2026-01-03T13:17:00.000Z,2026-01-04T06:34:00.000Z,300,false
V003661,SABE,OOMS,2026-01-04T01:50:00.000Z,2026-01-04T19:07:00.000Z,300,false
V003662,OOMS,SABE,2026-01-03T18:45:00.000Z,2026-01-04T12:02:00.000Z,320,false
V003663,SABE,OYSN,2026-01-03T07:57:00.000Z,2026-01-03T23:04:00.000Z,340,false
V003664,OYSN,SABE,2026-01-02T23:04:00.000Z,2026-01-03T14:11:00.000Z,300,false
V003665,SABE,OYSN,2026-01-03T17:15:00.000Z,2026-01-04T08:22:00.000Z,340,false
V003666,OYSN,SABE,2026-01-03T05:06:00.000Z,2026-01-03T20:13:00.000Z,340,false
V003667,SABE,OYSN,2026-01-03T19:13:00.000Z,2026-01-04T10:20:00.000Z,360,false
V003668,OYSN,SABE,2026-01-03T16:47:00.000Z,2026-01-04T07:54:00.000Z,320,false
V003669,SABE,OPKC,2026-01-03T03:48:00.000Z,2026-01-03T22:11:00.000Z,300,false
V003670,OPKC,SABE,2026-01-02T20:59:00.000Z,2026-01-03T15:22:00.000Z,320,false
V003671,SABE,OPKC,2026-01-03T11:37:00.000Z,2026-01-04T06:00:00.000Z,300,false
V003672,OPKC,SABE,2026-01-03T04:09:00.000Z,2026-01-03T22:32:00.000Z,360,false
V003673,SABE,OPKC,2026-01-03T19:22:00.000Z,2026-01-04T13:45:00.000Z,360,false
V003674,OPKC,SABE,2026-01-03T10:17:00.000Z,2026-01-04T04:40:00.000Z,360,false
V003675,SABE,OPKC,2026-01-04T01:00:00.000Z,2026-01-03T19:23:00.000Z,300,false
V003676,OPKC,SABE,2026-01-03T15:04:00.000Z,2026-01-04T09:27:00.000Z,360,false
V003677,SABE,UBBB,2026-01-03T06:41:00.000Z,2026-01-03T23:59:00.000Z,300,false
V003678,UBBB,SABE,2026-01-03T03:47:00.000Z,2026-01-03T21:05:00.000Z,300,false
V003679,SABE,UBBB,2026-01-03T10:41:00.000Z,2026-01-04T03:59:00.000Z,360,false
V003680,UBBB,SABE,2026-01-03T05:48:00.000Z,2026-01-03T23:06:00.000Z,360,false
V003681,SABE,UBBB,2026-01-03T17:29:00.000Z,2026-01-04T10:47:00.000Z,300,false
V003682,UBBB,SABE,2026-01-03T13:06:00.000Z,2026-01-04T06:24:00.000Z,360,false
V003683,SABE,UBBB,2026-01-03T23:04:00.000Z,2026-01-04T16:22:00.000Z,320,false
V003684,UBBB,SABE,2026-01-03T20:06:00.000Z,2026-01-04T13:24:00.000Z,320,false
V003685,SABE,OJAI,2026-01-03T04:48:00.000Z,2026-01-03T20:02:00.000Z,320,false
V003686,OJAI,SABE,2026-01-03T03:27:00.000Z,2026-01-03T18:41:00.000Z,300,false
V003687,SABE,OJAI,2026-01-03T16:17:00.000Z,2026-01-04T07:31:00.000Z,320,false
V003688,OJAI,SABE,2026-01-03T10:55:00.000Z,2026-01-04T02:09:00.000Z,360,false
V003689,SGAS,SUAA,2026-01-03T05:19:00.000Z,2026-01-03T06:34:00.000Z,320,false
V003690,SUAA,SGAS,2026-01-03T03:55:00.000Z,2026-01-03T05:10:00.000Z,340,false
V003691,SGAS,SUAA,2026-01-03T14:52:00.000Z,2026-01-03T16:07:00.000Z,300,false
V003692,SUAA,SGAS,2026-01-03T11:59:00.000Z,2026-01-03T13:14:00.000Z,340,false
V003693,SGAS,SUAA,2026-01-03T22:32:00.000Z,2026-01-03T23:47:00.000Z,360,false
V003694,SUAA,SGAS,2026-01-03T19:01:00.000Z,2026-01-03T20:16:00.000Z,340,false
V003695,SGAS,LATI,2026-01-03T04:55:00.000Z,2026-01-03T18:24:00.000Z,340,false
V003696,LATI,SGAS,2026-01-03T02:54:00.000Z,2026-01-03T16:23:00.000Z,320,false
V003697,SGAS,LATI,2026-01-03T18:58:00.000Z,2026-01-04T08:27:00.000Z,340,false
V003698,LATI,SGAS,2026-01-03T11:27:00.000Z,2026-01-04T00:56:00.000Z,340,false
V003699,SGAS,LATI,2026-01-04T02:11:00.000Z,2026-01-04T15:40:00.000Z,320,false
V003700,LATI,SGAS,2026-01-03T19:39:00.000Z,2026-01-04T09:08:00.000Z,340,false
V003701,SGAS,EDDI,2026-01-03T04:03:00.000Z,2026-01-03T17:47:00.000Z,300,false
V003702,EDDI,SGAS,2026-01-03T04:22:00.000Z,2026-01-03T18:06:00.000Z,320,false
V003703,SGAS,EDDI,2026-01-03T14:07:00.000Z,2026-01-04T03:51:00.000Z,340,false
V003704,EDDI,SGAS,2026-01-03T07:26:00.000Z,2026-01-03T21:10:00.000Z,340,false
V003705,SGAS,EDDI,2026-01-03T22:57:00.000Z,2026-01-04T12:41:00.000Z,360,false
V003706,EDDI,SGAS,2026-01-03T18:23:00.000Z,2026-01-04T08:07:00.000Z,300,false
V003707,SGAS,LOWW,2026-01-03T04:43:00.000Z,2026-01-03T18:24:00.000Z,300,false
V003708,LOWW,SGAS,2026-01-03T01:33:00.000Z,2026-01-03T15:14:00.000Z,340,false
V003709,SGAS,LOWW,2026-01-03T13:26:00.000Z,2026-01-04T03:07:00.000Z,300,false
V003710,LOWW,SGAS,2026-01-03T08:12:00.000Z,2026-01-03T21:53:00.000Z,340,false
V003711,SGAS,LOWW,2026-01-03T17:22:00.000Z,2026-01-04T07:03:00.000Z,340,false
V003712,LOWW,SGAS,2026-01-03T10:06:00.000Z,2026-01-03T23:47:00.000Z,300,false
V003713,SGAS,LOWW,2026-01-04T03:30:00.000Z,2026-01-04T17:11:00.000Z,360,false
V003714,LOWW,SGAS,2026-01-03T18:30:00.000Z,2026-01-04T08:11:00.000Z,360,false
V003715,SGAS,EBCI,2026-01-03T05:28:00.000Z,2026-01-03T18:23:00.000Z,360,false
V003716,EBCI,SGAS,2026-01-02T22:01:00.000Z,2026-01-03T10:56:00.000Z,340,false
V003717,SGAS,EBCI,2026-01-03T14:08:00.000Z,2026-01-04T03:03:00.000Z,360,false
V003718,EBCI,SGAS,2026-01-03T08:05:00.000Z,2026-01-03T21:00:00.000Z,340,false
V003719,SGAS,EBCI,2026-01-03T21:18:00.000Z,2026-01-04T10:13:00.000Z,300,false
V003720,EBCI,SGAS,2026-01-03T15:51:00.000Z,2026-01-04T04:46:00.000Z,300,false
V003721,SGAS,EBCI,2026-01-04T00:21:00.000Z,2026-01-04T13:16:00.000Z,360,false
V003722,EBCI,SGAS,2026-01-03T17:08:00.000Z,2026-01-04T06:03:00.000Z,300,false
V003723,SGAS,UMMS,2026-01-03T14:39:00.000Z,2026-01-04T05:36:00.000Z,320,false
V003724,UMMS,SGAS,2026-01-03T08:25:00.000Z,2026-01-03T23:22:00.000Z,340,false
V003725,SGAS,UMMS,2026-01-04T01:35:00.000Z,2026-01-04T16:32:00.000Z,300,false
V003726,UMMS,SGAS,2026-01-03T14:27:00.000Z,2026-01-04T05:24:00.000Z,340,false
V003727,SGAS,LBSF,2026-01-03T11:49:00.000Z,2026-01-04T01:44:00.000Z,320,false
V003728,LBSF,SGAS,2026-01-03T02:00:00.000Z,2026-01-03T15:55:00.000Z,320,false
V003729,SGAS,LBSF,2026-01-03T14:41:00.000Z,2026-01-04T04:36:00.000Z,320,false
V003730,LBSF,SGAS,2026-01-03T06:42:00.000Z,2026-01-03T20:37:00.000Z,360,false
V003731,SGAS,LBSF,2026-01-04T01:53:00.000Z,2026-01-04T15:48:00.000Z,360,false
V003732,LBSF,SGAS,2026-01-03T20:55:00.000Z,2026-01-04T10:50:00.000Z,340,false
V003733,SGAS,LKPR,2026-01-03T06:45:00.000Z,2026-01-03T20:25:00.000Z,300,false
V003734,LKPR,SGAS,2026-01-03T02:41:00.000Z,2026-01-03T16:21:00.000Z,340,false
V003735,SGAS,LKPR,2026-01-03T10:08:00.000Z,2026-01-03T23:48:00.000Z,300,false
V003736,LKPR,SGAS,2026-01-03T09:16:00.000Z,2026-01-03T22:56:00.000Z,320,false
V003737,SGAS,LKPR,2026-01-03T16:58:00.000Z,2026-01-04T06:38:00.000Z,360,false
V003738,LKPR,SGAS,2026-01-03T12:46:00.000Z,2026-01-04T02:26:00.000Z,300,false
V003739,SGAS,LKPR,2026-01-04T03:01:00.000Z,2026-01-04T16:41:00.000Z,340,false
V003740,LKPR,SGAS,2026-01-03T16:45:00.000Z,2026-01-04T06:25:00.000Z,300,false
V003741,SGAS,LDZA,2026-01-03T08:37:00.000Z,2026-01-03T22:06:00.000Z,340,false
V003742,LDZA,SGAS,2026-01-03T00:20:00.000Z,2026-01-03T13:49:00.000Z,360,false
V003743,SGAS,LDZA,2026-01-03T12:38:00.000Z,2026-01-04T02:07:00.000Z,340,false
V003744,LDZA,SGAS,2026-01-03T13:20:00.000Z,2026-01-04T02:49:00.000Z,360,false
V003745,SGAS,LDZA,2026-01-03T23:13:00.000Z,2026-01-04T12:42:00.000Z,360,false
V003746,LDZA,SGAS,2026-01-03T17:16:00.000Z,2026-01-04T06:45:00.000Z,360,false
V003747,SGAS,EKCH,2026-01-03T04:56:00.000Z,2026-01-03T18:48:00.000Z,340,false
V003748,EKCH,SGAS,2026-01-03T02:03:00.000Z,2026-01-03T15:55:00.000Z,360,false
V003749,SGAS,EKCH,2026-01-03T15:22:00.000Z,2026-01-04T05:14:00.000Z,300,false
V003750,EKCH,SGAS,2026-01-03T09:26:00.000Z,2026-01-03T23:18:00.000Z,340,false
V003751,SGAS,EKCH,2026-01-03T17:58:00.000Z,2026-01-04T07:50:00.000Z,320,false
V003752,EKCH,SGAS,2026-01-03T12:04:00.000Z,2026-01-04T01:56:00.000Z,320,false
V003753,SGAS,EKCH,2026-01-04T00:00:00.000Z,2026-01-04T13:52:00.000Z,340,false
V003754,EKCH,SGAS,2026-01-03T20:54:00.000Z,2026-01-04T10:46:00.000Z,300,false
V003755,SGAS,EHAM,2026-01-03T06:06:00.000Z,2026-01-03T19:11:00.000Z,320,false
V003756,EHAM,SGAS,2026-01-03T01:30:00.000Z,2026-01-03T14:35:00.000Z,360,false
V003757,SGAS,EHAM,2026-01-03T11:33:00.000Z,2026-01-04T00:38:00.000Z,320,false
V003758,EHAM,SGAS,2026-01-03T06:57:00.000Z,2026-01-03T20:02:00.000Z,320,false
V003759,SGAS,EHAM,2026-01-03T19:49:00.000Z,2026-01-04T08:54:00.000Z,320,false
V003760,EHAM,SGAS,2026-01-03T15:08:00.000Z,2026-01-04T04:13:00.000Z,340,false
V003761,SGAS,EHAM,2026-01-04T01:41:00.000Z,2026-01-04T14:46:00.000Z,320,false
V003762,EHAM,SGAS,2026-01-03T20:47:00.000Z,2026-01-04T09:52:00.000Z,300,false
V003763,SGAS,VIDP,2026-01-03T15:49:00.000Z,2026-01-04T11:15:00.000Z,360,false
V003764,VIDP,SGAS,2026-01-03T05:29:00.000Z,2026-01-04T00:55:00.000Z,360,false
V003765,SGAS,OSDI,2026-01-03T07:31:00.000Z,2026-01-03T22:17:00.000Z,340,false
V003766,OSDI,SGAS,2026-01-03T01:54:00.000Z,2026-01-03T16:40:00.000Z,300,false
V003767,SGAS,OSDI,2026-01-03T14:28:00.000Z,2026-01-04T05:14:00.000Z,340,false
V003768,OSDI,SGAS,2026-01-03T12:55:00.000Z,2026-01-04T03:41:00.000Z,300,false
V003769,SGAS,OSDI,2026-01-03T20:18:00.000Z,2026-01-04T11:04:00.000Z,320,false
V003770,OSDI,SGAS,2026-01-03T19:27:00.000Z,2026-01-04T10:13:00.000Z,360,false
V003771,SGAS,OAKB,2026-01-03T06:09:00.000Z,2026-01-04T00:42:00.000Z,360,false
V003772,OAKB,SGAS,2026-01-02T23:06:00.000Z,2026-01-03T17:39:00.000Z,360,false
V003773,SGAS,OAKB,2026-01-03T15:35:00.000Z,2026-01-04T10:08:00.000Z,300,false
V003774,OAKB,SGAS,2026-01-03T04:21:00.000Z,2026-01-03T22:54:00.000Z,320,false
V003775,SGAS,OAKB,2026-01-03T16:11:00.000Z,2026-01-04T10:44:00.000Z,360,false
V003776,OAKB,SGAS,2026-01-03T08:34:00.000Z,2026-01-04T03:07:00.000Z,360,false
V003777,SGAS,OAKB,2026-01-04T00:56:00.000Z,2026-01-04T19:29:00.000Z,320,false
V003778,OAKB,SGAS,2026-01-03T14:31:00.000Z,2026-01-04T09:04:00.000Z,340,false
V003779,SGAS,OOMS,2026-01-03T05:55:00.000Z,2026-01-03T22:52:00.000Z,360,false
V003780,OOMS,SGAS,2026-01-02T22:58:00.000Z,2026-01-03T15:55:00.000Z,340,false
V003781,SGAS,OOMS,2026-01-03T13:42:00.000Z,2026-01-04T06:39:00.000Z,360,false
V003782,OOMS,SGAS,2026-01-03T05:51:00.000Z,2026-01-03T22:48:00.000Z,300,false
V003783,SGAS,OOMS,2026-01-03T16:50:00.000Z,2026-01-04T09:47:00.000Z,320,false
V003784,OOMS,SGAS,2026-01-03T08:08:00.000Z,2026-01-04T01:05:00.000Z,340,false
V003785,SGAS,OOMS,2026-01-04T02:38:00.000Z,2026-01-04T19:35:00.000Z,300,false
V003786,OOMS,SGAS,2026-01-03T17:21:00.000Z,2026-01-04T10:18:00.000Z,300,false
V003787,SGAS,OYSN,2026-01-03T07:32:00.000Z,2026-01-03T22:22:00.000Z,360,false
V003788,OYSN,SGAS,2026-01-03T01:22:00.000Z,2026-01-03T16:12:00.000Z,300,false
V003789,SGAS,OYSN,2026-01-03T12:14:00.000Z,2026-01-04T03:04:00.000Z,360,false
V003790,OYSN,SGAS,2026-01-03T06:34:00.000Z,2026-01-03T21:24:00.000Z,300,false
V003791,SGAS,OYSN,2026-01-03T16:34:00.000Z,2026-01-04T07:24:00.000Z,320,false
V003792,OYSN,SGAS,2026-01-03T13:30:00.000Z,2026-01-04T04:20:00.000Z,360,false
V003793,SGAS,OYSN,2026-01-04T03:27:00.000Z,2026-01-04T18:17:00.000Z,360,false
V003794,OYSN,SGAS,2026-01-03T17:11:00.000Z,2026-01-04T08:01:00.000Z,300,false
V003795,SGAS,OPKC,2026-01-03T04:28:00.000Z,2026-01-03T22:34:00.000Z,360,false
V003796,OPKC,SGAS,2026-01-02T23:19:00.000Z,2026-01-03T17:25:00.000Z,340,false
V003797,SGAS,OPKC,2026-01-04T03:48:00.000Z,2026-01-03T21:54:00.000Z,360,false
V003798,OPKC,SGAS,2026-01-03T13:05:00.000Z,2026-01-04T07:11:00.000Z,340,false
V003799,SGAS,UBBB,2026-01-03T07:54:00.000Z,2026-01-04T00:27:00.000Z,300,false
V003800,UBBB,SGAS,2026-01-02T22:27:00.000Z,2026-01-03T15:00:00.000Z,340,false
V003801,SGAS,UBBB,2026-01-03T12:31:00.000Z,2026-01-04T05:04:00.000Z,340,false
V003802,UBBB,SGAS,2026-01-03T06:38:00.000Z,2026-01-03T23:11:00.000Z,320,false
V003803,SGAS,UBBB,2026-01-04T00:56:00.000Z,2026-01-04T17:29:00.000Z,320,false
V003804,UBBB,SGAS,2026-01-03T20:10:00.000Z,2026-01-04T12:43:00.000Z,300,false
V003805,SGAS,OJAI,2026-01-03T09:42:00.000Z,2026-01-04T00:16:00.000Z,360,false
V003806,OJAI,SGAS,2026-01-03T01:03:00.000Z,2026-01-03T15:37:00.000Z,320,false
V003807,SGAS,OJAI,2026-01-03T15:37:00.000Z,2026-01-04T06:11:00.000Z,360,false
V003808,OJAI,SGAS,2026-01-03T07:56:00.000Z,2026-01-03T22:30:00.000Z,320,false
V003809,SGAS,OJAI,2026-01-04T03:19:00.000Z,2026-01-04T17:53:00.000Z,300,false
V003810,OJAI,SGAS,2026-01-03T15:35:00.000Z,2026-01-04T06:09:00.000Z,300,false
V003811,SUAA,LATI,2026-01-03T07:56:00.000Z,2026-01-03T22:10:00.000Z,340,false
V003812,LATI,SUAA,2026-01-03T00:32:00.000Z,2026-01-03T14:46:00.000Z,320,false
V003813,SUAA,LATI,2026-01-03T14:08:00.000Z,2026-01-04T04:22:00.000Z,340,false
V003814,LATI,SUAA,2026-01-03T08:28:00.000Z,2026-01-03T22:42:00.000Z,340,false
V003815,SUAA,LATI,2026-01-03T20:15:00.000Z,2026-01-04T10:29:00.000Z,340,false
V003816,LATI,SUAA,2026-01-03T14:36:00.000Z,2026-01-04T04:50:00.000Z,300,false
V003817,SUAA,LATI,2026-01-03T23:09:00.000Z,2026-01-04T13:23:00.000Z,300,false
V003818,LATI,SUAA,2026-01-03T20:04:00.000Z,2026-01-04T10:18:00.000Z,320,false
V003819,SUAA,EDDI,2026-01-03T05:02:00.000Z,2026-01-03T19:42:00.000Z,300,false
V003820,EDDI,SUAA,2026-01-03T00:55:00.000Z,2026-01-03T15:35:00.000Z,320,false
V003821,SUAA,EDDI,2026-01-03T11:39:00.000Z,2026-01-04T02:19:00.000Z,300,false
V003822,EDDI,SUAA,2026-01-03T09:17:00.000Z,2026-01-03T23:57:00.000Z,340,false
V003823,SUAA,EDDI,2026-01-03T18:44:00.000Z,2026-01-04T09:24:00.000Z,320,false
V003824,EDDI,SUAA,2026-01-03T11:42:00.000Z,2026-01-04T02:22:00.000Z,320,false
V003825,SUAA,EDDI,2026-01-04T00:57:00.000Z,2026-01-04T15:37:00.000Z,300,false
V003826,EDDI,SUAA,2026-01-03T17:33:00.000Z,2026-01-04T08:13:00.000Z,360,false
V003827,SUAA,LOWW,2026-01-03T06:41:00.000Z,2026-01-03T21:15:00.000Z,360,false
V003828,LOWW,SUAA,2026-01-03T00:08:00.000Z,2026-01-03T14:42:00.000Z,340,false
V003829,SUAA,LOWW,2026-01-03T11:11:00.000Z,2026-01-04T01:45:00.000Z,300,false
V003830,LOWW,SUAA,2026-01-03T06:09:00.000Z,2026-01-03T20:43:00.000Z,320,false
V003831,SUAA,LOWW,2026-01-03T20:08:00.000Z,2026-01-04T10:42:00.000Z,300,false
V003832,LOWW,SUAA,2026-01-03T12:22:00.000Z,2026-01-04T02:56:00.000Z,320,false
V003833,SUAA,LOWW,2026-01-03T21:03:00.000Z,2026-01-04T11:37:00.000Z,320,false
V003834,LOWW,SUAA,2026-01-03T16:52:00.000Z,2026-01-04T07:26:00.000Z,320,false
V003835,SUAA,EBCI,2026-01-03T06:22:00.000Z,2026-01-03T20:15:00.000Z,320,false
V003836,EBCI,SUAA,2026-01-02T22:02:00.000Z,2026-01-03T11:55:00.000Z,340,false
V003837,SUAA,EBCI,2026-01-03T12:14:00.000Z,2026-01-04T02:07:00.000Z,340,false
V003838,EBCI,SUAA,2026-01-03T04:34:00.000Z,2026-01-03T18:27:00.000Z,360,false
V003839,SUAA,EBCI,2026-01-03T15:52:00.000Z,2026-01-04T05:45:00.000Z,360,false
V003840,EBCI,SUAA,2026-01-03T10:13:00.000Z,2026-01-04T00:06:00.000Z,360,false
V003841,SUAA,EBCI,2026-01-03T21:33:00.000Z,2026-01-04T11:26:00.000Z,360,false
V003842,EBCI,SUAA,2026-01-03T21:55:00.000Z,2026-01-04T11:48:00.000Z,320,false
V003843,SUAA,UMMS,2026-01-03T06:41:00.000Z,2026-01-03T22:31:00.000Z,300,false
V003844,UMMS,SUAA,2026-01-03T00:36:00.000Z,2026-01-03T16:26:00.000Z,320,false
V003845,SUAA,UMMS,2026-01-03T11:52:00.000Z,2026-01-04T03:42:00.000Z,360,false
V003846,UMMS,SUAA,2026-01-03T09:16:00.000Z,2026-01-04T01:06:00.000Z,360,false
V003847,SUAA,UMMS,2026-01-03T22:29:00.000Z,2026-01-04T14:19:00.000Z,300,false
V003848,UMMS,SUAA,2026-01-03T17:12:00.000Z,2026-01-04T09:02:00.000Z,340,false
V003849,SUAA,LBSF,2026-01-03T05:16:00.000Z,2026-01-03T19:56:00.000Z,340,false
V003850,LBSF,SUAA,2026-01-02T23:40:00.000Z,2026-01-03T14:20:00.000Z,340,false
V003851,SUAA,LBSF,2026-01-03T10:25:00.000Z,2026-01-04T01:05:00.000Z,300,false
V003852,LBSF,SUAA,2026-01-03T07:31:00.000Z,2026-01-03T22:11:00.000Z,340,false
V003853,SUAA,LBSF,2026-01-03T15:44:00.000Z,2026-01-04T06:24:00.000Z,340,false
V003854,LBSF,SUAA,2026-01-03T12:13:00.000Z,2026-01-04T02:53:00.000Z,300,false
V003855,SUAA,LBSF,2026-01-04T02:32:00.000Z,2026-01-04T17:12:00.000Z,340,false
V003856,LBSF,SUAA,2026-01-03T16:31:00.000Z,2026-01-04T07:11:00.000Z,300,false
V003857,SUAA,LKPR,2026-01-03T08:30:00.000Z,2026-01-03T23:05:00.000Z,360,false
V003858,LKPR,SUAA,2026-01-02T22:08:00.000Z,2026-01-03T12:43:00.000Z,300,false
V003859,SUAA,LKPR,2026-01-03T10:49:00.000Z,2026-01-04T01:24:00.000Z,340,false
V003860,LKPR,SUAA,2026-01-03T05:59:00.000Z,2026-01-03T20:34:00.000Z,360,false
V003861,SUAA,LKPR,2026-01-03T17:32:00.000Z,2026-01-04T08:07:00.000Z,320,false
V003862,LKPR,SUAA,2026-01-03T12:59:00.000Z,2026-01-04T03:34:00.000Z,360,false
V003863,SUAA,LKPR,2026-01-03T22:50:00.000Z,2026-01-04T13:25:00.000Z,300,false
V003864,LKPR,SUAA,2026-01-03T17:19:00.000Z,2026-01-04T07:54:00.000Z,360,false
V003865,SUAA,LDZA,2026-01-03T07:11:00.000Z,2026-01-03T21:30:00.000Z,300,false
V003866,LDZA,SUAA,2026-01-03T00:20:00.000Z,2026-01-03T14:39:00.000Z,300,false
V003867,SUAA,LDZA,2026-01-03T15:25:00.000Z,2026-01-04T05:44:00.000Z,340,false
V003868,LDZA,SUAA,2026-01-03T11:10:00.000Z,2026-01-04T01:29:00.000Z,300,false
V003869,SUAA,LDZA,2026-01-03T23:35:00.000Z,2026-01-04T13:54:00.000Z,300,false
V003870,LDZA,SUAA,2026-01-03T14:26:00.000Z,2026-01-04T04:45:00.000Z,360,false
V003871,SUAA,EKCH,2026-01-03T07:05:00.000Z,2026-01-03T21:56:00.000Z,320,false
V003872,EKCH,SUAA,2026-01-03T00:33:00.000Z,2026-01-03T15:24:00.000Z,360,false
V003873,SUAA,EKCH,2026-01-03T09:38:00.000Z,2026-01-04T00:29:00.000Z,340,false
V003874,EKCH,SUAA,2026-01-03T05:44:00.000Z,2026-01-03T20:35:00.000Z,360,false
V003875,SUAA,EKCH,2026-01-03T19:48:00.000Z,2026-01-04T10:39:00.000Z,340,false
V003876,EKCH,SUAA,2026-01-03T10:58:00.000Z,2026-01-04T01:49:00.000Z,340,false
V003877,SUAA,EKCH,2026-01-03T22:39:00.000Z,2026-01-04T13:30:00.000Z,340,false
V003878,EKCH,SUAA,2026-01-03T17:24:00.000Z,2026-01-04T08:15:00.000Z,320,false
V003879,SUAA,EHAM,2026-01-03T07:27:00.000Z,2026-01-03T21:32:00.000Z,320,false
V003880,EHAM,SUAA,2026-01-03T02:43:00.000Z,2026-01-03T16:48:00.000Z,360,false
V003881,SUAA,EHAM,2026-01-03T13:46:00.000Z,2026-01-04T03:51:00.000Z,300,false
V003882,EHAM,SUAA,2026-01-03T06:03:00.000Z,2026-01-03T20:08:00.000Z,300,false
V003883,SUAA,EHAM,2026-01-03T19:03:00.000Z,2026-01-04T09:08:00.000Z,340,false
V003884,EHAM,SUAA,2026-01-03T13:56:00.000Z,2026-01-04T04:01:00.000Z,340,false
V003885,SUAA,EHAM,2026-01-04T02:52:00.000Z,2026-01-04T16:57:00.000Z,320,false
V003886,EHAM,SUAA,2026-01-03T18:17:00.000Z,2026-01-04T08:22:00.000Z,340,false
V003887,SUAA,VIDP,2026-01-03T04:19:00.000Z,2026-01-03T23:51:00.000Z,300,false
V003888,VIDP,SUAA,2026-01-02T23:28:00.000Z,2026-01-03T19:00:00.000Z,340,false
V003889,SUAA,VIDP,2026-01-03T10:47:00.000Z,2026-01-04T06:19:00.000Z,300,false
V003890,VIDP,SUAA,2026-01-03T05:14:00.000Z,2026-01-04T00:46:00.000Z,320,false
V003891,SUAA,VIDP,2026-01-03T15:10:00.000Z,2026-01-04T10:42:00.000Z,340,false
V003892,VIDP,SUAA,2026-01-03T10:15:00.000Z,2026-01-04T05:47:00.000Z,360,false
V003893,SUAA,VIDP,2026-01-03T21:10:00.000Z,2026-01-04T16:42:00.000Z,360,false
V003894,VIDP,SUAA,2026-01-03T17:45:00.000Z,2026-01-04T13:17:00.000Z,340,false
V003895,SUAA,OSDI,2026-01-03T06:25:00.000Z,2026-01-03T21:41:00.000Z,320,false
V003896,OSDI,SUAA,2026-01-02T23:48:00.000Z,2026-01-03T15:04:00.000Z,360,false
V003897,SUAA,OSDI,2026-01-03T12:57:00.000Z,2026-01-04T04:13:00.000Z,340,false
V003898,OSDI,SUAA,2026-01-03T07:09:00.000Z,2026-01-03T22:25:00.000Z,340,false
V003899,SUAA,OSDI,2026-01-03T18:20:00.000Z,2026-01-04T09:36:00.000Z,320,false
V003900,OSDI,SUAA,2026-01-03T10:19:00.000Z,2026-01-04T01:35:00.000Z,340,false
V003901,SUAA,OSDI,2026-01-03T21:31:00.000Z,2026-01-04T12:47:00.000Z,300,false
V003902,OSDI,SUAA,2026-01-03T15:33:00.000Z,2026-01-04T06:49:00.000Z,320,false
V003903,SUAA,OAKB,2026-01-03T07:22:00.000Z,2026-01-04T02:15:00.000Z,360,false
V003904,OAKB,SUAA,2026-01-02T23:56:00.000Z,2026-01-03T18:49:00.000Z,340,false
V003905,SUAA,OAKB,2026-01-03T14:19:00.000Z,2026-01-04T09:12:00.000Z,340,false
V003906,OAKB,SUAA,2026-01-03T03:17:00.000Z,2026-01-03T22:10:00.000Z,360,false
V003907,SUAA,OAKB,2026-01-03T19:20:00.000Z,2026-01-04T14:13:00.000Z,360,false
V003908,OAKB,SUAA,2026-01-03T13:46:00.000Z,2026-01-04T08:39:00.000Z,340,false
V003909,SUAA,OAKB,2026-01-04T00:32:00.000Z,2026-01-04T19:25:00.000Z,320,false
V003910,OAKB,SUAA,2026-01-03T18:55:00.000Z,2026-01-04T13:48:00.000Z,300,false
V003911,SUAA,OOMS,2026-01-03T07:41:00.000Z,2026-01-04T00:44:00.000Z,320,false
V003912,OOMS,SUAA,2026-01-02T23:24:00.000Z,2026-01-03T16:27:00.000Z,340,false
V003913,SUAA,OOMS,2026-01-03T12:37:00.000Z,2026-01-04T05:40:00.000Z,320,false
V003914,OOMS,SUAA,2026-01-03T07:38:00.000Z,2026-01-04T00:41:00.000Z,300,false
V003915,SUAA,OOMS,2026-01-03T16:53:00.000Z,2026-01-04T09:56:00.000Z,360,false
V003916,OOMS,SUAA,2026-01-03T10:33:00.000Z,2026-01-04T03:36:00.000Z,320,false
V003917,SUAA,OOMS,2026-01-03T21:41:00.000Z,2026-01-04T14:44:00.000Z,300,false
V003918,OOMS,SUAA,2026-01-03T17:59:00.000Z,2026-01-04T11:02:00.000Z,360,false
V003919,SUAA,OYSN,2026-01-03T06:29:00.000Z,2026-01-03T21:22:00.000Z,340,false
V003920,OYSN,SUAA,2026-01-02T23:26:00.000Z,2026-01-03T14:19:00.000Z,360,false
V003921,SUAA,OYSN,2026-01-03T09:29:00.000Z,2026-01-04T00:22:00.000Z,360,false
V003922,OYSN,SUAA,2026-01-03T04:28:00.000Z,2026-01-03T19:21:00.000Z,360,false
V003923,SUAA,OYSN,2026-01-03T19:58:00.000Z,2026-01-04T10:51:00.000Z,360,false
V003924,OYSN,SUAA,2026-01-03T09:18:00.000Z,2026-01-04T00:11:00.000Z,300,false
V003925,SUAA,OYSN,2026-01-03T21:38:00.000Z,2026-01-04T12:31:00.000Z,320,false
V003926,OYSN,SUAA,2026-01-03T20:23:00.000Z,2026-01-04T11:16:00.000Z,340,false
V003927,SUAA,OPKC,2026-01-03T07:15:00.000Z,2026-01-04T01:24:00.000Z,300,false
V003928,OPKC,SUAA,2026-01-02T23:03:00.000Z,2026-01-03T17:12:00.000Z,360,false
V003929,SUAA,OPKC,2026-01-03T09:30:00.000Z,2026-01-04T03:39:00.000Z,360,false
V003930,OPKC,SUAA,2026-01-03T02:09:00.000Z,2026-01-03T20:18:00.000Z,320,false
V003931,SUAA,OPKC,2026-01-03T16:25:00.000Z,2026-01-04T10:34:00.000Z,340,false
V003932,OPKC,SUAA,2026-01-03T11:18:00.000Z,2026-01-04T05:27:00.000Z,340,false
V003933,SUAA,OPKC,2026-01-03T22:21:00.000Z,2026-01-04T16:30:00.000Z,300,false
V003934,OPKC,SUAA,2026-01-03T16:40:00.000Z,2026-01-04T10:49:00.000Z,360,false
V003935,SUAA,UBBB,2026-01-03T09:58:00.000Z,2026-01-04T03:04:00.000Z,320,false
V003936,UBBB,SUAA,2026-01-03T02:25:00.000Z,2026-01-03T19:31:00.000Z,300,false
V003937,SUAA,UBBB,2026-01-03T16:27:00.000Z,2026-01-04T09:33:00.000Z,340,false
V003938,UBBB,SUAA,2026-01-03T11:26:00.000Z,2026-01-04T04:32:00.000Z,300,false
V003939,SUAA,UBBB,2026-01-03T20:30:00.000Z,2026-01-04T13:36:00.000Z,320,false
V003940,UBBB,SUAA,2026-01-03T19:28:00.000Z,2026-01-04T12:34:00.000Z,360,false
V003941,SUAA,OJAI,2026-01-03T08:57:00.000Z,2026-01-03T23:59:00.000Z,320,false
V003942,OJAI,SUAA,2026-01-03T04:51:00.000Z,2026-01-03T19:53:00.000Z,320,false
V003943,SUAA,OJAI,2026-01-03T14:16:00.000Z,2026-01-04T05:18:00.000Z,300,false
V003944,OJAI,SUAA,2026-01-03T06:31:00.000Z,2026-01-03T21:33:00.000Z,340,false
V003945,SUAA,OJAI,2026-01-03T22:00:00.000Z,2026-01-04T13:02:00.000Z,340,false
V003946,OJAI,SUAA,2026-01-03T13:16:00.000Z,2026-01-04T04:18:00.000Z,360,false
V003947,LATI,EDDI,2026-01-03T00:41:00.000Z,2026-01-03T02:19:00.000Z,360,false
V003948,EDDI,LATI,2026-01-03T01:41:00.000Z,2026-01-03T03:19:00.000Z,320,false
V003949,LATI,EDDI,2026-01-03T07:59:00.000Z,2026-01-03T09:37:00.000Z,360,false
V003950,EDDI,LATI,2026-01-03T07:19:00.000Z,2026-01-03T08:57:00.000Z,320,false
V003951,LATI,EDDI,2026-01-03T12:21:00.000Z,2026-01-03T13:59:00.000Z,320,false
V003952,EDDI,LATI,2026-01-03T14:23:00.000Z,2026-01-03T16:01:00.000Z,360,false
V003953,LATI,EDDI,2026-01-03T20:55:00.000Z,2026-01-03T22:33:00.000Z,360,false
V003954,EDDI,LATI,2026-01-03T21:50:00.000Z,2026-01-03T23:28:00.000Z,320,false
V003955,LATI,LOWW,2026-01-02T22:44:00.000Z,2026-01-02T23:45:00.000Z,360,false
V003956,LOWW,LATI,2026-01-03T01:20:00.000Z,2026-01-03T02:21:00.000Z,300,false
V003957,LATI,LOWW,2026-01-03T06:43:00.000Z,2026-01-03T07:44:00.000Z,320,false
V003958,LOWW,LATI,2026-01-03T08:36:00.000Z,2026-01-03T09:37:00.000Z,340,false
V003959,LATI,LOWW,2026-01-03T14:18:00.000Z,2026-01-03T15:19:00.000Z,300,false
V003960,LOWW,LATI,2026-01-03T14:24:00.000Z,2026-01-03T15:25:00.000Z,360,false
V003961,LATI,LOWW,2026-01-03T17:57:00.000Z,2026-01-03T18:58:00.000Z,360,false
V003962,LOWW,LATI,2026-01-03T20:10:00.000Z,2026-01-03T21:11:00.000Z,300,false
V003963,LATI,EBCI,2026-01-03T00:32:00.000Z,2026-01-03T02:27:00.000Z,360,false
V003964,EBCI,LATI,2026-01-03T00:04:00.000Z,2026-01-03T01:59:00.000Z,300,false
V003965,LATI,EBCI,2026-01-03T06:31:00.000Z,2026-01-03T08:26:00.000Z,300,false
V003966,EBCI,LATI,2026-01-03T04:28:00.000Z,2026-01-03T06:23:00.000Z,340,false
V003967,LATI,EBCI,2026-01-03T12:26:00.000Z,2026-01-03T14:21:00.000Z,340,false
V003968,EBCI,LATI,2026-01-03T10:28:00.000Z,2026-01-03T12:23:00.000Z,320,false
V003969,LATI,EBCI,2026-01-03T18:07:00.000Z,2026-01-03T20:02:00.000Z,300,false
V003970,EBCI,LATI,2026-01-03T16:39:00.000Z,2026-01-03T18:34:00.000Z,360,false
V003971,LATI,UMMS,2026-01-03T02:17:00.000Z,2026-01-03T04:09:00.000Z,340,false
V003972,UMMS,LATI,2026-01-03T01:30:00.000Z,2026-01-03T03:22:00.000Z,320,false
V003973,LATI,UMMS,2026-01-03T05:08:00.000Z,2026-01-03T07:00:00.000Z,360,false
V003974,UMMS,LATI,2026-01-03T03:34:00.000Z,2026-01-03T05:26:00.000Z,320,false
V003975,LATI,UMMS,2026-01-03T14:43:00.000Z,2026-01-03T16:35:00.000Z,340,false
V003976,UMMS,LATI,2026-01-03T09:18:00.000Z,2026-01-03T11:10:00.000Z,320,false
V003977,LATI,UMMS,2026-01-03T19:15:00.000Z,2026-01-03T21:07:00.000Z,340,false
V003978,UMMS,LATI,2026-01-03T20:54:00.000Z,2026-01-03T22:46:00.000Z,360,false
V003979,LATI,LBSF,2026-01-03T00:20:00.000Z,2026-01-03T00:46:00.000Z,300,false
V003980,LBSF,LATI,2026-01-03T00:17:00.000Z,2026-01-03T00:43:00.000Z,300,false
V003981,LATI,LBSF,2026-01-03T06:24:00.000Z,2026-01-03T06:50:00.000Z,320,false
V003982,LBSF,LATI,2026-01-03T08:55:00.000Z,2026-01-03T09:21:00.000Z,320,false
V003983,LATI,LBSF,2026-01-03T13:28:00.000Z,2026-01-03T13:54:00.000Z,340,false
V003984,LBSF,LATI,2026-01-03T11:04:00.000Z,2026-01-03T11:30:00.000Z,360,false
V003985,LATI,LBSF,2026-01-03T19:10:00.000Z,2026-01-03T19:36:00.000Z,360,false
V003986,LBSF,LATI,2026-01-03T15:59:00.000Z,2026-01-03T16:25:00.000Z,360,false
V003987,LATI,LKPR,2026-01-02T23:05:00.000Z,2026-01-03T00:26:00.000Z,300,false
V003988,LKPR,LATI,2026-01-03T00:38:00.000Z,2026-01-03T01:59:00.000Z,300,false
V003989,LATI,LKPR,2026-01-03T04:46:00.000Z,2026-01-03T06:07:00.000Z,320,false
V003990,LKPR,LATI,2026-01-03T04:37:00.000Z,2026-01-03T05:58:00.000Z,360,false
V003991,LATI,LKPR,2026-01-03T11:29:00.000Z,2026-01-03T12:50:00.000Z,300,false
V003992,LKPR,LATI,2026-01-03T11:49:00.000Z,2026-01-03T13:10:00.000Z,360,false
V003993,LATI,LKPR,2026-01-03T19:54:00.000Z,2026-01-03T21:15:00.000Z,340,false
V003994,LKPR,LATI,2026-01-03T16:08:00.000Z,2026-01-03T17:29:00.000Z,320,false
V003995,LATI,LDZA,2026-01-03T02:18:00.000Z,2026-01-03T02:56:00.000Z,340,false
V003996,LDZA,LATI,2026-01-03T02:56:00.000Z,2026-01-03T03:34:00.000Z,340,false
V003997,LATI,LDZA,2026-01-03T05:39:00.000Z,2026-01-03T06:17:00.000Z,360,false
V003998,LDZA,LATI,2026-01-03T05:13:00.000Z,2026-01-03T05:51:00.000Z,320,false
V003999,LATI,LDZA,2026-01-03T13:33:00.000Z,2026-01-03T14:11:00.000Z,360,false
V004000,LDZA,LATI,2026-01-03T11:52:00.000Z,2026-01-03T12:30:00.000Z,340,false
V004001,LATI,LDZA,2026-01-03T20:00:00.000Z,2026-01-03T20:38:00.000Z,320,false
V004002,LDZA,LATI,2026-01-03T20:41:00.000Z,2026-01-03T21:19:00.000Z,360,false
V004003,LATI,EKCH,2026-01-03T03:26:00.000Z,2026-01-03T05:29:00.000Z,340,false
V004004,EKCH,LATI,2026-01-02T23:02:00.000Z,2026-01-03T01:05:00.000Z,340,false
V004005,LATI,EKCH,2026-01-03T09:10:00.000Z,2026-01-03T11:13:00.000Z,360,false
V004006,EKCH,LATI,2026-01-03T13:55:00.000Z,2026-01-03T15:58:00.000Z,360,false
V004007,LATI,EKCH,2026-01-03T17:12:00.000Z,2026-01-03T19:15:00.000Z,300,false
V004008,EKCH,LATI,2026-01-03T21:17:00.000Z,2026-01-03T23:20:00.000Z,320,false
V004009,LATI,EHAM,2026-01-03T01:32:00.000Z,2026-01-03T03:38:00.000Z,340,false
V004010,EHAM,LATI,2026-01-02T22:28:00.000Z,2026-01-03T00:34:00.000Z,320,false
V004011,LATI,EHAM,2026-01-03T08:59:00.000Z,2026-01-03T11:05:00.000Z,340,false
V004012,EHAM,LATI,2026-01-03T09:11:00.000Z,2026-01-03T11:17:00.000Z,320,false
V004013,LATI,EHAM,2026-01-03T10:43:00.000Z,2026-01-03T12:49:00.000Z,300,false
V004014,EHAM,LATI,2026-01-03T12:24:00.000Z,2026-01-03T14:30:00.000Z,320,false
V004015,LATI,EHAM,2026-01-03T19:42:00.000Z,2026-01-03T21:48:00.000Z,320,false
V004016,EHAM,LATI,2026-01-03T16:02:00.000Z,2026-01-03T18:08:00.000Z,320,false
V004017,LATI,VIDP,2026-01-03T01:50:00.000Z,2026-01-03T08:38:00.000Z,360,false
V004018,VIDP,LATI,2026-01-02T21:43:00.000Z,2026-01-03T04:31:00.000Z,320,false
V004019,LATI,VIDP,2026-01-03T07:38:00.000Z,2026-01-03T14:26:00.000Z,320,false
V004020,VIDP,LATI,2026-01-03T04:47:00.000Z,2026-01-03T11:35:00.000Z,340,false
V004021,LATI,VIDP,2026-01-03T14:29:00.000Z,2026-01-03T21:17:00.000Z,360,false
V004022,VIDP,LATI,2026-01-03T07:35:00.000Z,2026-01-03T14:23:00.000Z,360,false
V004023,LATI,VIDP,2026-01-03T16:02:00.000Z,2026-01-03T22:50:00.000Z,360,false
V004024,VIDP,LATI,2026-01-03T13:31:00.000Z,2026-01-03T20:19:00.000Z,320,false
V004025,LATI,OSDI,2026-01-03T00:02:00.000Z,2026-01-03T02:13:00.000Z,360,false
V004026,OSDI,LATI,2026-01-02T21:50:00.000Z,2026-01-03T00:01:00.000Z,300,false
V004027,LATI,OSDI,2026-01-03T08:02:00.000Z,2026-01-03T10:13:00.000Z,360,false
V004028,OSDI,LATI,2026-01-03T10:48:00.000Z,2026-01-03T12:59:00.000Z,300,false
V004029,LATI,OSDI,2026-01-03T15:23:00.000Z,2026-01-03T17:34:00.000Z,360,false
V004030,OSDI,LATI,2026-01-03T19:19:00.000Z,2026-01-03T21:30:00.000Z,360,false
V004031,LATI,OAKB,2026-01-03T02:52:00.000Z,2026-01-03T08:25:00.000Z,360,false
V004032,OAKB,LATI,2026-01-03T06:01:00.000Z,2026-01-03T11:34:00.000Z,300,false
V004033,LATI,OAKB,2026-01-03T19:49:00.000Z,2026-01-04T01:22:00.000Z,320,false
V004034,OAKB,LATI,2026-01-03T15:22:00.000Z,2026-01-03T20:55:00.000Z,340,false
V004035,LATI,OOMS,2026-01-03T05:40:00.000Z,2026-01-03T10:52:00.000Z,320,false
V004036,OOMS,LATI,2026-01-02T22:12:00.000Z,2026-01-03T03:24:00.000Z,340,false
V004037,LATI,OOMS,2026-01-03T09:01:00.000Z,2026-01-03T14:13:00.000Z,340,false
V004038,OOMS,LATI,2026-01-03T04:41:00.000Z,2026-01-03T09:53:00.000Z,300,false
V004039,LATI,OOMS,2026-01-03T14:21:00.000Z,2026-01-03T19:33:00.000Z,320,false
V004040,OOMS,LATI,2026-01-03T14:33:00.000Z,2026-01-03T19:45:00.000Z,320,false
V004041,LATI,OYSN,2026-01-03T00:28:00.000Z,2026-01-03T05:12:00.000Z,300,false
V004042,OYSN,LATI,2026-01-02T23:21:00.000Z,2026-01-03T04:05:00.000Z,300,false
V004043,LATI,OYSN,2026-01-03T08:39:00.000Z,2026-01-03T13:23:00.000Z,300,false
V004044,OYSN,LATI,2026-01-03T07:09:00.000Z,2026-01-03T11:53:00.000Z,360,false
V004045,LATI,OYSN,2026-01-03T21:24:00.000Z,2026-01-04T02:08:00.000Z,320,false
V004046,OYSN,LATI,2026-01-03T19:22:00.000Z,2026-01-04T00:06:00.000Z,360,false
V004047,LATI,OPKC,2026-01-03T00:23:00.000Z,2026-01-03T06:26:00.000Z,300,false
V004048,OPKC,LATI,2026-01-02T19:58:00.000Z,2026-01-03T02:01:00.000Z,360,false
V004049,LATI,OPKC,2026-01-03T06:14:00.000Z,2026-01-03T12:17:00.000Z,320,false
V004050,OPKC,LATI,2026-01-03T01:04:00.000Z,2026-01-03T07:07:00.000Z,300,false
V004051,LATI,OPKC,2026-01-03T11:41:00.000Z,2026-01-03T17:44:00.000Z,320,false
V004052,OPKC,LATI,2026-01-03T12:30:00.000Z,2026-01-03T18:33:00.000Z,360,false
V004053,LATI,OPKC,2026-01-03T19:42:00.000Z,2026-01-04T01:45:00.000Z,320,false
V004054,OPKC,LATI,2026-01-03T18:47:00.000Z,2026-01-04T00:50:00.000Z,340,false
V004055,LATI,UBBB,2026-01-03T02:14:00.000Z,2026-01-03T05:31:00.000Z,360,false
V004056,UBBB,LATI,2026-01-03T00:49:00.000Z,2026-01-03T04:06:00.000Z,300,false
V004057,LATI,UBBB,2026-01-03T07:31:00.000Z,2026-01-03T10:48:00.000Z,340,false
V004058,UBBB,LATI,2026-01-03T06:44:00.000Z,2026-01-03T10:01:00.000Z,300,false
V004059,LATI,UBBB,2026-01-03T12:01:00.000Z,2026-01-03T15:18:00.000Z,360,false
V004060,UBBB,LATI,2026-01-03T13:29:00.000Z,2026-01-03T16:46:00.000Z,360,false
V004061,LATI,UBBB,2026-01-03T20:45:00.000Z,2026-01-04T00:02:00.000Z,300,false
V004062,UBBB,LATI,2026-01-03T16:00:00.000Z,2026-01-03T19:17:00.000Z,360,false
V004063,LATI,OJAI,2026-01-02T23:31:00.000Z,2026-01-03T01:47:00.000Z,300,false
V004064,OJAI,LATI,2026-01-03T13:22:00.000Z,2026-01-03T15:38:00.000Z,360,false
V004065,EDDI,LOWW,2026-01-03T03:45:00.000Z,2026-01-03T04:22:00.000Z,320,false
V004066,LOWW,EDDI,2026-01-03T03:09:00.000Z,2026-01-03T03:46:00.000Z,360,false
V004067,EDDI,LOWW,2026-01-03T06:07:00.000Z,2026-01-03T06:44:00.000Z,360,false
V004068,LOWW,EDDI,2026-01-03T09:41:00.000Z,2026-01-03T10:18:00.000Z,320,false
V004069,EDDI,LOWW,2026-01-03T12:44:00.000Z,2026-01-03T13:21:00.000Z,340,false
V004070,LOWW,EDDI,2026-01-03T11:04:00.000Z,2026-01-03T11:41:00.000Z,340,false
V004071,EDDI,LOWW,2026-01-03T17:17:00.000Z,2026-01-03T17:54:00.000Z,360,false
V004072,LOWW,EDDI,2026-01-03T16:51:00.000Z,2026-01-03T17:28:00.000Z,320,false
V004073,EDDI,EBCI,2026-01-03T01:55:00.000Z,2026-01-03T02:45:00.000Z,300,false
V004074,EBCI,EDDI,2026-01-03T02:41:00.000Z,2026-01-03T03:31:00.000Z,360,false
V004075,EDDI,EBCI,2026-01-03T06:59:00.000Z,2026-01-03T07:49:00.000Z,300,false
V004076,EBCI,EDDI,2026-01-03T08:37:00.000Z,2026-01-03T09:27:00.000Z,300,false
V004077,EDDI,EBCI,2026-01-03T18:28:00.000Z,2026-01-03T19:18:00.000Z,320,false
V004078,EBCI,EDDI,2026-01-03T19:21:00.000Z,2026-01-03T20:11:00.000Z,360,false
V004079,EDDI,UMMS,2026-01-03T00:27:00.000Z,2026-01-03T01:43:00.000Z,300,false
V004080,UMMS,EDDI,2026-01-02T23:14:00.000Z,2026-01-03T00:30:00.000Z,340,false
V004081,EDDI,UMMS,2026-01-03T08:41:00.000Z,2026-01-03T09:57:00.000Z,340,false
V004082,UMMS,EDDI,2026-01-03T05:08:00.000Z,2026-01-03T06:24:00.000Z,300,false
V004083,EDDI,UMMS,2026-01-03T14:00:00.000Z,2026-01-03T15:16:00.000Z,320,false
V004084,UMMS,EDDI,2026-01-03T18:57:00.000Z,2026-01-03T20:13:00.000Z,320,false
V004085,EDDI,LBSF,2026-01-03T02:01:00.000Z,2026-01-03T03:42:00.000Z,360,false
V004086,LBSF,EDDI,2026-01-02T21:20:00.000Z,2026-01-02T23:01:00.000Z,300,false
V004087,EDDI,LBSF,2026-01-03T10:22:00.000Z,2026-01-03T12:03:00.000Z,300,false
V004088,LBSF,EDDI,2026-01-03T05:06:00.000Z,2026-01-03T06:47:00.000Z,320,false
V004089,EDDI,LBSF,2026-01-03T20:39:00.000Z,2026-01-03T22:20:00.000Z,360,false
V004090,LBSF,EDDI,2026-01-03T20:47:00.000Z,2026-01-03T22:28:00.000Z,320,false
V004091,EDDI,LKPR,2026-01-03T02:21:00.000Z,2026-01-03T02:38:00.000Z,360,false
V004092,LKPR,EDDI,2026-01-02T23:00:00.000Z,2026-01-02T23:17:00.000Z,300,false
V004093,EDDI,LKPR,2026-01-03T06:12:00.000Z,2026-01-03T06:29:00.000Z,320,false
V004094,LKPR,EDDI,2026-01-03T07:24:00.000Z,2026-01-03T07:41:00.000Z,320,false
V004095,EDDI,LKPR,2026-01-03T15:32:00.000Z,2026-01-03T15:49:00.000Z,340,false
V004096,LKPR,EDDI,2026-01-03T14:27:00.000Z,2026-01-03T14:44:00.000Z,340,false
V004097,EDDI,LKPR,2026-01-03T20:46:00.000Z,2026-01-03T21:03:00.000Z,300,false
V004098,LKPR,EDDI,2026-01-03T20:59:00.000Z,2026-01-03T21:16:00.000Z,360,false
V004099,EDDI,LDZA,2026-01-03T03:03:00.000Z,2026-01-03T04:04:00.000Z,360,false
V004100,LDZA,EDDI,2026-01-03T00:00:00.000Z,2026-01-03T01:01:00.000Z,340,false
V004101,EDDI,LDZA,2026-01-03T09:42:00.000Z,2026-01-03T10:43:00.000Z,360,false
V004102,LDZA,EDDI,2026-01-03T09:27:00.000Z,2026-01-03T10:28:00.000Z,320,false
V004103,EDDI,LDZA,2026-01-03T13:39:00.000Z,2026-01-03T14:40:00.000Z,320,false
V004104,LDZA,EDDI,2026-01-03T13:18:00.000Z,2026-01-03T14:19:00.000Z,340,false
V004105,EDDI,LDZA,2026-01-03T21:58:00.000Z,2026-01-03T22:59:00.000Z,300,false
V004106,LDZA,EDDI,2026-01-03T20:38:00.000Z,2026-01-03T21:39:00.000Z,320,false
V004107,EDDI,EKCH,2026-01-03T01:02:00.000Z,2026-01-03T01:27:00.000Z,300,false
V004108,EKCH,EDDI,2026-01-03T02:07:00.000Z,2026-01-03T02:32:00.000Z,340,false
V004109,EDDI,EKCH,2026-01-03T09:14:00.000Z,2026-01-03T09:39:00.000Z,300,false
V004110,EKCH,EDDI,2026-01-03T07:19:00.000Z,2026-01-03T07:44:00.000Z,340,false
V004111,EDDI,EKCH,2026-01-03T15:11:00.000Z,2026-01-03T15:36:00.000Z,320,false
V004112,EKCH,EDDI,2026-01-03T11:05:00.000Z,2026-01-03T11:30:00.000Z,360,false
V004113,EDDI,EKCH,2026-01-03T18:18:00.000Z,2026-01-03T18:43:00.000Z,340,false
V004114,EKCH,EDDI,2026-01-03T17:02:00.000Z,2026-01-03T17:27:00.000Z,300,false
V004115,EDDI,EHAM,2026-01-03T02:35:00.000Z,2026-01-03T03:21:00.000Z,340,false
V004116,EHAM,EDDI,2026-01-03T01:43:00.000Z,2026-01-03T02:29:00.000Z,300,false
V004117,EDDI,EHAM,2026-01-03T09:50:00.000Z,2026-01-03T10:36:00.000Z,300,false
V004118,EHAM,EDDI,2026-01-03T07:52:00.000Z,2026-01-03T08:38:00.000Z,340,false
V004119,EDDI,EHAM,2026-01-03T21:19:00.000Z,2026-01-03T22:05:00.000Z,360,false
V004120,EHAM,EDDI,2026-01-03T14:49:00.000Z,2026-01-03T15:35:00.000Z,360,false
V004121,EDDI,VIDP,2026-01-03T01:37:00.000Z,2026-01-03T08:58:00.000Z,360,false
V004122,VIDP,EDDI,2026-01-03T00:20:00.000Z,2026-01-03T07:41:00.000Z,340,false
V004123,EDDI,VIDP,2026-01-03T06:17:00.000Z,2026-01-03T13:38:00.000Z,300,false
V004124,VIDP,EDDI,2026-01-03T05:01:00.000Z,2026-01-03T12:22:00.000Z,300,false
V004125,EDDI,VIDP,2026-01-03T12:57:00.000Z,2026-01-03T20:18:00.000Z,300,false
V004126,VIDP,EDDI,2026-01-03T12:51:00.000Z,2026-01-03T20:12:00.000Z,320,false
V004127,EDDI,VIDP,2026-01-03T18:25:00.000Z,2026-01-04T01:46:00.000Z,340,false
V004128,VIDP,EDDI,2026-01-03T13:34:00.000Z,2026-01-03T20:55:00.000Z,340,false
V004129,EDDI,OSDI,2026-01-02T22:05:00.000Z,2026-01-03T01:36:00.000Z,300,false
V004130,OSDI,EDDI,2026-01-03T02:17:00.000Z,2026-01-03T05:48:00.000Z,320,false
V004131,EDDI,OSDI,2026-01-03T13:07:00.000Z,2026-01-03T16:38:00.000Z,360,false
V004132,OSDI,EDDI,2026-01-03T09:33:00.000Z,2026-01-03T13:04:00.000Z,340,false
V004133,EDDI,OSDI,2026-01-03T21:29:00.000Z,2026-01-04T01:00:00.000Z,340,false
V004134,OSDI,EDDI,2026-01-03T13:35:00.000Z,2026-01-03T17:06:00.000Z,300,false
V004135,EDDI,OAKB,2026-01-03T21:14:00.000Z,2026-01-04T03:18:00.000Z,320,false
V004136,OAKB,EDDI,2026-01-03T15:07:00.000Z,2026-01-03T21:11:00.000Z,360,false
V004137,EDDI,OOMS,2026-01-02T23:05:00.000Z,2026-01-03T05:21:00.000Z,300,false
V004138,OOMS,EDDI,2026-01-02T23:52:00.000Z,2026-01-03T06:08:00.000Z,300,false
V004139,EDDI,OOMS,2026-01-03T09:43:00.000Z,2026-01-03T15:59:00.000Z,340,false
V004140,OOMS,EDDI,2026-01-03T03:59:00.000Z,2026-01-03T10:15:00.000Z,360,false
V004141,EDDI,OOMS,2026-01-03T10:14:00.000Z,2026-01-03T16:30:00.000Z,320,false
V004142,OOMS,EDDI,2026-01-03T11:33:00.000Z,2026-01-03T17:49:00.000Z,340,false
V004143,EDDI,OOMS,2026-01-03T16:51:00.000Z,2026-01-03T23:07:00.000Z,360,false
V004144,OOMS,EDDI,2026-01-03T17:46:00.000Z,2026-01-04T00:02:00.000Z,360,false
V004145,EDDI,OYSN,2026-01-03T02:36:00.000Z,2026-01-03T08:49:00.000Z,320,false
V004146,OYSN,EDDI,2026-01-02T21:27:00.000Z,2026-01-03T03:40:00.000Z,360,false
V004147,EDDI,OYSN,2026-01-03T07:42:00.000Z,2026-01-03T13:55:00.000Z,320,false
V004148,OYSN,EDDI,2026-01-03T06:27:00.000Z,2026-01-03T12:40:00.000Z,300,false
V004149,EDDI,OYSN,2026-01-03T10:06:00.000Z,2026-01-03T16:19:00.000Z,340,false
V004150,OYSN,EDDI,2026-01-03T12:57:00.000Z,2026-01-03T19:10:00.000Z,300,false
V004151,EDDI,OYSN,2026-01-03T16:05:00.000Z,2026-01-03T22:18:00.000Z,320,false
V004152,OYSN,EDDI,2026-01-03T19:24:00.000Z,2026-01-04T01:37:00.000Z,360,false
V004153,EDDI,OPKC,2026-01-02T22:23:00.000Z,2026-01-03T05:17:00.000Z,340,false
V004154,OPKC,EDDI,2026-01-02T21:09:00.000Z,2026-01-03T04:03:00.000Z,320,false
V004155,EDDI,OPKC,2026-01-03T11:59:00.000Z,2026-01-03T18:53:00.000Z,340,false
V004156,OPKC,EDDI,2026-01-03T06:59:00.000Z,2026-01-03T13:53:00.000Z,300,false
V004157,EDDI,OPKC,2026-01-03T21:30:00.000Z,2026-01-04T04:24:00.000Z,320,false
V004158,OPKC,EDDI,2026-01-03T15:25:00.000Z,2026-01-03T22:19:00.000Z,360,false
V004159,EDDI,UBBB,2026-01-02T22:44:00.000Z,2026-01-03T02:38:00.000Z,360,false
V004160,UBBB,EDDI,2026-01-03T03:25:00.000Z,2026-01-03T07:19:00.000Z,340,false
V004161,EDDI,UBBB,2026-01-03T04:08:00.000Z,2026-01-03T08:02:00.000Z,320,false
V004162,UBBB,EDDI,2026-01-03T08:28:00.000Z,2026-01-03T12:22:00.000Z,340,false
V004163,EDDI,UBBB,2026-01-03T12:51:00.000Z,2026-01-03T16:45:00.000Z,360,false
V004164,UBBB,EDDI,2026-01-03T12:37:00.000Z,2026-01-03T16:31:00.000Z,320,false
V004165,EDDI,UBBB,2026-01-03T21:54:00.000Z,2026-01-04T01:48:00.000Z,340,false
V004166,UBBB,EDDI,2026-01-03T17:30:00.000Z,2026-01-03T21:24:00.000Z,300,false
V004167,EDDI,OJAI,2026-01-02T23:01:00.000Z,2026-01-03T02:43:00.000Z,340,false
V004168,OJAI,EDDI,2026-01-02T22:38:00.000Z,2026-01-03T02:20:00.000Z,340,false
V004169,EDDI,OJAI,2026-01-03T13:21:00.000Z,2026-01-03T17:03:00.000Z,340,false
V004170,OJAI,EDDI,2026-01-03T11:58:00.000Z,2026-01-03T15:40:00.000Z,360,false
V004171,EDDI,OJAI,2026-01-03T15:02:00.000Z,2026-01-03T18:44:00.000Z,340,false
V004172,OJAI,EDDI,2026-01-03T19:20:00.000Z,2026-01-03T23:02:00.000Z,320,false
V004173,LOWW,EBCI,2026-01-03T02:39:00.000Z,2026-01-03T03:47:00.000Z,320,false
V004174,EBCI,LOWW,2026-01-02T23:56:00.000Z,2026-01-03T01:04:00.000Z,360,false
V004175,LOWW,EBCI,2026-01-03T06:38:00.000Z,2026-01-03T07:46:00.000Z,300,false
V004176,EBCI,LOWW,2026-01-03T05:10:00.000Z,2026-01-03T06:18:00.000Z,320,false
V004177,LOWW,EBCI,2026-01-03T12:04:00.000Z,2026-01-03T13:12:00.000Z,360,false
V004178,EBCI,LOWW,2026-01-03T10:22:00.000Z,2026-01-03T11:30:00.000Z,320,false
V004179,LOWW,EBCI,2026-01-03T20:41:00.000Z,2026-01-03T21:49:00.000Z,300,false
V004180,EBCI,LOWW,2026-01-03T21:46:00.000Z,2026-01-03T22:54:00.000Z,320,false
V004181,LOWW,UMMS,2026-01-02T23:34:00.000Z,2026-01-03T00:50:00.000Z,300,false
V004182,UMMS,LOWW,2026-01-02T22:37:00.000Z,2026-01-02T23:53:00.000Z,320,false
V004183,LOWW,UMMS,2026-01-03T04:25:00.000Z,2026-01-03T05:41:00.000Z,300,false
V004184,UMMS,LOWW,2026-01-03T03:02:00.000Z,2026-01-03T04:18:00.000Z,340,false
V004185,LOWW,UMMS,2026-01-03T14:28:00.000Z,2026-01-03T15:44:00.000Z,340,false
V004186,UMMS,LOWW,2026-01-03T12:18:00.000Z,2026-01-03T13:34:00.000Z,320,false
V004187,LOWW,UMMS,2026-01-03T18:52:00.000Z,2026-01-03T20:08:00.000Z,360,false
V004188,UMMS,LOWW,2026-01-03T17:03:00.000Z,2026-01-03T18:19:00.000Z,320,false
V004189,LOWW,LBSF,2026-01-03T01:45:00.000Z,2026-01-03T02:50:00.000Z,320,false
V004190,LBSF,LOWW,2026-01-03T01:54:00.000Z,2026-01-03T02:59:00.000Z,360,false
V004191,LOWW,LBSF,2026-01-03T07:22:00.000Z,2026-01-03T08:27:00.000Z,340,false
V004192,LBSF,LOWW,2026-01-03T07:59:00.000Z,2026-01-03T09:04:00.000Z,320,false
V004193,LOWW,LBSF,2026-01-03T15:16:00.000Z,2026-01-03T16:21:00.000Z,360,false
V004194,LBSF,LOWW,2026-01-03T09:08:00.000Z,2026-01-03T10:13:00.000Z,320,false
V004195,LOWW,LBSF,2026-01-03T20:49:00.000Z,2026-01-03T21:54:00.000Z,340,false
V004196,LBSF,LOWW,2026-01-03T20:34:00.000Z,2026-01-03T21:39:00.000Z,340,false
V004197,LOWW,LKPR,2026-01-03T04:57:00.000Z,2026-01-03T05:17:00.000Z,300,false
V004198,LKPR,LOWW,2026-01-03T04:11:00.000Z,2026-01-03T04:31:00.000Z,360,false
V004199,LOWW,LKPR,2026-01-03T11:25:00.000Z,2026-01-03T11:45:00.000Z,340,false
V004200,LKPR,LOWW,2026-01-03T11:27:00.000Z,2026-01-03T11:47:00.000Z,360,false
V004201,LOWW,LKPR,2026-01-03T15:35:00.000Z,2026-01-03T15:55:00.000Z,340,false
V004202,LKPR,LOWW,2026-01-03T16:52:00.000Z,2026-01-03T17:12:00.000Z,340,false
V004203,LOWW,LDZA,2026-01-02T23:05:00.000Z,2026-01-02T23:30:00.000Z,320,false
V004204,LDZA,LOWW,2026-01-03T01:23:00.000Z,2026-01-03T01:48:00.000Z,340,false
V004205,LOWW,LDZA,2026-01-03T13:17:00.000Z,2026-01-03T13:42:00.000Z,300,false
V004206,LDZA,LOWW,2026-01-03T13:59:00.000Z,2026-01-03T14:24:00.000Z,340,false
V004207,LOWW,LDZA,2026-01-03T18:31:00.000Z,2026-01-03T18:56:00.000Z,340,false
V004208,LDZA,LOWW,2026-01-03T16:29:00.000Z,2026-01-03T16:54:00.000Z,300,false
V004209,LOWW,EKCH,2026-01-03T09:12:00.000Z,2026-01-03T10:14:00.000Z,300,false
V004210,EKCH,LOWW,2026-01-03T00:01:00.000Z,2026-01-03T01:03:00.000Z,300,false
V004211,LOWW,EKCH,2026-01-03T16:49:00.000Z,2026-01-03T17:51:00.000Z,300,false
V004212,EKCH,LOWW,2026-01-03T11:26:00.000Z,2026-01-03T12:28:00.000Z,340,false
V004213,LOWW,EHAM,2026-01-02T22:55:00.000Z,2026-01-03T00:07:00.000Z,360,false
V004214,EHAM,LOWW,2026-01-03T00:05:00.000Z,2026-01-03T01:17:00.000Z,320,false
V004215,LOWW,EHAM,2026-01-03T08:40:00.000Z,2026-01-03T09:52:00.000Z,300,false
V004216,EHAM,LOWW,2026-01-03T08:41:00.000Z,2026-01-03T09:53:00.000Z,360,false
V004217,LOWW,EHAM,2026-01-03T13:07:00.000Z,2026-01-03T14:19:00.000Z,320,false
V004218,EHAM,LOWW,2026-01-03T13:50:00.000Z,2026-01-03T15:02:00.000Z,320,false
V004219,LOWW,EHAM,2026-01-03T17:43:00.000Z,2026-01-03T18:55:00.000Z,360,false
V004220,EHAM,LOWW,2026-01-03T16:40:00.000Z,2026-01-03T17:52:00.000Z,340,false
V004221,LOWW,VIDP,2026-01-03T01:26:00.000Z,2026-01-03T08:30:00.000Z,300,false
V004222,VIDP,LOWW,2026-01-02T20:39:00.000Z,2026-01-03T03:43:00.000Z,340,false
V004223,LOWW,VIDP,2026-01-03T07:18:00.000Z,2026-01-03T14:22:00.000Z,320,false
V004224,VIDP,LOWW,2026-01-03T05:04:00.000Z,2026-01-03T12:08:00.000Z,360,false
V004225,LOWW,VIDP,2026-01-03T12:03:00.000Z,2026-01-03T19:07:00.000Z,340,false
V004226,VIDP,LOWW,2026-01-03T12:42:00.000Z,2026-01-03T19:46:00.000Z,360,false
V004227,LOWW,VIDP,2026-01-03T16:28:00.000Z,2026-01-03T23:32:00.000Z,360,false
V004228,VIDP,LOWW,2026-01-03T13:39:00.000Z,2026-01-03T20:43:00.000Z,320,false
V004229,LOWW,OSDI,2026-01-02T23:05:00.000Z,2026-01-03T02:03:00.000Z,300,false
V004230,OSDI,LOWW,2026-01-03T02:43:00.000Z,2026-01-03T05:41:00.000Z,300,false
V004231,LOWW,OSDI,2026-01-03T09:49:00.000Z,2026-01-03T12:47:00.000Z,360,false
V004232,OSDI,LOWW,2026-01-03T04:09:00.000Z,2026-01-03T07:07:00.000Z,360,false
V004233,LOWW,OSDI,2026-01-03T15:50:00.000Z,2026-01-03T18:48:00.000Z,340,false
V004234,OSDI,LOWW,2026-01-03T12:09:00.000Z,2026-01-03T15:07:00.000Z,300,false
V004235,LOWW,OSDI,2026-01-03T16:52:00.000Z,2026-01-03T19:50:00.000Z,320,false
V004236,OSDI,LOWW,2026-01-03T20:33:00.000Z,2026-01-03T23:31:00.000Z,300,false
V004237,LOWW,OAKB,2026-01-03T04:54:00.000Z,2026-01-03T10:42:00.000Z,360,false
V004238,OAKB,LOWW,2026-01-03T13:20:00.000Z,2026-01-03T19:08:00.000Z,340,false
V004239,LOWW,OOMS,2026-01-02T23:43:00.000Z,2026-01-03T05:32:00.000Z,320,false
V004240,OOMS,LOWW,2026-01-02T20:43:00.000Z,2026-01-03T02:32:00.000Z,340,false
V004241,LOWW,OOMS,2026-01-03T10:57:00.000Z,2026-01-03T16:46:00.000Z,340,false
V004242,OOMS,LOWW,2026-01-03T10:39:00.000Z,2026-01-03T16:28:00.000Z,300,false
V004243,LOWW,OYSN,2026-01-03T02:17:00.000Z,2026-01-03T07:55:00.000Z,300,false
V004244,OYSN,LOWW,2026-01-03T00:19:00.000Z,2026-01-03T05:57:00.000Z,340,false
V004245,LOWW,OYSN,2026-01-03T13:46:00.000Z,2026-01-03T19:24:00.000Z,300,false
V004246,OYSN,LOWW,2026-01-03T10:35:00.000Z,2026-01-03T16:13:00.000Z,300,false
V004247,LOWW,OYSN,2026-01-03T19:47:00.000Z,2026-01-04T01:25:00.000Z,360,false
V004248,OYSN,LOWW,2026-01-03T15:24:00.000Z,2026-01-03T21:02:00.000Z,320,false
V004249,LOWW,OPKC,2026-01-03T03:02:00.000Z,2026-01-03T09:33:00.000Z,340,false
V004250,OPKC,LOWW,2026-01-03T00:23:00.000Z,2026-01-03T06:54:00.000Z,340,false
V004251,LOWW,OPKC,2026-01-03T04:36:00.000Z,2026-01-03T11:07:00.000Z,300,false
V004252,OPKC,LOWW,2026-01-03T01:49:00.000Z,2026-01-03T08:20:00.000Z,360,false
V004253,LOWW,OPKC,2026-01-03T11:16:00.000Z,2026-01-03T17:47:00.000Z,320,false
V004254,OPKC,LOWW,2026-01-03T08:54:00.000Z,2026-01-03T15:25:00.000Z,340,false
V004255,LOWW,OPKC,2026-01-03T19:22:00.000Z,2026-01-04T01:53:00.000Z,320,false
V004256,OPKC,LOWW,2026-01-03T18:29:00.000Z,2026-01-04T01:00:00.000Z,320,false
V004257,LOWW,UBBB,2026-01-03T00:13:00.000Z,2026-01-03T03:47:00.000Z,360,false
V004258,UBBB,LOWW,2026-01-03T03:17:00.000Z,2026-01-03T06:51:00.000Z,320,false
V004259,LOWW,UBBB,2026-01-03T05:02:00.000Z,2026-01-03T08:36:00.000Z,340,false
V004260,UBBB,LOWW,2026-01-03T07:20:00.000Z,2026-01-03T10:54:00.000Z,320,false
V004261,LOWW,UBBB,2026-01-03T13:09:00.000Z,2026-01-03T16:43:00.000Z,340,false
V004262,UBBB,LOWW,2026-01-03T12:24:00.000Z,2026-01-03T15:58:00.000Z,340,false
V004263,LOWW,UBBB,2026-01-03T21:15:00.000Z,2026-01-04T00:49:00.000Z,300,false
V004264,UBBB,LOWW,2026-01-03T19:26:00.000Z,2026-01-03T23:00:00.000Z,300,false
V004265,LOWW,OJAI,2026-01-03T03:12:00.000Z,2026-01-03T06:19:00.000Z,320,false
V004266,OJAI,LOWW,2026-01-02T23:46:00.000Z,2026-01-03T02:53:00.000Z,360,false
V004267,LOWW,OJAI,2026-01-03T06:13:00.000Z,2026-01-03T09:20:00.000Z,340,false
V004268,OJAI,LOWW,2026-01-03T07:16:00.000Z,2026-01-03T10:23:00.000Z,300,false
V004269,LOWW,OJAI,2026-01-03T11:48:00.000Z,2026-01-03T14:55:00.000Z,300,false
V004270,OJAI,LOWW,2026-01-03T11:37:00.000Z,2026-01-03T14:44:00.000Z,300,false
V004271,LOWW,OJAI,2026-01-03T20:26:00.000Z,2026-01-03T23:33:00.000Z,300,false
V004272,OJAI,LOWW,2026-01-03T17:13:00.000Z,2026-01-03T20:20:00.000Z,340,false
V004273,EBCI,UMMS,2026-01-03T03:51:00.000Z,2026-01-03T05:58:00.000Z,300,false
V004274,UMMS,EBCI,2026-01-02T21:29:00.000Z,2026-01-02T23:36:00.000Z,360,false
V004275,EBCI,UMMS,2026-01-03T04:51:00.000Z,2026-01-03T06:58:00.000Z,320,false
V004276,UMMS,EBCI,2026-01-03T08:51:00.000Z,2026-01-03T10:58:00.000Z,300,false
V004277,EBCI,UMMS,2026-01-03T13:14:00.000Z,2026-01-03T15:21:00.000Z,340,false
V004278,UMMS,EBCI,2026-01-03T10:10:00.000Z,2026-01-03T12:17:00.000Z,360,false
V004279,EBCI,UMMS,2026-01-03T21:13:00.000Z,2026-01-03T23:20:00.000Z,340,false
V004280,UMMS,EBCI,2026-01-03T15:27:00.000Z,2026-01-03T17:34:00.000Z,320,false
V004281,EBCI,LBSF,2026-01-03T01:36:00.000Z,2026-01-03T03:45:00.000Z,340,false
V004282,LBSF,EBCI,2026-01-03T00:49:00.000Z,2026-01-03T02:58:00.000Z,300,false
V004283,EBCI,LBSF,2026-01-03T09:48:00.000Z,2026-01-03T11:57:00.000Z,320,false
V004284,LBSF,EBCI,2026-01-03T06:05:00.000Z,2026-01-03T08:14:00.000Z,360,false
V004285,EBCI,LBSF,2026-01-03T10:40:00.000Z,2026-01-03T12:49:00.000Z,340,false
V004286,LBSF,EBCI,2026-01-03T14:01:00.000Z,2026-01-03T16:10:00.000Z,340,false
V004287,EBCI,LBSF,2026-01-03T17:24:00.000Z,2026-01-03T19:33:00.000Z,340,false
V004288,LBSF,EBCI,2026-01-03T20:00:00.000Z,2026-01-03T22:09:00.000Z,300,false
V004289,EBCI,LKPR,2026-01-03T03:23:00.000Z,2026-01-03T04:16:00.000Z,300,false
V004290,LKPR,EBCI,2026-01-03T01:31:00.000Z,2026-01-03T02:24:00.000Z,300,false
V004291,EBCI,LKPR,2026-01-03T07:10:00.000Z,2026-01-03T08:03:00.000Z,300,false
V004292,LKPR,EBCI,2026-01-03T05:49:00.000Z,2026-01-03T06:42:00.000Z,300,false
V004293,EBCI,LKPR,2026-01-03T11:26:00.000Z,2026-01-03T12:19:00.000Z,300,false
V004294,LKPR,EBCI,2026-01-03T10:43:00.000Z,2026-01-03T11:36:00.000Z,340,false
V004295,EBCI,LKPR,2026-01-03T16:38:00.000Z,2026-01-03T17:31:00.000Z,320,false
V004296,LKPR,EBCI,2026-01-03T18:03:00.000Z,2026-01-03T18:56:00.000Z,360,false
V004297,EBCI,LDZA,2026-01-03T03:43:00.000Z,2026-01-03T05:02:00.000Z,340,false
V004298,LDZA,EBCI,2026-01-03T01:14:00.000Z,2026-01-03T02:33:00.000Z,300,false
V004299,EBCI,LDZA,2026-01-03T09:39:00.000Z,2026-01-03T10:58:00.000Z,300,false
V004300,LDZA,EBCI,2026-01-03T06:16:00.000Z,2026-01-03T07:35:00.000Z,340,false
V004301,EBCI,LDZA,2026-01-03T13:40:00.000Z,2026-01-03T14:59:00.000Z,360,false
V004302,LDZA,EBCI,2026-01-03T15:23:00.000Z,2026-01-03T16:42:00.000Z,300,false
V004303,EBCI,LDZA,2026-01-03T19:17:00.000Z,2026-01-03T20:36:00.000Z,360,false
V004304,LDZA,EBCI,2026-01-03T20:17:00.000Z,2026-01-03T21:36:00.000Z,340,false
V004305,EBCI,EKCH,2026-01-03T01:00:00.000Z,2026-01-03T01:58:00.000Z,300,false
V004306,EKCH,EBCI,2026-01-03T02:22:00.000Z,2026-01-03T03:20:00.000Z,340,false
V004307,EBCI,EKCH,2026-01-03T08:47:00.000Z,2026-01-03T09:45:00.000Z,340,false
V004308,EKCH,EBCI,2026-01-03T08:31:00.000Z,2026-01-03T09:29:00.000Z,320,false
V004309,EBCI,EKCH,2026-01-03T13:54:00.000Z,2026-01-03T14:52:00.000Z,360,false
V004310,EKCH,EBCI,2026-01-03T10:15:00.000Z,2026-01-03T11:13:00.000Z,360,false
V004311,EBCI,EKCH,2026-01-03T18:55:00.000Z,2026-01-03T19:53:00.000Z,340,false
V004312,EKCH,EBCI,2026-01-03T17:19:00.000Z,2026-01-03T18:17:00.000Z,300,false
V004313,EBCI,EHAM,2026-01-03T01:48:00.000Z,2026-01-03T02:04:00.000Z,360,false
V004314,EHAM,EBCI,2026-01-03T00:00:00.000Z,2026-01-03T00:16:00.000Z,300,false
V004315,EBCI,EHAM,2026-01-03T05:13:00.000Z,2026-01-03T05:29:00.000Z,340,false
V004316,EHAM,EBCI,2026-01-03T06:50:00.000Z,2026-01-03T07:06:00.000Z,340,false
V004317,EBCI,EHAM,2026-01-03T12:56:00.000Z,2026-01-03T13:12:00.000Z,320,false
V004318,EHAM,EBCI,2026-01-03T15:57:00.000Z,2026-01-03T16:13:00.000Z,320,false
V004319,EBCI,EHAM,2026-01-03T17:32:00.000Z,2026-01-03T17:48:00.000Z,340,false
V004320,EHAM,EBCI,2026-01-03T19:25:00.000Z,2026-01-03T19:41:00.000Z,320,false
V004321,EBCI,VIDP,2026-01-03T00:55:00.000Z,2026-01-03T09:04:00.000Z,340,false
V004322,VIDP,EBCI,2026-01-02T19:26:00.000Z,2026-01-03T03:35:00.000Z,360,false
V004323,EBCI,VIDP,2026-01-03T09:36:00.000Z,2026-01-03T17:45:00.000Z,300,false
V004324,VIDP,EBCI,2026-01-03T01:58:00.000Z,2026-01-03T10:07:00.000Z,360,false
V004325,EBCI,VIDP,2026-01-03T14:39:00.000Z,2026-01-03T22:48:00.000Z,340,false
V004326,VIDP,EBCI,2026-01-03T12:25:00.000Z,2026-01-03T20:34:00.000Z,300,false
V004327,EBCI,VIDP,2026-01-03T16:43:00.000Z,2026-01-04T00:52:00.000Z,320,false
V004328,VIDP,EBCI,2026-01-03T16:56:00.000Z,2026-01-04T01:05:00.000Z,340,false
V004329,EBCI,OSDI,2026-01-03T00:03:00.000Z,2026-01-03T04:06:00.000Z,320,false
V004330,OSDI,EBCI,2026-01-03T01:32:00.000Z,2026-01-03T05:35:00.000Z,320,false
V004331,EBCI,OSDI,2026-01-03T13:59:00.000Z,2026-01-03T18:02:00.000Z,360,false
V004332,OSDI,EBCI,2026-01-03T05:41:00.000Z,2026-01-03T09:44:00.000Z,300,false
V004333,EBCI,OSDI,2026-01-03T15:06:00.000Z,2026-01-03T19:09:00.000Z,320,false
V004334,OSDI,EBCI,2026-01-03T19:06:00.000Z,2026-01-03T23:09:00.000Z,340,false
V004335,EBCI,OAKB,2026-01-02T22:23:00.000Z,2026-01-03T05:15:00.000Z,360,false
V004336,OAKB,EBCI,2026-01-02T20:28:00.000Z,2026-01-03T03:20:00.000Z,320,false
V004337,EBCI,OAKB,2026-01-03T16:40:00.000Z,2026-01-03T23:32:00.000Z,300,false
V004338,OAKB,EBCI,2026-01-03T12:11:00.000Z,2026-01-03T19:03:00.000Z,320,false
V004339,EBCI,OOMS,2026-01-02T22:44:00.000Z,2026-01-03T05:41:00.000Z,360,false
V004340,OOMS,EBCI,2026-01-03T01:54:00.000Z,2026-01-03T08:51:00.000Z,340,false
V004341,EBCI,OOMS,2026-01-03T08:45:00.000Z,2026-01-03T15:42:00.000Z,340,false
V004342,OOMS,EBCI,2026-01-03T06:00:00.000Z,2026-01-03T12:57:00.000Z,340,false
V004343,EBCI,OOMS,2026-01-03T19:54:00.000Z,2026-01-04T02:51:00.000Z,300,false
V004344,OOMS,EBCI,2026-01-03T14:03:00.000Z,2026-01-03T21:00:00.000Z,300,false
V004345,EBCI,OYSN,2026-01-03T01:39:00.000Z,2026-01-03T08:18:00.000Z,300,false
V004346,OYSN,EBCI,2026-01-03T00:22:00.000Z,2026-01-03T07:01:00.000Z,300,false
V004347,EBCI,OYSN,2026-01-03T06:38:00.000Z,2026-01-03T13:17:00.000Z,320,false
V004348,OYSN,EBCI,2026-01-03T03:50:00.000Z,2026-01-03T10:29:00.000Z,360,false
V004349,EBCI,OYSN,2026-01-03T10:24:00.000Z,2026-01-03T17:03:00.000Z,360,false
V004350,OYSN,EBCI,2026-01-03T10:45:00.000Z,2026-01-03T17:24:00.000Z,300,false
V004351,EBCI,OYSN,2026-01-03T17:38:00.000Z,2026-01-04T00:17:00.000Z,300,false
V004352,OYSN,EBCI,2026-01-03T17:09:00.000Z,2026-01-03T23:48:00.000Z,300,false
V004353,EBCI,OPKC,2026-01-03T01:04:00.000Z,2026-01-03T08:43:00.000Z,320,false
V004354,OPKC,EBCI,2026-01-03T01:16:00.000Z,2026-01-03T08:55:00.000Z,340,false
V004355,EBCI,OPKC,2026-01-03T11:56:00.000Z,2026-01-03T19:35:00.000Z,340,false
V004356,OPKC,EBCI,2026-01-03T06:11:00.000Z,2026-01-03T13:50:00.000Z,360,false
V004357,EBCI,OPKC,2026-01-03T16:19:00.000Z,2026-01-03T23:58:00.000Z,300,false
V004358,OPKC,EBCI,2026-01-03T13:16:00.000Z,2026-01-03T20:55:00.000Z,320,false
V004359,EBCI,UBBB,2026-01-03T01:45:00.000Z,2026-01-03T06:25:00.000Z,360,false
V004360,UBBB,EBCI,2026-01-02T22:10:00.000Z,2026-01-03T02:50:00.000Z,340,false
V004361,EBCI,UBBB,2026-01-03T04:39:00.000Z,2026-01-03T09:19:00.000Z,320,false
V004362,UBBB,EBCI,2026-01-03T08:55:00.000Z,2026-01-03T13:35:00.000Z,320,false
V004363,EBCI,UBBB,2026-01-03T12:32:00.000Z,2026-01-03T17:12:00.000Z,340,false
V004364,UBBB,EBCI,2026-01-03T14:26:00.000Z,2026-01-03T19:06:00.000Z,360,false
V004365,EBCI,UBBB,2026-01-03T21:27:00.000Z,2026-01-04T02:07:00.000Z,300,false
V004366,UBBB,EBCI,2026-01-03T18:17:00.000Z,2026-01-03T22:57:00.000Z,360,false
V004367,EBCI,OJAI,2026-01-03T02:55:00.000Z,2026-01-03T07:06:00.000Z,340,false
V004368,OJAI,EBCI,2026-01-02T22:10:00.000Z,2026-01-03T02:21:00.000Z,360,false
V004369,EBCI,OJAI,2026-01-03T05:45:00.000Z,2026-01-03T09:56:00.000Z,300,false
V004370,OJAI,EBCI,2026-01-03T06:07:00.000Z,2026-01-03T10:18:00.000Z,300,false
V004371,EBCI,OJAI,2026-01-03T15:29:00.000Z,2026-01-03T19:40:00.000Z,360,false
V004372,OJAI,EBCI,2026-01-03T09:28:00.000Z,2026-01-03T13:39:00.000Z,300,false
V004373,EBCI,OJAI,2026-01-03T20:01:00.000Z,2026-01-04T00:12:00.000Z,340,false
V004374,OJAI,EBCI,2026-01-03T17:03:00.000Z,2026-01-03T21:14:00.000Z,340,false
V004375,UMMS,LBSF,2026-01-03T07:46:00.000Z,2026-01-03T09:22:00.000Z,340,false
V004376,LBSF,UMMS,2026-01-02T22:44:00.000Z,2026-01-03T00:20:00.000Z,340,false
V004377,UMMS,LBSF,2026-01-03T09:19:00.000Z,2026-01-03T10:55:00.000Z,320,false
V004378,LBSF,UMMS,2026-01-03T17:22:00.000Z,2026-01-03T18:58:00.000Z,340,false
V004379,UMMS,LKPR,2026-01-03T03:02:00.000Z,2026-01-03T04:19:00.000Z,340,false
V004380,LKPR,UMMS,2026-01-03T16:52:00.000Z,2026-01-03T18:09:00.000Z,300,false
V004381,UMMS,LDZA,2026-01-03T03:02:00.000Z,2026-01-03T04:35:00.000Z,320,false
V004382,LDZA,UMMS,2026-01-02T23:41:00.000Z,2026-01-03T01:14:00.000Z,320,false
V004383,UMMS,LDZA,2026-01-03T12:42:00.000Z,2026-01-03T14:15:00.000Z,360,false
V004384,LDZA,UMMS,2026-01-03T07:41:00.000Z,2026-01-03T09:14:00.000Z,340,false
V004385,UMMS,LDZA,2026-01-03T17:29:00.000Z,2026-01-03T19:02:00.000Z,320,false
V004386,LDZA,UMMS,2026-01-03T16:44:00.000Z,2026-01-03T18:17:00.000Z,340,false
V004387,UMMS,EKCH,2026-01-03T02:51:00.000Z,2026-01-03T04:11:00.000Z,340,false
V004388,EKCH,UMMS,2026-01-02T22:12:00.000Z,2026-01-02T23:32:00.000Z,320,false
V004389,UMMS,EKCH,2026-01-03T04:21:00.000Z,2026-01-03T05:41:00.000Z,320,false
V004390,EKCH,UMMS,2026-01-03T08:36:00.000Z,2026-01-03T09:56:00.000Z,360,false
V004391,UMMS,EKCH,2026-01-03T12:44:00.000Z,2026-01-03T14:04:00.000Z,300,false
V004392,EKCH,UMMS,2026-01-03T13:53:00.000Z,2026-01-03T15:13:00.000Z,300,false
V004393,UMMS,EKCH,2026-01-03T18:53:00.000Z,2026-01-03T20:13:00.000Z,300,false
V004394,EKCH,UMMS,2026-01-03T18:13:00.000Z,2026-01-03T19:33:00.000Z,320,false
V004395,UMMS,EHAM,2026-01-02T23:57:00.000Z,2026-01-03T01:59:00.000Z,320,false
V004396,EHAM,UMMS,2026-01-02T22:09:00.000Z,2026-01-03T00:11:00.000Z,300,false
V004397,UMMS,EHAM,2026-01-03T08:01:00.000Z,2026-01-03T10:03:00.000Z,360,false
V004398,EHAM,UMMS,2026-01-03T13:56:00.000Z,2026-01-03T15:58:00.000Z,300,false
V004399,UMMS,EHAM,2026-01-03T13:53:00.000Z,2026-01-03T15:55:00.000Z,320,false
V004400,EHAM,UMMS,2026-01-03T19:31:00.000Z,2026-01-03T21:33:00.000Z,300,false
V004401,UMMS,VIDP,2026-01-02T23:39:00.000Z,2026-01-03T05:45:00.000Z,340,false
V004402,VIDP,UMMS,2026-01-02T19:52:00.000Z,2026-01-03T01:58:00.000Z,320,false
V004403,UMMS,VIDP,2026-01-03T05:32:00.000Z,2026-01-03T11:38:00.000Z,340,false
V004404,VIDP,UMMS,2026-01-03T02:49:00.000Z,2026-01-03T08:55:00.000Z,300,false
V004405,UMMS,VIDP,2026-01-03T10:55:00.000Z,2026-01-03T17:01:00.000Z,360,false
V004406,VIDP,UMMS,2026-01-03T09:25:00.000Z,2026-01-03T15:31:00.000Z,320,false
V004407,UMMS,VIDP,2026-01-03T16:43:00.000Z,2026-01-03T22:49:00.000Z,320,false
V004408,VIDP,UMMS,2026-01-03T14:26:00.000Z,2026-01-03T20:32:00.000Z,360,false
V004409,UMMS,OSDI,2026-01-03T00:04:00.000Z,2026-01-03T02:58:00.000Z,320,false
V004410,OSDI,UMMS,2026-01-02T21:24:00.000Z,2026-01-03T00:18:00.000Z,300,false
V004411,UMMS,OSDI,2026-01-03T07:25:00.000Z,2026-01-03T10:19:00.000Z,360,false
V004412,OSDI,UMMS,2026-01-03T04:13:00.000Z,2026-01-03T07:07:00.000Z,340,false
V004413,UMMS,OSDI,2026-01-03T10:09:00.000Z,2026-01-03T13:03:00.000Z,360,false
V004414,OSDI,UMMS,2026-01-03T12:10:00.000Z,2026-01-03T15:04:00.000Z,300,false
V004415,UMMS,OSDI,2026-01-03T18:59:00.000Z,2026-01-03T21:53:00.000Z,300,false
V004416,OSDI,UMMS,2026-01-03T19:35:00.000Z,2026-01-03T22:29:00.000Z,340,false
V004417,UMMS,OAKB,2026-01-02T23:29:00.000Z,2026-01-03T04:19:00.000Z,320,false
V004418,OAKB,UMMS,2026-01-02T23:40:00.000Z,2026-01-03T04:30:00.000Z,320,false
V004419,UMMS,OAKB,2026-01-03T08:23:00.000Z,2026-01-03T13:13:00.000Z,320,false
V004420,OAKB,UMMS,2026-01-03T02:21:00.000Z,2026-01-03T07:11:00.000Z,360,false
V004421,UMMS,OAKB,2026-01-03T12:14:00.000Z,2026-01-03T17:04:00.000Z,360,false
V004422,OAKB,UMMS,2026-01-03T09:57:00.000Z,2026-01-03T14:47:00.000Z,300,false
V004423,UMMS,OAKB,2026-01-03T15:51:00.000Z,2026-01-03T20:41:00.000Z,360,false
V004424,OAKB,UMMS,2026-01-03T15:06:00.000Z,2026-01-03T19:56:00.000Z,320,false
V004425,UMMS,OOMS,2026-01-03T04:11:00.000Z,2026-01-03T09:27:00.000Z,300,false
V004426,OOMS,UMMS,2026-01-03T03:30:00.000Z,2026-01-03T08:46:00.000Z,360,false
V004427,UMMS,OOMS,2026-01-03T09:01:00.000Z,2026-01-03T14:17:00.000Z,320,false
V004428,OOMS,UMMS,2026-01-03T04:07:00.000Z,2026-01-03T09:23:00.000Z,340,false
V004429,UMMS,OOMS,2026-01-03T18:51:00.000Z,2026-01-04T00:07:00.000Z,360,false
V004430,OOMS,UMMS,2026-01-03T17:18:00.000Z,2026-01-03T22:34:00.000Z,360,false
V004431,UMMS,OYSN,2026-01-03T12:49:00.000Z,2026-01-03T18:25:00.000Z,300,false
V004432,OYSN,UMMS,2026-01-02T21:41:00.000Z,2026-01-03T03:17:00.000Z,340,false
V004433,UMMS,OPKC,2026-01-02T21:17:00.000Z,2026-01-03T03:03:00.000Z,360,false
V004434,OPKC,UMMS,2026-01-02T21:50:00.000Z,2026-01-03T03:36:00.000Z,340,false
V004435,UMMS,OPKC,2026-01-03T08:21:00.000Z,2026-01-03T14:07:00.000Z,340,false
V004436,OPKC,UMMS,2026-01-03T08:18:00.000Z,2026-01-03T14:04:00.000Z,360,false
V004437,UMMS,OPKC,2026-01-03T18:55:00.000Z,2026-01-04T00:41:00.000Z,300,false
V004438,OPKC,UMMS,2026-01-03T16:12:00.000Z,2026-01-03T21:58:00.000Z,360,false
V004439,UMMS,UBBB,2026-01-03T02:49:00.000Z,2026-01-03T05:35:00.000Z,340,false
V004440,UBBB,UMMS,2026-01-03T00:26:00.000Z,2026-01-03T03:12:00.000Z,300,false
V004441,UMMS,UBBB,2026-01-03T08:59:00.000Z,2026-01-03T11:45:00.000Z,320,false
V004442,UBBB,UMMS,2026-01-03T04:05:00.000Z,2026-01-03T06:51:00.000Z,300,false
V004443,UMMS,UBBB,2026-01-03T10:26:00.000Z,2026-01-03T13:12:00.000Z,320,false
V004444,UBBB,UMMS,2026-01-03T11:15:00.000Z,2026-01-03T14:01:00.000Z,300,false
V004445,UMMS,UBBB,2026-01-03T20:31:00.000Z,2026-01-03T23:17:00.000Z,300,false
V004446,UBBB,UMMS,2026-01-03T16:25:00.000Z,2026-01-03T19:11:00.000Z,340,false
V004447,UMMS,OJAI,2026-01-03T03:51:00.000Z,2026-01-03T07:00:00.000Z,300,false
V004448,OJAI,UMMS,2026-01-03T10:37:00.000Z,2026-01-03T13:46:00.000Z,300,false
V004449,LBSF,LKPR,2026-01-03T01:12:00.000Z,2026-01-03T02:37:00.000Z,360,false
V004450,LKPR,LBSF,2026-01-03T05:10:00.000Z,2026-01-03T06:35:00.000Z,360,false
V004451,LBSF,LKPR,2026-01-03T11:07:00.000Z,2026-01-03T12:32:00.000Z,300,false
V004452,LKPR,LBSF,2026-01-03T20:25:00.000Z,2026-01-03T21:50:00.000Z,300,false
V004453,LBSF,LDZA,2026-01-03T01:25:00.000Z,2026-01-03T02:14:00.000Z,340,false
V004454,LDZA,LBSF,2026-01-03T03:01:00.000Z,2026-01-03T03:50:00.000Z,320,false
V004455,LBSF,LDZA,2026-01-03T07:13:00.000Z,2026-01-03T08:02:00.000Z,360,false
V004456,LDZA,LBSF,2026-01-03T09:52:00.000Z,2026-01-03T10:41:00.000Z,320,false
V004457,LBSF,LDZA,2026-01-03T13:19:00.000Z,2026-01-03T14:08:00.000Z,320,false
V004458,LDZA,LBSF,2026-01-03T15:45:00.000Z,2026-01-03T16:34:00.000Z,340,false
V004459,LBSF,LDZA,2026-01-03T19:11:00.000Z,2026-01-03T20:00:00.000Z,360,false
V004460,LDZA,LBSF,2026-01-03T21:53:00.000Z,2026-01-03T22:42:00.000Z,340,false
V004461,LBSF,EKCH,2026-01-03T01:04:00.000Z,2026-01-03T03:08:00.000Z,340,false
V004462,EKCH,LBSF,2026-01-02T22:18:00.000Z,2026-01-03T00:22:00.000Z,360,false
V004463,LBSF,EKCH,2026-01-03T05:18:00.000Z,2026-01-03T07:22:00.000Z,340,false
V004464,EKCH,LBSF,2026-01-03T09:59:00.000Z,2026-01-03T12:03:00.000Z,360,false
V004465,LBSF,EKCH,2026-01-03T14:18:00.000Z,2026-01-03T16:22:00.000Z,360,false
V004466,EKCH,LBSF,2026-01-03T11:45:00.000Z,2026-01-03T13:49:00.000Z,340,false
V004467,LBSF,EKCH,2026-01-03T17:25:00.000Z,2026-01-03T19:29:00.000Z,320,false
V004468,EKCH,LBSF,2026-01-03T20:01:00.000Z,2026-01-03T22:05:00.000Z,360,false
V004469,LBSF,EHAM,2026-01-02T22:27:00.000Z,2026-01-03T00:43:00.000Z,300,false
V004470,EHAM,LBSF,2026-01-02T22:04:00.000Z,2026-01-03T00:20:00.000Z,340,false
V004471,LBSF,EHAM,2026-01-03T05:24:00.000Z,2026-01-03T07:40:00.000Z,360,false
V004472,EHAM,LBSF,2026-01-03T09:26:00.000Z,2026-01-03T11:42:00.000Z,300,false
V004473,LBSF,EHAM,2026-01-03T12:17:00.000Z,2026-01-03T14:33:00.000Z,360,false
V004474,EHAM,LBSF,2026-01-03T12:41:00.000Z,2026-01-03T14:57:00.000Z,360,false
V004475,LBSF,EHAM,2026-01-03T16:42:00.000Z,2026-01-03T18:58:00.000Z,300,false
V004476,EHAM,LBSF,2026-01-03T21:11:00.000Z,2026-01-03T23:27:00.000Z,360,false
V004477,LBSF,VIDP,2026-01-03T02:56:00.000Z,2026-01-03T09:18:00.000Z,320,false
V004478,VIDP,LBSF,2026-01-02T23:01:00.000Z,2026-01-03T05:23:00.000Z,360,false
V004479,LBSF,VIDP,2026-01-03T09:28:00.000Z,2026-01-03T15:50:00.000Z,300,false
V004480,VIDP,LBSF,2026-01-03T06:53:00.000Z,2026-01-03T13:15:00.000Z,340,false
V004481,LBSF,VIDP,2026-01-03T17:37:00.000Z,2026-01-03T23:59:00.000Z,360,false
V004482,VIDP,LBSF,2026-01-03T12:52:00.000Z,2026-01-03T19:14:00.000Z,300,false
V004483,LBSF,OSDI,2026-01-03T01:51:00.000Z,2026-01-03T03:45:00.000Z,340,false
V004484,OSDI,LBSF,2026-01-02T21:00:00.000Z,2026-01-02T22:54:00.000Z,300,false
V004485,LBSF,OSDI,2026-01-03T05:25:00.000Z,2026-01-03T07:19:00.000Z,320,false
V004486,OSDI,LBSF,2026-01-03T08:48:00.000Z,2026-01-03T10:42:00.000Z,340,false
V004487,LBSF,OSDI,2026-01-03T11:13:00.000Z,2026-01-03T13:07:00.000Z,300,false
V004488,OSDI,LBSF,2026-01-03T11:42:00.000Z,2026-01-03T13:36:00.000Z,300,false
V004489,LBSF,OSDI,2026-01-03T17:21:00.000Z,2026-01-03T19:15:00.000Z,320,false
V004490,OSDI,LBSF,2026-01-03T16:36:00.000Z,2026-01-03T18:30:00.000Z,320,false
V004491,LBSF,OAKB,2026-01-02T22:08:00.000Z,2026-01-03T03:15:00.000Z,300,false
V004492,OAKB,LBSF,2026-01-02T23:35:00.000Z,2026-01-03T04:42:00.000Z,320,false
V004493,LBSF,OAKB,2026-01-03T06:07:00.000Z,2026-01-03T11:14:00.000Z,300,false
V004494,OAKB,LBSF,2026-01-03T02:39:00.000Z,2026-01-03T07:46:00.000Z,360,false
V004495,LBSF,OAKB,2026-01-03T14:21:00.000Z,2026-01-03T19:28:00.000Z,320,false
V004496,OAKB,LBSF,2026-01-03T13:24:00.000Z,2026-01-03T18:31:00.000Z,360,false
V004497,LBSF,OAKB,2026-01-03T16:50:00.000Z,2026-01-03T21:57:00.000Z,360,false
V004498,OAKB,LBSF,2026-01-03T16:23:00.000Z,2026-01-03T21:30:00.000Z,300,false
V004499,LBSF,OOMS,2026-01-02T23:58:00.000Z,2026-01-03T04:49:00.000Z,340,false
V004500,OOMS,LBSF,2026-01-02T21:43:00.000Z,2026-01-03T02:34:00.000Z,300,false
V004501,LBSF,OOMS,2026-01-03T11:49:00.000Z,2026-01-03T16:40:00.000Z,340,false
V004502,OOMS,LBSF,2026-01-03T09:24:00.000Z,2026-01-03T14:15:00.000Z,360,false
V004503,LBSF,OOMS,2026-01-03T13:29:00.000Z,2026-01-03T18:20:00.000Z,320,false
V004504,OOMS,LBSF,2026-01-03T15:38:00.000Z,2026-01-03T20:29:00.000Z,340,false
V004505,LBSF,OYSN,2026-01-02T23:41:00.000Z,2026-01-03T04:13:00.000Z,360,false
V004506,OYSN,LBSF,2026-01-03T02:03:00.000Z,2026-01-03T06:35:00.000Z,340,false
V004507,LBSF,OYSN,2026-01-03T20:43:00.000Z,2026-01-04T01:15:00.000Z,340,false
V004508,OYSN,LBSF,2026-01-03T15:45:00.000Z,2026-01-03T20:17:00.000Z,340,false
V004509,LBSF,OPKC,2026-01-03T00:10:00.000Z,2026-01-03T05:49:00.000Z,340,false
V004510,OPKC,LBSF,2026-01-02T23:16:00.000Z,2026-01-03T04:55:00.000Z,300,false
V004511,LBSF,OPKC,2026-01-03T06:26:00.000Z,2026-01-03T12:05:00.000Z,360,false
V004512,OPKC,LBSF,2026-01-03T04:04:00.000Z,2026-01-03T09:43:00.000Z,320,false
V004513,LBSF,OPKC,2026-01-03T16:37:00.000Z,2026-01-03T22:16:00.000Z,300,false
V004514,OPKC,LBSF,2026-01-03T13:18:00.000Z,2026-01-03T18:57:00.000Z,340,false
V004515,LBSF,UBBB,2026-01-03T00:28:00.000Z,2026-01-03T03:19:00.000Z,320,false
V004516,UBBB,LBSF,2026-01-02T23:43:00.000Z,2026-01-03T02:34:00.000Z,320,false
V004517,LBSF,UBBB,2026-01-03T07:29:00.000Z,2026-01-03T10:20:00.000Z,320,false
V004518,UBBB,LBSF,2026-01-03T07:43:00.000Z,2026-01-03T10:34:00.000Z,360,false
V004519,LBSF,UBBB,2026-01-03T12:26:00.000Z,2026-01-03T15:17:00.000Z,340,false
V004520,UBBB,LBSF,2026-01-03T12:09:00.000Z,2026-01-03T15:00:00.000Z,300,false
V004521,LBSF,UBBB,2026-01-03T17:59:00.000Z,2026-01-03T20:50:00.000Z,300,false
V004522,UBBB,LBSF,2026-01-03T17:28:00.000Z,2026-01-03T20:19:00.000Z,320,false
V004523,LBSF,OJAI,2026-01-02T23:53:00.000Z,2026-01-03T01:55:00.000Z,360,false
V004524,OJAI,LBSF,2026-01-03T02:43:00.000Z,2026-01-03T04:45:00.000Z,360,false
V004525,LBSF,OJAI,2026-01-03T04:10:00.000Z,2026-01-03T06:12:00.000Z,360,false
V004526,OJAI,LBSF,2026-01-03T08:40:00.000Z,2026-01-03T10:42:00.000Z,320,false
V004527,LBSF,OJAI,2026-01-03T13:45:00.000Z,2026-01-03T15:47:00.000Z,300,false
V004528,OJAI,LBSF,2026-01-03T10:09:00.000Z,2026-01-03T12:11:00.000Z,320,false
V004529,LBSF,OJAI,2026-01-03T20:39:00.000Z,2026-01-03T22:41:00.000Z,360,false
V004530,OJAI,LBSF,2026-01-03T20:47:00.000Z,2026-01-03T22:49:00.000Z,360,false
V004531,LKPR,LDZA,2026-01-03T01:15:00.000Z,2026-01-03T01:58:00.000Z,300,false
V004532,LDZA,LKPR,2026-01-02T22:53:00.000Z,2026-01-02T23:36:00.000Z,300,false
V004533,LKPR,LDZA,2026-01-03T07:08:00.000Z,2026-01-03T07:51:00.000Z,320,false
V004534,LDZA,LKPR,2026-01-03T08:35:00.000Z,2026-01-03T09:18:00.000Z,300,false
V004535,LKPR,LDZA,2026-01-03T14:03:00.000Z,2026-01-03T14:46:00.000Z,360,false
V004536,LDZA,LKPR,2026-01-03T11:57:00.000Z,2026-01-03T12:40:00.000Z,360,false
V004537,LKPR,LDZA,2026-01-03T21:10:00.000Z,2026-01-03T21:53:00.000Z,360,false
V004538,LDZA,LKPR,2026-01-03T20:58:00.000Z,2026-01-03T21:41:00.000Z,340,false
V004539,LKPR,EKCH,2026-01-03T06:59:00.000Z,2026-01-03T07:42:00.000Z,360,false
V004540,EKCH,LKPR,2026-01-02T23:47:00.000Z,2026-01-03T00:30:00.000Z,340,false
V004541,LKPR,EKCH,2026-01-03T11:19:00.000Z,2026-01-03T12:02:00.000Z,340,false
V004542,EKCH,LKPR,2026-01-03T20:34:00.000Z,2026-01-03T21:17:00.000Z,360,false
V004543,LKPR,EHAM,2026-01-03T03:18:00.000Z,2026-01-03T04:13:00.000Z,300,false
V004544,EHAM,LKPR,2026-01-02T22:37:00.000Z,2026-01-02T23:32:00.000Z,320,false
V004545,LKPR,EHAM,2026-01-03T13:24:00.000Z,2026-01-03T14:19:00.000Z,320,false
V004546,EHAM,LKPR,2026-01-03T08:01:00.000Z,2026-01-03T08:56:00.000Z,300,false
V004547,LKPR,EHAM,2026-01-03T17:41:00.000Z,2026-01-03T18:36:00.000Z,300,false
V004548,EHAM,LKPR,2026-01-03T20:16:00.000Z,2026-01-03T21:11:00.000Z,360,false
V004549,LKPR,VIDP,2026-01-03T00:51:00.000Z,2026-01-03T08:06:00.000Z,360,false
V004550,VIDP,LKPR,2026-01-02T23:54:00.000Z,2026-01-03T07:09:00.000Z,360,false
V004551,LKPR,VIDP,2026-01-03T09:09:00.000Z,2026-01-03T16:24:00.000Z,320,false
V004552,VIDP,LKPR,2026-01-03T01:52:00.000Z,2026-01-03T09:07:00.000Z,340,false
V004553,LKPR,VIDP,2026-01-03T14:12:00.000Z,2026-01-03T21:27:00.000Z,320,false
V004554,VIDP,LKPR,2026-01-03T08:30:00.000Z,2026-01-03T15:45:00.000Z,300,false
V004555,LKPR,VIDP,2026-01-03T21:37:00.000Z,2026-01-04T04:52:00.000Z,340,false
V004556,VIDP,LKPR,2026-01-03T18:21:00.000Z,2026-01-04T01:36:00.000Z,320,false
V004557,LKPR,OSDI,2026-01-02T23:06:00.000Z,2026-01-03T02:23:00.000Z,340,false
V004558,OSDI,LKPR,2026-01-02T23:08:00.000Z,2026-01-03T02:25:00.000Z,300,false
V004559,LKPR,OSDI,2026-01-03T09:15:00.000Z,2026-01-03T12:32:00.000Z,320,false
V004560,OSDI,LKPR,2026-01-03T06:35:00.000Z,2026-01-03T09:52:00.000Z,340,false
V004561,LKPR,OSDI,2026-01-03T16:54:00.000Z,2026-01-03T20:11:00.000Z,300,false
V004562,OSDI,LKPR,2026-01-03T19:10:00.000Z,2026-01-03T22:27:00.000Z,360,false
V004563,LKPR,OAKB,2026-01-02T22:25:00.000Z,2026-01-03T04:24:00.000Z,360,false
V004564,OAKB,LKPR,2026-01-03T00:04:00.000Z,2026-01-03T06:03:00.000Z,340,false
V004565,LKPR,OAKB,2026-01-03T08:48:00.000Z,2026-01-03T14:47:00.000Z,320,false
V004566,OAKB,LKPR,2026-01-03T06:51:00.000Z,2026-01-03T12:50:00.000Z,340,false
V004567,LKPR,OAKB,2026-01-03T10:23:00.000Z,2026-01-03T16:22:00.000Z,360,false
V004568,OAKB,LKPR,2026-01-03T10:19:00.000Z,2026-01-03T16:18:00.000Z,320,false
V004569,LKPR,OAKB,2026-01-03T17:56:00.000Z,2026-01-03T23:55:00.000Z,340,false
V004570,OAKB,LKPR,2026-01-03T14:01:00.000Z,2026-01-03T20:00:00.000Z,360,false
V004571,LKPR,OOMS,2026-01-03T05:59:00.000Z,2026-01-03T12:04:00.000Z,340,false
V004572,OOMS,LKPR,2026-01-02T20:10:00.000Z,2026-01-03T02:15:00.000Z,320,false
V004573,LKPR,OOMS,2026-01-03T12:58:00.000Z,2026-01-03T19:03:00.000Z,340,false
V004574,OOMS,LKPR,2026-01-03T08:00:00.000Z,2026-01-03T14:05:00.000Z,340,false
V004575,LKPR,OOMS,2026-01-03T14:10:00.000Z,2026-01-03T20:15:00.000Z,300,false
V004576,OOMS,LKPR,2026-01-03T15:59:00.000Z,2026-01-03T22:04:00.000Z,320,false
V004577,LKPR,OYSN,2026-01-03T05:44:00.000Z,2026-01-03T11:41:00.000Z,300,false
V004578,OYSN,LKPR,2026-01-03T01:48:00.000Z,2026-01-03T07:45:00.000Z,360,false
V004579,LKPR,OYSN,2026-01-03T12:29:00.000Z,2026-01-03T18:26:00.000Z,360,false
V004580,OYSN,LKPR,2026-01-03T08:20:00.000Z,2026-01-03T14:17:00.000Z,300,false
V004581,LKPR,OYSN,2026-01-03T18:19:00.000Z,2026-01-04T00:16:00.000Z,300,false
V004582,OYSN,LKPR,2026-01-03T17:00:00.000Z,2026-01-03T22:57:00.000Z,340,false
V004583,LKPR,OPKC,2026-01-02T23:20:00.000Z,2026-01-03T06:05:00.000Z,300,false
V004584,OPKC,LKPR,2026-01-02T19:25:00.000Z,2026-01-03T02:10:00.000Z,360,false
V004585,LKPR,OPKC,2026-01-03T08:22:00.000Z,2026-01-03T15:07:00.000Z,340,false
V004586,OPKC,LKPR,2026-01-03T04:19:00.000Z,2026-01-03T11:04:00.000Z,340,false
V004587,LKPR,OPKC,2026-01-03T12:44:00.000Z,2026-01-03T19:29:00.000Z,360,false
V004588,OPKC,LKPR,2026-01-03T12:25:00.000Z,2026-01-03T19:10:00.000Z,340,false
V004589,LKPR,OPKC,2026-01-03T21:47:00.000Z,2026-01-04T04:32:00.000Z,360,false
V004590,OPKC,LKPR,2026-01-03T17:16:00.000Z,2026-01-04T00:01:00.000Z,300,false
V004591,LKPR,UBBB,2026-01-03T00:17:00.000Z,2026-01-03T04:03:00.000Z,320,false
V004592,UBBB,LKPR,2026-01-03T00:06:00.000Z,2026-01-03T03:52:00.000Z,360,false
V004593,LKPR,UBBB,2026-01-03T04:14:00.000Z,2026-01-03T08:00:00.000Z,320,false
V004594,UBBB,LKPR,2026-01-03T08:11:00.000Z,2026-01-03T11:57:00.000Z,320,false
V004595,LKPR,UBBB,2026-01-03T15:40:00.000Z,2026-01-03T19:26:00.000Z,320,false
V004596,UBBB,LKPR,2026-01-03T10:47:00.000Z,2026-01-03T14:33:00.000Z,320,false
V004597,LKPR,UBBB,2026-01-03T21:08:00.000Z,2026-01-04T00:54:00.000Z,360,false
V004598,UBBB,LKPR,2026-01-03T17:57:00.000Z,2026-01-03T21:43:00.000Z,320,false
V004599,LKPR,OJAI,2026-01-03T04:11:00.000Z,2026-01-03T07:37:00.000Z,340,false
V004600,OJAI,LKPR,2026-01-02T23:53:00.000Z,2026-01-03T03:19:00.000Z,320,false
V004601,LKPR,OJAI,2026-01-03T08:26:00.000Z,2026-01-03T11:52:00.000Z,340,false
V004602,OJAI,LKPR,2026-01-03T12:13:00.000Z,2026-01-03T15:39:00.000Z,320,false
V004603,LKPR,OJAI,2026-01-03T20:28:00.000Z,2026-01-03T23:54:00.000Z,360,false
V004604,OJAI,LKPR,2026-01-03T19:37:00.000Z,2026-01-03T23:03:00.000Z,360,false
V004605,LDZA,EKCH,2026-01-03T01:34:00.000Z,2026-01-03T03:00:00.000Z,320,false
V004606,EKCH,LDZA,2026-01-03T00:44:00.000Z,2026-01-03T02:10:00.000Z,320,false
V004607,LDZA,EKCH,2026-01-03T06:17:00.000Z,2026-01-03T07:43:00.000Z,360,false
V004608,EKCH,LDZA,2026-01-03T04:40:00.000Z,2026-01-03T06:06:00.000Z,320,false
V004609,LDZA,EKCH,2026-01-03T11:25:00.000Z,2026-01-03T12:51:00.000Z,300,false
V004610,EKCH,LDZA,2026-01-03T14:38:00.000Z,2026-01-03T16:04:00.000Z,340,false
V004611,LDZA,EKCH,2026-01-03T18:44:00.000Z,2026-01-03T20:10:00.000Z,320,false
V004612,EKCH,LDZA,2026-01-03T16:35:00.000Z,2026-01-03T18:01:00.000Z,360,false
V004613,LDZA,EHAM,2026-01-03T00:18:00.000Z,2026-01-03T01:46:00.000Z,340,false
V004614,EHAM,LDZA,2026-01-02T23:52:00.000Z,2026-01-03T01:20:00.000Z,320,false
V004615,LDZA,EHAM,2026-01-03T05:45:00.000Z,2026-01-03T07:13:00.000Z,320,false
V004616,EHAM,LDZA,2026-01-03T05:54:00.000Z,2026-01-03T07:22:00.000Z,360,false
V004617,LDZA,EHAM,2026-01-03T12:49:00.000Z,2026-01-03T14:17:00.000Z,340,false
V004618,EHAM,LDZA,2026-01-03T12:21:00.000Z,2026-01-03T13:49:00.000Z,320,false
V004619,LDZA,EHAM,2026-01-03T17:52:00.000Z,2026-01-03T19:20:00.000Z,340,false
V004620,EHAM,LDZA,2026-01-03T19:28:00.000Z,2026-01-03T20:56:00.000Z,320,false
V004621,LDZA,VIDP,2026-01-03T01:15:00.000Z,2026-01-03T08:19:00.000Z,340,false
V004622,VIDP,LDZA,2026-01-02T22:11:00.000Z,2026-01-03T05:15:00.000Z,320,false
V004623,LDZA,VIDP,2026-01-03T08:39:00.000Z,2026-01-03T15:43:00.000Z,300,false
V004624,VIDP,LDZA,2026-01-03T03:22:00.000Z,2026-01-03T10:26:00.000Z,300,false
V004625,LDZA,VIDP,2026-01-03T13:23:00.000Z,2026-01-03T20:27:00.000Z,340,false
V004626,VIDP,LDZA,2026-01-03T11:23:00.000Z,2026-01-03T18:27:00.000Z,360,false
V004627,LDZA,VIDP,2026-01-03T18:00:00.000Z,2026-01-04T01:04:00.000Z,340,false
V004628,VIDP,LDZA,2026-01-03T16:16:00.000Z,2026-01-03T23:20:00.000Z,320,false
V004629,LDZA,OSDI,2026-01-02T23:26:00.000Z,2026-01-03T02:10:00.000Z,300,false
V004630,OSDI,LDZA,2026-01-03T00:08:00.000Z,2026-01-03T02:52:00.000Z,360,false
V004631,LDZA,OSDI,2026-01-03T10:15:00.000Z,2026-01-03T12:59:00.000Z,320,false
V004632,OSDI,LDZA,2026-01-03T11:50:00.000Z,2026-01-03T14:34:00.000Z,360,false
V004633,LDZA,OSDI,2026-01-03T19:38:00.000Z,2026-01-03T22:22:00.000Z,320,false
V004634,OSDI,LDZA,2026-01-03T18:55:00.000Z,2026-01-03T21:39:00.000Z,300,false
V004635,LDZA,OAKB,2026-01-03T04:31:00.000Z,2026-01-03T10:19:00.000Z,340,false
V004636,OAKB,LDZA,2026-01-02T20:22:00.000Z,2026-01-03T02:10:00.000Z,320,false
V004637,LDZA,OAKB,2026-01-03T12:11:00.000Z,2026-01-03T17:59:00.000Z,360,false
V004638,OAKB,LDZA,2026-01-03T16:58:00.000Z,2026-01-03T22:46:00.000Z,300,false
V004639,LDZA,OOMS,2026-01-03T20:05:00.000Z,2026-01-04T01:45:00.000Z,300,false
V004640,OOMS,LDZA,2026-01-03T10:52:00.000Z,2026-01-03T16:32:00.000Z,300,false
V004641,LDZA,OYSN,2026-01-03T08:45:00.000Z,2026-01-03T14:05:00.000Z,360,false
V004642,OYSN,LDZA,2026-01-03T07:46:00.000Z,2026-01-03T13:06:00.000Z,300,false
V004643,LDZA,OYSN,2026-01-03T14:01:00.000Z,2026-01-03T19:21:00.000Z,360,false
V004644,OYSN,LDZA,2026-01-03T11:26:00.000Z,2026-01-03T16:46:00.000Z,320,false
V004645,LDZA,OPKC,2026-01-03T00:36:00.000Z,2026-01-03T07:02:00.000Z,360,false
V004646,OPKC,LDZA,2026-01-02T23:59:00.000Z,2026-01-03T06:25:00.000Z,300,false
V004647,LDZA,OPKC,2026-01-03T09:07:00.000Z,2026-01-03T15:33:00.000Z,300,false
V004648,OPKC,LDZA,2026-01-03T04:27:00.000Z,2026-01-03T10:53:00.000Z,320,false
V004649,LDZA,OPKC,2026-01-03T13:57:00.000Z,2026-01-03T20:23:00.000Z,360,false
V004650,OPKC,LDZA,2026-01-03T11:23:00.000Z,2026-01-03T17:49:00.000Z,320,false
V004651,LDZA,OPKC,2026-01-03T21:41:00.000Z,2026-01-04T04:07:00.000Z,320,false
V004652,OPKC,LDZA,2026-01-03T14:01:00.000Z,2026-01-03T20:27:00.000Z,340,false
V004653,LDZA,UBBB,2026-01-02T22:31:00.000Z,2026-01-03T02:03:00.000Z,340,false
V004654,UBBB,LDZA,2026-01-03T03:33:00.000Z,2026-01-03T07:05:00.000Z,300,false
V004655,LDZA,UBBB,2026-01-03T04:08:00.000Z,2026-01-03T07:40:00.000Z,340,false
V004656,UBBB,LDZA,2026-01-03T06:01:00.000Z,2026-01-03T09:33:00.000Z,300,false
V004657,LDZA,UBBB,2026-01-03T13:18:00.000Z,2026-01-03T16:50:00.000Z,320,false
V004658,UBBB,LDZA,2026-01-03T15:04:00.000Z,2026-01-03T18:36:00.000Z,340,false
V004659,LDZA,UBBB,2026-01-03T17:45:00.000Z,2026-01-03T21:17:00.000Z,300,false
V004660,UBBB,LDZA,2026-01-03T20:00:00.000Z,2026-01-03T23:32:00.000Z,320,false
V004661,LDZA,OJAI,2026-01-03T03:11:00.000Z,2026-01-03T06:02:00.000Z,300,false
V004662,OJAI,LDZA,2026-01-03T00:41:00.000Z,2026-01-03T03:32:00.000Z,300,false
V004663,LDZA,OJAI,2026-01-03T05:31:00.000Z,2026-01-03T08:22:00.000Z,320,false
V004664,OJAI,LDZA,2026-01-03T08:30:00.000Z,2026-01-03T11:21:00.000Z,300,false
V004665,LDZA,OJAI,2026-01-03T14:07:00.000Z,2026-01-03T16:58:00.000Z,300,false
V004666,OJAI,LDZA,2026-01-03T09:08:00.000Z,2026-01-03T11:59:00.000Z,320,false
V004667,LDZA,OJAI,2026-01-03T17:15:00.000Z,2026-01-03T20:06:00.000Z,340,false
V004668,OJAI,LDZA,2026-01-03T17:31:00.000Z,2026-01-03T20:22:00.000Z,320,false
V004669,EKCH,EHAM,2026-01-03T01:53:00.000Z,2026-01-03T02:40:00.000Z,360,false
V004670,EHAM,EKCH,2026-01-03T01:08:00.000Z,2026-01-03T01:55:00.000Z,340,false
V004671,EKCH,EHAM,2026-01-03T07:25:00.000Z,2026-01-03T08:12:00.000Z,360,false
V004672,EHAM,EKCH,2026-01-03T06:39:00.000Z,2026-01-03T07:26:00.000Z,340,false
V004673,EKCH,EHAM,2026-01-03T13:38:00.000Z,2026-01-03T14:25:00.000Z,360,false
V004674,EHAM,EKCH,2026-01-03T13:47:00.000Z,2026-01-03T14:34:00.000Z,340,false
V004675,EKCH,EHAM,2026-01-03T20:06:00.000Z,2026-01-03T20:53:00.000Z,300,false
V004676,EHAM,EKCH,2026-01-03T21:02:00.000Z,2026-01-03T21:49:00.000Z,300,false
V004677,EKCH,VIDP,2026-01-03T03:00:00.000Z,2026-01-03T10:26:00.000Z,320,false
V004678,VIDP,EKCH,2026-01-02T21:18:00.000Z,2026-01-03T04:44:00.000Z,300,false
V004679,EKCH,VIDP,2026-01-03T07:53:00.000Z,2026-01-03T15:19:00.000Z,340,false
V004680,VIDP,EKCH,2026-01-03T05:17:00.000Z,2026-01-03T12:43:00.000Z,360,false
V004681,EKCH,VIDP,2026-01-03T15:21:00.000Z,2026-01-03T22:47:00.000Z,300,false
V004682,VIDP,EKCH,2026-01-03T16:16:00.000Z,2026-01-03T23:42:00.000Z,360,false
V004683,EKCH,OSDI,2026-01-03T03:32:00.000Z,2026-01-03T07:24:00.000Z,300,false
V004684,OSDI,EKCH,2026-01-02T23:21:00.000Z,2026-01-03T03:13:00.000Z,340,false
V004685,EKCH,OSDI,2026-01-03T13:08:00.000Z,2026-01-03T17:00:00.000Z,320,false
V004686,OSDI,EKCH,2026-01-03T07:30:00.000Z,2026-01-03T11:22:00.000Z,340,false
V004687,EKCH,OSDI,2026-01-03T21:49:00.000Z,2026-01-04T01:41:00.000Z,320,false
V004688,OSDI,EKCH,2026-01-03T20:53:00.000Z,2026-01-04T00:45:00.000Z,300,false
V004689,EKCH,OAKB,2026-01-02T23:06:00.000Z,2026-01-03T05:16:00.000Z,300,false
V004690,OAKB,EKCH,2026-01-02T21:32:00.000Z,2026-01-03T03:42:00.000Z,300,false
V004691,EKCH,OAKB,2026-01-03T05:16:00.000Z,2026-01-03T11:26:00.000Z,320,false
V004692,OAKB,EKCH,2026-01-03T03:45:00.000Z,2026-01-03T09:55:00.000Z,360,false
V004693,EKCH,OAKB,2026-01-03T10:34:00.000Z,2026-01-03T16:44:00.000Z,300,false
V004694,OAKB,EKCH,2026-01-03T12:17:00.000Z,2026-01-03T18:27:00.000Z,300,false
V004695,EKCH,OAKB,2026-01-03T16:56:00.000Z,2026-01-03T23:06:00.000Z,340,false
V004696,OAKB,EKCH,2026-01-03T17:12:00.000Z,2026-01-03T23:22:00.000Z,300,false
V004697,EKCH,OOMS,2026-01-03T02:50:00.000Z,2026-01-03T09:21:00.000Z,360,false
V004698,OOMS,EKCH,2026-01-03T03:49:00.000Z,2026-01-03T10:20:00.000Z,300,false
V004699,EKCH,OOMS,2026-01-03T12:41:00.000Z,2026-01-03T19:12:00.000Z,340,false
V004700,OOMS,EKCH,2026-01-03T05:55:00.000Z,2026-01-03T12:26:00.000Z,360,false
V004701,EKCH,OOMS,2026-01-03T15:02:00.000Z,2026-01-03T21:33:00.000Z,300,false
V004702,OOMS,EKCH,2026-01-03T16:18:00.000Z,2026-01-03T22:49:00.000Z,320,false
V004703,EKCH,OYSN,2026-01-03T07:23:00.000Z,2026-01-03T13:57:00.000Z,300,false
V004704,OYSN,EKCH,2026-01-02T21:11:00.000Z,2026-01-03T03:45:00.000Z,360,false
V004705,EKCH,OYSN,2026-01-03T13:32:00.000Z,2026-01-03T20:06:00.000Z,340,false
V004706,OYSN,EKCH,2026-01-03T19:02:00.000Z,2026-01-04T01:36:00.000Z,300,false
V004707,EKCH,OPKC,2026-01-03T01:01:00.000Z,2026-01-03T08:06:00.000Z,320,false
V004708,OPKC,EKCH,2026-01-02T19:33:00.000Z,2026-01-03T02:38:00.000Z,340,false
V004709,EKCH,OPKC,2026-01-03T07:06:00.000Z,2026-01-03T14:11:00.000Z,340,false
V004710,OPKC,EKCH,2026-01-03T06:53:00.000Z,2026-01-03T13:58:00.000Z,300,false
V004711,EKCH,OPKC,2026-01-03T10:25:00.000Z,2026-01-03T17:30:00.000Z,300,false
V004712,OPKC,EKCH,2026-01-03T11:12:00.000Z,2026-01-03T18:17:00.000Z,320,false
V004713,EKCH,OPKC,2026-01-03T16:02:00.000Z,2026-01-03T23:07:00.000Z,320,false
V004714,OPKC,EKCH,2026-01-03T14:58:00.000Z,2026-01-03T22:03:00.000Z,320,false
V004715,EKCH,UBBB,2026-01-03T01:01:00.000Z,2026-01-03T05:06:00.000Z,300,false
V004716,UBBB,EKCH,2026-01-03T02:50:00.000Z,2026-01-03T06:55:00.000Z,320,false
V004717,EKCH,UBBB,2026-01-03T09:19:00.000Z,2026-01-03T13:24:00.000Z,340,false
V004718,UBBB,EKCH,2026-01-03T04:37:00.000Z,2026-01-03T08:42:00.000Z,340,false
V004719,EKCH,UBBB,2026-01-03T13:41:00.000Z,2026-01-03T17:46:00.000Z,320,false
V004720,UBBB,EKCH,2026-01-03T13:52:00.000Z,2026-01-03T17:57:00.000Z,360,false
V004721,EKCH,UBBB,2026-01-03T20:46:00.000Z,2026-01-04T00:51:00.000Z,320,false
V004722,UBBB,EKCH,2026-01-03T16:02:00.000Z,2026-01-03T20:07:00.000Z,320,false
V004723,EKCH,OJAI,2026-01-03T02:48:00.000Z,2026-01-03T06:51:00.000Z,300,false
V004724,OJAI,EKCH,2026-01-03T01:48:00.000Z,2026-01-03T05:51:00.000Z,300,false
V004725,EKCH,OJAI,2026-01-03T06:57:00.000Z,2026-01-03T11:00:00.000Z,320,false
V004726,OJAI,EKCH,2026-01-03T04:24:00.000Z,2026-01-03T08:27:00.000Z,340,false
V004727,EKCH,OJAI,2026-01-03T14:01:00.000Z,2026-01-03T18:04:00.000Z,340,false
V004728,OJAI,EKCH,2026-01-03T13:07:00.000Z,2026-01-03T17:10:00.000Z,360,false
V004729,EKCH,OJAI,2026-01-03T19:41:00.000Z,2026-01-03T23:44:00.000Z,320,false
V004730,OJAI,EKCH,2026-01-03T17:14:00.000Z,2026-01-03T21:17:00.000Z,300,false
V004731,EHAM,VIDP,2026-01-03T03:45:00.000Z,2026-01-03T11:52:00.000Z,360,false
V004732,VIDP,EHAM,2026-01-02T22:19:00.000Z,2026-01-03T06:26:00.000Z,300,false
V004733,EHAM,VIDP,2026-01-03T04:24:00.000Z,2026-01-03T12:31:00.000Z,300,false
V004734,VIDP,EHAM,2026-01-03T04:05:00.000Z,2026-01-03T12:12:00.000Z,320,false
V004735,EHAM,VIDP,2026-01-03T14:49:00.000Z,2026-01-03T22:56:00.000Z,320,false
V004736,VIDP,EHAM,2026-01-03T11:14:00.000Z,2026-01-03T19:21:00.000Z,320,false
V004737,EHAM,VIDP,2026-01-03T19:58:00.000Z,2026-01-04T04:05:00.000Z,340,false
V004738,VIDP,EHAM,2026-01-03T18:10:00.000Z,2026-01-04T02:17:00.000Z,360,false
V004739,EHAM,OSDI,2026-01-03T04:22:00.000Z,2026-01-03T08:32:00.000Z,320,false
V004740,OSDI,EHAM,2026-01-03T04:28:00.000Z,2026-01-03T08:38:00.000Z,300,false
V004741,EHAM,OSDI,2026-01-03T06:16:00.000Z,2026-01-03T10:26:00.000Z,360,false
V004742,OSDI,EHAM,2026-01-03T09:38:00.000Z,2026-01-03T13:48:00.000Z,360,false
V004743,EHAM,OSDI,2026-01-03T14:22:00.000Z,2026-01-03T18:32:00.000Z,340,false
V004744,OSDI,EHAM,2026-01-03T15:50:00.000Z,2026-01-03T20:00:00.000Z,300,false
V004745,EHAM,OAKB,2026-01-03T04:55:00.000Z,2026-01-03T11:46:00.000Z,320,false
V004746,OAKB,EHAM,2026-01-03T03:17:00.000Z,2026-01-03T10:08:00.000Z,360,false
V004747,EHAM,OAKB,2026-01-03T13:03:00.000Z,2026-01-03T19:54:00.000Z,340,false
V004748,OAKB,EHAM,2026-01-03T06:02:00.000Z,2026-01-03T12:53:00.000Z,360,false
V004749,EHAM,OAKB,2026-01-03T18:12:00.000Z,2026-01-04T01:03:00.000Z,340,false
V004750,OAKB,EHAM,2026-01-03T14:17:00.000Z,2026-01-03T21:08:00.000Z,360,false
V004751,EHAM,OOMS,2026-01-03T04:51:00.000Z,2026-01-03T11:51:00.000Z,300,false
V004752,OOMS,EHAM,2026-01-03T01:03:00.000Z,2026-01-03T08:03:00.000Z,360,false
V004753,EHAM,OYSN,2026-01-03T03:21:00.000Z,2026-01-03T10:10:00.000Z,300,false
V004754,OYSN,EHAM,2026-01-03T04:27:00.000Z,2026-01-03T11:16:00.000Z,320,false
V004755,EHAM,OYSN,2026-01-03T07:47:00.000Z,2026-01-03T14:36:00.000Z,300,false
V004756,OYSN,EHAM,2026-01-03T12:27:00.000Z,2026-01-03T19:16:00.000Z,320,false
V004757,EHAM,OYSN,2026-01-03T16:06:00.000Z,2026-01-03T22:55:00.000Z,360,false
V004758,OYSN,EHAM,2026-01-03T16:22:00.000Z,2026-01-03T23:11:00.000Z,360,false
V004759,EHAM,OPKC,2026-01-02T23:27:00.000Z,2026-01-03T07:07:00.000Z,300,false
V004760,OPKC,EHAM,2026-01-02T21:46:00.000Z,2026-01-03T05:26:00.000Z,300,false
V004761,EHAM,OPKC,2026-01-03T07:21:00.000Z,2026-01-03T15:01:00.000Z,320,false
V004762,OPKC,EHAM,2026-01-03T03:20:00.000Z,2026-01-03T11:00:00.000Z,340,false
V004763,EHAM,OPKC,2026-01-03T17:18:00.000Z,2026-01-04T00:58:00.000Z,320,false
V004764,OPKC,EHAM,2026-01-03T15:31:00.000Z,2026-01-03T23:11:00.000Z,300,false
V004765,EHAM,UBBB,2026-01-03T01:42:00.000Z,2026-01-03T06:23:00.000Z,300,false
V004766,UBBB,EHAM,2026-01-02T22:53:00.000Z,2026-01-03T03:34:00.000Z,340,false
V004767,EHAM,UBBB,2026-01-03T09:06:00.000Z,2026-01-03T13:47:00.000Z,360,false
V004768,UBBB,EHAM,2026-01-03T04:47:00.000Z,2026-01-03T09:28:00.000Z,360,false
V004769,EHAM,UBBB,2026-01-03T10:42:00.000Z,2026-01-03T15:23:00.000Z,300,false
V004770,UBBB,EHAM,2026-01-03T11:27:00.000Z,2026-01-03T16:08:00.000Z,340,false
V004771,EHAM,UBBB,2026-01-03T21:49:00.000Z,2026-01-04T02:30:00.000Z,360,false
V004772,UBBB,EHAM,2026-01-03T20:30:00.000Z,2026-01-04T01:11:00.000Z,360,false
V004773,EHAM,OJAI,2026-01-03T01:34:00.000Z,2026-01-03T05:53:00.000Z,300,false
V004774,OJAI,EHAM,2026-01-03T00:43:00.000Z,2026-01-03T05:02:00.000Z,360,false
V004775,EHAM,OJAI,2026-01-03T09:06:00.000Z,2026-01-03T13:25:00.000Z,320,false
V004776,OJAI,EHAM,2026-01-03T03:07:00.000Z,2026-01-03T07:26:00.000Z,340,false
V004777,EHAM,OJAI,2026-01-03T15:05:00.000Z,2026-01-03T19:24:00.000Z,360,false
V004778,OJAI,EHAM,2026-01-03T13:08:00.000Z,2026-01-03T17:27:00.000Z,340,false
V004779,EHAM,OJAI,2026-01-03T21:53:00.000Z,2026-01-04T02:12:00.000Z,300,false
V004780,OJAI,EHAM,2026-01-03T19:36:00.000Z,2026-01-03T23:55:00.000Z,320,false
V004781,VIDP,OSDI,2026-01-02T20:50:00.000Z,2026-01-03T01:47:00.000Z,300,false
V004782,OSDI,VIDP,2026-01-02T22:27:00.000Z,2026-01-03T03:24:00.000Z,360,false
V004783,VIDP,OSDI,2026-01-03T03:15:00.000Z,2026-01-03T08:12:00.000Z,340,false
V004784,OSDI,VIDP,2026-01-03T03:26:00.000Z,2026-01-03T08:23:00.000Z,300,false
V004785,VIDP,OSDI,2026-01-03T10:45:00.000Z,2026-01-03T15:42:00.000Z,340,false
V004786,OSDI,VIDP,2026-01-03T14:38:00.000Z,2026-01-03T19:35:00.000Z,320,false
V004787,VIDP,OSDI,2026-01-03T17:59:00.000Z,2026-01-03T22:56:00.000Z,320,false
V004788,OSDI,VIDP,2026-01-03T19:52:00.000Z,2026-01-04T00:49:00.000Z,300,false
V004789,VIDP,OAKB,2026-01-02T20:20:00.000Z,2026-01-02T21:36:00.000Z,360,false
V004790,OAKB,VIDP,2026-01-02T23:26:00.000Z,2026-01-03T00:42:00.000Z,300,false
V004791,VIDP,OAKB,2026-01-03T06:06:00.000Z,2026-01-03T07:22:00.000Z,360,false
V004792,OAKB,VIDP,2026-01-03T06:59:00.000Z,2026-01-03T08:15:00.000Z,300,false
V004793,VIDP,OAKB,2026-01-03T11:34:00.000Z,2026-01-03T12:50:00.000Z,340,false
V004794,OAKB,VIDP,2026-01-03T10:26:00.000Z,2026-01-03T11:42:00.000Z,340,false
V004795,VIDP,OAKB,2026-01-03T14:33:00.000Z,2026-01-03T15:49:00.000Z,300,false
V004796,OAKB,VIDP,2026-01-03T15:26:00.000Z,2026-01-03T16:42:00.000Z,340,false
V004797,VIDP,OOMS,2026-01-02T23:00:00.000Z,2026-01-03T01:29:00.000Z,340,false
V004798,OOMS,VIDP,2026-01-03T01:33:00.000Z,2026-01-03T04:02:00.000Z,340,false
V004799,VIDP,OOMS,2026-01-03T03:14:00.000Z,2026-01-03T05:43:00.000Z,340,false
V004800,OOMS,VIDP,2026-01-03T06:46:00.000Z,2026-01-03T09:15:00.000Z,300,false
V004801,VIDP,OOMS,2026-01-03T07:49:00.000Z,2026-01-03T10:18:00.000Z,340,false
V004802,OOMS,VIDP,2026-01-03T08:07:00.000Z,2026-01-03T10:36:00.000Z,300,false
V004803,VIDP,OOMS,2026-01-03T16:47:00.000Z,2026-01-03T19:16:00.000Z,320,false
V004804,OOMS,VIDP,2026-01-03T16:10:00.000Z,2026-01-03T18:39:00.000Z,360,false
V004805,VIDP,OYSN,2026-01-02T22:04:00.000Z,2026-01-03T02:42:00.000Z,300,false
V004806,OYSN,VIDP,2026-01-02T22:27:00.000Z,2026-01-03T03:05:00.000Z,360,false
V004807,VIDP,OYSN,2026-01-03T01:47:00.000Z,2026-01-03T06:25:00.000Z,340,false
V004808,OYSN,VIDP,2026-01-03T07:45:00.000Z,2026-01-03T12:23:00.000Z,340,false
V004809,VIDP,OYSN,2026-01-03T08:20:00.000Z,2026-01-03T12:58:00.000Z,320,false
V004810,OYSN,VIDP,2026-01-03T14:35:00.000Z,2026-01-03T19:13:00.000Z,340,false
V004811,VIDP,OYSN,2026-01-03T18:03:00.000Z,2026-01-03T22:41:00.000Z,340,false
V004812,OYSN,VIDP,2026-01-03T20:46:00.000Z,2026-01-04T01:24:00.000Z,320,false
V004813,VIDP,OPKC,2026-01-03T05:06:00.000Z,2026-01-03T06:28:00.000Z,340,false
V004814,OPKC,VIDP,2026-01-03T03:03:00.000Z,2026-01-03T04:25:00.000Z,340,false
V004815,VIDP,OPKC,2026-01-03T12:03:00.000Z,2026-01-03T13:25:00.000Z,360,false
V004816,OPKC,VIDP,2026-01-03T09:37:00.000Z,2026-01-03T10:59:00.000Z,320,false
V004817,VIDP,UBBB,2026-01-03T00:15:00.000Z,2026-01-03T03:46:00.000Z,360,false
V004818,UBBB,VIDP,2026-01-03T00:12:00.000Z,2026-01-03T03:43:00.000Z,300,false
V004819,VIDP,UBBB,2026-01-03T02:55:00.000Z,2026-01-03T06:26:00.000Z,300,false
V004820,UBBB,VIDP,2026-01-03T07:12:00.000Z,2026-01-03T10:43:00.000Z,320,false
V004821,VIDP,UBBB,2026-01-03T07:57:00.000Z,2026-01-03T11:28:00.000Z,320,false
V004822,UBBB,VIDP,2026-01-03T12:49:00.000Z,2026-01-03T16:20:00.000Z,320,false
V004823,VIDP,UBBB,2026-01-03T18:07:00.000Z,2026-01-03T21:38:00.000Z,300,false
V004824,UBBB,VIDP,2026-01-03T19:03:00.000Z,2026-01-03T22:34:00.000Z,320,false
V004825,VIDP,OJAI,2026-01-02T21:41:00.000Z,2026-01-03T02:47:00.000Z,360,false
V004826,OJAI,VIDP,2026-01-02T22:15:00.000Z,2026-01-03T03:21:00.000Z,300,false
V004827,VIDP,OJAI,2026-01-03T05:01:00.000Z,2026-01-03T10:07:00.000Z,300,false
V004828,OJAI,VIDP,2026-01-03T04:13:00.000Z,2026-01-03T09:19:00.000Z,300,false
V004829,VIDP,OJAI,2026-01-03T12:04:00.000Z,2026-01-03T17:10:00.000Z,300,false
V004830,OJAI,VIDP,2026-01-03T11:14:00.000Z,2026-01-03T16:20:00.000Z,360,false
V004831,VIDP,OJAI,2026-01-03T17:15:00.000Z,2026-01-03T22:21:00.000Z,320,false
V004832,OJAI,VIDP,2026-01-03T16:46:00.000Z,2026-01-03T21:52:00.000Z,300,false
V004833,OSDI,OAKB,2026-01-03T04:08:00.000Z,2026-01-03T07:58:00.000Z,340,false
V004834,OAKB,OSDI,2026-01-03T03:19:00.000Z,2026-01-03T07:09:00.000Z,340,false
V004835,OSDI,OAKB,2026-01-03T10:30:00.000Z,2026-01-03T14:20:00.000Z,320,false
V004836,OAKB,OSDI,2026-01-03T08:41:00.000Z,2026-01-03T12:31:00.000Z,300,false
V004837,OSDI,OAKB,2026-01-03T19:58:00.000Z,2026-01-03T23:48:00.000Z,320,false
V004838,OAKB,OSDI,2026-01-03T16:32:00.000Z,2026-01-03T20:22:00.000Z,360,false
V004839,OSDI,OOMS,2026-01-03T00:34:00.000Z,2026-01-03T03:36:00.000Z,320,false
V004840,OOMS,OSDI,2026-01-02T22:10:00.000Z,2026-01-03T01:12:00.000Z,300,false
V004841,OSDI,OOMS,2026-01-03T10:17:00.000Z,2026-01-03T13:19:00.000Z,340,false
V004842,OOMS,OSDI,2026-01-03T04:45:00.000Z,2026-01-03T07:47:00.000Z,320,false
V004843,OSDI,OOMS,2026-01-03T20:33:00.000Z,2026-01-03T23:35:00.000Z,320,false
V004844,OOMS,OSDI,2026-01-03T17:46:00.000Z,2026-01-03T20:48:00.000Z,320,false
V004845,OSDI,OYSN,2026-01-03T04:00:00.000Z,2026-01-03T06:42:00.000Z,360,false
V004846,OYSN,OSDI,2026-01-03T04:40:00.000Z,2026-01-03T07:22:00.000Z,360,false
V004847,OSDI,OYSN,2026-01-03T08:41:00.000Z,2026-01-03T11:23:00.000Z,320,false
V004848,OYSN,OSDI,2026-01-03T12:44:00.000Z,2026-01-03T15:26:00.000Z,340,false
V004849,OSDI,OYSN,2026-01-03T13:42:00.000Z,2026-01-03T16:24:00.000Z,340,false
V004850,OYSN,OSDI,2026-01-03T16:29:00.000Z,2026-01-03T19:11:00.000Z,340,false
V004851,OSDI,OPKC,2026-01-03T02:45:00.000Z,2026-01-03T06:44:00.000Z,300,false
V004852,OPKC,OSDI,2026-01-02T19:49:00.000Z,2026-01-02T23:48:00.000Z,360,false
V004853,OSDI,OPKC,2026-01-03T04:42:00.000Z,2026-01-03T08:41:00.000Z,360,false
V004854,OPKC,OSDI,2026-01-03T02:22:00.000Z,2026-01-03T06:21:00.000Z,360,false
V004855,OSDI,OPKC,2026-01-03T14:47:00.000Z,2026-01-03T18:46:00.000Z,360,false
V004856,OPKC,OSDI,2026-01-03T12:30:00.000Z,2026-01-03T16:29:00.000Z,360,false
V004857,OSDI,OPKC,2026-01-03T17:44:00.000Z,2026-01-03T21:43:00.000Z,320,false
V004858,OPKC,OSDI,2026-01-03T16:49:00.000Z,2026-01-03T20:48:00.000Z,300,false
V004859,OSDI,UBBB,2026-01-02T22:16:00.000Z,2026-01-03T00:07:00.000Z,300,false
V004860,UBBB,OSDI,2026-01-02T22:00:00.000Z,2026-01-02T23:51:00.000Z,340,false
V004861,OSDI,UBBB,2026-01-03T05:06:00.000Z,2026-01-03T06:57:00.000Z,320,false
V004862,UBBB,OSDI,2026-01-03T09:58:00.000Z,2026-01-03T11:49:00.000Z,360,false
V004863,OSDI,UBBB,2026-01-03T13:52:00.000Z,2026-01-03T15:43:00.000Z,340,false
V004864,UBBB,OSDI,2026-01-03T14:43:00.000Z,2026-01-03T16:34:00.000Z,360,false
V004865,OSDI,OJAI,2026-01-03T06:00:00.000Z,2026-01-03T06:18:00.000Z,360,false
V004866,OJAI,OSDI,2026-01-03T07:01:00.000Z,2026-01-03T07:19:00.000Z,320,false
V004867,OSDI,OJAI,2026-01-03T14:25:00.000Z,2026-01-03T14:43:00.000Z,320,false
V004868,OJAI,OSDI,2026-01-03T19:51:00.000Z,2026-01-03T20:09:00.000Z,300,false
V004869,OAKB,OOMS,2026-01-02T20:03:00.000Z,2026-01-02T22:05:00.000Z,340,false
V004870,OOMS,OAKB,2026-01-03T00:58:00.000Z,2026-01-03T03:00:00.000Z,300,false
V004871,OAKB,OOMS,2026-01-03T07:53:00.000Z,2026-01-03T09:55:00.000Z,300,false
V004872,OOMS,OAKB,2026-01-03T02:58:00.000Z,2026-01-03T05:00:00.000Z,360,false
V004873,OAKB,OOMS,2026-01-03T10:48:00.000Z,2026-01-03T12:50:00.000Z,300,false
V004874,OOMS,OAKB,2026-01-03T08:01:00.000Z,2026-01-03T10:03:00.000Z,360,false
V004875,OAKB,OOMS,2026-01-03T18:26:00.000Z,2026-01-03T20:28:00.000Z,340,false
V004876,OOMS,OAKB,2026-01-03T16:26:00.000Z,2026-01-03T18:28:00.000Z,300,false
V004877,OAKB,OYSN,2026-01-03T00:42:00.000Z,2026-01-03T04:49:00.000Z,320,false
V004878,OYSN,OAKB,2026-01-02T23:01:00.000Z,2026-01-03T03:08:00.000Z,300,false
V004879,OAKB,OYSN,2026-01-03T04:17:00.000Z,2026-01-03T08:24:00.000Z,360,false
V004880,OYSN,OAKB,2026-01-03T05:35:00.000Z,2026-01-03T09:42:00.000Z,360,false
V004881,OAKB,OYSN,2026-01-03T11:21:00.000Z,2026-01-03T15:28:00.000Z,340,false
V004882,OYSN,OAKB,2026-01-03T12:44:00.000Z,2026-01-03T16:51:00.000Z,300,false
V004883,OAKB,OYSN,2026-01-03T18:46:00.000Z,2026-01-03T22:53:00.000Z,320,false
V004884,OYSN,OAKB,2026-01-03T17:31:00.000Z,2026-01-03T21:38:00.000Z,300,false
V004885,OAKB,OPKC,2026-01-02T21:26:00.000Z,2026-01-02T22:51:00.000Z,300,false
V004886,OPKC,OAKB,2026-01-02T20:00:00.000Z,2026-01-02T21:25:00.000Z,320,false
V004887,OAKB,OPKC,2026-01-03T06:31:00.000Z,2026-01-03T07:56:00.000Z,360,false
V004888,OPKC,OAKB,2026-01-03T06:07:00.000Z,2026-01-03T07:32:00.000Z,360,false
V004889,OAKB,OPKC,2026-01-03T08:23:00.000Z,2026-01-03T09:48:00.000Z,360,false
V004890,OPKC,OAKB,2026-01-03T08:52:00.000Z,2026-01-03T10:17:00.000Z,320,false
V004891,OAKB,OPKC,2026-01-03T17:06:00.000Z,2026-01-03T18:31:00.000Z,340,false
V004892,OPKC,OAKB,2026-01-03T14:15:00.000Z,2026-01-03T15:40:00.000Z,360,false
V004893,OAKB,UBBB,2026-01-03T01:48:00.000Z,2026-01-03T04:04:00.000Z,320,false
V004894,UBBB,OAKB,2026-01-02T22:24:00.000Z,2026-01-03T00:40:00.000Z,320,false
V004895,OAKB,UBBB,2026-01-03T03:03:00.000Z,2026-01-03T05:19:00.000Z,340,false
V004896,UBBB,OAKB,2026-01-03T07:37:00.000Z,2026-01-03T09:53:00.000Z,300,false
V004897,OAKB,UBBB,2026-01-03T09:28:00.000Z,2026-01-03T11:44:00.000Z,360,false
V004898,UBBB,OAKB,2026-01-03T10:23:00.000Z,2026-01-03T12:39:00.000Z,300,false
V004899,OAKB,UBBB,2026-01-03T15:48:00.000Z,2026-01-03T18:04:00.000Z,300,false
V004900,UBBB,OAKB,2026-01-03T16:21:00.000Z,2026-01-03T18:37:00.000Z,320,false
V004901,OAKB,OJAI,2026-01-03T01:12:00.000Z,2026-01-03T05:12:00.000Z,340,false
V004902,OJAI,OAKB,2026-01-03T04:47:00.000Z,2026-01-03T08:47:00.000Z,360,false
V004903,OAKB,OJAI,2026-01-03T11:37:00.000Z,2026-01-03T15:37:00.000Z,320,false
V004904,OJAI,OAKB,2026-01-03T07:03:00.000Z,2026-01-03T11:03:00.000Z,320,false
V004905,OAKB,OJAI,2026-01-03T15:13:00.000Z,2026-01-03T19:13:00.000Z,360,false
V004906,OJAI,OAKB,2026-01-03T19:14:00.000Z,2026-01-03T23:14:00.000Z,340,false
V004907,OOMS,OYSN,2026-01-03T10:17:00.000Z,2026-01-03T12:26:00.000Z,340,false
V004908,OYSN,OOMS,2026-01-03T11:28:00.000Z,2026-01-03T13:37:00.000Z,300,false
V004909,OOMS,OPKC,2026-01-02T22:04:00.000Z,2026-01-02T23:13:00.000Z,360,false
V004910,OPKC,OOMS,2026-01-02T19:06:00.000Z,2026-01-02T20:15:00.000Z,360,false
V004911,OOMS,OPKC,2026-01-03T11:57:00.000Z,2026-01-03T13:06:00.000Z,340,false
V004912,OPKC,OOMS,2026-01-03T10:25:00.000Z,2026-01-03T11:34:00.000Z,300,false
V004913,OOMS,OPKC,2026-01-03T17:18:00.000Z,2026-01-03T18:27:00.000Z,340,false
V004914,OPKC,OOMS,2026-01-03T18:18:00.000Z,2026-01-03T19:27:00.000Z,300,false
V004915,OOMS,UBBB,2026-01-02T22:33:00.000Z,2026-01-03T01:06:00.000Z,340,false
V004916,UBBB,OOMS,2026-01-03T03:58:00.000Z,2026-01-03T06:31:00.000Z,360,false
V004917,OOMS,UBBB,2026-01-03T06:37:00.000Z,2026-01-03T09:10:00.000Z,360,false
V004918,UBBB,OOMS,2026-01-03T04:09:00.000Z,2026-01-03T06:42:00.000Z,300,false
V004919,OOMS,UBBB,2026-01-03T12:20:00.000Z,2026-01-03T14:53:00.000Z,340,false
V004920,UBBB,OOMS,2026-01-03T15:23:00.000Z,2026-01-03T17:56:00.000Z,340,false
V004921,OOMS,UBBB,2026-01-03T18:46:00.000Z,2026-01-03T21:19:00.000Z,320,false
V004922,UBBB,OOMS,2026-01-03T20:10:00.000Z,2026-01-03T22:43:00.000Z,360,false
V004923,OOMS,OJAI,2026-01-03T06:18:00.000Z,2026-01-03T09:22:00.000Z,360,false
V004924,OJAI,OOMS,2026-01-03T05:17:00.000Z,2026-01-03T08:21:00.000Z,360,false
V004925,OOMS,OJAI,2026-01-03T08:16:00.000Z,2026-01-03T11:20:00.000Z,360,false
V004926,OJAI,OOMS,2026-01-03T11:49:00.000Z,2026-01-03T14:53:00.000Z,340,false
V004927,OYSN,OPKC,2026-01-02T21:15:00.000Z,2026-01-03T00:31:00.000Z,300,false
V004928,OPKC,OYSN,2026-01-02T22:56:00.000Z,2026-01-03T02:12:00.000Z,300,false
V004929,OYSN,OPKC,2026-01-03T06:10:00.000Z,2026-01-03T09:26:00.000Z,320,false
V004930,OPKC,OYSN,2026-01-03T06:07:00.000Z,2026-01-03T09:23:00.000Z,360,false
V004931,OYSN,OPKC,2026-01-03T14:23:00.000Z,2026-01-03T17:39:00.000Z,340,false
V004932,OPKC,OYSN,2026-01-03T11:46:00.000Z,2026-01-03T15:02:00.000Z,300,false
V004933,OYSN,OPKC,2026-01-03T16:21:00.000Z,2026-01-03T19:37:00.000Z,360,false
V004934,OPKC,OYSN,2026-01-03T18:21:00.000Z,2026-01-03T21:37:00.000Z,300,false
V004935,OYSN,UBBB,2026-01-03T02:53:00.000Z,2026-01-03T06:27:00.000Z,340,false
V004936,UBBB,OYSN,2026-01-02T22:25:00.000Z,2026-01-03T01:59:00.000Z,320,false
V004937,OYSN,UBBB,2026-01-03T03:49:00.000Z,2026-01-03T07:23:00.000Z,360,false
V004938,UBBB,OYSN,2026-01-03T05:35:00.000Z,2026-01-03T09:09:00.000Z,360,false
V004939,OYSN,UBBB,2026-01-03T10:14:00.000Z,2026-01-03T13:48:00.000Z,300,false
V004940,UBBB,OYSN,2026-01-03T12:13:00.000Z,2026-01-03T15:47:00.000Z,340,false
V004941,OYSN,UBBB,2026-01-03T17:27:00.000Z,2026-01-03T21:01:00.000Z,320,false
V004942,UBBB,OYSN,2026-01-03T17:06:00.000Z,2026-01-03T20:40:00.000Z,320,false
V004943,OYSN,OJAI,2026-01-02T22:16:00.000Z,2026-01-03T00:47:00.000Z,320,false
V004944,OJAI,OYSN,2026-01-02T21:13:00.000Z,2026-01-02T23:44:00.000Z,320,false
V004945,OYSN,OJAI,2026-01-03T06:03:00.000Z,2026-01-03T08:34:00.000Z,360,false
V004946,OJAI,OYSN,2026-01-03T03:51:00.000Z,2026-01-03T06:22:00.000Z,340,false
V004947,OYSN,OJAI,2026-01-03T10:48:00.000Z,2026-01-03T13:19:00.000Z,300,false
V004948,OJAI,OYSN,2026-01-03T11:02:00.000Z,2026-01-03T13:33:00.000Z,300,false
V004949,OYSN,OJAI,2026-01-03T20:46:00.000Z,2026-01-03T23:17:00.000Z,320,false
V004950,OJAI,OYSN,2026-01-03T15:58:00.000Z,2026-01-03T18:29:00.000Z,320,false
V004951,OPKC,UBBB,2026-01-02T22:26:00.000Z,2026-01-03T01:26:00.000Z,320,false
V004952,UBBB,OPKC,2026-01-03T01:16:00.000Z,2026-01-03T04:16:00.000Z,340,false
V004953,OPKC,UBBB,2026-01-03T01:39:00.000Z,2026-01-03T04:39:00.000Z,300,false
V004954,UBBB,OPKC,2026-01-03T07:27:00.000Z,2026-01-03T10:27:00.000Z,320,false
V004955,OPKC,UBBB,2026-01-03T12:12:00.000Z,2026-01-03T15:12:00.000Z,360,false
V004956,UBBB,OPKC,2026-01-03T13:30:00.000Z,2026-01-03T16:30:00.000Z,320,false
V004957,OPKC,UBBB,2026-01-03T15:44:00.000Z,2026-01-03T18:44:00.000Z,300,false
V004958,UBBB,OPKC,2026-01-03T21:53:00.000Z,2026-01-04T00:53:00.000Z,340,false
V004959,OPKC,OJAI,2026-01-03T00:45:00.000Z,2026-01-03T04:49:00.000Z,300,false
V004960,OJAI,OPKC,2026-01-02T23:16:00.000Z,2026-01-03T03:20:00.000Z,340,false
V004961,OPKC,OJAI,2026-01-03T06:54:00.000Z,2026-01-03T10:58:00.000Z,340,false
V004962,OJAI,OPKC,2026-01-03T04:51:00.000Z,2026-01-03T08:55:00.000Z,300,false
V004963,OPKC,OJAI,2026-01-03T12:56:00.000Z,2026-01-03T17:00:00.000Z,340,false
V004964,OJAI,OPKC,2026-01-03T14:04:00.000Z,2026-01-03T18:08:00.000Z,300,false
V004965,OPKC,OJAI,2026-01-03T13:32:00.000Z,2026-01-03T17:36:00.000Z,320,false
V004966,OJAI,OPKC,2026-01-03T16:20:00.000Z,2026-01-03T20:24:00.000Z,300,false
V004967,UBBB,OJAI,2026-01-03T13:17:00.000Z,2026-01-03T15:24:00.000Z,300,false
V004968,OJAI,UBBB,2026-01-03T16:48:00.000Z,2026-01-03T18:55:00.000Z,360,false
V004969,SKBO,SEQM,2026-01-04T08:34:00.000Z,2026-01-04T09:21:00.000Z,300,false
V004970,SEQM,SKBO,2026-01-04T09:29:00.000Z,2026-01-04T10:16:00.000Z,340,false
V004971,SKBO,SEQM,2026-01-04T19:22:00.000Z,2026-01-04T20:09:00.000Z,320,false
V004972,SEQM,SKBO,2026-01-04T13:05:00.000Z,2026-01-04T13:52:00.000Z,320,false
V004973,SKBO,SEQM,2026-01-05T00:01:00.000Z,2026-01-05T00:48:00.000Z,340,false
V004974,SEQM,SKBO,2026-01-05T00:55:00.000Z,2026-01-05T01:42:00.000Z,360,false
V004975,SKBO,SVMI,2026-01-04T12:24:00.000Z,2026-01-04T13:47:00.000Z,300,false
V004976,SVMI,SKBO,2026-01-04T10:33:00.000Z,2026-01-04T11:56:00.000Z,340,false
V004977,SKBO,SVMI,2026-01-04T18:56:00.000Z,2026-01-04T20:19:00.000Z,360,false
V004978,SVMI,SKBO,2026-01-04T18:35:00.000Z,2026-01-04T19:58:00.000Z,340,false
V004979,SKBO,SVMI,2026-01-05T00:18:00.000Z,2026-01-05T01:41:00.000Z,360,false
V004980,SVMI,SKBO,2026-01-05T01:52:00.000Z,2026-01-05T03:15:00.000Z,360,false
V004981,SKBO,SBBR,2026-01-04T11:23:00.000Z,2026-01-04T15:58:00.000Z,320,false
V004982,SBBR,SKBO,2026-01-04T06:02:00.000Z,2026-01-04T10:37:00.000Z,320,false
V004983,SKBO,SBBR,2026-01-04T13:21:00.000Z,2026-01-04T17:56:00.000Z,300,false
V004984,SBBR,SKBO,2026-01-04T18:53:00.000Z,2026-01-04T23:28:00.000Z,360,false
V004985,SKBO,SBBR,2026-01-05T01:22:00.000Z,2026-01-05T05:57:00.000Z,360,false
V004986,SBBR,SKBO,2026-01-05T00:57:00.000Z,2026-01-05T05:32:00.000Z,360,false
V004987,SKBO,SPIM,2026-01-04T06:58:00.000Z,2026-01-04T09:14:00.000Z,340,false
V004988,SPIM,SKBO,2026-01-04T09:35:00.000Z,2026-01-04T11:51:00.000Z,340,false
V004989,SKBO,SPIM,2026-01-04T13:46:00.000Z,2026-01-04T16:02:00.000Z,300,false
V004990,SPIM,SKBO,2026-01-04T13:02:00.000Z,2026-01-04T15:18:00.000Z,300,false
V004991,SKBO,SPIM,2026-01-05T03:45:00.000Z,2026-01-05T06:01:00.000Z,340,false
V004992,SPIM,SKBO,2026-01-04T23:09:00.000Z,2026-01-05T01:25:00.000Z,340,false
V004993,SKBO,SLLP,2026-01-05T02:33:00.000Z,2026-01-05T05:28:00.000Z,360,false
V004994,SLLP,SKBO,2026-01-05T00:09:00.000Z,2026-01-05T03:04:00.000Z,300,false
V004995,SKBO,SCEL,2026-01-04T05:20:00.000Z,2026-01-04T10:32:00.000Z,360,false
V004996,SCEL,SKBO,2026-01-04T07:56:00.000Z,2026-01-04T13:08:00.000Z,300,false
V004997,SKBO,SCEL,2026-01-04T11:39:00.000Z,2026-01-04T16:51:00.000Z,320,false
V004998,SCEL,SKBO,2026-01-04T11:43:00.000Z,2026-01-04T16:55:00.000Z,340,false
V004999,SKBO,SCEL,2026-01-04T19:42:00.000Z,2026-01-05T00:54:00.000Z,320,false
V005000,SCEL,SKBO,2026-01-04T18:41:00.000Z,2026-01-04T23:53:00.000Z,360,false
V005001,SKBO,SCEL,2026-01-05T00:18:00.000Z,2026-01-05T05:30:00.000Z,320,false
V005002,SCEL,SKBO,2026-01-04T21:30:00.000Z,2026-01-05T02:42:00.000Z,340,false
V005003,SKBO,SABE,2026-01-04T05:41:00.000Z,2026-01-04T11:24:00.000Z,300,false
V005004,SABE,SKBO,2026-01-04T08:44:00.000Z,2026-01-04T14:27:00.000Z,340,false
V005005,SKBO,SABE,2026-01-04T14:17:00.000Z,2026-01-04T20:00:00.000Z,300,false
V005006,SABE,SKBO,2026-01-04T12:57:00.000Z,2026-01-04T18:40:00.000Z,340,false
V005007,SKBO,SABE,2026-01-04T17:41:00.000Z,2026-01-04T23:24:00.000Z,360,false
V005008,SABE,SKBO,2026-01-04T15:35:00.000Z,2026-01-04T21:18:00.000Z,360,false
V005009,SKBO,SABE,2026-01-05T03:11:00.000Z,2026-01-05T08:54:00.000Z,340,false
V005010,SABE,SKBO,2026-01-05T01:50:00.000Z,2026-01-05T07:33:00.000Z,320,false
V005011,SKBO,SGAS,2026-01-04T11:10:00.000Z,2026-01-04T15:50:00.000Z,360,false
V005012,SGAS,SKBO,2026-01-04T07:11:00.000Z,2026-01-04T11:51:00.000Z,320,false
V005013,SKBO,SGAS,2026-01-04T14:47:00.000Z,2026-01-04T19:27:00.000Z,320,false
V005014,SGAS,SKBO,2026-01-04T13:03:00.000Z,2026-01-04T17:43:00.000Z,320,false
V005015,SKBO,SGAS,2026-01-04T22:38:00.000Z,2026-01-05T03:18:00.000Z,340,false
V005016,SGAS,SKBO,2026-01-05T01:48:00.000Z,2026-01-05T06:28:00.000Z,340,false
V005017,SKBO,SUAA,2026-01-05T03:33:00.000Z,2026-01-05T09:22:00.000Z,360,false
V005018,SUAA,SKBO,2026-01-04T11:00:00.000Z,2026-01-04T16:49:00.000Z,340,false
V005019,SKBO,LATI,2026-01-04T09:59:00.000Z,2026-01-04T22:31:00.000Z,300,false
V005020,LATI,SKBO,2026-01-03T22:17:00.000Z,2026-01-04T10:49:00.000Z,360,false
V005021,SKBO,LATI,2026-01-04T12:21:00.000Z,2026-01-05T00:53:00.000Z,360,false
V005022,LATI,SKBO,2026-01-04T06:50:00.000Z,2026-01-04T19:22:00.000Z,300,false
V005023,SKBO,LATI,2026-01-04T19:40:00.000Z,2026-01-05T08:12:00.000Z,300,false
V005024,LATI,SKBO,2026-01-04T10:21:00.000Z,2026-01-04T22:53:00.000Z,360,false
V005025,SKBO,LATI,2026-01-04T23:04:00.000Z,2026-01-05T11:36:00.000Z,320,false
V005026,LATI,SKBO,2026-01-04T17:54:00.000Z,2026-01-05T06:26:00.000Z,360,false
V005027,SKBO,EDDI,2026-01-04T07:00:00.000Z,2026-01-04T18:53:00.000Z,360,false
V005028,EDDI,SKBO,2026-01-04T06:07:00.000Z,2026-01-04T18:00:00.000Z,300,false
V005029,SKBO,EDDI,2026-01-04T18:48:00.000Z,2026-01-05T06:41:00.000Z,320,false
V005030,EDDI,SKBO,2026-01-04T17:47:00.000Z,2026-01-05T05:40:00.000Z,340,false
V005031,SKBO,LOWW,2026-01-04T06:34:00.000Z,2026-01-04T18:44:00.000Z,360,false
V005032,LOWW,SKBO,2026-01-04T03:56:00.000Z,2026-01-04T16:06:00.000Z,360,false
V005033,SKBO,LOWW,2026-01-05T01:29:00.000Z,2026-01-05T13:39:00.000Z,340,false
V005034,LOWW,SKBO,2026-01-04T17:56:00.000Z,2026-01-05T06:06:00.000Z,360,false
V005035,SKBO,EBCI,2026-01-04T05:24:00.000Z,2026-01-04T16:29:00.000Z,340,false
V005036,EBCI,SKBO,2026-01-03T23:49:00.000Z,2026-01-04T10:54:00.000Z,360,false
V005037,SKBO,EBCI,2026-01-04T18:33:00.000Z,2026-01-05T05:38:00.000Z,360,false
V005038,EBCI,SKBO,2026-01-04T13:43:00.000Z,2026-01-05T00:48:00.000Z,340,false
V005039,SKBO,EBCI,2026-01-05T04:08:00.000Z,2026-01-05T15:13:00.000Z,340,false
V005040,EBCI,SKBO,2026-01-04T14:18:00.000Z,2026-01-05T01:23:00.000Z,300,false
V005041,SKBO,UMMS,2026-01-04T07:41:00.000Z,2026-01-04T20:49:00.000Z,320,false
V005042,UMMS,SKBO,2026-01-04T02:38:00.000Z,2026-01-04T15:46:00.000Z,320,false
V005043,SKBO,UMMS,2026-01-04T11:42:00.000Z,2026-01-05T00:50:00.000Z,340,false
V005044,UMMS,SKBO,2026-01-04T07:52:00.000Z,2026-01-04T21:00:00.000Z,360,false
V005045,SKBO,UMMS,2026-01-04T21:17:00.000Z,2026-01-05T10:25:00.000Z,360,false
V005046,UMMS,SKBO,2026-01-04T11:11:00.000Z,2026-01-05T00:19:00.000Z,300,false
V005047,SKBO,UMMS,2026-01-05T03:51:00.000Z,2026-01-05T16:59:00.000Z,300,false
V005048,UMMS,SKBO,2026-01-04T17:54:00.000Z,2026-01-05T07:02:00.000Z,360,false
V005049,SKBO,LBSF,2026-01-04T11:22:00.000Z,2026-01-05T00:18:00.000Z,320,false
V005050,LBSF,SKBO,2026-01-04T03:35:00.000Z,2026-01-04T16:31:00.000Z,320,false
V005051,SKBO,LBSF,2026-01-04T19:24:00.000Z,2026-01-05T08:20:00.000Z,340,false
V005052,LBSF,SKBO,2026-01-04T05:41:00.000Z,2026-01-04T18:37:00.000Z,340,false
V005053,SKBO,LBSF,2026-01-05T00:01:00.000Z,2026-01-05T12:57:00.000Z,300,false
V005054,LBSF,SKBO,2026-01-04T16:17:00.000Z,2026-01-05T05:13:00.000Z,300,false
V005055,SKBO,LKPR,2026-01-04T10:32:00.000Z,2026-01-04T22:31:00.000Z,360,false
V005056,LKPR,SKBO,2026-01-04T00:50:00.000Z,2026-01-04T12:49:00.000Z,320,false
V005057,SKBO,LKPR,2026-01-04T16:48:00.000Z,2026-01-05T04:47:00.000Z,360,false
V005058,LKPR,SKBO,2026-01-04T07:09:00.000Z,2026-01-04T19:08:00.000Z,360,false
V005059,SKBO,LKPR,2026-01-04T21:25:00.000Z,2026-01-05T09:24:00.000Z,300,false
V005060,LKPR,SKBO,2026-01-04T12:25:00.000Z,2026-01-05T00:24:00.000Z,340,false
V005061,SKBO,LKPR,2026-01-05T02:57:00.000Z,2026-01-05T14:56:00.000Z,320,false
V005062,LKPR,SKBO,2026-01-04T20:32:00.000Z,2026-01-05T08:31:00.000Z,340,false
V005063,SKBO,LDZA,2026-01-04T10:56:00.000Z,2026-01-04T23:07:00.000Z,300,false
V005064,LDZA,SKBO,2026-01-03T23:28:00.000Z,2026-01-04T11:39:00.000Z,320,false
V005065,SKBO,LDZA,2026-01-04T16:14:00.000Z,2026-01-05T04:25:00.000Z,300,false
V005066,LDZA,SKBO,2026-01-04T11:01:00.000Z,2026-01-04T23:12:00.000Z,320,false
V005067,SKBO,LDZA,2026-01-05T01:58:00.000Z,2026-01-05T14:09:00.000Z,360,false
V005068,LDZA,SKBO,2026-01-04T15:59:00.000Z,2026-01-05T04:10:00.000Z,360,false
V005069,SKBO,EKCH,2026-01-04T06:49:00.000Z,2026-01-04T18:37:00.000Z,340,false
V005070,EKCH,SKBO,2026-01-03T23:37:00.000Z,2026-01-04T11:25:00.000Z,320,false
V005071,SKBO,EKCH,2026-01-04T12:35:00.000Z,2026-01-05T00:23:00.000Z,340,false
V005072,EKCH,SKBO,2026-01-04T07:16:00.000Z,2026-01-04T19:04:00.000Z,320,false
V005073,SKBO,EKCH,2026-01-04T19:22:00.000Z,2026-01-05T07:10:00.000Z,340,false
V005074,EKCH,SKBO,2026-01-04T15:54:00.000Z,2026-01-05T03:42:00.000Z,320,false
V005075,SKBO,EKCH,2026-01-05T01:31:00.000Z,2026-01-05T13:19:00.000Z,320,false
V005076,EKCH,SKBO,2026-01-04T18:23:00.000Z,2026-01-05T06:11:00.000Z,360,false
V005077,SKBO,EHAM,2026-01-04T06:12:00.000Z,2026-01-04T17:19:00.000Z,320,false
V005078,EHAM,SKBO,2026-01-04T00:32:00.000Z,2026-01-04T11:39:00.000Z,320,false
V005079,SKBO,EHAM,2026-01-04T11:01:00.000Z,2026-01-04T22:08:00.000Z,340,false
V005080,EHAM,SKBO,2026-01-04T08:06:00.000Z,2026-01-04T19:13:00.000Z,320,false
V005081,SKBO,EHAM,2026-01-04T21:36:00.000Z,2026-01-05T08:43:00.000Z,320,false
V005082,EHAM,SKBO,2026-01-04T12:49:00.000Z,2026-01-04T23:56:00.000Z,360,false
V005083,SKBO,EHAM,2026-01-05T01:13:00.000Z,2026-01-05T12:20:00.000Z,360,false
V005084,EHAM,SKBO,2026-01-04T18:44:00.000Z,2026-01-05T05:51:00.000Z,300,false
V005085,SKBO,VIDP,2026-01-04T10:44:00.000Z,2026-01-05T05:58:00.000Z,320,false
V005086,VIDP,SKBO,2026-01-03T21:50:00.000Z,2026-01-04T17:04:00.000Z,320,false
V005087,SKBO,VIDP,2026-01-04T15:33:00.000Z,2026-01-05T10:47:00.000Z,300,false
V005088,VIDP,SKBO,2026-01-04T05:02:00.000Z,2026-01-05T00:16:00.000Z,340,false
V005089,SKBO,VIDP,2026-01-05T00:05:00.000Z,2026-01-04T19:19:00.000Z,340,false
V005090,VIDP,SKBO,2026-01-04T17:11:00.000Z,2026-01-05T12:25:00.000Z,320,false
V005091,SKBO,OSDI,2026-01-04T09:14:00.000Z,2026-01-04T23:50:00.000Z,340,false
V005092,OSDI,SKBO,2026-01-03T21:54:00.000Z,2026-01-04T12:30:00.000Z,300,false
V005093,SKBO,OSDI,2026-01-04T16:13:00.000Z,2026-01-05T06:49:00.000Z,320,false
V005094,OSDI,SKBO,2026-01-04T05:47:00.000Z,2026-01-04T20:23:00.000Z,340,false
V005095,SKBO,OSDI,2026-01-04T22:13:00.000Z,2026-01-05T12:49:00.000Z,300,false
V005096,OSDI,SKBO,2026-01-04T11:23:00.000Z,2026-01-05T01:59:00.000Z,300,false
V005097,SKBO,OSDI,2026-01-05T04:42:00.000Z,2026-01-05T19:18:00.000Z,360,false
V005098,OSDI,SKBO,2026-01-04T17:53:00.000Z,2026-01-05T08:29:00.000Z,340,false
V005099,SKBO,OAKB,2026-01-04T09:24:00.000Z,2026-01-05T03:22:00.000Z,300,false
V005100,OAKB,SKBO,2026-01-04T01:52:00.000Z,2026-01-04T19:50:00.000Z,360,false
V005101,SKBO,OAKB,2026-01-04T15:06:00.000Z,2026-01-05T09:04:00.000Z,340,false
V005102,OAKB,SKBO,2026-01-04T06:17:00.000Z,2026-01-05T00:15:00.000Z,360,false
V005103,SKBO,OAKB,2026-01-04T17:47:00.000Z,2026-01-05T11:45:00.000Z,300,false
V005104,OAKB,SKBO,2026-01-04T09:18:00.000Z,2026-01-05T03:16:00.000Z,320,false
V005105,SKBO,OAKB,2026-01-05T03:46:00.000Z,2026-01-04T21:44:00.000Z,320,false
V005106,OAKB,SKBO,2026-01-04T17:07:00.000Z,2026-01-05T11:05:00.000Z,340,false
V005107,SKBO,OOMS,2026-01-04T08:49:00.000Z,2026-01-05T02:26:00.000Z,300,false
V005108,OOMS,SKBO,2026-01-03T20:43:00.000Z,2026-01-04T14:20:00.000Z,340,false
V005109,SKBO,OOMS,2026-01-04T15:03:00.000Z,2026-01-05T08:40:00.000Z,320,false
V005110,OOMS,SKBO,2026-01-04T08:17:00.000Z,2026-01-05T01:54:00.000Z,360,false
V005111,SKBO,OOMS,2026-01-05T02:04:00.000Z,2026-01-05T19:41:00.000Z,300,false
V005112,OOMS,SKBO,2026-01-04T16:22:00.000Z,2026-01-05T09:59:00.000Z,340,false
V005113,SKBO,OYSN,2026-01-04T08:51:00.000Z,2026-01-05T01:02:00.000Z,320,false
V005114,OYSN,SKBO,2026-01-04T00:47:00.000Z,2026-01-04T16:58:00.000Z,300,false
V005115,SKBO,OYSN,2026-01-04T19:44:00.000Z,2026-01-05T11:55:00.000Z,300,false
V005116,OYSN,SKBO,2026-01-04T09:43:00.000Z,2026-01-05T01:54:00.000Z,360,false
V005117,SKBO,OYSN,2026-01-05T03:29:00.000Z,2026-01-05T19:40:00.000Z,340,false
V005118,OYSN,SKBO,2026-01-04T17:13:00.000Z,2026-01-05T09:24:00.000Z,340,false
V005119,SKBO,OPKC,2026-01-04T10:17:00.000Z,2026-01-05T04:52:00.000Z,360,false
V005120,OPKC,SKBO,2026-01-03T19:18:00.000Z,2026-01-04T13:53:00.000Z,360,false
V005121,SKBO,OPKC,2026-01-04T15:37:00.000Z,2026-01-05T10:12:00.000Z,300,false
V005122,OPKC,SKBO,2026-01-04T03:57:00.000Z,2026-01-04T22:32:00.000Z,320,false
V005123,SKBO,OPKC,2026-01-04T18:01:00.000Z,2026-01-05T12:36:00.000Z,300,false
V005124,OPKC,SKBO,2026-01-04T09:00:00.000Z,2026-01-05T03:35:00.000Z,320,false
V005125,SKBO,OPKC,2026-01-04T23:25:00.000Z,2026-01-05T18:00:00.000Z,300,false
V005126,OPKC,SKBO,2026-01-04T13:31:00.000Z,2026-01-05T08:06:00.000Z,360,false
V005127,SKBO,UBBB,2026-01-04T05:10:00.000Z,2026-01-04T20:54:00.000Z,300,false
V005128,UBBB,SKBO,2026-01-03T23:25:00.000Z,2026-01-04T15:09:00.000Z,300,false
V005129,SKBO,UBBB,2026-01-04T11:57:00.000Z,2026-01-05T03:41:00.000Z,320,false
V005130,UBBB,SKBO,2026-01-04T04:37:00.000Z,2026-01-04T20:21:00.000Z,360,false
V005131,SKBO,UBBB,2026-01-04T18:21:00.000Z,2026-01-05T10:05:00.000Z,320,false
V005132,UBBB,SKBO,2026-01-04T12:02:00.000Z,2026-01-05T03:46:00.000Z,300,false
V005133,SKBO,UBBB,2026-01-05T02:36:00.000Z,2026-01-05T18:20:00.000Z,360,false
V005134,UBBB,SKBO,2026-01-04T21:41:00.000Z,2026-01-05T13:25:00.000Z,320,false
V005135,SKBO,OJAI,2026-01-04T10:19:00.000Z,2026-01-05T00:52:00.000Z,360,false
V005136,OJAI,SKBO,2026-01-04T01:36:00.000Z,2026-01-04T16:09:00.000Z,320,false
V005137,SKBO,OJAI,2026-01-04T15:44:00.000Z,2026-01-05T06:17:00.000Z,300,false
V005138,OJAI,SKBO,2026-01-04T11:54:00.000Z,2026-01-05T02:27:00.000Z,320,false
V005139,SKBO,OJAI,2026-01-04T22:32:00.000Z,2026-01-05T13:05:00.000Z,360,false
V005140,OJAI,SKBO,2026-01-04T16:27:00.000Z,2026-01-05T07:00:00.000Z,360,false
V005141,SEQM,SVMI,2026-01-04T08:48:00.000Z,2026-01-04T10:58:00.000Z,360,false
V005142,SVMI,SEQM,2026-01-04T07:38:00.000Z,2026-01-04T09:48:00.000Z,340,false
V005143,SEQM,SVMI,2026-01-04T15:31:00.000Z,2026-01-04T17:41:00.000Z,360,false
V005144,SVMI,SEQM,2026-01-04T17:15:00.000Z,2026-01-04T19:25:00.000Z,320,false
V005145,SEQM,SVMI,2026-01-05T02:50:00.000Z,2026-01-05T05:00:00.000Z,320,false
V005146,SVMI,SEQM,2026-01-04T22:14:00.000Z,2026-01-05T00:24:00.000Z,360,false
V005147,SEQM,SBBR,2026-01-04T09:19:00.000Z,2026-01-04T14:05:00.000Z,340,false
V005148,SBBR,SEQM,2026-01-04T06:13:00.000Z,2026-01-04T10:59:00.000Z,320,false
V005149,SEQM,SBBR,2026-01-04T13:36:00.000Z,2026-01-04T18:22:00.000Z,320,false
V005150,SBBR,SEQM,2026-01-04T10:36:00.000Z,2026-01-04T15:22:00.000Z,340,false
V005151,SEQM,SBBR,2026-01-04T17:41:00.000Z,2026-01-04T22:27:00.000Z,320,false
V005152,SBBR,SEQM,2026-01-04T15:13:00.000Z,2026-01-04T19:59:00.000Z,360,false
V005153,SEQM,SBBR,2026-01-05T02:02:00.000Z,2026-01-05T06:48:00.000Z,320,false
V005154,SBBR,SEQM,2026-01-04T23:11:00.000Z,2026-01-05T03:57:00.000Z,300,false
V005155,SEQM,SPIM,2026-01-04T05:23:00.000Z,2026-01-04T07:04:00.000Z,300,false
V005156,SPIM,SEQM,2026-01-04T05:13:00.000Z,2026-01-04T06:54:00.000Z,320,false
V005157,SEQM,SPIM,2026-01-04T16:32:00.000Z,2026-01-04T18:13:00.000Z,320,false
V005158,SPIM,SEQM,2026-01-04T13:10:00.000Z,2026-01-04T14:51:00.000Z,300,false
V005159,SEQM,SPIM,2026-01-04T19:35:00.000Z,2026-01-04T21:16:00.000Z,300,false
V005160,SPIM,SEQM,2026-01-04T22:11:00.000Z,2026-01-04T23:52:00.000Z,300,false
V005161,SEQM,SPIM,2026-01-05T04:10:00.000Z,2026-01-05T05:51:00.000Z,340,false
V005162,SPIM,SEQM,2026-01-05T02:09:00.000Z,2026-01-05T03:50:00.000Z,320,false
V005163,SEQM,SLLP,2026-01-04T05:51:00.000Z,2026-01-04T08:28:00.000Z,340,false
V005164,SLLP,SEQM,2026-01-04T08:24:00.000Z,2026-01-04T11:01:00.000Z,360,false
V005165,SEQM,SLLP,2026-01-04T16:32:00.000Z,2026-01-04T19:09:00.000Z,320,false
V005166,SLLP,SEQM,2026-01-04T13:04:00.000Z,2026-01-04T15:41:00.000Z,360,false
V005167,SEQM,SLLP,2026-01-04T18:15:00.000Z,2026-01-04T20:52:00.000Z,320,false
V005168,SLLP,SEQM,2026-01-04T20:12:00.000Z,2026-01-04T22:49:00.000Z,320,false
V005169,SEQM,SLLP,2026-01-04T23:01:00.000Z,2026-01-05T01:38:00.000Z,320,false
V005170,SLLP,SEQM,2026-01-04T23:47:00.000Z,2026-01-05T02:24:00.000Z,320,false
V005171,SEQM,SCEL,2026-01-04T10:14:00.000Z,2026-01-04T14:58:00.000Z,360,false
V005172,SCEL,SEQM,2026-01-04T04:17:00.000Z,2026-01-04T09:01:00.000Z,360,false
V005173,SEQM,SCEL,2026-01-04T18:52:00.000Z,2026-01-04T23:36:00.000Z,300,false
V005174,SCEL,SEQM,2026-01-04T11:21:00.000Z,2026-01-04T16:05:00.000Z,360,false
V005175,SEQM,SCEL,2026-01-05T03:28:00.000Z,2026-01-05T08:12:00.000Z,360,false
V005176,SCEL,SEQM,2026-01-04T22:04:00.000Z,2026-01-05T02:48:00.000Z,340,false
V005177,SEQM,SABE,2026-01-04T09:47:00.000Z,2026-01-04T15:12:00.000Z,360,false
V005178,SABE,SEQM,2026-01-04T06:24:00.000Z,2026-01-04T11:49:00.000Z,320,false
V005179,SEQM,SABE,2026-01-04T12:06:00.000Z,2026-01-04T17:31:00.000Z,360,false
V005180,SABE,SEQM,2026-01-04T14:10:00.000Z,2026-01-04T19:35:00.000Z,320,false
V005181,SEQM,SABE,2026-01-04T17:44:00.000Z,2026-01-04T23:09:00.000Z,320,false
V005182,SABE,SEQM,2026-01-04T15:59:00.000Z,2026-01-04T21:24:00.000Z,360,false
V005183,SEQM,SABE,2026-01-05T01:18:00.000Z,2026-01-05T06:43:00.000Z,320,false
V005184,SABE,SEQM,2026-01-05T01:30:00.000Z,2026-01-05T06:55:00.000Z,360,false
V005185,SEQM,SGAS,2026-01-04T12:22:00.000Z,2026-01-04T16:52:00.000Z,300,false
V005186,SGAS,SEQM,2026-01-04T06:27:00.000Z,2026-01-04T10:57:00.000Z,300,false
V005187,SEQM,SGAS,2026-01-04T16:44:00.000Z,2026-01-04T21:14:00.000Z,320,false
V005188,SGAS,SEQM,2026-01-04T13:35:00.000Z,2026-01-04T18:05:00.000Z,300,false
V005189,SEQM,SGAS,2026-01-04T23:18:00.000Z,2026-01-05T03:48:00.000Z,360,false
V005190,SGAS,SEQM,2026-01-04T21:22:00.000Z,2026-01-05T01:52:00.000Z,320,false
V005191,SEQM,SUAA,2026-01-04T07:45:00.000Z,2026-01-04T13:18:00.000Z,300,false
V005192,SUAA,SEQM,2026-01-04T03:25:00.000Z,2026-01-04T08:58:00.000Z,340,false
V005193,SEQM,SUAA,2026-01-04T11:01:00.000Z,2026-01-04T16:34:00.000Z,300,false
V005194,SUAA,SEQM,2026-01-04T12:12:00.000Z,2026-01-04T17:45:00.000Z,300,false
V005195,SEQM,SUAA,2026-01-04T18:10:00.000Z,2026-01-04T23:43:00.000Z,360,false
V005196,SUAA,SEQM,2026-01-04T18:21:00.000Z,2026-01-04T23:54:00.000Z,360,false
V005197,SEQM,SUAA,2026-01-05T04:20:00.000Z,2026-01-05T09:53:00.000Z,320,false
V005198,SUAA,SEQM,2026-01-05T02:35:00.000Z,2026-01-05T08:08:00.000Z,300,false
V005199,SEQM,LATI,2026-01-04T08:48:00.000Z,2026-01-04T22:07:00.000Z,320,false
V005200,LATI,SEQM,2026-01-04T05:37:00.000Z,2026-01-04T18:56:00.000Z,360,false
V005201,SEQM,LATI,2026-01-04T14:01:00.000Z,2026-01-05T03:20:00.000Z,300,false
V005202,LATI,SEQM,2026-01-04T10:02:00.000Z,2026-01-04T23:21:00.000Z,300,false
V005203,SEQM,LATI,2026-01-05T02:18:00.000Z,2026-01-05T15:37:00.000Z,340,false
V005204,LATI,SEQM,2026-01-04T16:08:00.000Z,2026-01-05T05:27:00.000Z,340,false
V005205,SEQM,EDDI,2026-01-04T08:10:00.000Z,2026-01-04T20:50:00.000Z,360,false
V005206,EDDI,SEQM,2026-01-03T22:28:00.000Z,2026-01-04T11:08:00.000Z,300,false
V005207,SEQM,EDDI,2026-01-04T16:35:00.000Z,2026-01-05T05:15:00.000Z,340,false
V005208,EDDI,SEQM,2026-01-04T04:05:00.000Z,2026-01-04T16:45:00.000Z,320,false
V005209,SEQM,EDDI,2026-01-04T20:04:00.000Z,2026-01-05T08:44:00.000Z,360,false
V005210,EDDI,SEQM,2026-01-04T14:03:00.000Z,2026-01-05T02:43:00.000Z,320,false
V005211,SEQM,EDDI,2026-01-05T03:24:00.000Z,2026-01-05T16:04:00.000Z,340,false
V005212,EDDI,SEQM,2026-01-04T19:38:00.000Z,2026-01-05T08:18:00.000Z,360,false
V005213,SEQM,LOWW,2026-01-04T08:41:00.000Z,2026-01-04T21:38:00.000Z,300,false
V005214,LOWW,SEQM,2026-01-04T03:16:00.000Z,2026-01-04T16:13:00.000Z,360,false
V005215,SEQM,LOWW,2026-01-04T17:02:00.000Z,2026-01-05T05:59:00.000Z,340,false
V005216,LOWW,SEQM,2026-01-04T09:33:00.000Z,2026-01-04T22:30:00.000Z,300,false
V005217,SEQM,LOWW,2026-01-05T01:52:00.000Z,2026-01-05T14:49:00.000Z,320,false
V005218,LOWW,SEQM,2026-01-04T16:26:00.000Z,2026-01-05T05:23:00.000Z,320,false
V005219,SEQM,EBCI,2026-01-04T14:46:00.000Z,2026-01-05T02:38:00.000Z,320,false
V005220,EBCI,SEQM,2026-01-04T02:55:00.000Z,2026-01-04T14:47:00.000Z,320,false
V005221,SEQM,UMMS,2026-01-04T05:41:00.000Z,2026-01-04T19:36:00.000Z,300,false
V005222,UMMS,SEQM,2026-01-04T03:54:00.000Z,2026-01-04T17:49:00.000Z,300,false
V005223,SEQM,UMMS,2026-01-04T13:58:00.000Z,2026-01-05T03:53:00.000Z,360,false
V005224,UMMS,SEQM,2026-01-04T07:35:00.000Z,2026-01-04T21:30:00.000Z,360,false
V005225,SEQM,UMMS,2026-01-05T03:21:00.000Z,2026-01-05T17:16:00.000Z,320,false
V005226,UMMS,SEQM,2026-01-04T14:31:00.000Z,2026-01-05T04:26:00.000Z,340,false
V005227,SEQM,LBSF,2026-01-04T05:22:00.000Z,2026-01-04T19:05:00.000Z,320,false
V005228,LBSF,SEQM,2026-01-04T01:33:00.000Z,2026-01-04T15:16:00.000Z,300,false
V005229,SEQM,LBSF,2026-01-04T11:28:00.000Z,2026-01-05T01:11:00.000Z,340,false
V005230,LBSF,SEQM,2026-01-04T05:33:00.000Z,2026-01-04T19:16:00.000Z,360,false
V005231,SEQM,LBSF,2026-01-04T19:23:00.000Z,2026-01-05T09:06:00.000Z,300,false
V005232,LBSF,SEQM,2026-01-04T09:28:00.000Z,2026-01-04T23:11:00.000Z,320,false
V005233,SEQM,LBSF,2026-01-05T00:49:00.000Z,2026-01-05T14:32:00.000Z,300,false
V005234,LBSF,SEQM,2026-01-04T19:40:00.000Z,2026-01-05T09:23:00.000Z,340,false
V005235,SEQM,LKPR,2026-01-04T07:35:00.000Z,2026-01-04T20:21:00.000Z,360,false
V005236,LKPR,SEQM,2026-01-04T03:24:00.000Z,2026-01-04T16:10:00.000Z,300,false
V005237,SEQM,LKPR,2026-01-04T14:29:00.000Z,2026-01-05T03:15:00.000Z,320,false
V005238,LKPR,SEQM,2026-01-04T08:21:00.000Z,2026-01-04T21:07:00.000Z,300,false
V005239,SEQM,LKPR,2026-01-04T21:33:00.000Z,2026-01-05T10:19:00.000Z,340,false
V005240,LKPR,SEQM,2026-01-04T12:00:00.000Z,2026-01-05T00:46:00.000Z,360,false
V005241,SEQM,LKPR,2026-01-05T02:49:00.000Z,2026-01-05T15:35:00.000Z,300,false
V005242,LKPR,SEQM,2026-01-04T18:39:00.000Z,2026-01-05T07:25:00.000Z,360,false
V005243,SEQM,LDZA,2026-01-04T08:45:00.000Z,2026-01-04T21:44:00.000Z,300,false
V005244,LDZA,SEQM,2026-01-03T23:44:00.000Z,2026-01-04T12:43:00.000Z,320,false
V005245,SEQM,LDZA,2026-01-04T16:38:00.000Z,2026-01-05T05:37:00.000Z,340,false
V005246,LDZA,SEQM,2026-01-04T07:02:00.000Z,2026-01-04T20:01:00.000Z,320,false
V005247,SEQM,LDZA,2026-01-04T19:21:00.000Z,2026-01-05T08:20:00.000Z,320,false
V005248,LDZA,SEQM,2026-01-04T10:28:00.000Z,2026-01-04T23:27:00.000Z,360,false
V005249,SEQM,LDZA,2026-01-05T00:15:00.000Z,2026-01-05T13:14:00.000Z,320,false
V005250,LDZA,SEQM,2026-01-04T19:37:00.000Z,2026-01-05T08:36:00.000Z,340,false
V005251,SEQM,EKCH,2026-01-04T08:44:00.000Z,2026-01-04T21:19:00.000Z,360,false
V005252,EKCH,SEQM,2026-01-04T19:15:00.000Z,2026-01-05T07:50:00.000Z,360,false
V005253,SEQM,EHAM,2026-01-04T12:32:00.000Z,2026-01-05T00:26:00.000Z,340,false
V005254,EHAM,SEQM,2026-01-03T22:02:00.000Z,2026-01-04T09:56:00.000Z,320,false
V005255,SEQM,EHAM,2026-01-04T19:04:00.000Z,2026-01-05T06:58:00.000Z,360,false
V005256,EHAM,SEQM,2026-01-04T12:40:00.000Z,2026-01-05T00:34:00.000Z,360,false
V005257,SEQM,EHAM,2026-01-05T02:55:00.000Z,2026-01-05T14:49:00.000Z,340,false
V005258,EHAM,SEQM,2026-01-04T21:10:00.000Z,2026-01-05T09:04:00.000Z,320,false
V005259,SEQM,VIDP,2026-01-04T06:12:00.000Z,2026-01-05T02:13:00.000Z,320,false
V005260,VIDP,SEQM,2026-01-03T23:09:00.000Z,2026-01-04T19:10:00.000Z,300,false
V005261,SEQM,VIDP,2026-01-04T16:10:00.000Z,2026-01-05T12:11:00.000Z,300,false
V005262,VIDP,SEQM,2026-01-04T02:03:00.000Z,2026-01-04T22:04:00.000Z,300,false
V005263,SEQM,VIDP,2026-01-04T21:00:00.000Z,2026-01-05T17:01:00.000Z,340,false
V005264,VIDP,SEQM,2026-01-04T08:25:00.000Z,2026-01-05T04:26:00.000Z,360,false
V005265,SEQM,VIDP,2026-01-05T04:07:00.000Z,2026-01-05T00:08:00.000Z,300,false
V005266,VIDP,SEQM,2026-01-04T18:15:00.000Z,2026-01-05T14:16:00.000Z,320,false
V005267,SEQM,OSDI,2026-01-04T10:30:00.000Z,2026-01-05T01:52:00.000Z,320,false
V005268,OSDI,SEQM,2026-01-03T21:09:00.000Z,2026-01-04T12:31:00.000Z,340,false
V005269,SEQM,OSDI,2026-01-04T13:36:00.000Z,2026-01-05T04:58:00.000Z,300,false
V005270,OSDI,SEQM,2026-01-04T06:27:00.000Z,2026-01-04T21:49:00.000Z,360,false
V005271,SEQM,OSDI,2026-01-04T21:21:00.000Z,2026-01-05T12:43:00.000Z,300,false
V005272,OSDI,SEQM,2026-01-04T14:06:00.000Z,2026-01-05T05:28:00.000Z,300,false
V005273,SEQM,OSDI,2026-01-04T23:46:00.000Z,2026-01-05T15:08:00.000Z,300,false
V005274,OSDI,SEQM,2026-01-04T20:21:00.000Z,2026-01-05T11:43:00.000Z,300,false
V005275,SEQM,OAKB,2026-01-04T12:54:00.000Z,2026-01-05T07:39:00.000Z,340,false
V005276,OAKB,SEQM,2026-01-04T07:38:00.000Z,2026-01-05T02:23:00.000Z,300,false
V005277,SEQM,OAKB,2026-01-05T04:32:00.000Z,2026-01-04T23:17:00.000Z,340,false
V005278,OAKB,SEQM,2026-01-04T17:39:00.000Z,2026-01-05T12:24:00.000Z,360,false
V005279,SEQM,OOMS,2026-01-04T11:19:00.000Z,2026-01-05T05:42:00.000Z,300,false
V005280,OOMS,SEQM,2026-01-03T22:46:00.000Z,2026-01-04T17:09:00.000Z,340,false
V005281,SEQM,OOMS,2026-01-04T22:38:00.000Z,2026-01-05T17:01:00.000Z,300,false
V005282,OOMS,SEQM,2026-01-04T18:06:00.000Z,2026-01-05T12:29:00.000Z,320,false
V005283,SEQM,OYSN,2026-01-04T12:58:00.000Z,2026-01-05T05:51:00.000Z,340,false
V005284,OYSN,SEQM,2026-01-03T23:27:00.000Z,2026-01-04T16:20:00.000Z,340,false
V005285,SEQM,OYSN,2026-01-04T17:20:00.000Z,2026-01-05T10:13:00.000Z,300,false
V005286,OYSN,SEQM,2026-01-04T11:39:00.000Z,2026-01-05T04:32:00.000Z,300,false
V005287,SEQM,OYSN,2026-01-04T23:00:00.000Z,2026-01-05T15:53:00.000Z,340,false
V005288,OYSN,SEQM,2026-01-04T16:15:00.000Z,2026-01-05T09:08:00.000Z,360,false
V005289,SEQM,OPKC,2026-01-04T10:38:00.000Z,2026-01-05T06:00:00.000Z,360,false
V005290,OPKC,SEQM,2026-01-03T20:28:00.000Z,2026-01-04T15:50:00.000Z,300,false
V005291,SEQM,OPKC,2026-01-04T19:09:00.000Z,2026-01-05T14:31:00.000Z,320,false
V005292,OPKC,SEQM,2026-01-04T08:58:00.000Z,2026-01-05T04:20:00.000Z,300,false
V005293,SEQM,OPKC,2026-01-05T01:40:00.000Z,2026-01-04T21:02:00.000Z,360,false
V005294,OPKC,SEQM,2026-01-04T14:22:00.000Z,2026-01-05T09:44:00.000Z,360,false
V005295,SEQM,UBBB,2026-01-04T10:14:00.000Z,2026-01-05T02:45:00.000Z,340,false
V005296,UBBB,SEQM,2026-01-03T22:46:00.000Z,2026-01-04T15:17:00.000Z,340,false
V005297,SEQM,UBBB,2026-01-04T13:09:00.000Z,2026-01-05T05:40:00.000Z,360,false
V005298,UBBB,SEQM,2026-01-04T08:03:00.000Z,2026-01-05T00:34:00.000Z,360,false
V005299,SEQM,UBBB,2026-01-04T18:55:00.000Z,2026-01-05T11:26:00.000Z,340,false
V005300,UBBB,SEQM,2026-01-04T13:08:00.000Z,2026-01-05T05:39:00.000Z,340,false
V005301,SEQM,UBBB,2026-01-05T04:44:00.000Z,2026-01-05T21:15:00.000Z,320,false
V005302,UBBB,SEQM,2026-01-04T19:42:00.000Z,2026-01-05T12:13:00.000Z,300,false
V005303,SEQM,OJAI,2026-01-04T08:30:00.000Z,2026-01-04T23:49:00.000Z,320,false
V005304,OJAI,SEQM,2026-01-04T00:30:00.000Z,2026-01-04T15:49:00.000Z,320,false
V005305,SEQM,OJAI,2026-01-04T13:57:00.000Z,2026-01-05T05:16:00.000Z,340,false
V005306,OJAI,SEQM,2026-01-04T07:37:00.000Z,2026-01-04T22:56:00.000Z,320,false
V005307,SEQM,OJAI,2026-01-04T21:54:00.000Z,2026-01-05T13:13:00.000Z,320,false
V005308,OJAI,SEQM,2026-01-04T09:31:00.000Z,2026-01-05T00:50:00.000Z,360,false
V005309,SEQM,OJAI,2026-01-05T02:17:00.000Z,2026-01-05T17:36:00.000Z,360,false
V005310,OJAI,SEQM,2026-01-04T17:17:00.000Z,2026-01-05T08:36:00.000Z,300,false
V005311,SVMI,SBBR,2026-01-04T04:28:00.000Z,2026-01-04T08:50:00.000Z,300,false
V005312,SBBR,SVMI,2026-01-04T06:05:00.000Z,2026-01-04T10:27:00.000Z,320,false
V005313,SVMI,SBBR,2026-01-04T12:34:00.000Z,2026-01-04T16:56:00.000Z,300,false
V005314,SBBR,SVMI,2026-01-04T09:06:00.000Z,2026-01-04T13:28:00.000Z,300,false
V005315,SVMI,SBBR,2026-01-04T19:00:00.000Z,2026-01-04T23:22:00.000Z,360,false
V005316,SBBR,SVMI,2026-01-04T17:39:00.000Z,2026-01-04T22:01:00.000Z,360,false
V005317,SVMI,SBBR,2026-01-05T01:09:00.000Z,2026-01-05T05:31:00.000Z,320,false
V005318,SBBR,SVMI,2026-01-04T22:45:00.000Z,2026-01-05T03:07:00.000Z,320,false
V005319,SVMI,SPIM,2026-01-04T14:55:00.000Z,2026-01-04T18:21:00.000Z,340,false
V005320,SPIM,SVMI,2026-01-04T10:24:00.000Z,2026-01-04T13:50:00.000Z,320,false
V005321,SVMI,SPIM,2026-01-04T22:09:00.000Z,2026-01-05T01:35:00.000Z,320,false
V005322,SPIM,SVMI,2026-01-04T17:15:00.000Z,2026-01-04T20:41:00.000Z,320,false
V005323,SVMI,SLLP,2026-01-04T06:28:00.000Z,2026-01-04T10:06:00.000Z,300,false
V005324,SLLP,SVMI,2026-01-04T08:51:00.000Z,2026-01-04T12:29:00.000Z,340,false
V005325,SVMI,SLLP,2026-01-04T14:42:00.000Z,2026-01-04T18:20:00.000Z,340,false
V005326,SLLP,SVMI,2026-01-04T10:19:00.000Z,2026-01-04T13:57:00.000Z,300,false
V005327,SVMI,SLLP,2026-01-04T16:11:00.000Z,2026-01-04T19:49:00.000Z,340,false
V005328,SLLP,SVMI,2026-01-04T19:04:00.000Z,2026-01-04T22:42:00.000Z,300,false
V005329,SVMI,SLLP,2026-01-05T02:55:00.000Z,2026-01-05T06:33:00.000Z,300,false
V005330,SLLP,SVMI,2026-01-05T00:54:00.000Z,2026-01-05T04:32:00.000Z,320,false
V005331,SVMI,SCEL,2026-01-04T07:37:00.000Z,2026-01-04T13:39:00.000Z,360,false
V005332,SCEL,SVMI,2026-01-04T08:45:00.000Z,2026-01-04T14:47:00.000Z,340,false
V005333,SVMI,SCEL,2026-01-04T18:23:00.000Z,2026-01-05T00:25:00.000Z,300,false
V005334,SCEL,SVMI,2026-01-04T13:21:00.000Z,2026-01-04T19:23:00.000Z,300,false
V005335,SVMI,SCEL,2026-01-05T03:48:00.000Z,2026-01-05T09:50:00.000Z,360,false
V005336,SCEL,SVMI,2026-01-04T19:42:00.000Z,2026-01-05T01:44:00.000Z,300,false
V005337,SVMI,SABE,2026-01-04T04:03:00.000Z,2026-01-04T10:17:00.000Z,300,false
V005338,SABE,SVMI,2026-01-04T14:34:00.000Z,2026-01-04T20:48:00.000Z,340,false
V005339,SVMI,SABE,2026-01-05T03:58:00.000Z,2026-01-05T10:12:00.000Z,340,false
V005340,SABE,SVMI,2026-01-04T20:46:00.000Z,2026-01-05T03:00:00.000Z,300,false
V005341,SVMI,SGAS,2026-01-04T08:07:00.000Z,2026-01-04T13:09:00.000Z,340,false
V005342,SGAS,SVMI,2026-01-04T06:16:00.000Z,2026-01-04T11:18:00.000Z,360,false
V005343,SVMI,SGAS,2026-01-04T15:43:00.000Z,2026-01-04T20:45:00.000Z,300,false
V005344,SGAS,SVMI,2026-01-04T12:51:00.000Z,2026-01-04T17:53:00.000Z,360,false
V005345,SVMI,SGAS,2026-01-04T18:03:00.000Z,2026-01-04T23:05:00.000Z,300,false
V005346,SGAS,SVMI,2026-01-04T16:58:00.000Z,2026-01-04T22:00:00.000Z,300,false
V005347,SVMI,SGAS,2026-01-04T23:22:00.000Z,2026-01-05T04:24:00.000Z,320,false
V005348,SGAS,SVMI,2026-01-04T22:50:00.000Z,2026-01-05T03:52:00.000Z,300,false
V005349,SVMI,SUAA,2026-01-04T07:09:00.000Z,2026-01-04T13:26:00.000Z,320,false
V005350,SUAA,SVMI,2026-01-04T06:34:00.000Z,2026-01-04T12:51:00.000Z,300,false
V005351,SVMI,SUAA,2026-01-04T10:31:00.000Z,2026-01-04T16:48:00.000Z,300,false
V005352,SUAA,SVMI,2026-01-04T09:43:00.000Z,2026-01-04T16:00:00.000Z,360,false
V005353,SVMI,SUAA,2026-01-04T18:31:00.000Z,2026-01-05T00:48:00.000Z,360,false
V005354,SUAA,SVMI,2026-01-04T20:32:00.000Z,2026-01-05T02:49:00.000Z,360,false
V005355,SVMI,SUAA,2026-01-05T00:25:00.000Z,2026-01-05T06:42:00.000Z,340,false
V005356,SUAA,SVMI,2026-01-05T01:45:00.000Z,2026-01-05T08:02:00.000Z,320,false
V005357,SVMI,LATI,2026-01-04T05:01:00.000Z,2026-01-04T16:10:00.000Z,360,false
V005358,LATI,SVMI,2026-01-04T00:48:00.000Z,2026-01-04T11:57:00.000Z,340,false
V005359,SVMI,LATI,2026-01-04T17:32:00.000Z,2026-01-05T04:41:00.000Z,320,false
V005360,LATI,SVMI,2026-01-04T12:29:00.000Z,2026-01-04T23:38:00.000Z,320,false
V005361,SVMI,LATI,2026-01-04T23:13:00.000Z,2026-01-05T10:22:00.000Z,300,false
V005362,LATI,SVMI,2026-01-04T15:34:00.000Z,2026-01-05T02:43:00.000Z,300,false
V005363,SVMI,EDDI,2026-01-04T09:02:00.000Z,2026-01-04T19:34:00.000Z,340,false
V005364,EDDI,SVMI,2026-01-03T23:17:00.000Z,2026-01-04T09:49:00.000Z,340,false
V005365,SVMI,EDDI,2026-01-04T16:01:00.000Z,2026-01-05T02:33:00.000Z,320,false
V005366,EDDI,SVMI,2026-01-04T12:03:00.000Z,2026-01-04T22:35:00.000Z,360,false
V005367,SVMI,EDDI,2026-01-04T23:35:00.000Z,2026-01-05T10:07:00.000Z,340,false
V005368,EDDI,SVMI,2026-01-04T15:47:00.000Z,2026-01-05T02:19:00.000Z,340,false
V005369,SVMI,LOWW,2026-01-04T04:06:00.000Z,2026-01-04T14:54:00.000Z,300,false
V005370,LOWW,SVMI,2026-01-03T23:50:00.000Z,2026-01-04T10:38:00.000Z,360,false
V005371,SVMI,LOWW,2026-01-04T12:13:00.000Z,2026-01-04T23:01:00.000Z,340,false
V005372,LOWW,SVMI,2026-01-04T06:43:00.000Z,2026-01-04T17:31:00.000Z,340,false
V005373,SVMI,LOWW,2026-01-04T16:32:00.000Z,2026-01-05T03:20:00.000Z,320,false
V005374,LOWW,SVMI,2026-01-04T10:14:00.000Z,2026-01-04T21:02:00.000Z,340,false
V005375,SVMI,LOWW,2026-01-05T03:47:00.000Z,2026-01-05T14:35:00.000Z,320,false
V005376,LOWW,SVMI,2026-01-04T17:18:00.000Z,2026-01-05T04:06:00.000Z,320,false
V005377,SVMI,EBCI,2026-01-04T04:58:00.000Z,2026-01-04T14:41:00.000Z,360,false
V005378,EBCI,SVMI,2026-01-03T22:21:00.000Z,2026-01-04T08:04:00.000Z,300,false
V005379,SVMI,EBCI,2026-01-04T15:58:00.000Z,2026-01-05T01:41:00.000Z,320,false
V005380,EBCI,SVMI,2026-01-04T05:55:00.000Z,2026-01-04T15:38:00.000Z,360,false
V005381,SVMI,EBCI,2026-01-04T18:06:00.000Z,2026-01-05T03:49:00.000Z,340,false
V005382,EBCI,SVMI,2026-01-04T13:20:00.000Z,2026-01-04T23:03:00.000Z,300,false
V005383,SVMI,EBCI,2026-01-04T22:32:00.000Z,2026-01-05T08:15:00.000Z,340,false
V005384,EBCI,SVMI,2026-01-04T17:20:00.000Z,2026-01-05T03:03:00.000Z,360,false
V005385,SVMI,UMMS,2026-01-04T11:17:00.000Z,2026-01-04T23:05:00.000Z,300,false
V005386,UMMS,SVMI,2026-01-04T01:02:00.000Z,2026-01-04T12:50:00.000Z,300,false
V005387,SVMI,UMMS,2026-01-04T21:44:00.000Z,2026-01-05T09:32:00.000Z,300,false
V005388,UMMS,SVMI,2026-01-04T11:08:00.000Z,2026-01-04T22:56:00.000Z,360,false
V005389,SVMI,LBSF,2026-01-04T11:08:00.000Z,2026-01-04T22:41:00.000Z,360,false
V005390,LBSF,SVMI,2026-01-03T21:17:00.000Z,2026-01-04T08:50:00.000Z,320,false
V005391,SVMI,LBSF,2026-01-04T19:21:00.000Z,2026-01-05T06:54:00.000Z,300,false
V005392,LBSF,SVMI,2026-01-04T10:20:00.000Z,2026-01-04T21:53:00.000Z,300,false
V005393,SVMI,LBSF,2026-01-04T23:51:00.000Z,2026-01-05T11:24:00.000Z,360,false
V005394,LBSF,SVMI,2026-01-04T15:13:00.000Z,2026-01-05T02:46:00.000Z,300,false
V005395,SVMI,LKPR,2026-01-04T04:17:00.000Z,2026-01-04T14:54:00.000Z,340,false
V005396,LKPR,SVMI,2026-01-04T03:20:00.000Z,2026-01-04T13:57:00.000Z,360,false
V005397,SVMI,LKPR,2026-01-04T10:40:00.000Z,2026-01-04T21:17:00.000Z,320,false
V005398,LKPR,SVMI,2026-01-04T09:59:00.000Z,2026-01-04T20:36:00.000Z,360,false
V005399,SVMI,LKPR,2026-01-04T16:52:00.000Z,2026-01-05T03:29:00.000Z,360,false
V005400,LKPR,SVMI,2026-01-04T11:52:00.000Z,2026-01-04T22:29:00.000Z,300,false
V005401,SVMI,LKPR,2026-01-04T22:40:00.000Z,2026-01-05T09:17:00.000Z,320,false
V005402,LKPR,SVMI,2026-01-04T19:25:00.000Z,2026-01-05T06:02:00.000Z,300,false
V005403,SVMI,LDZA,2026-01-04T19:12:00.000Z,2026-01-05T06:00:00.000Z,340,false
V005404,LDZA,SVMI,2026-01-04T08:49:00.000Z,2026-01-04T19:37:00.000Z,360,false
V005405,SVMI,EKCH,2026-01-04T05:13:00.000Z,2026-01-04T15:42:00.000Z,320,false
V005406,EKCH,SVMI,2026-01-04T01:00:00.000Z,2026-01-04T11:29:00.000Z,340,false
V005407,SVMI,EKCH,2026-01-04T14:50:00.000Z,2026-01-05T01:19:00.000Z,360,false
V005408,EKCH,SVMI,2026-01-04T04:18:00.000Z,2026-01-04T14:47:00.000Z,340,false
V005409,SVMI,EKCH,2026-01-04T21:39:00.000Z,2026-01-05T08:08:00.000Z,300,false
V005410,EKCH,SVMI,2026-01-04T15:24:00.000Z,2026-01-05T01:53:00.000Z,300,false
V005411,SVMI,EKCH,2026-01-05T00:07:00.000Z,2026-01-05T10:36:00.000Z,360,false
V005412,EKCH,SVMI,2026-01-04T18:57:00.000Z,2026-01-05T05:26:00.000Z,340,false
V005413,SVMI,EHAM,2026-01-04T16:14:00.000Z,2026-01-05T02:00:00.000Z,360,false
V005414,EHAM,SVMI,2026-01-04T16:11:00.000Z,2026-01-05T01:57:00.000Z,320,false
V005415,SVMI,VIDP,2026-01-04T06:23:00.000Z,2026-01-05T00:15:00.000Z,300,false
V005416,VIDP,SVMI,2026-01-03T22:36:00.000Z,2026-01-04T16:28:00.000Z,300,false
V005417,SVMI,VIDP,2026-01-04T15:34:00.000Z,2026-01-05T09:26:00.000Z,300,false
V005418,VIDP,SVMI,2026-01-04T04:42:00.000Z,2026-01-04T22:34:00.000Z,300,false
V005419,SVMI,VIDP,2026-01-04T21:44:00.000Z,2026-01-05T15:36:00.000Z,300,false
V005420,VIDP,SVMI,2026-01-04T08:36:00.000Z,2026-01-05T02:28:00.000Z,340,false
V005421,SVMI,VIDP,2026-01-05T00:47:00.000Z,2026-01-05T18:39:00.000Z,320,false
V005422,VIDP,SVMI,2026-01-04T17:40:00.000Z,2026-01-05T11:32:00.000Z,340,false
V005423,SVMI,OSDI,2026-01-04T05:42:00.000Z,2026-01-04T18:54:00.000Z,340,false
V005424,OSDI,SVMI,2026-01-03T22:43:00.000Z,2026-01-04T11:55:00.000Z,320,false
V005425,SVMI,OSDI,2026-01-04T15:55:00.000Z,2026-01-05T05:07:00.000Z,340,false
V005426,OSDI,SVMI,2026-01-04T03:16:00.000Z,2026-01-04T16:28:00.000Z,340,false
V005427,SVMI,OSDI,2026-01-04T17:38:00.000Z,2026-01-05T06:50:00.000Z,360,false
V005428,OSDI,SVMI,2026-01-04T10:30:00.000Z,2026-01-04T23:42:00.000Z,320,false
V005429,SVMI,OSDI,2026-01-05T01:55:00.000Z,2026-01-05T15:07:00.000Z,320,false
V005430,OSDI,SVMI,2026-01-04T17:16:00.000Z,2026-01-05T06:28:00.000Z,360,false
V005431,SVMI,OAKB,2026-01-04T09:23:00.000Z,2026-01-05T01:59:00.000Z,320,false
V005432,OAKB,SVMI,2026-01-03T20:00:00.000Z,2026-01-04T12:36:00.000Z,320,false
V005433,SVMI,OAKB,2026-01-04T15:53:00.000Z,2026-01-05T08:29:00.000Z,340,false
V005434,OAKB,SVMI,2026-01-04T05:38:00.000Z,2026-01-04T22:14:00.000Z,340,false
V005435,SVMI,OAKB,2026-01-04T20:51:00.000Z,2026-01-05T13:27:00.000Z,340,false
V005436,OAKB,SVMI,2026-01-04T11:45:00.000Z,2026-01-05T04:21:00.000Z,360,false
V005437,SVMI,OAKB,2026-01-04T23:30:00.000Z,2026-01-05T16:06:00.000Z,320,false
V005438,OAKB,SVMI,2026-01-04T19:33:00.000Z,2026-01-05T12:09:00.000Z,340,false
V005439,SVMI,OOMS,2026-01-04T05:12:00.000Z,2026-01-04T21:26:00.000Z,340,false
V005440,OOMS,SVMI,2026-01-04T00:47:00.000Z,2026-01-04T17:01:00.000Z,340,false
V005441,SVMI,OOMS,2026-01-04T14:01:00.000Z,2026-01-05T06:15:00.000Z,320,false
V005442,OOMS,SVMI,2026-01-04T03:27:00.000Z,2026-01-04T19:41:00.000Z,360,false
V005443,SVMI,OOMS,2026-01-04T19:58:00.000Z,2026-01-05T12:12:00.000Z,300,false
V005444,OOMS,SVMI,2026-01-04T09:07:00.000Z,2026-01-05T01:21:00.000Z,340,false
V005445,SVMI,OOMS,2026-01-05T02:19:00.000Z,2026-01-05T18:33:00.000Z,340,false
V005446,OOMS,SVMI,2026-01-04T17:02:00.000Z,2026-01-05T09:16:00.000Z,340,false
V005447,SVMI,OYSN,2026-01-04T04:34:00.000Z,2026-01-04T19:26:00.000Z,320,false
V005448,OYSN,SVMI,2026-01-03T21:33:00.000Z,2026-01-04T12:25:00.000Z,300,false
V005449,SVMI,OYSN,2026-01-04T15:01:00.000Z,2026-01-05T05:53:00.000Z,360,false
V005450,OYSN,SVMI,2026-01-04T06:42:00.000Z,2026-01-04T21:34:00.000Z,320,false
V005451,SVMI,OYSN,2026-01-04T18:52:00.000Z,2026-01-05T09:44:00.000Z,320,false
V005452,OYSN,SVMI,2026-01-04T14:16:00.000Z,2026-01-05T05:08:00.000Z,320,false
V005453,SVMI,OYSN,2026-01-05T03:47:00.000Z,2026-01-05T18:39:00.000Z,360,false
V005454,OYSN,SVMI,2026-01-04T19:18:00.000Z,2026-01-05T10:10:00.000Z,300,false
V005455,SVMI,OPKC,2026-01-04T07:38:00.000Z,2026-01-05T00:49:00.000Z,340,false
V005456,OPKC,SVMI,2026-01-03T21:13:00.000Z,2026-01-04T14:24:00.000Z,360,false
V005457,SVMI,OPKC,2026-01-04T15:28:00.000Z,2026-01-05T08:39:00.000Z,360,false
V005458,OPKC,SVMI,2026-01-04T06:32:00.000Z,2026-01-04T23:43:00.000Z,300,false
V005459,SVMI,OPKC,2026-01-04T16:58:00.000Z,2026-01-05T10:09:00.000Z,320,false
V005460,OPKC,SVMI,2026-01-04T07:41:00.000Z,2026-01-05T00:52:00.000Z,360,false
V005461,SVMI,OPKC,2026-01-05T03:23:00.000Z,2026-01-04T20:34:00.000Z,320,false
V005462,OPKC,SVMI,2026-01-04T17:13:00.000Z,2026-01-05T10:24:00.000Z,320,false
V005463,SVMI,UBBB,2026-01-04T06:50:00.000Z,2026-01-04T21:11:00.000Z,360,false
V005464,UBBB,SVMI,2026-01-04T03:41:00.000Z,2026-01-04T18:02:00.000Z,360,false
V005465,SVMI,UBBB,2026-01-04T12:43:00.000Z,2026-01-05T03:04:00.000Z,320,false
V005466,UBBB,SVMI,2026-01-04T09:32:00.000Z,2026-01-04T23:53:00.000Z,320,false
V005467,SVMI,UBBB,2026-01-04T16:36:00.000Z,2026-01-05T06:57:00.000Z,340,false
V005468,UBBB,SVMI,2026-01-04T11:27:00.000Z,2026-01-05T01:48:00.000Z,360,false
V005469,SVMI,UBBB,2026-01-05T01:32:00.000Z,2026-01-05T15:53:00.000Z,300,false
V005470,UBBB,SVMI,2026-01-04T18:29:00.000Z,2026-01-05T08:50:00.000Z,320,false
V005471,SVMI,OJAI,2026-01-04T06:13:00.000Z,2026-01-04T19:23:00.000Z,300,false
V005472,OJAI,SVMI,2026-01-04T03:58:00.000Z,2026-01-04T17:08:00.000Z,340,false
V005473,SVMI,OJAI,2026-01-04T15:46:00.000Z,2026-01-05T04:56:00.000Z,300,false
V005474,OJAI,SVMI,2026-01-04T09:17:00.000Z,2026-01-04T22:27:00.000Z,340,false
V005475,SVMI,OJAI,2026-01-04T21:28:00.000Z,2026-01-05T10:38:00.000Z,320,false
V005476,OJAI,SVMI,2026-01-04T18:44:00.000Z,2026-01-05T07:54:00.000Z,340,false
V005477,SBBR,SPIM,2026-01-04T10:06:00.000Z,2026-01-04T14:11:00.000Z,340,false
V005478,SPIM,SBBR,2026-01-04T05:48:00.000Z,2026-01-04T09:53:00.000Z,300,false
V005479,SBBR,SPIM,2026-01-04T16:38:00.000Z,2026-01-04T20:43:00.000Z,320,false
V005480,SPIM,SBBR,2026-01-04T23:19:00.000Z,2026-01-05T03:24:00.000Z,340,false
V005481,SBBR,SLLP,2026-01-04T03:10:00.000Z,2026-01-04T06:00:00.000Z,360,false
V005482,SLLP,SBBR,2026-01-04T05:33:00.000Z,2026-01-04T08:23:00.000Z,320,false
V005483,SBBR,SLLP,2026-01-04T09:40:00.000Z,2026-01-04T12:30:00.000Z,360,false
V005484,SLLP,SBBR,2026-01-04T15:07:00.000Z,2026-01-04T17:57:00.000Z,300,false
V005485,SBBR,SLLP,2026-01-04T17:47:00.000Z,2026-01-04T20:37:00.000Z,340,false
V005486,SLLP,SBBR,2026-01-04T20:07:00.000Z,2026-01-04T22:57:00.000Z,360,false
V005487,SBBR,SLLP,2026-01-04T21:31:00.000Z,2026-01-05T00:21:00.000Z,320,false
V005488,SLLP,SBBR,2026-01-05T00:13:00.000Z,2026-01-05T03:03:00.000Z,320,false
V005489,SBBR,SCEL,2026-01-04T03:17:00.000Z,2026-01-04T07:08:00.000Z,340,false
V005490,SCEL,SBBR,2026-01-04T13:28:00.000Z,2026-01-04T17:19:00.000Z,320,false
V005491,SBBR,SCEL,2026-01-04T23:02:00.000Z,2026-01-05T02:53:00.000Z,300,false
V005492,SCEL,SBBR,2026-01-04T20:38:00.000Z,2026-01-05T00:29:00.000Z,360,false
V005493,SBBR,SABE,2026-01-04T06:01:00.000Z,2026-01-04T09:00:00.000Z,360,false
V005494,SABE,SBBR,2026-01-04T04:24:00.000Z,2026-01-04T07:23:00.000Z,320,false
V005495,SBBR,SABE,2026-01-04T12:57:00.000Z,2026-01-04T15:56:00.000Z,360,false
V005496,SABE,SBBR,2026-01-04T12:22:00.000Z,2026-01-04T15:21:00.000Z,320,false
V005497,SBBR,SABE,2026-01-04T16:24:00.000Z,2026-01-04T19:23:00.000Z,320,false
V005498,SABE,SBBR,2026-01-04T15:15:00.000Z,2026-01-04T18:14:00.000Z,320,false
V005499,SBBR,SABE,2026-01-05T01:01:00.000Z,2026-01-05T04:00:00.000Z,300,false
V005500,SABE,SBBR,2026-01-04T21:06:00.000Z,2026-01-05T00:05:00.000Z,360,false
V005501,SBBR,SGAS,2026-01-04T05:00:00.000Z,2026-01-04T06:55:00.000Z,320,false
V005502,SGAS,SBBR,2026-01-04T04:51:00.000Z,2026-01-04T06:46:00.000Z,300,false
V005503,SBBR,SGAS,2026-01-04T14:36:00.000Z,2026-01-04T16:31:00.000Z,300,false
V005504,SGAS,SBBR,2026-01-04T11:28:00.000Z,2026-01-04T13:23:00.000Z,360,false
V005505,SBBR,SGAS,2026-01-04T18:19:00.000Z,2026-01-04T20:14:00.000Z,320,false
V005506,SGAS,SBBR,2026-01-04T21:19:00.000Z,2026-01-04T23:14:00.000Z,300,false
V005507,SBBR,SGAS,2026-01-04T22:05:00.000Z,2026-01-05T00:00:00.000Z,360,false
V005508,SGAS,SBBR,2026-01-04T22:40:00.000Z,2026-01-05T00:35:00.000Z,300,false
V005509,SBBR,SUAA,2026-01-04T08:25:00.000Z,2026-01-04T11:18:00.000Z,360,false
V005510,SUAA,SBBR,2026-01-04T06:28:00.000Z,2026-01-04T09:21:00.000Z,300,false
V005511,SBBR,SUAA,2026-01-04T13:12:00.000Z,2026-01-04T16:05:00.000Z,360,false
V005512,SUAA,SBBR,2026-01-04T12:00:00.000Z,2026-01-04T14:53:00.000Z,340,false
V005513,SBBR,SUAA,2026-01-04T16:02:00.000Z,2026-01-04T18:55:00.000Z,320,false
V005514,SUAA,SBBR,2026-01-04T17:36:00.000Z,2026-01-04T20:29:00.000Z,340,false
V005515,SBBR,SUAA,2026-01-04T23:00:00.000Z,2026-01-05T01:53:00.000Z,340,false
V005516,SUAA,SBBR,2026-01-04T21:16:00.000Z,2026-01-05T00:09:00.000Z,320,false
V005517,SBBR,LATI,2026-01-04T05:14:00.000Z,2026-01-04T16:48:00.000Z,300,false
V005518,LATI,SBBR,2026-01-04T03:17:00.000Z,2026-01-04T14:51:00.000Z,360,false
V005519,SBBR,LATI,2026-01-04T11:00:00.000Z,2026-01-04T22:34:00.000Z,340,false
V005520,LATI,SBBR,2026-01-04T09:35:00.000Z,2026-01-04T21:09:00.000Z,320,false
V005521,SBBR,LATI,2026-01-04T23:01:00.000Z,2026-01-05T10:35:00.000Z,300,false
V005522,LATI,SBBR,2026-01-04T14:55:00.000Z,2026-01-05T02:29:00.000Z,320,false
V005523,SBBR,EDDI,2026-01-04T07:16:00.000Z,2026-01-04T19:06:00.000Z,360,false
V005524,EDDI,SBBR,2026-01-04T05:42:00.000Z,2026-01-04T17:32:00.000Z,340,false
V005525,SBBR,EDDI,2026-01-05T00:42:00.000Z,2026-01-05T12:32:00.000Z,340,false
V005526,EDDI,SBBR,2026-01-04T18:08:00.000Z,2026-01-05T05:58:00.000Z,300,false
V005527,SBBR,LOWW,2026-01-04T09:10:00.000Z,2026-01-04T20:56:00.000Z,360,false
V005528,LOWW,SBBR,2026-01-04T04:35:00.000Z,2026-01-04T16:21:00.000Z,320,false
V005529,SBBR,LOWW,2026-01-04T22:23:00.000Z,2026-01-05T10:09:00.000Z,360,false
V005530,LOWW,SBBR,2026-01-04T18:19:00.000Z,2026-01-05T06:05:00.000Z,320,false
V005531,SBBR,EBCI,2026-01-04T04:41:00.000Z,2026-01-04T15:43:00.000Z,320,false
V005532,EBCI,SBBR,2026-01-04T02:53:00.000Z,2026-01-04T13:55:00.000Z,320,false
V005533,SBBR,EBCI,2026-01-04T12:22:00.000Z,2026-01-04T23:24:00.000Z,300,false
V005534,EBCI,SBBR,2026-01-04T07:43:00.000Z,2026-01-04T18:45:00.000Z,340,false
V005535,SBBR,EBCI,2026-01-04T15:04:00.000Z,2026-01-05T02:06:00.000Z,300,false
V005536,EBCI,SBBR,2026-01-04T11:29:00.000Z,2026-01-04T22:31:00.000Z,300,false
V005537,SBBR,EBCI,2026-01-05T02:50:00.000Z,2026-01-05T13:52:00.000Z,340,false
V005538,EBCI,SBBR,2026-01-04T21:47:00.000Z,2026-01-05T08:49:00.000Z,360,false
V005539,SBBR,UMMS,2026-01-04T07:23:00.000Z,2026-01-04T20:25:00.000Z,340,false
V005540,UMMS,SBBR,2026-01-04T01:59:00.000Z,2026-01-04T15:01:00.000Z,300,false
V005541,SBBR,UMMS,2026-01-04T17:51:00.000Z,2026-01-05T06:53:00.000Z,340,false
V005542,UMMS,SBBR,2026-01-04T06:01:00.000Z,2026-01-04T19:03:00.000Z,360,false
V005543,SBBR,UMMS,2026-01-05T00:15:00.000Z,2026-01-05T13:17:00.000Z,340,false
V005544,UMMS,SBBR,2026-01-04T15:59:00.000Z,2026-01-05T05:01:00.000Z,340,false
V005545,SBBR,LBSF,2026-01-04T10:16:00.000Z,2026-01-04T22:16:00.000Z,360,false
V005546,LBSF,SBBR,2026-01-03T22:48:00.000Z,2026-01-04T10:48:00.000Z,360,false
V005547,SBBR,LBSF,2026-01-04T12:30:00.000Z,2026-01-05T00:30:00.000Z,320,false
V005548,LBSF,SBBR,2026-01-04T07:05:00.000Z,2026-01-04T19:05:00.000Z,320,false
V005549,SBBR,LBSF,2026-01-05T02:27:00.000Z,2026-01-05T14:27:00.000Z,360,false
V005550,LBSF,SBBR,2026-01-04T18:14:00.000Z,2026-01-05T06:14:00.000Z,320,false
V005551,SBBR,LKPR,2026-01-04T08:37:00.000Z,2026-01-04T20:23:00.000Z,300,false
V005552,LKPR,SBBR,2026-01-04T02:18:00.000Z,2026-01-04T14:04:00.000Z,300,false
V005553,SBBR,LKPR,2026-01-04T10:28:00.000Z,2026-01-04T22:14:00.000Z,360,false
V005554,LKPR,SBBR,2026-01-04T06:01:00.000Z,2026-01-04T17:47:00.000Z,340,false
V005555,SBBR,LKPR,2026-01-04T17:41:00.000Z,2026-01-05T05:27:00.000Z,300,false
V005556,LKPR,SBBR,2026-01-04T15:37:00.000Z,2026-01-05T03:23:00.000Z,360,false
V005557,SBBR,LKPR,2026-01-05T02:21:00.000Z,2026-01-05T14:07:00.000Z,320,false
V005558,LKPR,SBBR,2026-01-04T17:41:00.000Z,2026-01-05T05:27:00.000Z,320,false
V005559,SBBR,LDZA,2026-01-04T05:15:00.000Z,2026-01-04T16:49:00.000Z,300,false
V005560,LDZA,SBBR,2026-01-04T03:22:00.000Z,2026-01-04T14:56:00.000Z,360,false
V005561,SBBR,LDZA,2026-01-04T18:15:00.000Z,2026-01-05T05:49:00.000Z,360,false
V005562,LDZA,SBBR,2026-01-04T07:38:00.000Z,2026-01-04T19:12:00.000Z,340,false
V005563,SBBR,LDZA,2026-01-04T19:54:00.000Z,2026-01-05T07:28:00.000Z,320,false
V005564,LDZA,SBBR,2026-01-04T20:07:00.000Z,2026-01-05T07:41:00.000Z,340,false
V005565,SBBR,EKCH,2026-01-04T05:19:00.000Z,2026-01-04T17:19:00.000Z,360,false
V005566,EKCH,SBBR,2026-01-04T00:04:00.000Z,2026-01-04T12:04:00.000Z,320,false
V005567,SBBR,EKCH,2026-01-04T17:04:00.000Z,2026-01-05T05:04:00.000Z,320,false
V005568,EKCH,SBBR,2026-01-04T11:50:00.000Z,2026-01-04T23:50:00.000Z,360,false
V005569,SBBR,EKCH,2026-01-04T21:30:00.000Z,2026-01-05T09:30:00.000Z,320,false
V005570,EKCH,SBBR,2026-01-04T20:07:00.000Z,2026-01-05T08:07:00.000Z,320,false
V005571,SBBR,EHAM,2026-01-04T05:29:00.000Z,2026-01-04T16:42:00.000Z,360,false
V005572,EHAM,SBBR,2026-01-04T00:03:00.000Z,2026-01-04T11:16:00.000Z,320,false
V005573,SBBR,EHAM,2026-01-04T16:30:00.000Z,2026-01-05T03:43:00.000Z,320,false
V005574,EHAM,SBBR,2026-01-04T14:48:00.000Z,2026-01-05T02:01:00.000Z,340,false
V005575,SBBR,VIDP,2026-01-04T07:33:00.000Z,2026-01-05T01:17:00.000Z,320,false
V005576,VIDP,SBBR,2026-01-04T02:14:00.000Z,2026-01-04T19:58:00.000Z,300,false
V005577,SBBR,VIDP,2026-01-04T17:24:00.000Z,2026-01-05T11:08:00.000Z,360,false
V005578,VIDP,SBBR,2026-01-04T06:02:00.000Z,2026-01-04T23:46:00.000Z,320,false
V005579,SBBR,VIDP,2026-01-04T19:24:00.000Z,2026-01-05T13:08:00.000Z,360,false
V005580,VIDP,SBBR,2026-01-04T14:39:00.000Z,2026-01-05T08:23:00.000Z,360,false
V005581,SBBR,OSDI,2026-01-04T08:58:00.000Z,2026-01-04T21:53:00.000Z,360,false
V005582,OSDI,SBBR,2026-01-03T22:28:00.000Z,2026-01-04T11:23:00.000Z,320,false
V005583,SBBR,OSDI,2026-01-04T12:51:00.000Z,2026-01-05T01:46:00.000Z,300,false
V005584,OSDI,SBBR,2026-01-04T09:55:00.000Z,2026-01-04T22:50:00.000Z,320,false
V005585,SBBR,OSDI,2026-01-04T20:12:00.000Z,2026-01-05T09:07:00.000Z,360,false
V005586,OSDI,SBBR,2026-01-04T13:20:00.000Z,2026-01-05T02:15:00.000Z,360,false
V005587,SBBR,OAKB,2026-01-04T08:02:00.000Z,2026-01-05T00:47:00.000Z,320,false
V005588,OAKB,SBBR,2026-01-03T23:42:00.000Z,2026-01-04T16:27:00.000Z,360,false
V005589,SBBR,OAKB,2026-01-04T13:51:00.000Z,2026-01-05T06:36:00.000Z,300,false
V005590,OAKB,SBBR,2026-01-04T09:53:00.000Z,2026-01-05T02:38:00.000Z,300,false
V005591,SBBR,OAKB,2026-01-04T21:22:00.000Z,2026-01-05T14:07:00.000Z,340,false
V005592,OAKB,SBBR,2026-01-04T19:26:00.000Z,2026-01-05T12:11:00.000Z,320,false
V005593,SBBR,OOMS,2026-01-04T07:09:00.000Z,2026-01-04T22:26:00.000Z,360,false
V005594,OOMS,SBBR,2026-01-04T01:14:00.000Z,2026-01-04T16:31:00.000Z,340,false
V005595,SBBR,OOMS,2026-01-04T14:06:00.000Z,2026-01-05T05:23:00.000Z,300,false
V005596,OOMS,SBBR,2026-01-04T06:38:00.000Z,2026-01-04T21:55:00.000Z,360,false
V005597,SBBR,OOMS,2026-01-04T18:47:00.000Z,2026-01-05T10:04:00.000Z,320,false
V005598,OOMS,SBBR,2026-01-04T09:47:00.000Z,2026-01-05T01:04:00.000Z,340,false
V005599,SBBR,OOMS,2026-01-04T22:07:00.000Z,2026-01-05T13:24:00.000Z,360,false
V005600,OOMS,SBBR,2026-01-04T18:37:00.000Z,2026-01-05T09:54:00.000Z,360,false
V005601,SBBR,OYSN,2026-01-04T06:48:00.000Z,2026-01-04T20:03:00.000Z,300,false
V005602,OYSN,SBBR,2026-01-04T00:10:00.000Z,2026-01-04T13:25:00.000Z,340,false
V005603,SBBR,OYSN,2026-01-04T18:56:00.000Z,2026-01-05T08:11:00.000Z,340,false
V005604,OYSN,SBBR,2026-01-04T10:11:00.000Z,2026-01-04T23:26:00.000Z,360,false
V005605,SBBR,OYSN,2026-01-05T02:56:00.000Z,2026-01-05T16:11:00.000Z,300,false
V005606,OYSN,SBBR,2026-01-04T16:55:00.000Z,2026-01-05T06:10:00.000Z,360,false
V005607,SBBR,OPKC,2026-01-04T07:15:00.000Z,2026-01-04T23:42:00.000Z,300,false
V005608,OPKC,SBBR,2026-01-04T05:19:00.000Z,2026-01-04T21:46:00.000Z,360,false
V005609,SBBR,UBBB,2026-01-04T08:35:00.000Z,2026-01-04T23:15:00.000Z,300,false
V005610,UBBB,SBBR,2026-01-03T22:49:00.000Z,2026-01-04T13:29:00.000Z,340,false
V005611,SBBR,UBBB,2026-01-04T09:45:00.000Z,2026-01-05T00:25:00.000Z,320,false
V005612,UBBB,SBBR,2026-01-04T05:13:00.000Z,2026-01-04T19:53:00.000Z,340,false
V005613,SBBR,UBBB,2026-01-04T20:10:00.000Z,2026-01-05T10:50:00.000Z,360,false
V005614,UBBB,SBBR,2026-01-04T11:42:00.000Z,2026-01-05T02:22:00.000Z,360,false
V005615,SBBR,UBBB,2026-01-04T21:38:00.000Z,2026-01-05T12:18:00.000Z,360,false
V005616,UBBB,SBBR,2026-01-04T21:38:00.000Z,2026-01-05T12:18:00.000Z,300,false
V005617,SBBR,OJAI,2026-01-04T08:42:00.000Z,2026-01-04T21:26:00.000Z,340,false
V005618,OJAI,SBBR,2026-01-03T22:30:00.000Z,2026-01-04T11:14:00.000Z,300,false
V005619,SBBR,OJAI,2026-01-04T09:35:00.000Z,2026-01-04T22:19:00.000Z,320,false
V005620,OJAI,SBBR,2026-01-04T06:08:00.000Z,2026-01-04T18:52:00.000Z,340,false
V005621,SBBR,OJAI,2026-01-04T15:59:00.000Z,2026-01-05T04:43:00.000Z,340,false
V005622,OJAI,SBBR,2026-01-04T13:18:00.000Z,2026-01-05T02:02:00.000Z,320,false
V005623,SBBR,OJAI,2026-01-04T22:47:00.000Z,2026-01-05T11:31:00.000Z,300,false
V005624,OJAI,SBBR,2026-01-04T20:25:00.000Z,2026-01-05T09:09:00.000Z,320,false
V005625,SPIM,SLLP,2026-01-04T05:21:00.000Z,2026-01-04T06:41:00.000Z,300,false
V005626,SLLP,SPIM,2026-01-04T09:33:00.000Z,2026-01-04T10:53:00.000Z,340,false
V005627,SPIM,SLLP,2026-01-04T14:22:00.000Z,2026-01-04T15:42:00.000Z,320,false
V005628,SLLP,SPIM,2026-01-04T15:54:00.000Z,2026-01-04T17:14:00.000Z,300,false
V005629,SPIM,SLLP,2026-01-04T21:09:00.000Z,2026-01-04T22:29:00.000Z,300,false
V005630,SLLP,SPIM,2026-01-04T20:24:00.000Z,2026-01-04T21:44:00.000Z,320,false
V005631,SPIM,SLLP,2026-01-04T23:05:00.000Z,2026-01-05T00:25:00.000Z,320,false
V005632,SLLP,SPIM,2026-01-05T03:52:00.000Z,2026-01-05T05:12:00.000Z,340,false
V005633,SPIM,SCEL,2026-01-04T08:11:00.000Z,2026-01-04T11:15:00.000Z,340,false
V005634,SCEL,SPIM,2026-01-04T08:58:00.000Z,2026-01-04T12:02:00.000Z,360,false
V005635,SPIM,SCEL,2026-01-04T13:59:00.000Z,2026-01-04T17:03:00.000Z,340,false
V005636,SCEL,SPIM,2026-01-04T16:23:00.000Z,2026-01-04T19:27:00.000Z,300,false
V005637,SPIM,SCEL,2026-01-05T00:34:00.000Z,2026-01-05T03:38:00.000Z,300,false
V005638,SCEL,SPIM,2026-01-04T21:42:00.000Z,2026-01-05T00:46:00.000Z,360,false
V005639,SPIM,SABE,2026-01-04T10:20:00.000Z,2026-01-04T14:14:00.000Z,300,false
V005640,SABE,SPIM,2026-01-04T06:16:00.000Z,2026-01-04T10:10:00.000Z,340,false
V005641,SPIM,SABE,2026-01-04T11:35:00.000Z,2026-01-04T15:29:00.000Z,360,false
V005642,SABE,SPIM,2026-01-04T13:38:00.000Z,2026-01-04T17:32:00.000Z,360,false
V005643,SPIM,SABE,2026-01-04T20:03:00.000Z,2026-01-04T23:57:00.000Z,340,false
V005644,SABE,SPIM,2026-01-04T15:02:00.000Z,2026-01-04T18:56:00.000Z,300,false
V005645,SPIM,SABE,2026-01-04T23:02:00.000Z,2026-01-05T02:56:00.000Z,340,false
V005646,SABE,SPIM,2026-01-05T00:41:00.000Z,2026-01-05T04:35:00.000Z,300,false
V005647,SPIM,SGAS,2026-01-04T06:32:00.000Z,2026-01-04T09:44:00.000Z,320,false
V005648,SGAS,SPIM,2026-01-04T10:47:00.000Z,2026-01-04T13:59:00.000Z,320,false
V005649,SPIM,SGAS,2026-01-05T02:32:00.000Z,2026-01-05T05:44:00.000Z,360,false
V005650,SGAS,SPIM,2026-01-05T03:01:00.000Z,2026-01-05T06:13:00.000Z,340,false
V005651,SPIM,SUAA,2026-01-04T12:09:00.000Z,2026-01-04T16:13:00.000Z,300,false
V005652,SUAA,SPIM,2026-01-04T03:30:00.000Z,2026-01-04T07:34:00.000Z,300,false
V005653,SPIM,SUAA,2026-01-04T20:55:00.000Z,2026-01-05T00:59:00.000Z,340,false
V005654,SUAA,SPIM,2026-01-04T15:41:00.000Z,2026-01-04T19:45:00.000Z,340,false
V005655,SPIM,SUAA,2026-01-04T22:51:00.000Z,2026-01-05T02:55:00.000Z,360,false
V005656,SUAA,SPIM,2026-01-04T23:39:00.000Z,2026-01-05T03:43:00.000Z,300,false
V005657,SPIM,LATI,2026-01-04T10:13:00.000Z,2026-01-05T00:32:00.000Z,320,false
V005658,LATI,SPIM,2026-01-04T04:54:00.000Z,2026-01-04T19:13:00.000Z,340,false
V005659,SPIM,LATI,2026-01-04T16:01:00.000Z,2026-01-05T06:20:00.000Z,360,false
V005660,LATI,SPIM,2026-01-04T08:42:00.000Z,2026-01-04T23:01:00.000Z,320,false
V005661,SPIM,LATI,2026-01-05T04:03:00.000Z,2026-01-05T18:22:00.000Z,300,false
V005662,LATI,SPIM,2026-01-04T16:37:00.000Z,2026-01-05T06:56:00.000Z,360,false
V005663,SPIM,EDDI,2026-01-04T10:21:00.000Z,2026-01-05T00:15:00.000Z,340,false
V005664,EDDI,SPIM,2026-01-04T01:05:00.000Z,2026-01-04T14:59:00.000Z,360,false
V005665,SPIM,EDDI,2026-01-04T16:41:00.000Z,2026-01-05T06:35:00.000Z,320,false
V005666,EDDI,SPIM,2026-01-04T08:49:00.000Z,2026-01-04T22:43:00.000Z,360,false
V005667,SPIM,EDDI,2026-01-04T17:58:00.000Z,2026-01-05T07:52:00.000Z,320,false
V005668,EDDI,SPIM,2026-01-04T13:55:00.000Z,2026-01-05T03:49:00.000Z,360,false
V005669,SPIM,EDDI,2026-01-05T00:27:00.000Z,2026-01-05T14:21:00.000Z,360,false
V005670,EDDI,SPIM,2026-01-04T19:24:00.000Z,2026-01-05T09:18:00.000Z,340,false
V005671,SPIM,LOWW,2026-01-04T07:01:00.000Z,2026-01-04T21:07:00.000Z,300,false
V005672,LOWW,SPIM,2026-01-04T20:25:00.000Z,2026-01-05T10:31:00.000Z,300,false
V005673,SPIM,EBCI,2026-01-04T05:58:00.000Z,2026-01-04T19:02:00.000Z,360,false
V005674,EBCI,SPIM,2026-01-04T02:38:00.000Z,2026-01-04T15:42:00.000Z,320,false
V005675,SPIM,EBCI,2026-01-04T13:07:00.000Z,2026-01-05T02:11:00.000Z,320,false
V005676,EBCI,SPIM,2026-01-04T05:36:00.000Z,2026-01-04T18:40:00.000Z,340,false
V005677,SPIM,EBCI,2026-01-04T19:50:00.000Z,2026-01-05T08:54:00.000Z,360,false
V005678,EBCI,SPIM,2026-01-04T10:56:00.000Z,2026-01-05T00:00:00.000Z,320,false
V005679,SPIM,EBCI,2026-01-05T02:20:00.000Z,2026-01-05T15:24:00.000Z,320,false
V005680,EBCI,SPIM,2026-01-04T20:18:00.000Z,2026-01-05T09:22:00.000Z,360,false
V005681,SPIM,UMMS,2026-01-04T05:01:00.000Z,2026-01-04T20:12:00.000Z,320,false
V005682,UMMS,SPIM,2026-01-04T01:39:00.000Z,2026-01-04T16:50:00.000Z,300,false
V005683,SPIM,UMMS,2026-01-04T14:12:00.000Z,2026-01-05T05:23:00.000Z,320,false
V005684,UMMS,SPIM,2026-01-04T08:33:00.000Z,2026-01-04T23:44:00.000Z,360,false
V005685,SPIM,UMMS,2026-01-04T17:11:00.000Z,2026-01-05T08:22:00.000Z,360,false
V005686,UMMS,SPIM,2026-01-04T11:08:00.000Z,2026-01-05T02:19:00.000Z,340,false
V005687,SPIM,UMMS,2026-01-05T04:08:00.000Z,2026-01-05T19:19:00.000Z,320,false
V005688,UMMS,SPIM,2026-01-04T18:07:00.000Z,2026-01-05T09:18:00.000Z,360,false
V005689,SPIM,LBSF,2026-01-04T10:38:00.000Z,2026-01-05T01:22:00.000Z,360,false
V005690,LBSF,SPIM,2026-01-04T00:56:00.000Z,2026-01-04T15:40:00.000Z,360,false
V005691,SPIM,LBSF,2026-01-04T14:51:00.000Z,2026-01-05T05:35:00.000Z,340,false
V005692,LBSF,SPIM,2026-01-04T07:01:00.000Z,2026-01-04T21:45:00.000Z,320,false
V005693,SPIM,LBSF,2026-01-04T20:16:00.000Z,2026-01-05T11:00:00.000Z,340,false
V005694,LBSF,SPIM,2026-01-04T14:24:00.000Z,2026-01-05T05:08:00.000Z,320,false
V005695,SPIM,LBSF,2026-01-05T01:23:00.000Z,2026-01-05T16:07:00.000Z,360,false
V005696,LBSF,SPIM,2026-01-04T15:12:00.000Z,2026-01-05T05:56:00.000Z,300,false
V005697,SPIM,LKPR,2026-01-04T09:31:00.000Z,2026-01-04T23:28:00.000Z,360,false
V005698,LKPR,SPIM,2026-01-04T00:10:00.000Z,2026-01-04T14:07:00.000Z,360,false
V005699,SPIM,LKPR,2026-01-04T13:39:00.000Z,2026-01-05T03:36:00.000Z,340,false
V005700,LKPR,SPIM,2026-01-04T08:55:00.000Z,2026-01-04T22:52:00.000Z,340,false
V005701,SPIM,LKPR,2026-01-04T20:18:00.000Z,2026-01-05T10:15:00.000Z,360,false
V005702,LKPR,SPIM,2026-01-04T15:09:00.000Z,2026-01-05T05:06:00.000Z,300,false
V005703,SPIM,LKPR,2026-01-05T01:04:00.000Z,2026-01-05T15:01:00.000Z,320,false
V005704,LKPR,SPIM,2026-01-04T21:26:00.000Z,2026-01-05T11:23:00.000Z,360,false
V005705,SPIM,LDZA,2026-01-04T05:00:00.000Z,2026-01-04T19:04:00.000Z,360,false
V005706,LDZA,SPIM,2026-01-03T22:36:00.000Z,2026-01-04T12:40:00.000Z,320,false
V005707,SPIM,LDZA,2026-01-04T15:11:00.000Z,2026-01-05T05:15:00.000Z,360,false
V005708,LDZA,SPIM,2026-01-04T05:27:00.000Z,2026-01-04T19:31:00.000Z,320,false
V005709,SPIM,LDZA,2026-01-04T19:50:00.000Z,2026-01-05T09:54:00.000Z,320,false
V005710,LDZA,SPIM,2026-01-04T12:15:00.000Z,2026-01-05T02:19:00.000Z,300,false
V005711,SPIM,LDZA,2026-01-05T01:37:00.000Z,2026-01-05T15:41:00.000Z,320,false
V005712,LDZA,SPIM,2026-01-04T20:24:00.000Z,2026-01-05T10:28:00.000Z,300,false
V005713,SPIM,EKCH,2026-01-04T10:28:00.000Z,2026-01-05T00:21:00.000Z,340,false
V005714,EKCH,SPIM,2026-01-04T04:09:00.000Z,2026-01-04T18:02:00.000Z,360,false
V005715,SPIM,EKCH,2026-01-04T18:25:00.000Z,2026-01-05T08:18:00.000Z,340,false
V005716,EKCH,SPIM,2026-01-04T10:05:00.000Z,2026-01-04T23:58:00.000Z,320,false
V005717,SPIM,EKCH,2026-01-05T04:00:00.000Z,2026-01-05T17:53:00.000Z,340,false
V005718,EKCH,SPIM,2026-01-04T21:53:00.000Z,2026-01-05T11:46:00.000Z,360,false
V005719,SPIM,EHAM,2026-01-04T09:14:00.000Z,2026-01-04T22:23:00.000Z,340,false
V005720,EHAM,SPIM,2026-01-03T23:37:00.000Z,2026-01-04T12:46:00.000Z,340,false
V005721,SPIM,EHAM,2026-01-04T11:16:00.000Z,2026-01-05T00:25:00.000Z,360,false
V005722,EHAM,SPIM,2026-01-04T07:40:00.000Z,2026-01-04T20:49:00.000Z,320,false
V005723,SPIM,EHAM,2026-01-04T19:25:00.000Z,2026-01-05T08:34:00.000Z,300,false
V005724,EHAM,SPIM,2026-01-04T14:13:00.000Z,2026-01-05T03:22:00.000Z,320,false
V005725,SPIM,EHAM,2026-01-04T23:05:00.000Z,2026-01-05T12:14:00.000Z,300,false
V005726,EHAM,SPIM,2026-01-04T20:37:00.000Z,2026-01-05T09:46:00.000Z,360,false
V005727,SPIM,VIDP,2026-01-04T07:23:00.000Z,2026-01-05T04:29:00.000Z,360,false
V005728,VIDP,SPIM,2026-01-04T02:55:00.000Z,2026-01-05T00:01:00.000Z,340,false
V005729,SPIM,VIDP,2026-01-04T18:05:00.000Z,2026-01-05T15:11:00.000Z,320,false
V005730,VIDP,SPIM,2026-01-04T05:39:00.000Z,2026-01-05T02:45:00.000Z,300,false
V005731,SPIM,VIDP,2026-01-05T00:22:00.000Z,2026-01-04T21:28:00.000Z,300,false
V005732,VIDP,SPIM,2026-01-04T11:33:00.000Z,2026-01-05T08:39:00.000Z,340,false
V005733,SPIM,OSDI,2026-01-04T07:28:00.000Z,2026-01-04T23:39:00.000Z,320,false
V005734,OSDI,SPIM,2026-01-04T00:57:00.000Z,2026-01-04T17:08:00.000Z,340,false
V005735,SPIM,OSDI,2026-01-04T14:18:00.000Z,2026-01-05T06:29:00.000Z,300,false
V005736,OSDI,SPIM,2026-01-04T07:09:00.000Z,2026-01-04T23:20:00.000Z,340,false
V005737,SPIM,OSDI,2026-01-04T22:18:00.000Z,2026-01-05T14:29:00.000Z,360,false
V005738,OSDI,SPIM,2026-01-04T10:46:00.000Z,2026-01-05T02:57:00.000Z,320,false
V005739,SPIM,OSDI,2026-01-05T04:04:00.000Z,2026-01-05T20:15:00.000Z,320,false
V005740,OSDI,SPIM,2026-01-04T16:40:00.000Z,2026-01-05T08:51:00.000Z,340,false
V005741,SPIM,OAKB,2026-01-04T10:01:00.000Z,2026-01-05T05:53:00.000Z,360,false
V005742,OAKB,SPIM,2026-01-03T23:28:00.000Z,2026-01-04T19:20:00.000Z,340,false
V005743,SPIM,OAKB,2026-01-04T11:04:00.000Z,2026-01-05T06:56:00.000Z,320,false
V005744,OAKB,SPIM,2026-01-04T06:13:00.000Z,2026-01-05T02:05:00.000Z,340,false
V005745,SPIM,OAKB,2026-01-04T19:22:00.000Z,2026-01-05T15:14:00.000Z,320,false
V005746,OAKB,SPIM,2026-01-04T09:44:00.000Z,2026-01-05T05:36:00.000Z,340,false
V005747,SPIM,OAKB,2026-01-05T04:25:00.000Z,2026-01-05T00:17:00.000Z,320,false
V005748,OAKB,SPIM,2026-01-04T14:44:00.000Z,2026-01-05T10:36:00.000Z,320,false
V005749,SPIM,OOMS,2026-01-04T14:07:00.000Z,2026-01-05T09:07:00.000Z,300,false
V005750,OOMS,SPIM,2026-01-04T07:57:00.000Z,2026-01-05T02:57:00.000Z,300,false
V005751,SPIM,OOMS,2026-01-04T23:54:00.000Z,2026-01-05T18:54:00.000Z,320,false
V005752,OOMS,SPIM,2026-01-04T15:21:00.000Z,2026-01-05T10:21:00.000Z,340,false
V005753,SPIM,OYSN,2026-01-04T09:58:00.000Z,2026-01-05T03:08:00.000Z,320,false
V005754,OYSN,SPIM,2026-01-03T21:38:00.000Z,2026-01-04T14:48:00.000Z,300,false
V005755,SPIM,OYSN,2026-01-04T12:16:00.000Z,2026-01-05T05:26:00.000Z,300,false
V005756,OYSN,SPIM,2026-01-04T05:29:00.000Z,2026-01-04T22:39:00.000Z,360,false
V005757,SPIM,OYSN,2026-01-04T18:28:00.000Z,2026-01-05T11:38:00.000Z,340,false
V005758,OYSN,SPIM,2026-01-04T09:42:00.000Z,2026-01-05T02:52:00.000Z,300,false
V005759,SPIM,OYSN,2026-01-05T00:38:00.000Z,2026-01-05T17:48:00.000Z,360,false
V005760,OYSN,SPIM,2026-01-04T19:44:00.000Z,2026-01-05T12:54:00.000Z,300,false
V005761,SPIM,OPKC,2026-01-04T05:58:00.000Z,2026-01-05T02:05:00.000Z,360,false
V005762,OPKC,SPIM,2026-01-04T01:47:00.000Z,2026-01-04T21:54:00.000Z,340,false
V005763,SPIM,UBBB,2026-01-04T08:34:00.000Z,2026-01-05T02:09:00.000Z,340,false
V005764,UBBB,SPIM,2026-01-04T02:01:00.000Z,2026-01-04T19:36:00.000Z,340,false
V005765,SPIM,UBBB,2026-01-04T15:01:00.000Z,2026-01-05T08:36:00.000Z,300,false
V005766,UBBB,SPIM,2026-01-04T06:26:00.000Z,2026-01-05T00:01:00.000Z,320,false
V005767,SPIM,UBBB,2026-01-04T22:08:00.000Z,2026-01-05T15:43:00.000Z,340,false
V005768,UBBB,SPIM,2026-01-04T15:53:00.000Z,2026-01-05T09:28:00.000Z,300,false
V005769,SPIM,OJAI,2026-01-04T07:02:00.000Z,2026-01-04T23:06:00.000Z,300,false
V005770,OJAI,SPIM,2026-01-04T01:21:00.000Z,2026-01-04T17:25:00.000Z,360,false
V005771,SPIM,OJAI,2026-01-04T13:47:00.000Z,2026-01-05T05:51:00.000Z,360,false
V005772,OJAI,SPIM,2026-01-04T08:43:00.000Z,2026-01-05T00:47:00.000Z,340,false
V005773,SPIM,OJAI,2026-01-04T20:56:00.000Z,2026-01-05T13:00:00.000Z,360,false
V005774,OJAI,SPIM,2026-01-04T10:52:00.000Z,2026-01-05T02:56:00.000Z,360,false
V005775,SPIM,OJAI,2026-01-05T02:18:00.000Z,2026-01-05T18:22:00.000Z,360,false
V005776,OJAI,SPIM,2026-01-04T17:24:00.000Z,2026-01-05T09:28:00.000Z,360,false
V005777,SLLP,SCEL,2026-01-04T05:01:00.000Z,2026-01-04T07:24:00.000Z,320,false
V005778,SCEL,SLLP,2026-01-04T08:58:00.000Z,2026-01-04T11:21:00.000Z,340,false
V005779,SLLP,SCEL,2026-01-04T13:52:00.000Z,2026-01-04T16:15:00.000Z,320,false
V005780,SCEL,SLLP,2026-01-04T14:00:00.000Z,2026-01-04T16:23:00.000Z,300,false
V005781,SLLP,SCEL,2026-01-04T20:36:00.000Z,2026-01-04T22:59:00.000Z,340,false
V005782,SCEL,SLLP,2026-01-04T16:53:00.000Z,2026-01-04T19:16:00.000Z,360,false
V005783,SLLP,SCEL,2026-01-05T03:48:00.000Z,2026-01-05T06:11:00.000Z,320,false
V005784,SCEL,SLLP,2026-01-05T01:21:00.000Z,2026-01-05T03:44:00.000Z,360,false
V005785,SLLP,SABE,2026-01-04T07:52:00.000Z,2026-01-04T10:40:00.000Z,300,false
V005786,SABE,SLLP,2026-01-04T06:13:00.000Z,2026-01-04T09:01:00.000Z,340,false
V005787,SLLP,SABE,2026-01-04T19:32:00.000Z,2026-01-04T22:20:00.000Z,320,false
V005788,SABE,SLLP,2026-01-04T18:54:00.000Z,2026-01-04T21:42:00.000Z,300,false
V005789,SLLP,SABE,2026-01-05T03:42:00.000Z,2026-01-05T06:30:00.000Z,340,false
V005790,SABE,SLLP,2026-01-04T20:47:00.000Z,2026-01-04T23:35:00.000Z,300,false
V005791,SLLP,SGAS,2026-01-04T09:14:00.000Z,2026-01-04T11:08:00.000Z,360,false
V005792,SGAS,SLLP,2026-01-04T05:54:00.000Z,2026-01-04T07:48:00.000Z,320,false
V005793,SLLP,SGAS,2026-01-04T13:46:00.000Z,2026-01-04T15:40:00.000Z,300,false
V005794,SGAS,SLLP,2026-01-04T11:56:00.000Z,2026-01-04T13:50:00.000Z,340,false
V005795,SLLP,SGAS,2026-01-04T21:26:00.000Z,2026-01-04T23:20:00.000Z,300,false
V005796,SGAS,SLLP,2026-01-04T18:23:00.000Z,2026-01-04T20:17:00.000Z,320,false
V005797,SLLP,SGAS,2026-01-05T01:31:00.000Z,2026-01-05T03:25:00.000Z,360,false
V005798,SGAS,SLLP,2026-01-05T03:06:00.000Z,2026-01-05T05:00:00.000Z,320,false
V005799,SLLP,SUAA,2026-01-04T09:25:00.000Z,2026-01-04T12:21:00.000Z,300,false
V005800,SUAA,SLLP,2026-01-04T07:08:00.000Z,2026-01-04T10:04:00.000Z,340,false
V005801,SLLP,SUAA,2026-01-04T14:13:00.000Z,2026-01-04T17:09:00.000Z,360,false
V005802,SUAA,SLLP,2026-01-04T11:39:00.000Z,2026-01-04T14:35:00.000Z,340,false
V005803,SLLP,SUAA,2026-01-04T23:36:00.000Z,2026-01-05T02:32:00.000Z,300,false
V005804,SUAA,SLLP,2026-01-04T21:14:00.000Z,2026-01-05T00:10:00.000Z,320,false
V005805,SLLP,LATI,2026-01-04T09:36:00.000Z,2026-01-04T23:20:00.000Z,360,false
V005806,LATI,SLLP,2026-01-04T00:42:00.000Z,2026-01-04T14:26:00.000Z,360,false
V005807,SLLP,EDDI,2026-01-04T09:53:00.000Z,2026-01-04T23:28:00.000Z,360,false
V005808,EDDI,SLLP,2026-01-04T02:57:00.000Z,2026-01-04T16:32:00.000Z,300,false
V005809,SLLP,EDDI,2026-01-04T10:06:00.000Z,2026-01-04T23:41:00.000Z,300,false
V005810,EDDI,SLLP,2026-01-04T09:14:00.000Z,2026-01-04T22:49:00.000Z,360,false
V005811,SLLP,EDDI,2026-01-04T18:24:00.000Z,2026-01-05T07:59:00.000Z,320,false
V005812,EDDI,SLLP,2026-01-04T12:26:00.000Z,2026-01-05T02:01:00.000Z,300,false
V005813,SLLP,EDDI,2026-01-05T01:40:00.000Z,2026-01-05T15:15:00.000Z,360,false
V005814,EDDI,SLLP,2026-01-04T18:40:00.000Z,2026-01-05T08:15:00.000Z,300,false
V005815,SLLP,LOWW,2026-01-04T09:57:00.000Z,2026-01-04T23:38:00.000Z,320,false
V005816,LOWW,SLLP,2026-01-04T01:01:00.000Z,2026-01-04T14:42:00.000Z,300,false
V005817,SLLP,LOWW,2026-01-04T14:24:00.000Z,2026-01-05T04:05:00.000Z,300,false
V005818,LOWW,SLLP,2026-01-04T09:03:00.000Z,2026-01-04T22:44:00.000Z,340,false
V005819,SLLP,LOWW,2026-01-04T18:28:00.000Z,2026-01-05T08:09:00.000Z,360,false
V005820,LOWW,SLLP,2026-01-04T11:50:00.000Z,2026-01-05T01:31:00.000Z,300,false
V005821,SLLP,LOWW,2026-01-04T22:26:00.000Z,2026-01-05T12:07:00.000Z,340,false
V005822,LOWW,SLLP,2026-01-04T17:01:00.000Z,2026-01-05T06:42:00.000Z,360,false
V005823,SLLP,EBCI,2026-01-04T09:52:00.000Z,2026-01-04T22:37:00.000Z,360,false
V005824,EBCI,SLLP,2026-01-04T01:41:00.000Z,2026-01-04T14:26:00.000Z,320,false
V005825,SLLP,EBCI,2026-01-04T10:58:00.000Z,2026-01-04T23:43:00.000Z,300,false
V005826,EBCI,SLLP,2026-01-04T09:11:00.000Z,2026-01-04T21:56:00.000Z,360,false
V005827,SLLP,EBCI,2026-01-04T19:37:00.000Z,2026-01-05T08:22:00.000Z,320,false
V005828,EBCI,SLLP,2026-01-04T10:35:00.000Z,2026-01-04T23:20:00.000Z,300,false
V005829,SLLP,EBCI,2026-01-05T01:08:00.000Z,2026-01-05T13:53:00.000Z,320,false
V005830,EBCI,SLLP,2026-01-04T17:09:00.000Z,2026-01-05T05:54:00.000Z,320,false
V005831,SLLP,UMMS,2026-01-04T05:36:00.000Z,2026-01-04T20:28:00.000Z,320,false
V005832,UMMS,SLLP,2026-01-04T08:47:00.000Z,2026-01-04T23:39:00.000Z,340,false
V005833,SLLP,LBSF,2026-01-04T09:01:00.000Z,2026-01-04T23:11:00.000Z,340,false
V005834,LBSF,SLLP,2026-01-04T04:30:00.000Z,2026-01-04T18:40:00.000Z,360,false
V005835,SLLP,LBSF,2026-01-04T15:57:00.000Z,2026-01-05T06:07:00.000Z,340,false
V005836,LBSF,SLLP,2026-01-04T10:04:00.000Z,2026-01-05T00:14:00.000Z,360,false
V005837,SLLP,LBSF,2026-01-05T03:15:00.000Z,2026-01-05T17:25:00.000Z,320,false
V005838,LBSF,SLLP,2026-01-04T13:11:00.000Z,2026-01-05T03:21:00.000Z,320,false
V005839,SLLP,LKPR,2026-01-04T05:00:00.000Z,2026-01-04T18:35:00.000Z,360,false
V005840,LKPR,SLLP,2026-01-03T22:30:00.000Z,2026-01-04T12:05:00.000Z,300,false
V005841,SLLP,LKPR,2026-01-04T12:57:00.000Z,2026-01-05T02:32:00.000Z,300,false
V005842,LKPR,SLLP,2026-01-04T04:26:00.000Z,2026-01-04T18:01:00.000Z,320,false
V005843,SLLP,LKPR,2026-01-04T21:44:00.000Z,2026-01-05T11:19:00.000Z,340,false
V005844,LKPR,SLLP,2026-01-04T10:30:00.000Z,2026-01-05T00:05:00.000Z,360,false
V005845,SLLP,LKPR,2026-01-04T23:47:00.000Z,2026-01-05T13:22:00.000Z,360,false
V005846,LKPR,SLLP,2026-01-04T21:39:00.000Z,2026-01-05T11:14:00.000Z,300,false
V005847,SLLP,LDZA,2026-01-04T16:53:00.000Z,2026-01-05T06:28:00.000Z,320,false
V005848,LDZA,SLLP,2026-01-04T08:10:00.000Z,2026-01-04T21:45:00.000Z,340,false
V005849,SLLP,EKCH,2026-01-04T08:32:00.000Z,2026-01-04T22:10:00.000Z,340,false
V005850,EKCH,SLLP,2026-01-03T22:54:00.000Z,2026-01-04T12:32:00.000Z,320,false
V005851,SLLP,EKCH,2026-01-04T12:29:00.000Z,2026-01-05T02:07:00.000Z,360,false
V005852,EKCH,SLLP,2026-01-04T05:48:00.000Z,2026-01-04T19:26:00.000Z,320,false
V005853,SLLP,EKCH,2026-01-04T19:08:00.000Z,2026-01-05T08:46:00.000Z,320,false
V005854,EKCH,SLLP,2026-01-04T14:33:00.000Z,2026-01-05T04:11:00.000Z,340,false
V005855,SLLP,EKCH,2026-01-05T01:41:00.000Z,2026-01-05T15:19:00.000Z,340,false
V005856,EKCH,SLLP,2026-01-04T16:48:00.000Z,2026-01-05T06:26:00.000Z,340,false
V005857,SLLP,EHAM,2026-01-04T18:39:00.000Z,2026-01-05T07:31:00.000Z,340,false
V005858,EHAM,SLLP,2026-01-03T23:27:00.000Z,2026-01-04T12:19:00.000Z,320,false
V005859,SLLP,VIDP,2026-01-04T06:55:00.000Z,2026-01-05T03:16:00.000Z,320,false
V005860,VIDP,SLLP,2026-01-03T19:33:00.000Z,2026-01-04T15:54:00.000Z,320,false
V005861,SLLP,VIDP,2026-01-04T11:34:00.000Z,2026-01-05T07:55:00.000Z,340,false
V005862,VIDP,SLLP,2026-01-04T02:15:00.000Z,2026-01-04T22:36:00.000Z,320,false
V005863,SLLP,VIDP,2026-01-04T21:33:00.000Z,2026-01-05T17:54:00.000Z,300,false
V005864,VIDP,SLLP,2026-01-04T09:31:00.000Z,2026-01-05T05:52:00.000Z,340,false
V005865,SLLP,VIDP,2026-01-04T23:14:00.000Z,2026-01-04T19:35:00.000Z,360,false
V005866,VIDP,SLLP,2026-01-04T17:37:00.000Z,2026-01-05T13:58:00.000Z,360,false
V005867,SLLP,OSDI,2026-01-04T12:52:00.000Z,2026-01-05T04:17:00.000Z,320,false
V005868,OSDI,SLLP,2026-01-04T02:50:00.000Z,2026-01-04T18:15:00.000Z,300,false
V005869,SLLP,OSDI,2026-01-04T18:49:00.000Z,2026-01-05T10:14:00.000Z,340,false
V005870,OSDI,SLLP,2026-01-04T09:49:00.000Z,2026-01-05T01:14:00.000Z,300,false
V005871,SLLP,OAKB,2026-01-04T11:55:00.000Z,2026-01-05T07:09:00.000Z,340,false
V005872,OAKB,SLLP,2026-01-03T21:23:00.000Z,2026-01-04T16:37:00.000Z,360,false
V005873,SLLP,OAKB,2026-01-04T17:31:00.000Z,2026-01-05T12:45:00.000Z,300,false
V005874,OAKB,SLLP,2026-01-04T07:54:00.000Z,2026-01-05T03:08:00.000Z,320,false
V005875,SLLP,OAKB,2026-01-05T01:21:00.000Z,2026-01-04T20:35:00.000Z,360,false
V005876,OAKB,SLLP,2026-01-04T13:08:00.000Z,2026-01-05T08:22:00.000Z,300,false
V005877,SLLP,OOMS,2026-01-04T09:30:00.000Z,2026-01-05T03:31:00.000Z,360,false
V005878,OOMS,SLLP,2026-01-03T20:15:00.000Z,2026-01-04T14:16:00.000Z,300,false
V005879,SLLP,OOMS,2026-01-04T10:40:00.000Z,2026-01-05T04:41:00.000Z,300,false
V005880,OOMS,SLLP,2026-01-04T02:34:00.000Z,2026-01-04T20:35:00.000Z,360,false
V005881,SLLP,OOMS,2026-01-04T17:16:00.000Z,2026-01-05T11:17:00.000Z,300,false
V005882,OOMS,SLLP,2026-01-04T12:02:00.000Z,2026-01-05T06:03:00.000Z,360,false
V005883,SLLP,OOMS,2026-01-05T03:44:00.000Z,2026-01-04T21:45:00.000Z,300,false
V005884,OOMS,SLLP,2026-01-04T15:28:00.000Z,2026-01-05T09:29:00.000Z,340,false
V005885,SLLP,OYSN,2026-01-04T06:41:00.000Z,2026-01-04T22:44:00.000Z,300,false
V005886,OYSN,SLLP,2026-01-04T00:39:00.000Z,2026-01-04T16:42:00.000Z,300,false
V005887,SLLP,OYSN,2026-01-04T13:15:00.000Z,2026-01-05T05:18:00.000Z,340,false
V005888,OYSN,SLLP,2026-01-04T05:30:00.000Z,2026-01-04T21:33:00.000Z,340,false
V005889,SLLP,OYSN,2026-01-04T18:01:00.000Z,2026-01-05T10:04:00.000Z,320,false
V005890,OYSN,SLLP,2026-01-04T12:43:00.000Z,2026-01-05T04:46:00.000Z,300,false
V005891,SLLP,OYSN,2026-01-05T01:58:00.000Z,2026-01-05T18:01:00.000Z,300,false
V005892,OYSN,SLLP,2026-01-04T20:43:00.000Z,2026-01-05T12:46:00.000Z,320,false
V005893,SLLP,OPKC,2026-01-04T04:33:00.000Z,2026-01-04T23:44:00.000Z,340,false
V005894,OPKC,SLLP,2026-01-03T20:29:00.000Z,2026-01-04T15:40:00.000Z,360,false
V005895,SLLP,OPKC,2026-01-04T11:57:00.000Z,2026-01-05T07:08:00.000Z,300,false
V005896,OPKC,SLLP,2026-01-04T01:15:00.000Z,2026-01-04T20:26:00.000Z,360,false
V005897,SLLP,OPKC,2026-01-04T20:48:00.000Z,2026-01-05T15:59:00.000Z,300,false
V005898,OPKC,SLLP,2026-01-04T12:53:00.000Z,2026-01-05T08:04:00.000Z,360,false
V005899,SLLP,OPKC,2026-01-05T01:08:00.000Z,2026-01-04T20:19:00.000Z,320,false
V005900,OPKC,SLLP,2026-01-04T13:11:00.000Z,2026-01-05T08:22:00.000Z,320,false
V005901,SLLP,UBBB,2026-01-04T08:30:00.000Z,2026-01-05T01:30:00.000Z,320,false
V005902,UBBB,SLLP,2026-01-03T22:16:00.000Z,2026-01-04T15:16:00.000Z,320,false
V005903,SLLP,UBBB,2026-01-04T15:09:00.000Z,2026-01-05T08:09:00.000Z,320,false
V005904,UBBB,SLLP,2026-01-04T07:33:00.000Z,2026-01-05T00:33:00.000Z,300,false
V005905,SLLP,UBBB,2026-01-04T16:45:00.000Z,2026-01-05T09:45:00.000Z,320,false
V005906,UBBB,SLLP,2026-01-04T10:53:00.000Z,2026-01-05T03:53:00.000Z,300,false
V005907,SLLP,UBBB,2026-01-04T22:54:00.000Z,2026-01-05T15:54:00.000Z,300,false
V005908,UBBB,SLLP,2026-01-04T17:25:00.000Z,2026-01-05T10:25:00.000Z,320,false
V005909,SLLP,OJAI,2026-01-04T04:30:00.000Z,2026-01-04T19:45:00.000Z,320,false
V005910,OJAI,SLLP,2026-01-03T21:42:00.000Z,2026-01-04T12:57:00.000Z,340,false
V005911,SLLP,OJAI,2026-01-04T15:40:00.000Z,2026-01-05T06:55:00.000Z,320,false
V005912,OJAI,SLLP,2026-01-04T12:07:00.000Z,2026-01-05T03:22:00.000Z,360,false
V005913,SLLP,OJAI,2026-01-04T20:33:00.000Z,2026-01-05T11:48:00.000Z,360,false
V005914,OJAI,SLLP,2026-01-04T16:11:00.000Z,2026-01-05T07:26:00.000Z,340,false
V005915,SCEL,SABE,2026-01-04T10:14:00.000Z,2026-01-04T11:38:00.000Z,340,false
V005916,SABE,SCEL,2026-01-04T07:53:00.000Z,2026-01-04T09:17:00.000Z,320,false
V005917,SCEL,SABE,2026-01-04T17:58:00.000Z,2026-01-04T19:22:00.000Z,360,false
V005918,SABE,SCEL,2026-01-04T17:26:00.000Z,2026-01-04T18:50:00.000Z,360,false
V005919,SCEL,SGAS,2026-01-04T08:19:00.000Z,2026-01-04T10:15:00.000Z,320,false
V005920,SGAS,SCEL,2026-01-04T04:04:00.000Z,2026-01-04T06:00:00.000Z,360,false
V005921,SCEL,SGAS,2026-01-04T09:14:00.000Z,2026-01-04T11:10:00.000Z,360,false
V005922,SGAS,SCEL,2026-01-04T10:47:00.000Z,2026-01-04T12:43:00.000Z,320,false
V005923,SCEL,SGAS,2026-01-04T19:46:00.000Z,2026-01-04T21:42:00.000Z,320,false
V005924,SGAS,SCEL,2026-01-04T21:20:00.000Z,2026-01-04T23:16:00.000Z,340,false
V005925,SCEL,SGAS,2026-01-05T00:38:00.000Z,2026-01-05T02:34:00.000Z,360,false
V005926,SGAS,SCEL,2026-01-04T22:37:00.000Z,2026-01-05T00:33:00.000Z,340,false
V005927,SCEL,SUAA,2026-01-04T22:05:00.000Z,2026-01-04T23:43:00.000Z,300,false
V005928,SUAA,SCEL,2026-01-05T02:55:00.000Z,2026-01-05T04:33:00.000Z,360,false
V005929,SCEL,LATI,2026-01-04T09:48:00.000Z,2026-01-05T01:13:00.000Z,340,false
V005930,LATI,SCEL,2026-01-04T07:35:00.000Z,2026-01-04T23:00:00.000Z,320,false
V005931,SCEL,EDDI,2026-01-04T06:52:00.000Z,2026-01-04T22:27:00.000Z,300,false
V005932,EDDI,SCEL,2026-01-04T04:37:00.000Z,2026-01-04T20:12:00.000Z,360,false
V005933,SCEL,EDDI,2026-01-04T17:54:00.000Z,2026-01-05T09:29:00.000Z,340,false
V005934,EDDI,SCEL,2026-01-04T20:43:00.000Z,2026-01-05T12:18:00.000Z,360,false
V005935,SCEL,LOWW,2026-01-04T04:18:00.000Z,2026-01-04T19:53:00.000Z,340,false
V005936,LOWW,SCEL,2026-01-04T01:10:00.000Z,2026-01-04T16:45:00.000Z,320,false
V005937,SCEL,LOWW,2026-01-04T10:53:00.000Z,2026-01-05T02:28:00.000Z,300,false
V005938,LOWW,SCEL,2026-01-04T08:36:00.000Z,2026-01-05T00:11:00.000Z,340,false
V005939,SCEL,LOWW,2026-01-04T18:21:00.000Z,2026-01-05T09:56:00.000Z,320,false
V005940,LOWW,SCEL,2026-01-04T10:05:00.000Z,2026-01-05T01:40:00.000Z,300,false
V005941,SCEL,LOWW,2026-01-04T22:55:00.000Z,2026-01-05T14:30:00.000Z,320,false
V005942,LOWW,SCEL,2026-01-04T21:54:00.000Z,2026-01-05T13:29:00.000Z,360,false
V005943,SCEL,EBCI,2026-01-04T05:59:00.000Z,2026-01-04T20:45:00.000Z,340,false
V005944,EBCI,SCEL,2026-01-04T01:05:00.000Z,2026-01-04T15:51:00.000Z,300,false
V005945,SCEL,EBCI,2026-01-04T11:47:00.000Z,2026-01-05T02:33:00.000Z,320,false
V005946,EBCI,SCEL,2026-01-04T09:32:00.000Z,2026-01-05T00:18:00.000Z,320,false
V005947,SCEL,EBCI,2026-01-04T16:03:00.000Z,2026-01-05T06:49:00.000Z,360,false
V005948,EBCI,SCEL,2026-01-04T11:13:00.000Z,2026-01-05T01:59:00.000Z,360,false
V005949,SCEL,EBCI,2026-01-05T00:28:00.000Z,2026-01-05T15:14:00.000Z,340,false
V005950,EBCI,SCEL,2026-01-04T20:08:00.000Z,2026-01-05T10:54:00.000Z,300,false
V005951,SCEL,UMMS,2026-01-04T09:43:00.000Z,2026-01-05T02:33:00.000Z,360,false
V005952,UMMS,SCEL,2026-01-03T22:36:00.000Z,2026-01-04T15:26:00.000Z,340,false
V005953,SCEL,UMMS,2026-01-04T13:41:00.000Z,2026-01-05T06:31:00.000Z,360,false
V005954,UMMS,SCEL,2026-01-04T05:38:00.000Z,2026-01-04T22:28:00.000Z,340,false
V005955,SCEL,UMMS,2026-01-05T00:19:00.000Z,2026-01-05T17:09:00.000Z,360,false
V005956,UMMS,SCEL,2026-01-04T13:28:00.000Z,2026-01-05T06:18:00.000Z,360,false
V005957,SCEL,LBSF,2026-01-04T10:46:00.000Z,2026-01-05T02:37:00.000Z,320,false
V005958,LBSF,SCEL,2026-01-04T02:46:00.000Z,2026-01-04T18:37:00.000Z,360,false
V005959,SCEL,LBSF,2026-01-04T16:52:00.000Z,2026-01-05T08:43:00.000Z,300,false
V005960,LBSF,SCEL,2026-01-04T08:39:00.000Z,2026-01-05T00:30:00.000Z,320,false
V005961,SCEL,LBSF,2026-01-04T20:28:00.000Z,2026-01-05T12:19:00.000Z,300,false
V005962,LBSF,SCEL,2026-01-04T19:24:00.000Z,2026-01-05T11:15:00.000Z,300,false
V005963,SCEL,LKPR,2026-01-04T03:42:00.000Z,2026-01-04T19:15:00.000Z,340,false
V005964,LKPR,SCEL,2026-01-03T22:04:00.000Z,2026-01-04T13:37:00.000Z,320,false
V005965,SCEL,LKPR,2026-01-04T14:04:00.000Z,2026-01-05T05:37:00.000Z,360,false
V005966,LKPR,SCEL,2026-01-04T12:04:00.000Z,2026-01-05T03:37:00.000Z,320,false
V005967,SCEL,LKPR,2026-01-05T01:55:00.000Z,2026-01-05T17:28:00.000Z,360,false
V005968,LKPR,SCEL,2026-01-04T21:52:00.000Z,2026-01-05T13:25:00.000Z,320,false
V005969,SCEL,LDZA,2026-01-04T14:31:00.000Z,2026-01-05T05:55:00.000Z,320,false
V005970,LDZA,SCEL,2026-01-04T05:50:00.000Z,2026-01-04T21:14:00.000Z,360,false
V005971,SCEL,LDZA,2026-01-05T01:04:00.000Z,2026-01-05T16:28:00.000Z,320,false
V005972,LDZA,SCEL,2026-01-04T10:46:00.000Z,2026-01-05T02:10:00.000Z,300,false
V005973,SCEL,EKCH,2026-01-04T08:04:00.000Z,2026-01-04T23:46:00.000Z,300,false
V005974,EKCH,SCEL,2026-01-03T22:47:00.000Z,2026-01-04T14:29:00.000Z,320,false
V005975,SCEL,EKCH,2026-01-04T17:51:00.000Z,2026-01-05T09:33:00.000Z,320,false
V005976,EKCH,SCEL,2026-01-04T11:53:00.000Z,2026-01-05T03:35:00.000Z,340,false
V005977,SCEL,EKCH,2026-01-04T19:04:00.000Z,2026-01-05T10:46:00.000Z,360,false
V005978,EKCH,SCEL,2026-01-04T21:35:00.000Z,2026-01-05T13:17:00.000Z,320,false
V005979,SCEL,EHAM,2026-01-04T03:10:00.000Z,2026-01-04T18:05:00.000Z,320,false
V005980,EHAM,SCEL,2026-01-03T23:10:00.000Z,2026-01-04T14:05:00.000Z,340,false
V005981,SCEL,EHAM,2026-01-04T10:34:00.000Z,2026-01-05T01:29:00.000Z,320,false
V005982,EHAM,SCEL,2026-01-04T06:13:00.000Z,2026-01-04T21:08:00.000Z,340,false
V005983,SCEL,EHAM,2026-01-04T18:33:00.000Z,2026-01-05T09:28:00.000Z,300,false
V005984,EHAM,SCEL,2026-01-04T14:51:00.000Z,2026-01-05T05:46:00.000Z,360,false
V005985,SCEL,EHAM,2026-01-05T01:09:00.000Z,2026-01-05T16:04:00.000Z,360,false
V005986,EHAM,SCEL,2026-01-04T16:05:00.000Z,2026-01-05T07:00:00.000Z,300,false
V005987,SCEL,VIDP,2026-01-05T02:08:00.000Z,2026-01-04T23:17:00.000Z,320,false
V005988,VIDP,SCEL,2026-01-04T08:18:00.000Z,2026-01-05T05:27:00.000Z,360,false
V005989,SCEL,OSDI,2026-01-04T07:02:00.000Z,2026-01-04T23:44:00.000Z,340,false
V005990,OSDI,SCEL,2026-01-04T02:06:00.000Z,2026-01-04T18:48:00.000Z,320,false
V005991,SCEL,OSDI,2026-01-04T11:45:00.000Z,2026-01-05T04:27:00.000Z,340,false
V005992,OSDI,SCEL,2026-01-04T06:23:00.000Z,2026-01-04T23:05:00.000Z,340,false
V005993,SCEL,OSDI,2026-01-04T18:16:00.000Z,2026-01-05T10:58:00.000Z,340,false
V005994,OSDI,SCEL,2026-01-04T10:26:00.000Z,2026-01-05T03:08:00.000Z,320,false
V005995,SCEL,OSDI,2026-01-05T02:20:00.000Z,2026-01-05T19:02:00.000Z,320,false
V005996,OSDI,SCEL,2026-01-04T19:23:00.000Z,2026-01-05T12:05:00.000Z,320,false
V005997,SCEL,OAKB,2026-01-04T03:39:00.000Z,2026-01-05T00:04:00.000Z,340,false
V005998,OAKB,SCEL,2026-01-03T20:36:00.000Z,2026-01-04T17:01:00.000Z,340,false
V005999,SCEL,OAKB,2026-01-04T17:48:00.000Z,2026-01-05T14:13:00.000Z,300,false
V006000,OAKB,SCEL,2026-01-04T09:26:00.000Z,2026-01-05T05:51:00.000Z,320,false
V006001,SCEL,OAKB,2026-01-04T23:19:00.000Z,2026-01-05T19:44:00.000Z,300,false
V006002,OAKB,SCEL,2026-01-04T15:09:00.000Z,2026-01-05T11:34:00.000Z,320,false
V006003,SCEL,OOMS,2026-01-04T09:46:00.000Z,2026-01-05T04:26:00.000Z,360,false
V006004,OOMS,SCEL,2026-01-04T03:57:00.000Z,2026-01-04T22:37:00.000Z,360,false
V006005,SCEL,OOMS,2026-01-04T12:11:00.000Z,2026-01-05T06:51:00.000Z,340,false
V006006,OOMS,SCEL,2026-01-04T10:44:00.000Z,2026-01-05T05:24:00.000Z,320,false
V006007,SCEL,OOMS,2026-01-05T00:56:00.000Z,2026-01-05T19:36:00.000Z,320,false
V006008,OOMS,SCEL,2026-01-04T17:45:00.000Z,2026-01-05T12:25:00.000Z,300,false
V006009,SCEL,OYSN,2026-01-04T06:35:00.000Z,2026-01-04T23:06:00.000Z,320,false
V006010,OYSN,SCEL,2026-01-03T21:37:00.000Z,2026-01-04T14:08:00.000Z,320,false
V006011,SCEL,OYSN,2026-01-04T11:48:00.000Z,2026-01-05T04:19:00.000Z,320,false
V006012,OYSN,SCEL,2026-01-04T06:03:00.000Z,2026-01-04T22:34:00.000Z,340,false
V006013,SCEL,OYSN,2026-01-04T20:35:00.000Z,2026-01-05T13:06:00.000Z,300,false
V006014,OYSN,SCEL,2026-01-04T09:53:00.000Z,2026-01-05T02:24:00.000Z,340,false
V006015,SCEL,OYSN,2026-01-04T22:28:00.000Z,2026-01-05T14:59:00.000Z,340,false
V006016,OYSN,SCEL,2026-01-04T18:08:00.000Z,2026-01-05T10:39:00.000Z,300,false
V006017,SCEL,OPKC,2026-01-04T06:47:00.000Z,2026-01-05T02:34:00.000Z,320,false
V006018,OPKC,SCEL,2026-01-03T19:04:00.000Z,2026-01-04T14:51:00.000Z,320,false
V006019,SCEL,OPKC,2026-01-04T10:12:00.000Z,2026-01-05T05:59:00.000Z,340,false
V006020,OPKC,SCEL,2026-01-04T04:32:00.000Z,2026-01-05T00:19:00.000Z,360,false
V006021,SCEL,OPKC,2026-01-04T18:49:00.000Z,2026-01-05T14:36:00.000Z,300,false
V006022,OPKC,SCEL,2026-01-04T08:53:00.000Z,2026-01-05T04:40:00.000Z,300,false
V006023,SCEL,OPKC,2026-01-04T22:37:00.000Z,2026-01-05T18:24:00.000Z,300,false
V006024,OPKC,SCEL,2026-01-04T17:30:00.000Z,2026-01-05T13:17:00.000Z,300,false
V006025,SCEL,UBBB,2026-01-04T07:17:00.000Z,2026-01-05T01:46:00.000Z,320,false
V006026,UBBB,SCEL,2026-01-04T02:39:00.000Z,2026-01-04T21:08:00.000Z,320,false
V006027,SCEL,UBBB,2026-01-04T18:36:00.000Z,2026-01-05T13:05:00.000Z,360,false
V006028,UBBB,SCEL,2026-01-04T10:20:00.000Z,2026-01-05T04:49:00.000Z,300,false
V006029,SCEL,UBBB,2026-01-04T21:00:00.000Z,2026-01-05T15:29:00.000Z,360,false
V006030,UBBB,SCEL,2026-01-04T17:43:00.000Z,2026-01-05T12:12:00.000Z,320,false
V006031,SCEL,OJAI,2026-01-04T05:54:00.000Z,2026-01-04T22:22:00.000Z,340,false
V006032,OJAI,SCEL,2026-01-03T22:33:00.000Z,2026-01-04T15:01:00.000Z,340,false
V006033,SCEL,OJAI,2026-01-04T13:34:00.000Z,2026-01-05T06:02:00.000Z,300,false
V006034,OJAI,SCEL,2026-01-04T06:49:00.000Z,2026-01-04T23:17:00.000Z,300,false
V006035,SCEL,OJAI,2026-01-04T15:12:00.000Z,2026-01-05T07:40:00.000Z,360,false
V006036,OJAI,SCEL,2026-01-04T09:22:00.000Z,2026-01-05T01:50:00.000Z,320,false
V006037,SCEL,OJAI,2026-01-04T21:53:00.000Z,2026-01-05T14:21:00.000Z,340,false
V006038,OJAI,SCEL,2026-01-04T17:40:00.000Z,2026-01-05T10:08:00.000Z,320,false
V006039,SABE,SGAS,2026-01-04T05:10:00.000Z,2026-01-04T06:25:00.000Z,340,false
V006040,SGAS,SABE,2026-01-04T05:57:00.000Z,2026-01-04T07:12:00.000Z,360,false
V006041,SABE,SGAS,2026-01-04T12:25:00.000Z,2026-01-04T13:40:00.000Z,360,false
V006042,SGAS,SABE,2026-01-04T14:37:00.000Z,2026-01-04T15:52:00.000Z,340,false
V006043,SABE,SGAS,2026-01-04T17:25:00.000Z,2026-01-04T18:40:00.000Z,300,false
V006044,SGAS,SABE,2026-01-04T19:04:00.000Z,2026-01-04T20:19:00.000Z,320,false
V006045,SABE,SGAS,2026-01-04T23:35:00.000Z,2026-01-05T00:50:00.000Z,340,false
V006046,SGAS,SABE,2026-01-04T22:38:00.000Z,2026-01-04T23:53:00.000Z,300,false
V006047,SABE,SUAA,2026-01-04T07:37:00.000Z,2026-01-04T07:50:00.000Z,320,false
V006048,SUAA,SABE,2026-01-04T07:47:00.000Z,2026-01-04T08:00:00.000Z,320,false
V006049,SABE,SUAA,2026-01-04T14:26:00.000Z,2026-01-04T14:39:00.000Z,340,false
V006050,SUAA,SABE,2026-01-04T12:04:00.000Z,2026-01-04T12:17:00.000Z,320,false
V006051,SABE,SUAA,2026-01-04T20:46:00.000Z,2026-01-04T20:59:00.000Z,360,false
V006052,SUAA,SABE,2026-01-04T20:12:00.000Z,2026-01-04T20:25:00.000Z,360,false
V006053,SABE,SUAA,2026-01-05T01:21:00.000Z,2026-01-05T01:34:00.000Z,320,false
V006054,SUAA,SABE,2026-01-05T00:18:00.000Z,2026-01-05T00:31:00.000Z,360,false
V006055,SABE,LATI,2026-01-04T11:09:00.000Z,2026-01-05T01:34:00.000Z,340,false
V006056,LATI,SABE,2026-01-03T23:30:00.000Z,2026-01-04T13:55:00.000Z,340,false
V006057,SABE,LATI,2026-01-04T22:46:00.000Z,2026-01-05T13:11:00.000Z,300,false
V006058,LATI,SABE,2026-01-04T17:26:00.000Z,2026-01-05T07:51:00.000Z,300,false
V006059,SABE,EDDI,2026-01-04T03:13:00.000Z,2026-01-04T18:02:00.000Z,300,false
V006060,EDDI,SABE,2026-01-04T03:11:00.000Z,2026-01-04T18:00:00.000Z,320,false
V006061,SABE,EDDI,2026-01-04T16:40:00.000Z,2026-01-05T07:29:00.000Z,320,false
V006062,EDDI,SABE,2026-01-04T12:25:00.000Z,2026-01-05T03:14:00.000Z,340,false
V006063,SABE,EDDI,2026-01-04T23:46:00.000Z,2026-01-05T14:35:00.000Z,320,false
V006064,EDDI,SABE,2026-01-04T15:08:00.000Z,2026-01-05T05:57:00.000Z,320,false
V006065,SABE,LOWW,2026-01-04T07:56:00.000Z,2026-01-04T22:39:00.000Z,360,false
V006066,LOWW,SABE,2026-01-04T04:24:00.000Z,2026-01-04T19:07:00.000Z,300,false
V006067,SABE,LOWW,2026-01-04T11:24:00.000Z,2026-01-05T02:07:00.000Z,300,false
V006068,LOWW,SABE,2026-01-04T10:23:00.000Z,2026-01-05T01:06:00.000Z,360,false
V006069,SABE,LOWW,2026-01-04T19:10:00.000Z,2026-01-05T09:53:00.000Z,340,false
V006070,LOWW,SABE,2026-01-04T14:23:00.000Z,2026-01-05T05:06:00.000Z,320,false
V006071,SABE,EBCI,2026-01-04T06:06:00.000Z,2026-01-04T20:07:00.000Z,360,false
V006072,EBCI,SABE,2026-01-04T02:36:00.000Z,2026-01-04T16:37:00.000Z,340,false
V006073,SABE,EBCI,2026-01-04T10:58:00.000Z,2026-01-05T00:59:00.000Z,360,false
V006074,EBCI,SABE,2026-01-04T07:14:00.000Z,2026-01-04T21:15:00.000Z,360,false
V006075,SABE,EBCI,2026-01-04T17:12:00.000Z,2026-01-05T07:13:00.000Z,320,false
V006076,EBCI,SABE,2026-01-04T10:16:00.000Z,2026-01-05T00:17:00.000Z,340,false
V006077,SABE,EBCI,2026-01-04T22:27:00.000Z,2026-01-05T12:28:00.000Z,340,false
V006078,EBCI,SABE,2026-01-04T18:46:00.000Z,2026-01-05T08:47:00.000Z,340,false
V006079,SABE,UMMS,2026-01-04T05:15:00.000Z,2026-01-04T21:14:00.000Z,340,false
V006080,UMMS,SABE,2026-01-03T23:34:00.000Z,2026-01-04T15:33:00.000Z,340,false
V006081,SABE,UMMS,2026-01-04T18:16:00.000Z,2026-01-05T10:15:00.000Z,320,false
V006082,UMMS,SABE,2026-01-04T11:39:00.000Z,2026-01-05T03:38:00.000Z,300,false
V006083,SABE,UMMS,2026-01-04T23:44:00.000Z,2026-01-05T15:43:00.000Z,340,false
V006084,UMMS,SABE,2026-01-04T18:50:00.000Z,2026-01-05T10:49:00.000Z,300,false
V006085,SABE,LBSF,2026-01-04T04:40:00.000Z,2026-01-04T19:30:00.000Z,300,false
V006086,LBSF,SABE,2026-01-03T21:43:00.000Z,2026-01-04T12:33:00.000Z,320,false
V006087,SABE,LBSF,2026-01-04T18:59:00.000Z,2026-01-05T09:49:00.000Z,300,false
V006088,LBSF,SABE,2026-01-04T05:50:00.000Z,2026-01-04T20:40:00.000Z,360,false
V006089,SABE,LBSF,2026-01-04T21:59:00.000Z,2026-01-05T12:49:00.000Z,360,false
V006090,LBSF,SABE,2026-01-04T20:24:00.000Z,2026-01-05T11:14:00.000Z,320,false
V006091,SABE,LKPR,2026-01-04T04:49:00.000Z,2026-01-04T19:32:00.000Z,360,false
V006092,LKPR,SABE,2026-01-04T01:22:00.000Z,2026-01-04T16:05:00.000Z,300,false
V006093,SABE,LKPR,2026-01-04T14:21:00.000Z,2026-01-05T05:04:00.000Z,340,false
V006094,LKPR,SABE,2026-01-04T04:09:00.000Z,2026-01-04T18:52:00.000Z,300,false
V006095,SABE,LKPR,2026-01-04T20:37:00.000Z,2026-01-05T11:20:00.000Z,340,false
V006096,LKPR,SABE,2026-01-04T14:58:00.000Z,2026-01-05T05:41:00.000Z,320,false
V006097,SABE,LKPR,2026-01-04T23:32:00.000Z,2026-01-05T14:15:00.000Z,320,false
V006098,LKPR,SABE,2026-01-04T17:36:00.000Z,2026-01-05T08:19:00.000Z,360,false
V006099,SABE,LDZA,2026-01-04T10:31:00.000Z,2026-01-05T01:00:00.000Z,300,false
V006100,LDZA,SABE,2026-01-03T23:02:00.000Z,2026-01-04T13:31:00.000Z,300,false
V006101,SABE,LDZA,2026-01-04T11:19:00.000Z,2026-01-05T01:48:00.000Z,360,false
V006102,LDZA,SABE,2026-01-04T11:53:00.000Z,2026-01-05T02:22:00.000Z,360,false
V006103,SABE,LDZA,2026-01-05T02:03:00.000Z,2026-01-05T16:32:00.000Z,300,false
V006104,LDZA,SABE,2026-01-04T18:38:00.000Z,2026-01-05T09:07:00.000Z,300,false
V006105,SABE,EKCH,2026-01-04T08:34:00.000Z,2026-01-04T23:33:00.000Z,340,false
V006106,EKCH,SABE,2026-01-04T03:19:00.000Z,2026-01-04T18:18:00.000Z,320,false
V006107,SABE,EKCH,2026-01-04T10:22:00.000Z,2026-01-05T01:21:00.000Z,320,false
V006108,EKCH,SABE,2026-01-04T05:16:00.000Z,2026-01-04T20:15:00.000Z,300,false
V006109,SABE,EKCH,2026-01-04T16:31:00.000Z,2026-01-05T07:30:00.000Z,360,false
V006110,EKCH,SABE,2026-01-04T10:50:00.000Z,2026-01-05T01:49:00.000Z,360,false
V006111,SABE,EKCH,2026-01-05T02:44:00.000Z,2026-01-05T17:43:00.000Z,320,false
V006112,EKCH,SABE,2026-01-04T16:59:00.000Z,2026-01-05T07:58:00.000Z,300,false
V006113,SABE,EHAM,2026-01-04T21:48:00.000Z,2026-01-05T12:00:00.000Z,300,false
V006114,EHAM,SABE,2026-01-03T23:52:00.000Z,2026-01-04T14:04:00.000Z,340,false
V006115,SABE,VIDP,2026-01-04T04:53:00.000Z,2026-01-05T00:38:00.000Z,340,false
V006116,VIDP,SABE,2026-01-03T20:45:00.000Z,2026-01-04T16:30:00.000Z,360,false
V006117,SABE,VIDP,2026-01-04T09:52:00.000Z,2026-01-05T05:37:00.000Z,300,false
V006118,VIDP,SABE,2026-01-04T01:16:00.000Z,2026-01-04T21:01:00.000Z,340,false
V006119,SABE,VIDP,2026-01-04T20:44:00.000Z,2026-01-05T16:29:00.000Z,300,false
V006120,VIDP,SABE,2026-01-04T09:54:00.000Z,2026-01-05T05:39:00.000Z,300,false
V006121,SABE,VIDP,2026-01-04T22:05:00.000Z,2026-01-05T17:50:00.000Z,320,false
V006122,VIDP,SABE,2026-01-04T15:31:00.000Z,2026-01-05T11:16:00.000Z,320,false
V006123,SABE,OSDI,2026-01-04T04:19:00.000Z,2026-01-04T19:48:00.000Z,300,false
V006124,OSDI,SABE,2026-01-03T21:57:00.000Z,2026-01-04T13:26:00.000Z,360,false
V006125,SABE,OSDI,2026-01-04T11:24:00.000Z,2026-01-05T02:53:00.000Z,340,false
V006126,OSDI,SABE,2026-01-04T08:17:00.000Z,2026-01-04T23:46:00.000Z,340,false
V006127,SABE,OSDI,2026-01-04T20:06:00.000Z,2026-01-05T11:35:00.000Z,340,false
V006128,OSDI,SABE,2026-01-04T13:29:00.000Z,2026-01-05T04:58:00.000Z,320,false
V006129,SABE,OSDI,2026-01-05T00:12:00.000Z,2026-01-05T15:41:00.000Z,320,false
V006130,OSDI,SABE,2026-01-04T20:46:00.000Z,2026-01-05T12:15:00.000Z,300,false
V006131,SABE,OAKB,2026-01-04T07:27:00.000Z,2026-01-05T02:33:00.000Z,360,false
V006132,OAKB,SABE,2026-01-03T22:25:00.000Z,2026-01-04T17:31:00.000Z,320,false
V006133,SABE,OAKB,2026-01-04T09:53:00.000Z,2026-01-05T04:59:00.000Z,320,false
V006134,OAKB,SABE,2026-01-04T06:12:00.000Z,2026-01-05T01:18:00.000Z,360,false
V006135,SABE,OAKB,2026-01-04T20:17:00.000Z,2026-01-05T15:23:00.000Z,360,false
V006136,OAKB,SABE,2026-01-04T09:33:00.000Z,2026-01-05T04:39:00.000Z,320,false
V006137,SABE,OAKB,2026-01-05T01:32:00.000Z,2026-01-04T20:38:00.000Z,360,false
V006138,OAKB,SABE,2026-01-04T15:01:00.000Z,2026-01-05T10:07:00.000Z,340,false
V006139,SABE,OOMS,2026-01-04T04:27:00.000Z,2026-01-04T21:44:00.000Z,320,false
V006140,OOMS,SABE,2026-01-04T00:36:00.000Z,2026-01-04T17:53:00.000Z,360,false
V006141,SABE,OOMS,2026-01-04T10:44:00.000Z,2026-01-05T04:01:00.000Z,340,false
V006142,OOMS,SABE,2026-01-04T02:31:00.000Z,2026-01-04T19:48:00.000Z,340,false
V006143,SABE,OOMS,2026-01-04T19:15:00.000Z,2026-01-05T12:32:00.000Z,340,false
V006144,OOMS,SABE,2026-01-04T13:17:00.000Z,2026-01-05T06:34:00.000Z,300,false
V006145,SABE,OOMS,2026-01-05T01:50:00.000Z,2026-01-05T19:07:00.000Z,300,false
V006146,OOMS,SABE,2026-01-04T18:45:00.000Z,2026-01-05T12:02:00.000Z,320,false
V006147,SABE,OYSN,2026-01-04T07:57:00.000Z,2026-01-04T23:04:00.000Z,340,false
V006148,OYSN,SABE,2026-01-03T23:04:00.000Z,2026-01-04T14:11:00.000Z,300,false
V006149,SABE,OYSN,2026-01-04T17:15:00.000Z,2026-01-05T08:22:00.000Z,340,false
V006150,OYSN,SABE,2026-01-04T05:06:00.000Z,2026-01-04T20:13:00.000Z,340,false
V006151,SABE,OYSN,2026-01-04T19:13:00.000Z,2026-01-05T10:20:00.000Z,360,false
V006152,OYSN,SABE,2026-01-04T16:47:00.000Z,2026-01-05T07:54:00.000Z,320,false
V006153,SABE,OPKC,2026-01-04T03:48:00.000Z,2026-01-04T22:11:00.000Z,300,false
V006154,OPKC,SABE,2026-01-03T20:59:00.000Z,2026-01-04T15:22:00.000Z,320,false
V006155,SABE,OPKC,2026-01-04T11:37:00.000Z,2026-01-05T06:00:00.000Z,300,false
V006156,OPKC,SABE,2026-01-04T04:09:00.000Z,2026-01-04T22:32:00.000Z,360,false
V006157,SABE,OPKC,2026-01-04T19:22:00.000Z,2026-01-05T13:45:00.000Z,360,false
V006158,OPKC,SABE,2026-01-04T10:17:00.000Z,2026-01-05T04:40:00.000Z,360,false
V006159,SABE,OPKC,2026-01-05T01:00:00.000Z,2026-01-04T19:23:00.000Z,300,false
V006160,OPKC,SABE,2026-01-04T15:04:00.000Z,2026-01-05T09:27:00.000Z,360,false
V006161,SABE,UBBB,2026-01-04T06:41:00.000Z,2026-01-04T23:59:00.000Z,300,false
V006162,UBBB,SABE,2026-01-04T03:47:00.000Z,2026-01-04T21:05:00.000Z,300,false
V006163,SABE,UBBB,2026-01-04T10:41:00.000Z,2026-01-05T03:59:00.000Z,360,false
V006164,UBBB,SABE,2026-01-04T05:48:00.000Z,2026-01-04T23:06:00.000Z,360,false
V006165,SABE,UBBB,2026-01-04T17:29:00.000Z,2026-01-05T10:47:00.000Z,300,false
V006166,UBBB,SABE,2026-01-04T13:06:00.000Z,2026-01-05T06:24:00.000Z,360,false
V006167,SABE,UBBB,2026-01-04T23:04:00.000Z,2026-01-05T16:22:00.000Z,320,false
V006168,UBBB,SABE,2026-01-04T20:06:00.000Z,2026-01-05T13:24:00.000Z,320,false
V006169,SABE,OJAI,2026-01-04T04:48:00.000Z,2026-01-04T20:02:00.000Z,320,false
V006170,OJAI,SABE,2026-01-04T03:27:00.000Z,2026-01-04T18:41:00.000Z,300,false
V006171,SABE,OJAI,2026-01-04T16:17:00.000Z,2026-01-05T07:31:00.000Z,320,false
V006172,OJAI,SABE,2026-01-04T10:55:00.000Z,2026-01-05T02:09:00.000Z,360,false
V006173,SGAS,SUAA,2026-01-04T05:19:00.000Z,2026-01-04T06:34:00.000Z,320,false
V006174,SUAA,SGAS,2026-01-04T03:55:00.000Z,2026-01-04T05:10:00.000Z,340,false
V006175,SGAS,SUAA,2026-01-04T14:52:00.000Z,2026-01-04T16:07:00.000Z,300,false
V006176,SUAA,SGAS,2026-01-04T11:59:00.000Z,2026-01-04T13:14:00.000Z,340,false
V006177,SGAS,SUAA,2026-01-04T22:32:00.000Z,2026-01-04T23:47:00.000Z,360,false
V006178,SUAA,SGAS,2026-01-04T19:01:00.000Z,2026-01-04T20:16:00.000Z,340,false
V006179,SGAS,LATI,2026-01-04T04:55:00.000Z,2026-01-04T18:24:00.000Z,340,false
V006180,LATI,SGAS,2026-01-04T02:54:00.000Z,2026-01-04T16:23:00.000Z,320,false
V006181,SGAS,LATI,2026-01-04T18:58:00.000Z,2026-01-05T08:27:00.000Z,340,false
V006182,LATI,SGAS,2026-01-04T11:27:00.000Z,2026-01-05T00:56:00.000Z,340,false
V006183,SGAS,LATI,2026-01-05T02:11:00.000Z,2026-01-05T15:40:00.000Z,320,false
V006184,LATI,SGAS,2026-01-04T19:39:00.000Z,2026-01-05T09:08:00.000Z,340,false
V006185,SGAS,EDDI,2026-01-04T04:03:00.000Z,2026-01-04T17:47:00.000Z,300,false
V006186,EDDI,SGAS,2026-01-04T04:22:00.000Z,2026-01-04T18:06:00.000Z,320,false
V006187,SGAS,EDDI,2026-01-04T14:07:00.000Z,2026-01-05T03:51:00.000Z,340,false
V006188,EDDI,SGAS,2026-01-04T07:26:00.000Z,2026-01-04T21:10:00.000Z,340,false
V006189,SGAS,EDDI,2026-01-04T22:57:00.000Z,2026-01-05T12:41:00.000Z,360,false
V006190,EDDI,SGAS,2026-01-04T18:23:00.000Z,2026-01-05T08:07:00.000Z,300,false
V006191,SGAS,LOWW,2026-01-04T04:43:00.000Z,2026-01-04T18:24:00.000Z,300,false
V006192,LOWW,SGAS,2026-01-04T01:33:00.000Z,2026-01-04T15:14:00.000Z,340,false
V006193,SGAS,LOWW,2026-01-04T13:26:00.000Z,2026-01-05T03:07:00.000Z,300,false
V006194,LOWW,SGAS,2026-01-04T08:12:00.000Z,2026-01-04T21:53:00.000Z,340,false
V006195,SGAS,LOWW,2026-01-04T17:22:00.000Z,2026-01-05T07:03:00.000Z,340,false
V006196,LOWW,SGAS,2026-01-04T10:06:00.000Z,2026-01-04T23:47:00.000Z,300,false
V006197,SGAS,LOWW,2026-01-05T03:30:00.000Z,2026-01-05T17:11:00.000Z,360,false
V006198,LOWW,SGAS,2026-01-04T18:30:00.000Z,2026-01-05T08:11:00.000Z,360,false
V006199,SGAS,EBCI,2026-01-04T05:28:00.000Z,2026-01-04T18:23:00.000Z,360,false
V006200,EBCI,SGAS,2026-01-03T22:01:00.000Z,2026-01-04T10:56:00.000Z,340,false
V006201,SGAS,EBCI,2026-01-04T14:08:00.000Z,2026-01-05T03:03:00.000Z,360,false
V006202,EBCI,SGAS,2026-01-04T08:05:00.000Z,2026-01-04T21:00:00.000Z,340,false
V006203,SGAS,EBCI,2026-01-04T21:18:00.000Z,2026-01-05T10:13:00.000Z,300,false
V006204,EBCI,SGAS,2026-01-04T15:51:00.000Z,2026-01-05T04:46:00.000Z,300,false
V006205,SGAS,EBCI,2026-01-05T00:21:00.000Z,2026-01-05T13:16:00.000Z,360,false
V006206,EBCI,SGAS,2026-01-04T17:08:00.000Z,2026-01-05T06:03:00.000Z,300,false
V006207,SGAS,UMMS,2026-01-04T14:39:00.000Z,2026-01-05T05:36:00.000Z,320,false
V006208,UMMS,SGAS,2026-01-04T08:25:00.000Z,2026-01-04T23:22:00.000Z,340,false
V006209,SGAS,UMMS,2026-01-05T01:35:00.000Z,2026-01-05T16:32:00.000Z,300,false
V006210,UMMS,SGAS,2026-01-04T14:27:00.000Z,2026-01-05T05:24:00.000Z,340,false
V006211,SGAS,LBSF,2026-01-04T11:49:00.000Z,2026-01-05T01:44:00.000Z,320,false
V006212,LBSF,SGAS,2026-01-04T02:00:00.000Z,2026-01-04T15:55:00.000Z,320,false
V006213,SGAS,LBSF,2026-01-04T14:41:00.000Z,2026-01-05T04:36:00.000Z,320,false
V006214,LBSF,SGAS,2026-01-04T06:42:00.000Z,2026-01-04T20:37:00.000Z,360,false
V006215,SGAS,LBSF,2026-01-05T01:53:00.000Z,2026-01-05T15:48:00.000Z,360,false
V006216,LBSF,SGAS,2026-01-04T20:55:00.000Z,2026-01-05T10:50:00.000Z,340,false
V006217,SGAS,LKPR,2026-01-04T06:45:00.000Z,2026-01-04T20:25:00.000Z,300,false
V006218,LKPR,SGAS,2026-01-04T02:41:00.000Z,2026-01-04T16:21:00.000Z,340,false
V006219,SGAS,LKPR,2026-01-04T10:08:00.000Z,2026-01-04T23:48:00.000Z,300,false
V006220,LKPR,SGAS,2026-01-04T09:16:00.000Z,2026-01-04T22:56:00.000Z,320,false
V006221,SGAS,LKPR,2026-01-04T16:58:00.000Z,2026-01-05T06:38:00.000Z,360,false
V006222,LKPR,SGAS,2026-01-04T12:46:00.000Z,2026-01-05T02:26:00.000Z,300,false
V006223,SGAS,LKPR,2026-01-05T03:01:00.000Z,2026-01-05T16:41:00.000Z,340,false
V006224,LKPR,SGAS,2026-01-04T16:45:00.000Z,2026-01-05T06:25:00.000Z,300,false
V006225,SGAS,LDZA,2026-01-04T08:37:00.000Z,2026-01-04T22:06:00.000Z,340,false
V006226,LDZA,SGAS,2026-01-04T00:20:00.000Z,2026-01-04T13:49:00.000Z,360,false
V006227,SGAS,LDZA,2026-01-04T12:38:00.000Z,2026-01-05T02:07:00.000Z,340,false
V006228,LDZA,SGAS,2026-01-04T13:20:00.000Z,2026-01-05T02:49:00.000Z,360,false
V006229,SGAS,LDZA,2026-01-04T23:13:00.000Z,2026-01-05T12:42:00.000Z,360,false
V006230,LDZA,SGAS,2026-01-04T17:16:00.000Z,2026-01-05T06:45:00.000Z,360,false
V006231,SGAS,EKCH,2026-01-04T04:56:00.000Z,2026-01-04T18:48:00.000Z,340,false
V006232,EKCH,SGAS,2026-01-04T02:03:00.000Z,2026-01-04T15:55:00.000Z,360,false
V006233,SGAS,EKCH,2026-01-04T15:22:00.000Z,2026-01-05T05:14:00.000Z,300,false
V006234,EKCH,SGAS,2026-01-04T09:26:00.000Z,2026-01-04T23:18:00.000Z,340,false
V006235,SGAS,EKCH,2026-01-04T17:58:00.000Z,2026-01-05T07:50:00.000Z,320,false
V006236,EKCH,SGAS,2026-01-04T12:04:00.000Z,2026-01-05T01:56:00.000Z,320,false
V006237,SGAS,EKCH,2026-01-05T00:00:00.000Z,2026-01-05T13:52:00.000Z,340,false
V006238,EKCH,SGAS,2026-01-04T20:54:00.000Z,2026-01-05T10:46:00.000Z,300,false
V006239,SGAS,EHAM,2026-01-04T06:06:00.000Z,2026-01-04T19:11:00.000Z,320,false
V006240,EHAM,SGAS,2026-01-04T01:30:00.000Z,2026-01-04T14:35:00.000Z,360,false
V006241,SGAS,EHAM,2026-01-04T11:33:00.000Z,2026-01-05T00:38:00.000Z,320,false
V006242,EHAM,SGAS,2026-01-04T06:57:00.000Z,2026-01-04T20:02:00.000Z,320,false
V006243,SGAS,EHAM,2026-01-04T19:49:00.000Z,2026-01-05T08:54:00.000Z,320,false
V006244,EHAM,SGAS,2026-01-04T15:08:00.000Z,2026-01-05T04:13:00.000Z,340,false
V006245,SGAS,EHAM,2026-01-05T01:41:00.000Z,2026-01-05T14:46:00.000Z,320,false
V006246,EHAM,SGAS,2026-01-04T20:47:00.000Z,2026-01-05T09:52:00.000Z,300,false
V006247,SGAS,VIDP,2026-01-04T15:49:00.000Z,2026-01-05T11:15:00.000Z,360,false
V006248,VIDP,SGAS,2026-01-04T05:29:00.000Z,2026-01-05T00:55:00.000Z,360,false
V006249,SGAS,OSDI,2026-01-04T07:31:00.000Z,2026-01-04T22:17:00.000Z,340,false
V006250,OSDI,SGAS,2026-01-04T01:54:00.000Z,2026-01-04T16:40:00.000Z,300,false
V006251,SGAS,OSDI,2026-01-04T14:28:00.000Z,2026-01-05T05:14:00.000Z,340,false
V006252,OSDI,SGAS,2026-01-04T12:55:00.000Z,2026-01-05T03:41:00.000Z,300,false
V006253,SGAS,OSDI,2026-01-04T20:18:00.000Z,2026-01-05T11:04:00.000Z,320,false
V006254,OSDI,SGAS,2026-01-04T19:27:00.000Z,2026-01-05T10:13:00.000Z,360,false
V006255,SGAS,OAKB,2026-01-04T06:09:00.000Z,2026-01-05T00:42:00.000Z,360,false
V006256,OAKB,SGAS,2026-01-03T23:06:00.000Z,2026-01-04T17:39:00.000Z,360,false
V006257,SGAS,OAKB,2026-01-04T15:35:00.000Z,2026-01-05T10:08:00.000Z,300,false
V006258,OAKB,SGAS,2026-01-04T04:21:00.000Z,2026-01-04T22:54:00.000Z,320,false
V006259,SGAS,OAKB,2026-01-04T16:11:00.000Z,2026-01-05T10:44:00.000Z,360,false
V006260,OAKB,SGAS,2026-01-04T08:34:00.000Z,2026-01-05T03:07:00.000Z,360,false
V006261,SGAS,OAKB,2026-01-05T00:56:00.000Z,2026-01-05T19:29:00.000Z,320,false
V006262,OAKB,SGAS,2026-01-04T14:31:00.000Z,2026-01-05T09:04:00.000Z,340,false
V006263,SGAS,OOMS,2026-01-04T05:55:00.000Z,2026-01-04T22:52:00.000Z,360,false
V006264,OOMS,SGAS,2026-01-03T22:58:00.000Z,2026-01-04T15:55:00.000Z,340,false
V006265,SGAS,OOMS,2026-01-04T13:42:00.000Z,2026-01-05T06:39:00.000Z,360,false
V006266,OOMS,SGAS,2026-01-04T05:51:00.000Z,2026-01-04T22:48:00.000Z,300,false
V006267,SGAS,OOMS,2026-01-04T16:50:00.000Z,2026-01-05T09:47:00.000Z,320,false
V006268,OOMS,SGAS,2026-01-04T08:08:00.000Z,2026-01-05T01:05:00.000Z,340,false
V006269,SGAS,OOMS,2026-01-05T02:38:00.000Z,2026-01-05T19:35:00.000Z,300,false
V006270,OOMS,SGAS,2026-01-04T17:21:00.000Z,2026-01-05T10:18:00.000Z,300,false
V006271,SGAS,OYSN,2026-01-04T07:32:00.000Z,2026-01-04T22:22:00.000Z,360,false
V006272,OYSN,SGAS,2026-01-04T01:22:00.000Z,2026-01-04T16:12:00.000Z,300,false
V006273,SGAS,OYSN,2026-01-04T12:14:00.000Z,2026-01-05T03:04:00.000Z,360,false
V006274,OYSN,SGAS,2026-01-04T06:34:00.000Z,2026-01-04T21:24:00.000Z,300,false
V006275,SGAS,OYSN,2026-01-04T16:34:00.000Z,2026-01-05T07:24:00.000Z,320,false
V006276,OYSN,SGAS,2026-01-04T13:30:00.000Z,2026-01-05T04:20:00.000Z,360,false
V006277,SGAS,OYSN,2026-01-05T03:27:00.000Z,2026-01-05T18:17:00.000Z,360,false
V006278,OYSN,SGAS,2026-01-04T17:11:00.000Z,2026-01-05T08:01:00.000Z,300,false
V006279,SGAS,OPKC,2026-01-04T04:28:00.000Z,2026-01-04T22:34:00.000Z,360,false
V006280,OPKC,SGAS,2026-01-03T23:19:00.000Z,2026-01-04T17:25:00.000Z,340,false
V006281,SGAS,OPKC,2026-01-05T03:48:00.000Z,2026-01-04T21:54:00.000Z,360,false
V006282,OPKC,SGAS,2026-01-04T13:05:00.000Z,2026-01-05T07:11:00.000Z,340,false
V006283,SGAS,UBBB,2026-01-04T07:54:00.000Z,2026-01-05T00:27:00.000Z,300,false
V006284,UBBB,SGAS,2026-01-03T22:27:00.000Z,2026-01-04T15:00:00.000Z,340,false
V006285,SGAS,UBBB,2026-01-04T12:31:00.000Z,2026-01-05T05:04:00.000Z,340,false
V006286,UBBB,SGAS,2026-01-04T06:38:00.000Z,2026-01-04T23:11:00.000Z,320,false
V006287,SGAS,UBBB,2026-01-05T00:56:00.000Z,2026-01-05T17:29:00.000Z,320,false
V006288,UBBB,SGAS,2026-01-04T20:10:00.000Z,2026-01-05T12:43:00.000Z,300,false
V006289,SGAS,OJAI,2026-01-04T09:42:00.000Z,2026-01-05T00:16:00.000Z,360,false
V006290,OJAI,SGAS,2026-01-04T01:03:00.000Z,2026-01-04T15:37:00.000Z,320,false
V006291,SGAS,OJAI,2026-01-04T15:37:00.000Z,2026-01-05T06:11:00.000Z,360,false
V006292,OJAI,SGAS,2026-01-04T07:56:00.000Z,2026-01-04T22:30:00.000Z,320,false
V006293,SGAS,OJAI,2026-01-05T03:19:00.000Z,2026-01-05T17:53:00.000Z,300,false
V006294,OJAI,SGAS,2026-01-04T15:35:00.000Z,2026-01-05T06:09:00.000Z,300,false
V006295,SUAA,LATI,2026-01-04T07:56:00.000Z,2026-01-04T22:10:00.000Z,340,false
V006296,LATI,SUAA,2026-01-04T00:32:00.000Z,2026-01-04T14:46:00.000Z,320,false
V006297,SUAA,LATI,2026-01-04T14:08:00.000Z,2026-01-05T04:22:00.000Z,340,false
V006298,LATI,SUAA,2026-01-04T08:28:00.000Z,2026-01-04T22:42:00.000Z,340,false
V006299,SUAA,LATI,2026-01-04T20:15:00.000Z,2026-01-05T10:29:00.000Z,340,false
V006300,LATI,SUAA,2026-01-04T14:36:00.000Z,2026-01-05T04:50:00.000Z,300,false
V006301,SUAA,LATI,2026-01-04T23:09:00.000Z,2026-01-05T13:23:00.000Z,300,false
V006302,LATI,SUAA,2026-01-04T20:04:00.000Z,2026-01-05T10:18:00.000Z,320,false
V006303,SUAA,EDDI,2026-01-04T05:02:00.000Z,2026-01-04T19:42:00.000Z,300,false
V006304,EDDI,SUAA,2026-01-04T00:55:00.000Z,2026-01-04T15:35:00.000Z,320,false
V006305,SUAA,EDDI,2026-01-04T11:39:00.000Z,2026-01-05T02:19:00.000Z,300,false
V006306,EDDI,SUAA,2026-01-04T09:17:00.000Z,2026-01-04T23:57:00.000Z,340,false
V006307,SUAA,EDDI,2026-01-04T18:44:00.000Z,2026-01-05T09:24:00.000Z,320,false
V006308,EDDI,SUAA,2026-01-04T11:42:00.000Z,2026-01-05T02:22:00.000Z,320,false
V006309,SUAA,EDDI,2026-01-05T00:57:00.000Z,2026-01-05T15:37:00.000Z,300,false
V006310,EDDI,SUAA,2026-01-04T17:33:00.000Z,2026-01-05T08:13:00.000Z,360,false
V006311,SUAA,LOWW,2026-01-04T06:41:00.000Z,2026-01-04T21:15:00.000Z,360,false
V006312,LOWW,SUAA,2026-01-04T00:08:00.000Z,2026-01-04T14:42:00.000Z,340,false
V006313,SUAA,LOWW,2026-01-04T11:11:00.000Z,2026-01-05T01:45:00.000Z,300,false
V006314,LOWW,SUAA,2026-01-04T06:09:00.000Z,2026-01-04T20:43:00.000Z,320,false
V006315,SUAA,LOWW,2026-01-04T20:08:00.000Z,2026-01-05T10:42:00.000Z,300,false
V006316,LOWW,SUAA,2026-01-04T12:22:00.000Z,2026-01-05T02:56:00.000Z,320,false
V006317,SUAA,LOWW,2026-01-04T21:03:00.000Z,2026-01-05T11:37:00.000Z,320,false
V006318,LOWW,SUAA,2026-01-04T16:52:00.000Z,2026-01-05T07:26:00.000Z,320,false
V006319,SUAA,EBCI,2026-01-04T06:22:00.000Z,2026-01-04T20:15:00.000Z,320,false
V006320,EBCI,SUAA,2026-01-03T22:02:00.000Z,2026-01-04T11:55:00.000Z,340,false
V006321,SUAA,EBCI,2026-01-04T12:14:00.000Z,2026-01-05T02:07:00.000Z,340,false
V006322,EBCI,SUAA,2026-01-04T04:34:00.000Z,2026-01-04T18:27:00.000Z,360,false
V006323,SUAA,EBCI,2026-01-04T15:52:00.000Z,2026-01-05T05:45:00.000Z,360,false
V006324,EBCI,SUAA,2026-01-04T10:13:00.000Z,2026-01-05T00:06:00.000Z,360,false
V006325,SUAA,EBCI,2026-01-04T21:33:00.000Z,2026-01-05T11:26:00.000Z,360,false
V006326,EBCI,SUAA,2026-01-04T21:55:00.000Z,2026-01-05T11:48:00.000Z,320,false
V006327,SUAA,UMMS,2026-01-04T06:41:00.000Z,2026-01-04T22:31:00.000Z,300,false
V006328,UMMS,SUAA,2026-01-04T00:36:00.000Z,2026-01-04T16:26:00.000Z,320,false
V006329,SUAA,UMMS,2026-01-04T11:52:00.000Z,2026-01-05T03:42:00.000Z,360,false
V006330,UMMS,SUAA,2026-01-04T09:16:00.000Z,2026-01-05T01:06:00.000Z,360,false
V006331,SUAA,UMMS,2026-01-04T22:29:00.000Z,2026-01-05T14:19:00.000Z,300,false
V006332,UMMS,SUAA,2026-01-04T17:12:00.000Z,2026-01-05T09:02:00.000Z,340,false
V006333,SUAA,LBSF,2026-01-04T05:16:00.000Z,2026-01-04T19:56:00.000Z,340,false
V006334,LBSF,SUAA,2026-01-03T23:40:00.000Z,2026-01-04T14:20:00.000Z,340,false
V006335,SUAA,LBSF,2026-01-04T10:25:00.000Z,2026-01-05T01:05:00.000Z,300,false
V006336,LBSF,SUAA,2026-01-04T07:31:00.000Z,2026-01-04T22:11:00.000Z,340,false
V006337,SUAA,LBSF,2026-01-04T15:44:00.000Z,2026-01-05T06:24:00.000Z,340,false
V006338,LBSF,SUAA,2026-01-04T12:13:00.000Z,2026-01-05T02:53:00.000Z,300,false
V006339,SUAA,LBSF,2026-01-05T02:32:00.000Z,2026-01-05T17:12:00.000Z,340,false
V006340,LBSF,SUAA,2026-01-04T16:31:00.000Z,2026-01-05T07:11:00.000Z,300,false
V006341,SUAA,LKPR,2026-01-04T08:30:00.000Z,2026-01-04T23:05:00.000Z,360,false
V006342,LKPR,SUAA,2026-01-03T22:08:00.000Z,2026-01-04T12:43:00.000Z,300,false
V006343,SUAA,LKPR,2026-01-04T10:49:00.000Z,2026-01-05T01:24:00.000Z,340,false
V006344,LKPR,SUAA,2026-01-04T05:59:00.000Z,2026-01-04T20:34:00.000Z,360,false
V006345,SUAA,LKPR,2026-01-04T17:32:00.000Z,2026-01-05T08:07:00.000Z,320,false
V006346,LKPR,SUAA,2026-01-04T12:59:00.000Z,2026-01-05T03:34:00.000Z,360,false
V006347,SUAA,LKPR,2026-01-04T22:50:00.000Z,2026-01-05T13:25:00.000Z,300,false
V006348,LKPR,SUAA,2026-01-04T17:19:00.000Z,2026-01-05T07:54:00.000Z,360,false
V006349,SUAA,LDZA,2026-01-04T07:11:00.000Z,2026-01-04T21:30:00.000Z,300,false
V006350,LDZA,SUAA,2026-01-04T00:20:00.000Z,2026-01-04T14:39:00.000Z,300,false
V006351,SUAA,LDZA,2026-01-04T15:25:00.000Z,2026-01-05T05:44:00.000Z,340,false
V006352,LDZA,SUAA,2026-01-04T11:10:00.000Z,2026-01-05T01:29:00.000Z,300,false
V006353,SUAA,LDZA,2026-01-04T23:35:00.000Z,2026-01-05T13:54:00.000Z,300,false
V006354,LDZA,SUAA,2026-01-04T14:26:00.000Z,2026-01-05T04:45:00.000Z,360,false
V006355,SUAA,EKCH,2026-01-04T07:05:00.000Z,2026-01-04T21:56:00.000Z,320,false
V006356,EKCH,SUAA,2026-01-04T00:33:00.000Z,2026-01-04T15:24:00.000Z,360,false
V006357,SUAA,EKCH,2026-01-04T09:38:00.000Z,2026-01-05T00:29:00.000Z,340,false
V006358,EKCH,SUAA,2026-01-04T05:44:00.000Z,2026-01-04T20:35:00.000Z,360,false
V006359,SUAA,EKCH,2026-01-04T19:48:00.000Z,2026-01-05T10:39:00.000Z,340,false
V006360,EKCH,SUAA,2026-01-04T10:58:00.000Z,2026-01-05T01:49:00.000Z,340,false
V006361,SUAA,EKCH,2026-01-04T22:39:00.000Z,2026-01-05T13:30:00.000Z,340,false
V006362,EKCH,SUAA,2026-01-04T17:24:00.000Z,2026-01-05T08:15:00.000Z,320,false
V006363,SUAA,EHAM,2026-01-04T07:27:00.000Z,2026-01-04T21:32:00.000Z,320,false
V006364,EHAM,SUAA,2026-01-04T02:43:00.000Z,2026-01-04T16:48:00.000Z,360,false
V006365,SUAA,EHAM,2026-01-04T13:46:00.000Z,2026-01-05T03:51:00.000Z,300,false
V006366,EHAM,SUAA,2026-01-04T06:03:00.000Z,2026-01-04T20:08:00.000Z,300,false
V006367,SUAA,EHAM,2026-01-04T19:03:00.000Z,2026-01-05T09:08:00.000Z,340,false
V006368,EHAM,SUAA,2026-01-04T13:56:00.000Z,2026-01-05T04:01:00.000Z,340,false
V006369,SUAA,EHAM,2026-01-05T02:52:00.000Z,2026-01-05T16:57:00.000Z,320,false
V006370,EHAM,SUAA,2026-01-04T18:17:00.000Z,2026-01-05T08:22:00.000Z,340,false
V006371,SUAA,VIDP,2026-01-04T04:19:00.000Z,2026-01-04T23:51:00.000Z,300,false
V006372,VIDP,SUAA,2026-01-03T23:28:00.000Z,2026-01-04T19:00:00.000Z,340,false
V006373,SUAA,VIDP,2026-01-04T10:47:00.000Z,2026-01-05T06:19:00.000Z,300,false
V006374,VIDP,SUAA,2026-01-04T05:14:00.000Z,2026-01-05T00:46:00.000Z,320,false
V006375,SUAA,VIDP,2026-01-04T15:10:00.000Z,2026-01-05T10:42:00.000Z,340,false
V006376,VIDP,SUAA,2026-01-04T10:15:00.000Z,2026-01-05T05:47:00.000Z,360,false
V006377,SUAA,VIDP,2026-01-04T21:10:00.000Z,2026-01-05T16:42:00.000Z,360,false
V006378,VIDP,SUAA,2026-01-04T17:45:00.000Z,2026-01-05T13:17:00.000Z,340,false
V006379,SUAA,OSDI,2026-01-04T06:25:00.000Z,2026-01-04T21:41:00.000Z,320,false
V006380,OSDI,SUAA,2026-01-03T23:48:00.000Z,2026-01-04T15:04:00.000Z,360,false
V006381,SUAA,OSDI,2026-01-04T12:57:00.000Z,2026-01-05T04:13:00.000Z,340,false
V006382,OSDI,SUAA,2026-01-04T07:09:00.000Z,2026-01-04T22:25:00.000Z,340,false
V006383,SUAA,OSDI,2026-01-04T18:20:00.000Z,2026-01-05T09:36:00.000Z,320,false
V006384,OSDI,SUAA,2026-01-04T10:19:00.000Z,2026-01-05T01:35:00.000Z,340,false
V006385,SUAA,OSDI,2026-01-04T21:31:00.000Z,2026-01-05T12:47:00.000Z,300,false
V006386,OSDI,SUAA,2026-01-04T15:33:00.000Z,2026-01-05T06:49:00.000Z,320,false
V006387,SUAA,OAKB,2026-01-04T07:22:00.000Z,2026-01-05T02:15:00.000Z,360,false
V006388,OAKB,SUAA,2026-01-03T23:56:00.000Z,2026-01-04T18:49:00.000Z,340,false
V006389,SUAA,OAKB,2026-01-04T14:19:00.000Z,2026-01-05T09:12:00.000Z,340,false
V006390,OAKB,SUAA,2026-01-04T03:17:00.000Z,2026-01-04T22:10:00.000Z,360,false
V006391,SUAA,OAKB,2026-01-04T19:20:00.000Z,2026-01-05T14:13:00.000Z,360,false
V006392,OAKB,SUAA,2026-01-04T13:46:00.000Z,2026-01-05T08:39:00.000Z,340,false
V006393,SUAA,OAKB,2026-01-05T00:32:00.000Z,2026-01-05T19:25:00.000Z,320,false
V006394,OAKB,SUAA,2026-01-04T18:55:00.000Z,2026-01-05T13:48:00.000Z,300,false
V006395,SUAA,OOMS,2026-01-04T07:41:00.000Z,2026-01-05T00:44:00.000Z,320,false
V006396,OOMS,SUAA,2026-01-03T23:24:00.000Z,2026-01-04T16:27:00.000Z,340,false
V006397,SUAA,OOMS,2026-01-04T12:37:00.000Z,2026-01-05T05:40:00.000Z,320,false
V006398,OOMS,SUAA,2026-01-04T07:38:00.000Z,2026-01-05T00:41:00.000Z,300,false
V006399,SUAA,OOMS,2026-01-04T16:53:00.000Z,2026-01-05T09:56:00.000Z,360,false
V006400,OOMS,SUAA,2026-01-04T10:33:00.000Z,2026-01-05T03:36:00.000Z,320,false
V006401,SUAA,OOMS,2026-01-04T21:41:00.000Z,2026-01-05T14:44:00.000Z,300,false
V006402,OOMS,SUAA,2026-01-04T17:59:00.000Z,2026-01-05T11:02:00.000Z,360,false
V006403,SUAA,OYSN,2026-01-04T06:29:00.000Z,2026-01-04T21:22:00.000Z,340,false
V006404,OYSN,SUAA,2026-01-03T23:26:00.000Z,2026-01-04T14:19:00.000Z,360,false
V006405,SUAA,OYSN,2026-01-04T09:29:00.000Z,2026-01-05T00:22:00.000Z,360,false
V006406,OYSN,SUAA,2026-01-04T04:28:00.000Z,2026-01-04T19:21:00.000Z,360,false
V006407,SUAA,OYSN,2026-01-04T19:58:00.000Z,2026-01-05T10:51:00.000Z,360,false
V006408,OYSN,SUAA,2026-01-04T09:18:00.000Z,2026-01-05T00:11:00.000Z,300,false
V006409,SUAA,OYSN,2026-01-04T21:38:00.000Z,2026-01-05T12:31:00.000Z,320,false
V006410,OYSN,SUAA,2026-01-04T20:23:00.000Z,2026-01-05T11:16:00.000Z,340,false
V006411,SUAA,OPKC,2026-01-04T07:15:00.000Z,2026-01-05T01:24:00.000Z,300,false
V006412,OPKC,SUAA,2026-01-03T23:03:00.000Z,2026-01-04T17:12:00.000Z,360,false
V006413,SUAA,OPKC,2026-01-04T09:30:00.000Z,2026-01-05T03:39:00.000Z,360,false
V006414,OPKC,SUAA,2026-01-04T02:09:00.000Z,2026-01-04T20:18:00.000Z,320,false
V006415,SUAA,OPKC,2026-01-04T16:25:00.000Z,2026-01-05T10:34:00.000Z,340,false
V006416,OPKC,SUAA,2026-01-04T11:18:00.000Z,2026-01-05T05:27:00.000Z,340,false
V006417,SUAA,OPKC,2026-01-04T22:21:00.000Z,2026-01-05T16:30:00.000Z,300,false
V006418,OPKC,SUAA,2026-01-04T16:40:00.000Z,2026-01-05T10:49:00.000Z,360,false
V006419,SUAA,UBBB,2026-01-04T09:58:00.000Z,2026-01-05T03:04:00.000Z,320,false
V006420,UBBB,SUAA,2026-01-04T02:25:00.000Z,2026-01-04T19:31:00.000Z,300,false
V006421,SUAA,UBBB,2026-01-04T16:27:00.000Z,2026-01-05T09:33:00.000Z,340,false
V006422,UBBB,SUAA,2026-01-04T11:26:00.000Z,2026-01-05T04:32:00.000Z,300,false
V006423,SUAA,UBBB,2026-01-04T20:30:00.000Z,2026-01-05T13:36:00.000Z,320,false
V006424,UBBB,SUAA,2026-01-04T19:28:00.000Z,2026-01-05T12:34:00.000Z,360,false
V006425,SUAA,OJAI,2026-01-04T08:57:00.000Z,2026-01-04T23:59:00.000Z,320,false
V006426,OJAI,SUAA,2026-01-04T04:51:00.000Z,2026-01-04T19:53:00.000Z,320,false
V006427,SUAA,OJAI,2026-01-04T14:16:00.000Z,2026-01-05T05:18:00.000Z,300,false
V006428,OJAI,SUAA,2026-01-04T06:31:00.000Z,2026-01-04T21:33:00.000Z,340,false
V006429,SUAA,OJAI,2026-01-04T22:00:00.000Z,2026-01-05T13:02:00.000Z,340,false
V006430,OJAI,SUAA,2026-01-04T13:16:00.000Z,2026-01-05T04:18:00.000Z,360,false
V006431,LATI,EDDI,2026-01-04T00:41:00.000Z,2026-01-04T02:19:00.000Z,360,false
V006432,EDDI,LATI,2026-01-04T01:41:00.000Z,2026-01-04T03:19:00.000Z,320,false
V006433,LATI,EDDI,2026-01-04T07:59:00.000Z,2026-01-04T09:37:00.000Z,360,false
V006434,EDDI,LATI,2026-01-04T07:19:00.000Z,2026-01-04T08:57:00.000Z,320,false
V006435,LATI,EDDI,2026-01-04T12:21:00.000Z,2026-01-04T13:59:00.000Z,320,false
V006436,EDDI,LATI,2026-01-04T14:23:00.000Z,2026-01-04T16:01:00.000Z,360,false
V006437,LATI,EDDI,2026-01-04T20:55:00.000Z,2026-01-04T22:33:00.000Z,360,false
V006438,EDDI,LATI,2026-01-04T21:50:00.000Z,2026-01-04T23:28:00.000Z,320,false
V006439,LATI,LOWW,2026-01-03T22:44:00.000Z,2026-01-03T23:45:00.000Z,360,false
V006440,LOWW,LATI,2026-01-04T01:20:00.000Z,2026-01-04T02:21:00.000Z,300,false
V006441,LATI,LOWW,2026-01-04T06:43:00.000Z,2026-01-04T07:44:00.000Z,320,false
V006442,LOWW,LATI,2026-01-04T08:36:00.000Z,2026-01-04T09:37:00.000Z,340,false
V006443,LATI,LOWW,2026-01-04T14:18:00.000Z,2026-01-04T15:19:00.000Z,300,false
V006444,LOWW,LATI,2026-01-04T14:24:00.000Z,2026-01-04T15:25:00.000Z,360,false
V006445,LATI,LOWW,2026-01-04T17:57:00.000Z,2026-01-04T18:58:00.000Z,360,false
V006446,LOWW,LATI,2026-01-04T20:10:00.000Z,2026-01-04T21:11:00.000Z,300,false
V006447,LATI,EBCI,2026-01-04T00:32:00.000Z,2026-01-04T02:27:00.000Z,360,false
V006448,EBCI,LATI,2026-01-04T00:04:00.000Z,2026-01-04T01:59:00.000Z,300,false
V006449,LATI,EBCI,2026-01-04T06:31:00.000Z,2026-01-04T08:26:00.000Z,300,false
V006450,EBCI,LATI,2026-01-04T04:28:00.000Z,2026-01-04T06:23:00.000Z,340,false
V006451,LATI,EBCI,2026-01-04T12:26:00.000Z,2026-01-04T14:21:00.000Z,340,false
V006452,EBCI,LATI,2026-01-04T10:28:00.000Z,2026-01-04T12:23:00.000Z,320,false
V006453,LATI,EBCI,2026-01-04T18:07:00.000Z,2026-01-04T20:02:00.000Z,300,false
V006454,EBCI,LATI,2026-01-04T16:39:00.000Z,2026-01-04T18:34:00.000Z,360,false
V006455,LATI,UMMS,2026-01-04T02:17:00.000Z,2026-01-04T04:09:00.000Z,340,false
V006456,UMMS,LATI,2026-01-04T01:30:00.000Z,2026-01-04T03:22:00.000Z,320,false
V006457,LATI,UMMS,2026-01-04T05:08:00.000Z,2026-01-04T07:00:00.000Z,360,false
V006458,UMMS,LATI,2026-01-04T03:34:00.000Z,2026-01-04T05:26:00.000Z,320,false
V006459,LATI,UMMS,2026-01-04T14:43:00.000Z,2026-01-04T16:35:00.000Z,340,false
V006460,UMMS,LATI,2026-01-04T09:18:00.000Z,2026-01-04T11:10:00.000Z,320,false
V006461,LATI,UMMS,2026-01-04T19:15:00.000Z,2026-01-04T21:07:00.000Z,340,false
V006462,UMMS,LATI,2026-01-04T20:54:00.000Z,2026-01-04T22:46:00.000Z,360,false
V006463,LATI,LBSF,2026-01-04T00:20:00.000Z,2026-01-04T00:46:00.000Z,300,false
V006464,LBSF,LATI,2026-01-04T00:17:00.000Z,2026-01-04T00:43:00.000Z,300,false
V006465,LATI,LBSF,2026-01-04T06:24:00.000Z,2026-01-04T06:50:00.000Z,320,false
V006466,LBSF,LATI,2026-01-04T08:55:00.000Z,2026-01-04T09:21:00.000Z,320,false
V006467,LATI,LBSF,2026-01-04T13:28:00.000Z,2026-01-04T13:54:00.000Z,340,false
V006468,LBSF,LATI,2026-01-04T11:04:00.000Z,2026-01-04T11:30:00.000Z,360,false
V006469,LATI,LBSF,2026-01-04T19:10:00.000Z,2026-01-04T19:36:00.000Z,360,false
V006470,LBSF,LATI,2026-01-04T15:59:00.000Z,2026-01-04T16:25:00.000Z,360,false
V006471,LATI,LKPR,2026-01-03T23:05:00.000Z,2026-01-04T00:26:00.000Z,300,false
V006472,LKPR,LATI,2026-01-04T00:38:00.000Z,2026-01-04T01:59:00.000Z,300,false
V006473,LATI,LKPR,2026-01-04T04:46:00.000Z,2026-01-04T06:07:00.000Z,320,false
V006474,LKPR,LATI,2026-01-04T04:37:00.000Z,2026-01-04T05:58:00.000Z,360,false
V006475,LATI,LKPR,2026-01-04T11:29:00.000Z,2026-01-04T12:50:00.000Z,300,false
V006476,LKPR,LATI,2026-01-04T11:49:00.000Z,2026-01-04T13:10:00.000Z,360,false
V006477,LATI,LKPR,2026-01-04T19:54:00.000Z,2026-01-04T21:15:00.000Z,340,false
V006478,LKPR,LATI,2026-01-04T16:08:00.000Z,2026-01-04T17:29:00.000Z,320,false
V006479,LATI,LDZA,2026-01-04T02:18:00.000Z,2026-01-04T02:56:00.000Z,340,false
V006480,LDZA,LATI,2026-01-04T02:56:00.000Z,2026-01-04T03:34:00.000Z,340,false
V006481,LATI,LDZA,2026-01-04T05:39:00.000Z,2026-01-04T06:17:00.000Z,360,false
V006482,LDZA,LATI,2026-01-04T05:13:00.000Z,2026-01-04T05:51:00.000Z,320,false
V006483,LATI,LDZA,2026-01-04T13:33:00.000Z,2026-01-04T14:11:00.000Z,360,false
V006484,LDZA,LATI,2026-01-04T11:52:00.000Z,2026-01-04T12:30:00.000Z,340,false
V006485,LATI,LDZA,2026-01-04T20:00:00.000Z,2026-01-04T20:38:00.000Z,320,false
V006486,LDZA,LATI,2026-01-04T20:41:00.000Z,2026-01-04T21:19:00.000Z,360,false
V006487,LATI,EKCH,2026-01-04T03:26:00.000Z,2026-01-04T05:29:00.000Z,340,false
V006488,EKCH,LATI,2026-01-03T23:02:00.000Z,2026-01-04T01:05:00.000Z,340,false
V006489,LATI,EKCH,2026-01-04T09:10:00.000Z,2026-01-04T11:13:00.000Z,360,false
V006490,EKCH,LATI,2026-01-04T13:55:00.000Z,2026-01-04T15:58:00.000Z,360,false
V006491,LATI,EKCH,2026-01-04T17:12:00.000Z,2026-01-04T19:15:00.000Z,300,false
V006492,EKCH,LATI,2026-01-04T21:17:00.000Z,2026-01-04T23:20:00.000Z,320,false
V006493,LATI,EHAM,2026-01-04T01:32:00.000Z,2026-01-04T03:38:00.000Z,340,false
V006494,EHAM,LATI,2026-01-03T22:28:00.000Z,2026-01-04T00:34:00.000Z,320,false
V006495,LATI,EHAM,2026-01-04T08:59:00.000Z,2026-01-04T11:05:00.000Z,340,false
V006496,EHAM,LATI,2026-01-04T09:11:00.000Z,2026-01-04T11:17:00.000Z,320,false
V006497,LATI,EHAM,2026-01-04T10:43:00.000Z,2026-01-04T12:49:00.000Z,300,false
V006498,EHAM,LATI,2026-01-04T12:24:00.000Z,2026-01-04T14:30:00.000Z,320,false
V006499,LATI,EHAM,2026-01-04T19:42:00.000Z,2026-01-04T21:48:00.000Z,320,false
V006500,EHAM,LATI,2026-01-04T16:02:00.000Z,2026-01-04T18:08:00.000Z,320,false
V006501,LATI,VIDP,2026-01-04T01:50:00.000Z,2026-01-04T08:38:00.000Z,360,false
V006502,VIDP,LATI,2026-01-03T21:43:00.000Z,2026-01-04T04:31:00.000Z,320,false
V006503,LATI,VIDP,2026-01-04T07:38:00.000Z,2026-01-04T14:26:00.000Z,320,false
V006504,VIDP,LATI,2026-01-04T04:47:00.000Z,2026-01-04T11:35:00.000Z,340,false
V006505,LATI,VIDP,2026-01-04T14:29:00.000Z,2026-01-04T21:17:00.000Z,360,false
V006506,VIDP,LATI,2026-01-04T07:35:00.000Z,2026-01-04T14:23:00.000Z,360,false
V006507,LATI,VIDP,2026-01-04T16:02:00.000Z,2026-01-04T22:50:00.000Z,360,false
V006508,VIDP,LATI,2026-01-04T13:31:00.000Z,2026-01-04T20:19:00.000Z,320,false
V006509,LATI,OSDI,2026-01-04T00:02:00.000Z,2026-01-04T02:13:00.000Z,360,false
V006510,OSDI,LATI,2026-01-03T21:50:00.000Z,2026-01-04T00:01:00.000Z,300,false
V006511,LATI,OSDI,2026-01-04T08:02:00.000Z,2026-01-04T10:13:00.000Z,360,false
V006512,OSDI,LATI,2026-01-04T10:48:00.000Z,2026-01-04T12:59:00.000Z,300,false
V006513,LATI,OSDI,2026-01-04T15:23:00.000Z,2026-01-04T17:34:00.000Z,360,false
V006514,OSDI,LATI,2026-01-04T19:19:00.000Z,2026-01-04T21:30:00.000Z,360,false
V006515,LATI,OAKB,2026-01-04T02:52:00.000Z,2026-01-04T08:25:00.000Z,360,false
V006516,OAKB,LATI,2026-01-04T06:01:00.000Z,2026-01-04T11:34:00.000Z,300,false
V006517,LATI,OAKB,2026-01-04T19:49:00.000Z,2026-01-05T01:22:00.000Z,320,false
V006518,OAKB,LATI,2026-01-04T15:22:00.000Z,2026-01-04T20:55:00.000Z,340,false
V006519,LATI,OOMS,2026-01-04T05:40:00.000Z,2026-01-04T10:52:00.000Z,320,false
V006520,OOMS,LATI,2026-01-03T22:12:00.000Z,2026-01-04T03:24:00.000Z,340,false
V006521,LATI,OOMS,2026-01-04T09:01:00.000Z,2026-01-04T14:13:00.000Z,340,false
V006522,OOMS,LATI,2026-01-04T04:41:00.000Z,2026-01-04T09:53:00.000Z,300,false
V006523,LATI,OOMS,2026-01-04T14:21:00.000Z,2026-01-04T19:33:00.000Z,320,false
V006524,OOMS,LATI,2026-01-04T14:33:00.000Z,2026-01-04T19:45:00.000Z,320,false
V006525,LATI,OYSN,2026-01-04T00:28:00.000Z,2026-01-04T05:12:00.000Z,300,false
V006526,OYSN,LATI,2026-01-03T23:21:00.000Z,2026-01-04T04:05:00.000Z,300,false
V006527,LATI,OYSN,2026-01-04T08:39:00.000Z,2026-01-04T13:23:00.000Z,300,false
V006528,OYSN,LATI,2026-01-04T07:09:00.000Z,2026-01-04T11:53:00.000Z,360,false
V006529,LATI,OYSN,2026-01-04T21:24:00.000Z,2026-01-05T02:08:00.000Z,320,false
V006530,OYSN,LATI,2026-01-04T19:22:00.000Z,2026-01-05T00:06:00.000Z,360,false
V006531,LATI,OPKC,2026-01-04T00:23:00.000Z,2026-01-04T06:26:00.000Z,300,false
V006532,OPKC,LATI,2026-01-03T19:58:00.000Z,2026-01-04T02:01:00.000Z,360,false
V006533,LATI,OPKC,2026-01-04T06:14:00.000Z,2026-01-04T12:17:00.000Z,320,false
V006534,OPKC,LATI,2026-01-04T01:04:00.000Z,2026-01-04T07:07:00.000Z,300,false
V006535,LATI,OPKC,2026-01-04T11:41:00.000Z,2026-01-04T17:44:00.000Z,320,false
V006536,OPKC,LATI,2026-01-04T12:30:00.000Z,2026-01-04T18:33:00.000Z,360,false
V006537,LATI,OPKC,2026-01-04T19:42:00.000Z,2026-01-05T01:45:00.000Z,320,false
V006538,OPKC,LATI,2026-01-04T18:47:00.000Z,2026-01-05T00:50:00.000Z,340,false
V006539,LATI,UBBB,2026-01-04T02:14:00.000Z,2026-01-04T05:31:00.000Z,360,false
V006540,UBBB,LATI,2026-01-04T00:49:00.000Z,2026-01-04T04:06:00.000Z,300,false
V006541,LATI,UBBB,2026-01-04T07:31:00.000Z,2026-01-04T10:48:00.000Z,340,false
V006542,UBBB,LATI,2026-01-04T06:44:00.000Z,2026-01-04T10:01:00.000Z,300,false
V006543,LATI,UBBB,2026-01-04T12:01:00.000Z,2026-01-04T15:18:00.000Z,360,false
V006544,UBBB,LATI,2026-01-04T13:29:00.000Z,2026-01-04T16:46:00.000Z,360,false
V006545,LATI,UBBB,2026-01-04T20:45:00.000Z,2026-01-05T00:02:00.000Z,300,false
V006546,UBBB,LATI,2026-01-04T16:00:00.000Z,2026-01-04T19:17:00.000Z,360,false
V006547,LATI,OJAI,2026-01-03T23:31:00.000Z,2026-01-04T01:47:00.000Z,300,false
V006548,OJAI,LATI,2026-01-04T13:22:00.000Z,2026-01-04T15:38:00.000Z,360,false
V006549,EDDI,LOWW,2026-01-04T03:45:00.000Z,2026-01-04T04:22:00.000Z,320,false
V006550,LOWW,EDDI,2026-01-04T03:09:00.000Z,2026-01-04T03:46:00.000Z,360,false
V006551,EDDI,LOWW,2026-01-04T06:07:00.000Z,2026-01-04T06:44:00.000Z,360,false
V006552,LOWW,EDDI,2026-01-04T09:41:00.000Z,2026-01-04T10:18:00.000Z,320,false
V006553,EDDI,LOWW,2026-01-04T12:44:00.000Z,2026-01-04T13:21:00.000Z,340,false
V006554,LOWW,EDDI,2026-01-04T11:04:00.000Z,2026-01-04T11:41:00.000Z,340,false
V006555,EDDI,LOWW,2026-01-04T17:17:00.000Z,2026-01-04T17:54:00.000Z,360,false
V006556,LOWW,EDDI,2026-01-04T16:51:00.000Z,2026-01-04T17:28:00.000Z,320,false
V006557,EDDI,EBCI,2026-01-04T01:55:00.000Z,2026-01-04T02:45:00.000Z,300,false
V006558,EBCI,EDDI,2026-01-04T02:41:00.000Z,2026-01-04T03:31:00.000Z,360,false
V006559,EDDI,EBCI,2026-01-04T06:59:00.000Z,2026-01-04T07:49:00.000Z,300,false
V006560,EBCI,EDDI,2026-01-04T08:37:00.000Z,2026-01-04T09:27:00.000Z,300,false
V006561,EDDI,EBCI,2026-01-04T18:28:00.000Z,2026-01-04T19:18:00.000Z,320,false
V006562,EBCI,EDDI,2026-01-04T19:21:00.000Z,2026-01-04T20:11:00.000Z,360,false
V006563,EDDI,UMMS,2026-01-04T00:27:00.000Z,2026-01-04T01:43:00.000Z,300,false
V006564,UMMS,EDDI,2026-01-03T23:14:00.000Z,2026-01-04T00:30:00.000Z,340,false
V006565,EDDI,UMMS,2026-01-04T08:41:00.000Z,2026-01-04T09:57:00.000Z,340,false
V006566,UMMS,EDDI,2026-01-04T05:08:00.000Z,2026-01-04T06:24:00.000Z,300,false
V006567,EDDI,UMMS,2026-01-04T14:00:00.000Z,2026-01-04T15:16:00.000Z,320,false
V006568,UMMS,EDDI,2026-01-04T18:57:00.000Z,2026-01-04T20:13:00.000Z,320,false
V006569,EDDI,LBSF,2026-01-04T02:01:00.000Z,2026-01-04T03:42:00.000Z,360,false
V006570,LBSF,EDDI,2026-01-03T21:20:00.000Z,2026-01-03T23:01:00.000Z,300,false
V006571,EDDI,LBSF,2026-01-04T10:22:00.000Z,2026-01-04T12:03:00.000Z,300,false
V006572,LBSF,EDDI,2026-01-04T05:06:00.000Z,2026-01-04T06:47:00.000Z,320,false
V006573,EDDI,LBSF,2026-01-04T20:39:00.000Z,2026-01-04T22:20:00.000Z,360,false
V006574,LBSF,EDDI,2026-01-04T20:47:00.000Z,2026-01-04T22:28:00.000Z,320,false
V006575,EDDI,LKPR,2026-01-04T02:21:00.000Z,2026-01-04T02:38:00.000Z,360,false
V006576,LKPR,EDDI,2026-01-03T23:00:00.000Z,2026-01-03T23:17:00.000Z,300,false
V006577,EDDI,LKPR,2026-01-04T06:12:00.000Z,2026-01-04T06:29:00.000Z,320,false
V006578,LKPR,EDDI,2026-01-04T07:24:00.000Z,2026-01-04T07:41:00.000Z,320,false
V006579,EDDI,LKPR,2026-01-04T15:32:00.000Z,2026-01-04T15:49:00.000Z,340,false
V006580,LKPR,EDDI,2026-01-04T14:27:00.000Z,2026-01-04T14:44:00.000Z,340,false
V006581,EDDI,LKPR,2026-01-04T20:46:00.000Z,2026-01-04T21:03:00.000Z,300,false
V006582,LKPR,EDDI,2026-01-04T20:59:00.000Z,2026-01-04T21:16:00.000Z,360,false
V006583,EDDI,LDZA,2026-01-04T03:03:00.000Z,2026-01-04T04:04:00.000Z,360,false
V006584,LDZA,EDDI,2026-01-04T00:00:00.000Z,2026-01-04T01:01:00.000Z,340,false
V006585,EDDI,LDZA,2026-01-04T09:42:00.000Z,2026-01-04T10:43:00.000Z,360,false
V006586,LDZA,EDDI,2026-01-04T09:27:00.000Z,2026-01-04T10:28:00.000Z,320,false
V006587,EDDI,LDZA,2026-01-04T13:39:00.000Z,2026-01-04T14:40:00.000Z,320,false
V006588,LDZA,EDDI,2026-01-04T13:18:00.000Z,2026-01-04T14:19:00.000Z,340,false
V006589,EDDI,LDZA,2026-01-04T21:58:00.000Z,2026-01-04T22:59:00.000Z,300,false
V006590,LDZA,EDDI,2026-01-04T20:38:00.000Z,2026-01-04T21:39:00.000Z,320,false
V006591,EDDI,EKCH,2026-01-04T01:02:00.000Z,2026-01-04T01:27:00.000Z,300,false
V006592,EKCH,EDDI,2026-01-04T02:07:00.000Z,2026-01-04T02:32:00.000Z,340,false
V006593,EDDI,EKCH,2026-01-04T09:14:00.000Z,2026-01-04T09:39:00.000Z,300,false
V006594,EKCH,EDDI,2026-01-04T07:19:00.000Z,2026-01-04T07:44:00.000Z,340,false
V006595,EDDI,EKCH,2026-01-04T15:11:00.000Z,2026-01-04T15:36:00.000Z,320,false
V006596,EKCH,EDDI,2026-01-04T11:05:00.000Z,2026-01-04T11:30:00.000Z,360,false
V006597,EDDI,EKCH,2026-01-04T18:18:00.000Z,2026-01-04T18:43:00.000Z,340,false
V006598,EKCH,EDDI,2026-01-04T17:02:00.000Z,2026-01-04T17:27:00.000Z,300,false
V006599,EDDI,EHAM,2026-01-04T02:35:00.000Z,2026-01-04T03:21:00.000Z,340,false
V006600,EHAM,EDDI,2026-01-04T01:43:00.000Z,2026-01-04T02:29:00.000Z,300,false
V006601,EDDI,EHAM,2026-01-04T09:50:00.000Z,2026-01-04T10:36:00.000Z,300,false
V006602,EHAM,EDDI,2026-01-04T07:52:00.000Z,2026-01-04T08:38:00.000Z,340,false
V006603,EDDI,EHAM,2026-01-04T21:19:00.000Z,2026-01-04T22:05:00.000Z,360,false
V006604,EHAM,EDDI,2026-01-04T14:49:00.000Z,2026-01-04T15:35:00.000Z,360,false
V006605,EDDI,VIDP,2026-01-04T01:37:00.000Z,2026-01-04T08:58:00.000Z,360,false
V006606,VIDP,EDDI,2026-01-04T00:20:00.000Z,2026-01-04T07:41:00.000Z,340,false
V006607,EDDI,VIDP,2026-01-04T06:17:00.000Z,2026-01-04T13:38:00.000Z,300,false
V006608,VIDP,EDDI,2026-01-04T05:01:00.000Z,2026-01-04T12:22:00.000Z,300,false
V006609,EDDI,VIDP,2026-01-04T12:57:00.000Z,2026-01-04T20:18:00.000Z,300,false
V006610,VIDP,EDDI,2026-01-04T12:51:00.000Z,2026-01-04T20:12:00.000Z,320,false
V006611,EDDI,VIDP,2026-01-04T18:25:00.000Z,2026-01-05T01:46:00.000Z,340,false
V006612,VIDP,EDDI,2026-01-04T13:34:00.000Z,2026-01-04T20:55:00.000Z,340,false
V006613,EDDI,OSDI,2026-01-03T22:05:00.000Z,2026-01-04T01:36:00.000Z,300,false
V006614,OSDI,EDDI,2026-01-04T02:17:00.000Z,2026-01-04T05:48:00.000Z,320,false
V006615,EDDI,OSDI,2026-01-04T13:07:00.000Z,2026-01-04T16:38:00.000Z,360,false
V006616,OSDI,EDDI,2026-01-04T09:33:00.000Z,2026-01-04T13:04:00.000Z,340,false
V006617,EDDI,OSDI,2026-01-04T21:29:00.000Z,2026-01-05T01:00:00.000Z,340,false
V006618,OSDI,EDDI,2026-01-04T13:35:00.000Z,2026-01-04T17:06:00.000Z,300,false
V006619,EDDI,OAKB,2026-01-04T21:14:00.000Z,2026-01-05T03:18:00.000Z,320,false
V006620,OAKB,EDDI,2026-01-04T15:07:00.000Z,2026-01-04T21:11:00.000Z,360,false
V006621,EDDI,OOMS,2026-01-03T23:05:00.000Z,2026-01-04T05:21:00.000Z,300,false
V006622,OOMS,EDDI,2026-01-03T23:52:00.000Z,2026-01-04T06:08:00.000Z,300,false
V006623,EDDI,OOMS,2026-01-04T09:43:00.000Z,2026-01-04T15:59:00.000Z,340,false
V006624,OOMS,EDDI,2026-01-04T03:59:00.000Z,2026-01-04T10:15:00.000Z,360,false
V006625,EDDI,OOMS,2026-01-04T10:14:00.000Z,2026-01-04T16:30:00.000Z,320,false
V006626,OOMS,EDDI,2026-01-04T11:33:00.000Z,2026-01-04T17:49:00.000Z,340,false
V006627,EDDI,OOMS,2026-01-04T16:51:00.000Z,2026-01-04T23:07:00.000Z,360,false
V006628,OOMS,EDDI,2026-01-04T17:46:00.000Z,2026-01-05T00:02:00.000Z,360,false
V006629,EDDI,OYSN,2026-01-04T02:36:00.000Z,2026-01-04T08:49:00.000Z,320,false
V006630,OYSN,EDDI,2026-01-03T21:27:00.000Z,2026-01-04T03:40:00.000Z,360,false
V006631,EDDI,OYSN,2026-01-04T07:42:00.000Z,2026-01-04T13:55:00.000Z,320,false
V006632,OYSN,EDDI,2026-01-04T06:27:00.000Z,2026-01-04T12:40:00.000Z,300,false
V006633,EDDI,OYSN,2026-01-04T10:06:00.000Z,2026-01-04T16:19:00.000Z,340,false
V006634,OYSN,EDDI,2026-01-04T12:57:00.000Z,2026-01-04T19:10:00.000Z,300,false
V006635,EDDI,OYSN,2026-01-04T16:05:00.000Z,2026-01-04T22:18:00.000Z,320,false
V006636,OYSN,EDDI,2026-01-04T19:24:00.000Z,2026-01-05T01:37:00.000Z,360,false
V006637,EDDI,OPKC,2026-01-03T22:23:00.000Z,2026-01-04T05:17:00.000Z,340,false
V006638,OPKC,EDDI,2026-01-03T21:09:00.000Z,2026-01-04T04:03:00.000Z,320,false
V006639,EDDI,OPKC,2026-01-04T11:59:00.000Z,2026-01-04T18:53:00.000Z,340,false
V006640,OPKC,EDDI,2026-01-04T06:59:00.000Z,2026-01-04T13:53:00.000Z,300,false
V006641,EDDI,OPKC,2026-01-04T21:30:00.000Z,2026-01-05T04:24:00.000Z,320,false
V006642,OPKC,EDDI,2026-01-04T15:25:00.000Z,2026-01-04T22:19:00.000Z,360,false
V006643,EDDI,UBBB,2026-01-03T22:44:00.000Z,2026-01-04T02:38:00.000Z,360,false
V006644,UBBB,EDDI,2026-01-04T03:25:00.000Z,2026-01-04T07:19:00.000Z,340,false
V006645,EDDI,UBBB,2026-01-04T04:08:00.000Z,2026-01-04T08:02:00.000Z,320,false
V006646,UBBB,EDDI,2026-01-04T08:28:00.000Z,2026-01-04T12:22:00.000Z,340,false
V006647,EDDI,UBBB,2026-01-04T12:51:00.000Z,2026-01-04T16:45:00.000Z,360,false
V006648,UBBB,EDDI,2026-01-04T12:37:00.000Z,2026-01-04T16:31:00.000Z,320,false
V006649,EDDI,UBBB,2026-01-04T21:54:00.000Z,2026-01-05T01:48:00.000Z,340,false
V006650,UBBB,EDDI,2026-01-04T17:30:00.000Z,2026-01-04T21:24:00.000Z,300,false
V006651,EDDI,OJAI,2026-01-03T23:01:00.000Z,2026-01-04T02:43:00.000Z,340,false
V006652,OJAI,EDDI,2026-01-03T22:38:00.000Z,2026-01-04T02:20:00.000Z,340,false
V006653,EDDI,OJAI,2026-01-04T13:21:00.000Z,2026-01-04T17:03:00.000Z,340,false
V006654,OJAI,EDDI,2026-01-04T11:58:00.000Z,2026-01-04T15:40:00.000Z,360,false
V006655,EDDI,OJAI,2026-01-04T15:02:00.000Z,2026-01-04T18:44:00.000Z,340,false
V006656,OJAI,EDDI,2026-01-04T19:20:00.000Z,2026-01-04T23:02:00.000Z,320,false
V006657,LOWW,EBCI,2026-01-04T02:39:00.000Z,2026-01-04T03:47:00.000Z,320,false
V006658,EBCI,LOWW,2026-01-03T23:56:00.000Z,2026-01-04T01:04:00.000Z,360,false
V006659,LOWW,EBCI,2026-01-04T06:38:00.000Z,2026-01-04T07:46:00.000Z,300,false
V006660,EBCI,LOWW,2026-01-04T05:10:00.000Z,2026-01-04T06:18:00.000Z,320,false
V006661,LOWW,EBCI,2026-01-04T12:04:00.000Z,2026-01-04T13:12:00.000Z,360,false
V006662,EBCI,LOWW,2026-01-04T10:22:00.000Z,2026-01-04T11:30:00.000Z,320,false
V006663,LOWW,EBCI,2026-01-04T20:41:00.000Z,2026-01-04T21:49:00.000Z,300,false
V006664,EBCI,LOWW,2026-01-04T21:46:00.000Z,2026-01-04T22:54:00.000Z,320,false
V006665,LOWW,UMMS,2026-01-03T23:34:00.000Z,2026-01-04T00:50:00.000Z,300,false
V006666,UMMS,LOWW,2026-01-03T22:37:00.000Z,2026-01-03T23:53:00.000Z,320,false
V006667,LOWW,UMMS,2026-01-04T04:25:00.000Z,2026-01-04T05:41:00.000Z,300,false
V006668,UMMS,LOWW,2026-01-04T03:02:00.000Z,2026-01-04T04:18:00.000Z,340,false
V006669,LOWW,UMMS,2026-01-04T14:28:00.000Z,2026-01-04T15:44:00.000Z,340,false
V006670,UMMS,LOWW,2026-01-04T12:18:00.000Z,2026-01-04T13:34:00.000Z,320,false
V006671,LOWW,UMMS,2026-01-04T18:52:00.000Z,2026-01-04T20:08:00.000Z,360,false
V006672,UMMS,LOWW,2026-01-04T17:03:00.000Z,2026-01-04T18:19:00.000Z,320,false
V006673,LOWW,LBSF,2026-01-04T01:45:00.000Z,2026-01-04T02:50:00.000Z,320,false
V006674,LBSF,LOWW,2026-01-04T01:54:00.000Z,2026-01-04T02:59:00.000Z,360,false
V006675,LOWW,LBSF,2026-01-04T07:22:00.000Z,2026-01-04T08:27:00.000Z,340,false
V006676,LBSF,LOWW,2026-01-04T07:59:00.000Z,2026-01-04T09:04:00.000Z,320,false
V006677,LOWW,LBSF,2026-01-04T15:16:00.000Z,2026-01-04T16:21:00.000Z,360,false
V006678,LBSF,LOWW,2026-01-04T09:08:00.000Z,2026-01-04T10:13:00.000Z,320,false
V006679,LOWW,LBSF,2026-01-04T20:49:00.000Z,2026-01-04T21:54:00.000Z,340,false
V006680,LBSF,LOWW,2026-01-04T20:34:00.000Z,2026-01-04T21:39:00.000Z,340,false
V006681,LOWW,LKPR,2026-01-04T04:57:00.000Z,2026-01-04T05:17:00.000Z,300,false
V006682,LKPR,LOWW,2026-01-04T04:11:00.000Z,2026-01-04T04:31:00.000Z,360,false
V006683,LOWW,LKPR,2026-01-04T11:25:00.000Z,2026-01-04T11:45:00.000Z,340,false
V006684,LKPR,LOWW,2026-01-04T11:27:00.000Z,2026-01-04T11:47:00.000Z,360,false
V006685,LOWW,LKPR,2026-01-04T15:35:00.000Z,2026-01-04T15:55:00.000Z,340,false
V006686,LKPR,LOWW,2026-01-04T16:52:00.000Z,2026-01-04T17:12:00.000Z,340,false
V006687,LOWW,LDZA,2026-01-03T23:05:00.000Z,2026-01-03T23:30:00.000Z,320,false
V006688,LDZA,LOWW,2026-01-04T01:23:00.000Z,2026-01-04T01:48:00.000Z,340,false
V006689,LOWW,LDZA,2026-01-04T13:17:00.000Z,2026-01-04T13:42:00.000Z,300,false
V006690,LDZA,LOWW,2026-01-04T13:59:00.000Z,2026-01-04T14:24:00.000Z,340,false
V006691,LOWW,LDZA,2026-01-04T18:31:00.000Z,2026-01-04T18:56:00.000Z,340,false
V006692,LDZA,LOWW,2026-01-04T16:29:00.000Z,2026-01-04T16:54:00.000Z,300,false
V006693,LOWW,EKCH,2026-01-04T09:12:00.000Z,2026-01-04T10:14:00.000Z,300,false
V006694,EKCH,LOWW,2026-01-04T00:01:00.000Z,2026-01-04T01:03:00.000Z,300,false
V006695,LOWW,EKCH,2026-01-04T16:49:00.000Z,2026-01-04T17:51:00.000Z,300,false
V006696,EKCH,LOWW,2026-01-04T11:26:00.000Z,2026-01-04T12:28:00.000Z,340,false
V006697,LOWW,EHAM,2026-01-03T22:55:00.000Z,2026-01-04T00:07:00.000Z,360,false
V006698,EHAM,LOWW,2026-01-04T00:05:00.000Z,2026-01-04T01:17:00.000Z,320,false
V006699,LOWW,EHAM,2026-01-04T08:40:00.000Z,2026-01-04T09:52:00.000Z,300,false
V006700,EHAM,LOWW,2026-01-04T08:41:00.000Z,2026-01-04T09:53:00.000Z,360,false
V006701,LOWW,EHAM,2026-01-04T13:07:00.000Z,2026-01-04T14:19:00.000Z,320,false
V006702,EHAM,LOWW,2026-01-04T13:50:00.000Z,2026-01-04T15:02:00.000Z,320,false
V006703,LOWW,EHAM,2026-01-04T17:43:00.000Z,2026-01-04T18:55:00.000Z,360,false
V006704,EHAM,LOWW,2026-01-04T16:40:00.000Z,2026-01-04T17:52:00.000Z,340,false
V006705,LOWW,VIDP,2026-01-04T01:26:00.000Z,2026-01-04T08:30:00.000Z,300,false
V006706,VIDP,LOWW,2026-01-03T20:39:00.000Z,2026-01-04T03:43:00.000Z,340,false
V006707,LOWW,VIDP,2026-01-04T07:18:00.000Z,2026-01-04T14:22:00.000Z,320,false
V006708,VIDP,LOWW,2026-01-04T05:04:00.000Z,2026-01-04T12:08:00.000Z,360,false
V006709,LOWW,VIDP,2026-01-04T12:03:00.000Z,2026-01-04T19:07:00.000Z,340,false
V006710,VIDP,LOWW,2026-01-04T12:42:00.000Z,2026-01-04T19:46:00.000Z,360,false
V006711,LOWW,VIDP,2026-01-04T16:28:00.000Z,2026-01-04T23:32:00.000Z,360,false
V006712,VIDP,LOWW,2026-01-04T13:39:00.000Z,2026-01-04T20:43:00.000Z,320,false
V006713,LOWW,OSDI,2026-01-03T23:05:00.000Z,2026-01-04T02:03:00.000Z,300,false
V006714,OSDI,LOWW,2026-01-04T02:43:00.000Z,2026-01-04T05:41:00.000Z,300,false
V006715,LOWW,OSDI,2026-01-04T09:49:00.000Z,2026-01-04T12:47:00.000Z,360,false
V006716,OSDI,LOWW,2026-01-04T04:09:00.000Z,2026-01-04T07:07:00.000Z,360,false
V006717,LOWW,OSDI,2026-01-04T15:50:00.000Z,2026-01-04T18:48:00.000Z,340,false
V006718,OSDI,LOWW,2026-01-04T12:09:00.000Z,2026-01-04T15:07:00.000Z,300,false
V006719,LOWW,OSDI,2026-01-04T16:52:00.000Z,2026-01-04T19:50:00.000Z,320,false
V006720,OSDI,LOWW,2026-01-04T20:33:00.000Z,2026-01-04T23:31:00.000Z,300,false
V006721,LOWW,OAKB,2026-01-04T04:54:00.000Z,2026-01-04T10:42:00.000Z,360,false
V006722,OAKB,LOWW,2026-01-04T13:20:00.000Z,2026-01-04T19:08:00.000Z,340,false
V006723,LOWW,OOMS,2026-01-03T23:43:00.000Z,2026-01-04T05:32:00.000Z,320,false
V006724,OOMS,LOWW,2026-01-03T20:43:00.000Z,2026-01-04T02:32:00.000Z,340,false
V006725,LOWW,OOMS,2026-01-04T10:57:00.000Z,2026-01-04T16:46:00.000Z,340,false
V006726,OOMS,LOWW,2026-01-04T10:39:00.000Z,2026-01-04T16:28:00.000Z,300,false
V006727,LOWW,OYSN,2026-01-04T02:17:00.000Z,2026-01-04T07:55:00.000Z,300,false
V006728,OYSN,LOWW,2026-01-04T00:19:00.000Z,2026-01-04T05:57:00.000Z,340,false
V006729,LOWW,OYSN,2026-01-04T13:46:00.000Z,2026-01-04T19:24:00.000Z,300,false
V006730,OYSN,LOWW,2026-01-04T10:35:00.000Z,2026-01-04T16:13:00.000Z,300,false
V006731,LOWW,OYSN,2026-01-04T19:47:00.000Z,2026-01-05T01:25:00.000Z,360,false
V006732,OYSN,LOWW,2026-01-04T15:24:00.000Z,2026-01-04T21:02:00.000Z,320,false
V006733,LOWW,OPKC,2026-01-04T03:02:00.000Z,2026-01-04T09:33:00.000Z,340,false
V006734,OPKC,LOWW,2026-01-04T00:23:00.000Z,2026-01-04T06:54:00.000Z,340,false
V006735,LOWW,OPKC,2026-01-04T04:36:00.000Z,2026-01-04T11:07:00.000Z,300,false
V006736,OPKC,LOWW,2026-01-04T01:49:00.000Z,2026-01-04T08:20:00.000Z,360,false
V006737,LOWW,OPKC,2026-01-04T11:16:00.000Z,2026-01-04T17:47:00.000Z,320,false
V006738,OPKC,LOWW,2026-01-04T08:54:00.000Z,2026-01-04T15:25:00.000Z,340,false
V006739,LOWW,OPKC,2026-01-04T19:22:00.000Z,2026-01-05T01:53:00.000Z,320,false
V006740,OPKC,LOWW,2026-01-04T18:29:00.000Z,2026-01-05T01:00:00.000Z,320,false
V006741,LOWW,UBBB,2026-01-04T00:13:00.000Z,2026-01-04T03:47:00.000Z,360,false
V006742,UBBB,LOWW,2026-01-04T03:17:00.000Z,2026-01-04T06:51:00.000Z,320,false
V006743,LOWW,UBBB,2026-01-04T05:02:00.000Z,2026-01-04T08:36:00.000Z,340,false
V006744,UBBB,LOWW,2026-01-04T07:20:00.000Z,2026-01-04T10:54:00.000Z,320,false
V006745,LOWW,UBBB,2026-01-04T13:09:00.000Z,2026-01-04T16:43:00.000Z,340,false
V006746,UBBB,LOWW,2026-01-04T12:24:00.000Z,2026-01-04T15:58:00.000Z,340,false
V006747,LOWW,UBBB,2026-01-04T21:15:00.000Z,2026-01-05T00:49:00.000Z,300,false
V006748,UBBB,LOWW,2026-01-04T19:26:00.000Z,2026-01-04T23:00:00.000Z,300,false
V006749,LOWW,OJAI,2026-01-04T03:12:00.000Z,2026-01-04T06:19:00.000Z,320,false
V006750,OJAI,LOWW,2026-01-03T23:46:00.000Z,2026-01-04T02:53:00.000Z,360,false
V006751,LOWW,OJAI,2026-01-04T06:13:00.000Z,2026-01-04T09:20:00.000Z,340,false
V006752,OJAI,LOWW,2026-01-04T07:16:00.000Z,2026-01-04T10:23:00.000Z,300,false
V006753,LOWW,OJAI,2026-01-04T11:48:00.000Z,2026-01-04T14:55:00.000Z,300,false
V006754,OJAI,LOWW,2026-01-04T11:37:00.000Z,2026-01-04T14:44:00.000Z,300,false
V006755,LOWW,OJAI,2026-01-04T20:26:00.000Z,2026-01-04T23:33:00.000Z,300,false
V006756,OJAI,LOWW,2026-01-04T17:13:00.000Z,2026-01-04T20:20:00.000Z,340,false
V006757,EBCI,UMMS,2026-01-04T03:51:00.000Z,2026-01-04T05:58:00.000Z,300,false
V006758,UMMS,EBCI,2026-01-03T21:29:00.000Z,2026-01-03T23:36:00.000Z,360,false
V006759,EBCI,UMMS,2026-01-04T04:51:00.000Z,2026-01-04T06:58:00.000Z,320,false
V006760,UMMS,EBCI,2026-01-04T08:51:00.000Z,2026-01-04T10:58:00.000Z,300,false
V006761,EBCI,UMMS,2026-01-04T13:14:00.000Z,2026-01-04T15:21:00.000Z,340,false
V006762,UMMS,EBCI,2026-01-04T10:10:00.000Z,2026-01-04T12:17:00.000Z,360,false
V006763,EBCI,UMMS,2026-01-04T21:13:00.000Z,2026-01-04T23:20:00.000Z,340,false
V006764,UMMS,EBCI,2026-01-04T15:27:00.000Z,2026-01-04T17:34:00.000Z,320,false
V006765,EBCI,LBSF,2026-01-04T01:36:00.000Z,2026-01-04T03:45:00.000Z,340,false
V006766,LBSF,EBCI,2026-01-04T00:49:00.000Z,2026-01-04T02:58:00.000Z,300,false
V006767,EBCI,LBSF,2026-01-04T09:48:00.000Z,2026-01-04T11:57:00.000Z,320,false
V006768,LBSF,EBCI,2026-01-04T06:05:00.000Z,2026-01-04T08:14:00.000Z,360,false
V006769,EBCI,LBSF,2026-01-04T10:40:00.000Z,2026-01-04T12:49:00.000Z,340,false
V006770,LBSF,EBCI,2026-01-04T14:01:00.000Z,2026-01-04T16:10:00.000Z,340,false
V006771,EBCI,LBSF,2026-01-04T17:24:00.000Z,2026-01-04T19:33:00.000Z,340,false
V006772,LBSF,EBCI,2026-01-04T20:00:00.000Z,2026-01-04T22:09:00.000Z,300,false
V006773,EBCI,LKPR,2026-01-04T03:23:00.000Z,2026-01-04T04:16:00.000Z,300,false
V006774,LKPR,EBCI,2026-01-04T01:31:00.000Z,2026-01-04T02:24:00.000Z,300,false
V006775,EBCI,LKPR,2026-01-04T07:10:00.000Z,2026-01-04T08:03:00.000Z,300,false
V006776,LKPR,EBCI,2026-01-04T05:49:00.000Z,2026-01-04T06:42:00.000Z,300,false
V006777,EBCI,LKPR,2026-01-04T11:26:00.000Z,2026-01-04T12:19:00.000Z,300,false
V006778,LKPR,EBCI,2026-01-04T10:43:00.000Z,2026-01-04T11:36:00.000Z,340,false
V006779,EBCI,LKPR,2026-01-04T16:38:00.000Z,2026-01-04T17:31:00.000Z,320,false
V006780,LKPR,EBCI,2026-01-04T18:03:00.000Z,2026-01-04T18:56:00.000Z,360,false
V006781,EBCI,LDZA,2026-01-04T03:43:00.000Z,2026-01-04T05:02:00.000Z,340,false
V006782,LDZA,EBCI,2026-01-04T01:14:00.000Z,2026-01-04T02:33:00.000Z,300,false
V006783,EBCI,LDZA,2026-01-04T09:39:00.000Z,2026-01-04T10:58:00.000Z,300,false
V006784,LDZA,EBCI,2026-01-04T06:16:00.000Z,2026-01-04T07:35:00.000Z,340,false
V006785,EBCI,LDZA,2026-01-04T13:40:00.000Z,2026-01-04T14:59:00.000Z,360,false
V006786,LDZA,EBCI,2026-01-04T15:23:00.000Z,2026-01-04T16:42:00.000Z,300,false
V006787,EBCI,LDZA,2026-01-04T19:17:00.000Z,2026-01-04T20:36:00.000Z,360,false
V006788,LDZA,EBCI,2026-01-04T20:17:00.000Z,2026-01-04T21:36:00.000Z,340,false
V006789,EBCI,EKCH,2026-01-04T01:00:00.000Z,2026-01-04T01:58:00.000Z,300,false
V006790,EKCH,EBCI,2026-01-04T02:22:00.000Z,2026-01-04T03:20:00.000Z,340,false
V006791,EBCI,EKCH,2026-01-04T08:47:00.000Z,2026-01-04T09:45:00.000Z,340,false
V006792,EKCH,EBCI,2026-01-04T08:31:00.000Z,2026-01-04T09:29:00.000Z,320,false
V006793,EBCI,EKCH,2026-01-04T13:54:00.000Z,2026-01-04T14:52:00.000Z,360,false
V006794,EKCH,EBCI,2026-01-04T10:15:00.000Z,2026-01-04T11:13:00.000Z,360,false
V006795,EBCI,EKCH,2026-01-04T18:55:00.000Z,2026-01-04T19:53:00.000Z,340,false
V006796,EKCH,EBCI,2026-01-04T17:19:00.000Z,2026-01-04T18:17:00.000Z,300,false
V006797,EBCI,EHAM,2026-01-04T01:48:00.000Z,2026-01-04T02:04:00.000Z,360,false
V006798,EHAM,EBCI,2026-01-04T00:00:00.000Z,2026-01-04T00:16:00.000Z,300,false
V006799,EBCI,EHAM,2026-01-04T05:13:00.000Z,2026-01-04T05:29:00.000Z,340,false
V006800,EHAM,EBCI,2026-01-04T06:50:00.000Z,2026-01-04T07:06:00.000Z,340,false
V006801,EBCI,EHAM,2026-01-04T12:56:00.000Z,2026-01-04T13:12:00.000Z,320,false
V006802,EHAM,EBCI,2026-01-04T15:57:00.000Z,2026-01-04T16:13:00.000Z,320,false
V006803,EBCI,EHAM,2026-01-04T17:32:00.000Z,2026-01-04T17:48:00.000Z,340,false
V006804,EHAM,EBCI,2026-01-04T19:25:00.000Z,2026-01-04T19:41:00.000Z,320,false
V006805,EBCI,VIDP,2026-01-04T00:55:00.000Z,2026-01-04T09:04:00.000Z,340,false
V006806,VIDP,EBCI,2026-01-03T19:26:00.000Z,2026-01-04T03:35:00.000Z,360,false
V006807,EBCI,VIDP,2026-01-04T09:36:00.000Z,2026-01-04T17:45:00.000Z,300,false
V006808,VIDP,EBCI,2026-01-04T01:58:00.000Z,2026-01-04T10:07:00.000Z,360,false
V006809,EBCI,VIDP,2026-01-04T14:39:00.000Z,2026-01-04T22:48:00.000Z,340,false
V006810,VIDP,EBCI,2026-01-04T12:25:00.000Z,2026-01-04T20:34:00.000Z,300,false
V006811,EBCI,VIDP,2026-01-04T16:43:00.000Z,2026-01-05T00:52:00.000Z,320,false
V006812,VIDP,EBCI,2026-01-04T16:56:00.000Z,2026-01-05T01:05:00.000Z,340,false
V006813,EBCI,OSDI,2026-01-04T00:03:00.000Z,2026-01-04T04:06:00.000Z,320,false
V006814,OSDI,EBCI,2026-01-04T01:32:00.000Z,2026-01-04T05:35:00.000Z,320,false
V006815,EBCI,OSDI,2026-01-04T13:59:00.000Z,2026-01-04T18:02:00.000Z,360,false
V006816,OSDI,EBCI,2026-01-04T05:41:00.000Z,2026-01-04T09:44:00.000Z,300,false
V006817,EBCI,OSDI,2026-01-04T15:06:00.000Z,2026-01-04T19:09:00.000Z,320,false
V006818,OSDI,EBCI,2026-01-04T19:06:00.000Z,2026-01-04T23:09:00.000Z,340,false
V006819,EBCI,OAKB,2026-01-03T22:23:00.000Z,2026-01-04T05:15:00.000Z,360,false
V006820,OAKB,EBCI,2026-01-03T20:28:00.000Z,2026-01-04T03:20:00.000Z,320,false
V006821,EBCI,OAKB,2026-01-04T16:40:00.000Z,2026-01-04T23:32:00.000Z,300,false
V006822,OAKB,EBCI,2026-01-04T12:11:00.000Z,2026-01-04T19:03:00.000Z,320,false
V006823,EBCI,OOMS,2026-01-03T22:44:00.000Z,2026-01-04T05:41:00.000Z,360,false
V006824,OOMS,EBCI,2026-01-04T01:54:00.000Z,2026-01-04T08:51:00.000Z,340,false
V006825,EBCI,OOMS,2026-01-04T08:45:00.000Z,2026-01-04T15:42:00.000Z,340,false
V006826,OOMS,EBCI,2026-01-04T06:00:00.000Z,2026-01-04T12:57:00.000Z,340,false
V006827,EBCI,OOMS,2026-01-04T19:54:00.000Z,2026-01-05T02:51:00.000Z,300,false
V006828,OOMS,EBCI,2026-01-04T14:03:00.000Z,2026-01-04T21:00:00.000Z,300,false
V006829,EBCI,OYSN,2026-01-04T01:39:00.000Z,2026-01-04T08:18:00.000Z,300,false
V006830,OYSN,EBCI,2026-01-04T00:22:00.000Z,2026-01-04T07:01:00.000Z,300,false
V006831,EBCI,OYSN,2026-01-04T06:38:00.000Z,2026-01-04T13:17:00.000Z,320,false
V006832,OYSN,EBCI,2026-01-04T03:50:00.000Z,2026-01-04T10:29:00.000Z,360,false
V006833,EBCI,OYSN,2026-01-04T10:24:00.000Z,2026-01-04T17:03:00.000Z,360,false
V006834,OYSN,EBCI,2026-01-04T10:45:00.000Z,2026-01-04T17:24:00.000Z,300,false
V006835,EBCI,OYSN,2026-01-04T17:38:00.000Z,2026-01-05T00:17:00.000Z,300,false
V006836,OYSN,EBCI,2026-01-04T17:09:00.000Z,2026-01-04T23:48:00.000Z,300,false
V006837,EBCI,OPKC,2026-01-04T01:04:00.000Z,2026-01-04T08:43:00.000Z,320,false
V006838,OPKC,EBCI,2026-01-04T01:16:00.000Z,2026-01-04T08:55:00.000Z,340,false
V006839,EBCI,OPKC,2026-01-04T11:56:00.000Z,2026-01-04T19:35:00.000Z,340,false
V006840,OPKC,EBCI,2026-01-04T06:11:00.000Z,2026-01-04T13:50:00.000Z,360,false
V006841,EBCI,OPKC,2026-01-04T16:19:00.000Z,2026-01-04T23:58:00.000Z,300,false
V006842,OPKC,EBCI,2026-01-04T13:16:00.000Z,2026-01-04T20:55:00.000Z,320,false
V006843,EBCI,UBBB,2026-01-04T01:45:00.000Z,2026-01-04T06:25:00.000Z,360,false
V006844,UBBB,EBCI,2026-01-03T22:10:00.000Z,2026-01-04T02:50:00.000Z,340,false
V006845,EBCI,UBBB,2026-01-04T04:39:00.000Z,2026-01-04T09:19:00.000Z,320,false
V006846,UBBB,EBCI,2026-01-04T08:55:00.000Z,2026-01-04T13:35:00.000Z,320,false
V006847,EBCI,UBBB,2026-01-04T12:32:00.000Z,2026-01-04T17:12:00.000Z,340,false
V006848,UBBB,EBCI,2026-01-04T14:26:00.000Z,2026-01-04T19:06:00.000Z,360,false
V006849,EBCI,UBBB,2026-01-04T21:27:00.000Z,2026-01-05T02:07:00.000Z,300,false
V006850,UBBB,EBCI,2026-01-04T18:17:00.000Z,2026-01-04T22:57:00.000Z,360,false
V006851,EBCI,OJAI,2026-01-04T02:55:00.000Z,2026-01-04T07:06:00.000Z,340,false
V006852,OJAI,EBCI,2026-01-03T22:10:00.000Z,2026-01-04T02:21:00.000Z,360,false
V006853,EBCI,OJAI,2026-01-04T05:45:00.000Z,2026-01-04T09:56:00.000Z,300,false
V006854,OJAI,EBCI,2026-01-04T06:07:00.000Z,2026-01-04T10:18:00.000Z,300,false
V006855,EBCI,OJAI,2026-01-04T15:29:00.000Z,2026-01-04T19:40:00.000Z,360,false
V006856,OJAI,EBCI,2026-01-04T09:28:00.000Z,2026-01-04T13:39:00.000Z,300,false
V006857,EBCI,OJAI,2026-01-04T20:01:00.000Z,2026-01-05T00:12:00.000Z,340,false
V006858,OJAI,EBCI,2026-01-04T17:03:00.000Z,2026-01-04T21:14:00.000Z,340,false
V006859,UMMS,LBSF,2026-01-04T07:46:00.000Z,2026-01-04T09:22:00.000Z,340,false
V006860,LBSF,UMMS,2026-01-03T22:44:00.000Z,2026-01-04T00:20:00.000Z,340,false
V006861,UMMS,LBSF,2026-01-04T09:19:00.000Z,2026-01-04T10:55:00.000Z,320,false
V006862,LBSF,UMMS,2026-01-04T17:22:00.000Z,2026-01-04T18:58:00.000Z,340,false
V006863,UMMS,LKPR,2026-01-04T03:02:00.000Z,2026-01-04T04:19:00.000Z,340,false
V006864,LKPR,UMMS,2026-01-04T16:52:00.000Z,2026-01-04T18:09:00.000Z,300,false
V006865,UMMS,LDZA,2026-01-04T03:02:00.000Z,2026-01-04T04:35:00.000Z,320,false
V006866,LDZA,UMMS,2026-01-03T23:41:00.000Z,2026-01-04T01:14:00.000Z,320,false
V006867,UMMS,LDZA,2026-01-04T12:42:00.000Z,2026-01-04T14:15:00.000Z,360,false
V006868,LDZA,UMMS,2026-01-04T07:41:00.000Z,2026-01-04T09:14:00.000Z,340,false
V006869,UMMS,LDZA,2026-01-04T17:29:00.000Z,2026-01-04T19:02:00.000Z,320,false
V006870,LDZA,UMMS,2026-01-04T16:44:00.000Z,2026-01-04T18:17:00.000Z,340,false
V006871,UMMS,EKCH,2026-01-04T02:51:00.000Z,2026-01-04T04:11:00.000Z,340,false
V006872,EKCH,UMMS,2026-01-03T22:12:00.000Z,2026-01-03T23:32:00.000Z,320,false
V006873,UMMS,EKCH,2026-01-04T04:21:00.000Z,2026-01-04T05:41:00.000Z,320,false
V006874,EKCH,UMMS,2026-01-04T08:36:00.000Z,2026-01-04T09:56:00.000Z,360,false
V006875,UMMS,EKCH,2026-01-04T12:44:00.000Z,2026-01-04T14:04:00.000Z,300,false
V006876,EKCH,UMMS,2026-01-04T13:53:00.000Z,2026-01-04T15:13:00.000Z,300,false
V006877,UMMS,EKCH,2026-01-04T18:53:00.000Z,2026-01-04T20:13:00.000Z,300,false
V006878,EKCH,UMMS,2026-01-04T18:13:00.000Z,2026-01-04T19:33:00.000Z,320,false
V006879,UMMS,EHAM,2026-01-03T23:57:00.000Z,2026-01-04T01:59:00.000Z,320,false
V006880,EHAM,UMMS,2026-01-03T22:09:00.000Z,2026-01-04T00:11:00.000Z,300,false
V006881,UMMS,EHAM,2026-01-04T08:01:00.000Z,2026-01-04T10:03:00.000Z,360,false
V006882,EHAM,UMMS,2026-01-04T13:56:00.000Z,2026-01-04T15:58:00.000Z,300,false
V006883,UMMS,EHAM,2026-01-04T13:53:00.000Z,2026-01-04T15:55:00.000Z,320,false
V006884,EHAM,UMMS,2026-01-04T19:31:00.000Z,2026-01-04T21:33:00.000Z,300,false
V006885,UMMS,VIDP,2026-01-03T23:39:00.000Z,2026-01-04T05:45:00.000Z,340,false
V006886,VIDP,UMMS,2026-01-03T19:52:00.000Z,2026-01-04T01:58:00.000Z,320,false
V006887,UMMS,VIDP,2026-01-04T05:32:00.000Z,2026-01-04T11:38:00.000Z,340,false
V006888,VIDP,UMMS,2026-01-04T02:49:00.000Z,2026-01-04T08:55:00.000Z,300,false
V006889,UMMS,VIDP,2026-01-04T10:55:00.000Z,2026-01-04T17:01:00.000Z,360,false
V006890,VIDP,UMMS,2026-01-04T09:25:00.000Z,2026-01-04T15:31:00.000Z,320,false
V006891,UMMS,VIDP,2026-01-04T16:43:00.000Z,2026-01-04T22:49:00.000Z,320,false
V006892,VIDP,UMMS,2026-01-04T14:26:00.000Z,2026-01-04T20:32:00.000Z,360,false
V006893,UMMS,OSDI,2026-01-04T00:04:00.000Z,2026-01-04T02:58:00.000Z,320,false
V006894,OSDI,UMMS,2026-01-03T21:24:00.000Z,2026-01-04T00:18:00.000Z,300,false
V006895,UMMS,OSDI,2026-01-04T07:25:00.000Z,2026-01-04T10:19:00.000Z,360,false
V006896,OSDI,UMMS,2026-01-04T04:13:00.000Z,2026-01-04T07:07:00.000Z,340,false
V006897,UMMS,OSDI,2026-01-04T10:09:00.000Z,2026-01-04T13:03:00.000Z,360,false
V006898,OSDI,UMMS,2026-01-04T12:10:00.000Z,2026-01-04T15:04:00.000Z,300,false
V006899,UMMS,OSDI,2026-01-04T18:59:00.000Z,2026-01-04T21:53:00.000Z,300,false
V006900,OSDI,UMMS,2026-01-04T19:35:00.000Z,2026-01-04T22:29:00.000Z,340,false
V006901,UMMS,OAKB,2026-01-03T23:29:00.000Z,2026-01-04T04:19:00.000Z,320,false
V006902,OAKB,UMMS,2026-01-03T23:40:00.000Z,2026-01-04T04:30:00.000Z,320,false
V006903,UMMS,OAKB,2026-01-04T08:23:00.000Z,2026-01-04T13:13:00.000Z,320,false
V006904,OAKB,UMMS,2026-01-04T02:21:00.000Z,2026-01-04T07:11:00.000Z,360,false
V006905,UMMS,OAKB,2026-01-04T12:14:00.000Z,2026-01-04T17:04:00.000Z,360,false
V006906,OAKB,UMMS,2026-01-04T09:57:00.000Z,2026-01-04T14:47:00.000Z,300,false
V006907,UMMS,OAKB,2026-01-04T15:51:00.000Z,2026-01-04T20:41:00.000Z,360,false
V006908,OAKB,UMMS,2026-01-04T15:06:00.000Z,2026-01-04T19:56:00.000Z,320,false
V006909,UMMS,OOMS,2026-01-04T04:11:00.000Z,2026-01-04T09:27:00.000Z,300,false
V006910,OOMS,UMMS,2026-01-04T03:30:00.000Z,2026-01-04T08:46:00.000Z,360,false
V006911,UMMS,OOMS,2026-01-04T09:01:00.000Z,2026-01-04T14:17:00.000Z,320,false
V006912,OOMS,UMMS,2026-01-04T04:07:00.000Z,2026-01-04T09:23:00.000Z,340,false
V006913,UMMS,OOMS,2026-01-04T18:51:00.000Z,2026-01-05T00:07:00.000Z,360,false
V006914,OOMS,UMMS,2026-01-04T17:18:00.000Z,2026-01-04T22:34:00.000Z,360,false
V006915,UMMS,OYSN,2026-01-04T12:49:00.000Z,2026-01-04T18:25:00.000Z,300,false
V006916,OYSN,UMMS,2026-01-03T21:41:00.000Z,2026-01-04T03:17:00.000Z,340,false
V006917,UMMS,OPKC,2026-01-03T21:17:00.000Z,2026-01-04T03:03:00.000Z,360,false
V006918,OPKC,UMMS,2026-01-03T21:50:00.000Z,2026-01-04T03:36:00.000Z,340,false
V006919,UMMS,OPKC,2026-01-04T08:21:00.000Z,2026-01-04T14:07:00.000Z,340,false
V006920,OPKC,UMMS,2026-01-04T08:18:00.000Z,2026-01-04T14:04:00.000Z,360,false
V006921,UMMS,OPKC,2026-01-04T18:55:00.000Z,2026-01-05T00:41:00.000Z,300,false
V006922,OPKC,UMMS,2026-01-04T16:12:00.000Z,2026-01-04T21:58:00.000Z,360,false
V006923,UMMS,UBBB,2026-01-04T02:49:00.000Z,2026-01-04T05:35:00.000Z,340,false
V006924,UBBB,UMMS,2026-01-04T00:26:00.000Z,2026-01-04T03:12:00.000Z,300,false
V006925,UMMS,UBBB,2026-01-04T08:59:00.000Z,2026-01-04T11:45:00.000Z,320,false
V006926,UBBB,UMMS,2026-01-04T04:05:00.000Z,2026-01-04T06:51:00.000Z,300,false
V006927,UMMS,UBBB,2026-01-04T10:26:00.000Z,2026-01-04T13:12:00.000Z,320,false
V006928,UBBB,UMMS,2026-01-04T11:15:00.000Z,2026-01-04T14:01:00.000Z,300,false
V006929,UMMS,UBBB,2026-01-04T20:31:00.000Z,2026-01-04T23:17:00.000Z,300,false
V006930,UBBB,UMMS,2026-01-04T16:25:00.000Z,2026-01-04T19:11:00.000Z,340,false
V006931,UMMS,OJAI,2026-01-04T03:51:00.000Z,2026-01-04T07:00:00.000Z,300,false
V006932,OJAI,UMMS,2026-01-04T10:37:00.000Z,2026-01-04T13:46:00.000Z,300,false
V006933,LBSF,LKPR,2026-01-04T01:12:00.000Z,2026-01-04T02:37:00.000Z,360,false
V006934,LKPR,LBSF,2026-01-04T05:10:00.000Z,2026-01-04T06:35:00.000Z,360,false
V006935,LBSF,LKPR,2026-01-04T11:07:00.000Z,2026-01-04T12:32:00.000Z,300,false
V006936,LKPR,LBSF,2026-01-04T20:25:00.000Z,2026-01-04T21:50:00.000Z,300,false
V006937,LBSF,LDZA,2026-01-04T01:25:00.000Z,2026-01-04T02:14:00.000Z,340,false
V006938,LDZA,LBSF,2026-01-04T03:01:00.000Z,2026-01-04T03:50:00.000Z,320,false
V006939,LBSF,LDZA,2026-01-04T07:13:00.000Z,2026-01-04T08:02:00.000Z,360,false
V006940,LDZA,LBSF,2026-01-04T09:52:00.000Z,2026-01-04T10:41:00.000Z,320,false
V006941,LBSF,LDZA,2026-01-04T13:19:00.000Z,2026-01-04T14:08:00.000Z,320,false
V006942,LDZA,LBSF,2026-01-04T15:45:00.000Z,2026-01-04T16:34:00.000Z,340,false
V006943,LBSF,LDZA,2026-01-04T19:11:00.000Z,2026-01-04T20:00:00.000Z,360,false
V006944,LDZA,LBSF,2026-01-04T21:53:00.000Z,2026-01-04T22:42:00.000Z,340,false
V006945,LBSF,EKCH,2026-01-04T01:04:00.000Z,2026-01-04T03:08:00.000Z,340,false
V006946,EKCH,LBSF,2026-01-03T22:18:00.000Z,2026-01-04T00:22:00.000Z,360,false
V006947,LBSF,EKCH,2026-01-04T05:18:00.000Z,2026-01-04T07:22:00.000Z,340,false
V006948,EKCH,LBSF,2026-01-04T09:59:00.000Z,2026-01-04T12:03:00.000Z,360,false
V006949,LBSF,EKCH,2026-01-04T14:18:00.000Z,2026-01-04T16:22:00.000Z,360,false
V006950,EKCH,LBSF,2026-01-04T11:45:00.000Z,2026-01-04T13:49:00.000Z,340,false
V006951,LBSF,EKCH,2026-01-04T17:25:00.000Z,2026-01-04T19:29:00.000Z,320,false
V006952,EKCH,LBSF,2026-01-04T20:01:00.000Z,2026-01-04T22:05:00.000Z,360,false
V006953,LBSF,EHAM,2026-01-03T22:27:00.000Z,2026-01-04T00:43:00.000Z,300,false
V006954,EHAM,LBSF,2026-01-03T22:04:00.000Z,2026-01-04T00:20:00.000Z,340,false
V006955,LBSF,EHAM,2026-01-04T05:24:00.000Z,2026-01-04T07:40:00.000Z,360,false
V006956,EHAM,LBSF,2026-01-04T09:26:00.000Z,2026-01-04T11:42:00.000Z,300,false
V006957,LBSF,EHAM,2026-01-04T12:17:00.000Z,2026-01-04T14:33:00.000Z,360,false
V006958,EHAM,LBSF,2026-01-04T12:41:00.000Z,2026-01-04T14:57:00.000Z,360,false
V006959,LBSF,EHAM,2026-01-04T16:42:00.000Z,2026-01-04T18:58:00.000Z,300,false
V006960,EHAM,LBSF,2026-01-04T21:11:00.000Z,2026-01-04T23:27:00.000Z,360,false
V006961,LBSF,VIDP,2026-01-04T02:56:00.000Z,2026-01-04T09:18:00.000Z,320,false
V006962,VIDP,LBSF,2026-01-03T23:01:00.000Z,2026-01-04T05:23:00.000Z,360,false
V006963,LBSF,VIDP,2026-01-04T09:28:00.000Z,2026-01-04T15:50:00.000Z,300,false
V006964,VIDP,LBSF,2026-01-04T06:53:00.000Z,2026-01-04T13:15:00.000Z,340,false
V006965,LBSF,VIDP,2026-01-04T17:37:00.000Z,2026-01-04T23:59:00.000Z,360,false
V006966,VIDP,LBSF,2026-01-04T12:52:00.000Z,2026-01-04T19:14:00.000Z,300,false
V006967,LBSF,OSDI,2026-01-04T01:51:00.000Z,2026-01-04T03:45:00.000Z,340,false
V006968,OSDI,LBSF,2026-01-03T21:00:00.000Z,2026-01-03T22:54:00.000Z,300,false
V006969,LBSF,OSDI,2026-01-04T05:25:00.000Z,2026-01-04T07:19:00.000Z,320,false
V006970,OSDI,LBSF,2026-01-04T08:48:00.000Z,2026-01-04T10:42:00.000Z,340,false
V006971,LBSF,OSDI,2026-01-04T11:13:00.000Z,2026-01-04T13:07:00.000Z,300,false
V006972,OSDI,LBSF,2026-01-04T11:42:00.000Z,2026-01-04T13:36:00.000Z,300,false
V006973,LBSF,OSDI,2026-01-04T17:21:00.000Z,2026-01-04T19:15:00.000Z,320,false
V006974,OSDI,LBSF,2026-01-04T16:36:00.000Z,2026-01-04T18:30:00.000Z,320,false
V006975,LBSF,OAKB,2026-01-03T22:08:00.000Z,2026-01-04T03:15:00.000Z,300,false
V006976,OAKB,LBSF,2026-01-03T23:35:00.000Z,2026-01-04T04:42:00.000Z,320,false
V006977,LBSF,OAKB,2026-01-04T06:07:00.000Z,2026-01-04T11:14:00.000Z,300,false
V006978,OAKB,LBSF,2026-01-04T02:39:00.000Z,2026-01-04T07:46:00.000Z,360,false
V006979,LBSF,OAKB,2026-01-04T14:21:00.000Z,2026-01-04T19:28:00.000Z,320,false
V006980,OAKB,LBSF,2026-01-04T13:24:00.000Z,2026-01-04T18:31:00.000Z,360,false
V006981,LBSF,OAKB,2026-01-04T16:50:00.000Z,2026-01-04T21:57:00.000Z,360,false
V006982,OAKB,LBSF,2026-01-04T16:23:00.000Z,2026-01-04T21:30:00.000Z,300,false
V006983,LBSF,OOMS,2026-01-03T23:58:00.000Z,2026-01-04T04:49:00.000Z,340,false
V006984,OOMS,LBSF,2026-01-03T21:43:00.000Z,2026-01-04T02:34:00.000Z,300,false
V006985,LBSF,OOMS,2026-01-04T11:49:00.000Z,2026-01-04T16:40:00.000Z,340,false
V006986,OOMS,LBSF,2026-01-04T09:24:00.000Z,2026-01-04T14:15:00.000Z,360,false
V006987,LBSF,OOMS,2026-01-04T13:29:00.000Z,2026-01-04T18:20:00.000Z,320,false
V006988,OOMS,LBSF,2026-01-04T15:38:00.000Z,2026-01-04T20:29:00.000Z,340,false
V006989,LBSF,OYSN,2026-01-03T23:41:00.000Z,2026-01-04T04:13:00.000Z,360,false
V006990,OYSN,LBSF,2026-01-04T02:03:00.000Z,2026-01-04T06:35:00.000Z,340,false
V006991,LBSF,OYSN,2026-01-04T20:43:00.000Z,2026-01-05T01:15:00.000Z,340,false
V006992,OYSN,LBSF,2026-01-04T15:45:00.000Z,2026-01-04T20:17:00.000Z,340,false
V006993,LBSF,OPKC,2026-01-04T00:10:00.000Z,2026-01-04T05:49:00.000Z,340,false
V006994,OPKC,LBSF,2026-01-03T23:16:00.000Z,2026-01-04T04:55:00.000Z,300,false
V006995,LBSF,OPKC,2026-01-04T06:26:00.000Z,2026-01-04T12:05:00.000Z,360,false
V006996,OPKC,LBSF,2026-01-04T04:04:00.000Z,2026-01-04T09:43:00.000Z,320,false
V006997,LBSF,OPKC,2026-01-04T16:37:00.000Z,2026-01-04T22:16:00.000Z,300,false
V006998,OPKC,LBSF,2026-01-04T13:18:00.000Z,2026-01-04T18:57:00.000Z,340,false
V006999,LBSF,UBBB,2026-01-04T00:28:00.000Z,2026-01-04T03:19:00.000Z,320,false
V007000,UBBB,LBSF,2026-01-03T23:43:00.000Z,2026-01-04T02:34:00.000Z,320,false
V007001,LBSF,UBBB,2026-01-04T07:29:00.000Z,2026-01-04T10:20:00.000Z,320,false
V007002,UBBB,LBSF,2026-01-04T07:43:00.000Z,2026-01-04T10:34:00.000Z,360,false
V007003,LBSF,UBBB,2026-01-04T12:26:00.000Z,2026-01-04T15:17:00.000Z,340,false
V007004,UBBB,LBSF,2026-01-04T12:09:00.000Z,2026-01-04T15:00:00.000Z,300,false
V007005,LBSF,UBBB,2026-01-04T17:59:00.000Z,2026-01-04T20:50:00.000Z,300,false
V007006,UBBB,LBSF,2026-01-04T17:28:00.000Z,2026-01-04T20:19:00.000Z,320,false
V007007,LBSF,OJAI,2026-01-03T23:53:00.000Z,2026-01-04T01:55:00.000Z,360,false
V007008,OJAI,LBSF,2026-01-04T02:43:00.000Z,2026-01-04T04:45:00.000Z,360,false
V007009,LBSF,OJAI,2026-01-04T04:10:00.000Z,2026-01-04T06:12:00.000Z,360,false
V007010,OJAI,LBSF,2026-01-04T08:40:00.000Z,2026-01-04T10:42:00.000Z,320,false
V007011,LBSF,OJAI,2026-01-04T13:45:00.000Z,2026-01-04T15:47:00.000Z,300,false
V007012,OJAI,LBSF,2026-01-04T10:09:00.000Z,2026-01-04T12:11:00.000Z,320,false
V007013,LBSF,OJAI,2026-01-04T20:39:00.000Z,2026-01-04T22:41:00.000Z,360,false
V007014,OJAI,LBSF,2026-01-04T20:47:00.000Z,2026-01-04T22:49:00.000Z,360,false
V007015,LKPR,LDZA,2026-01-04T01:15:00.000Z,2026-01-04T01:58:00.000Z,300,false
V007016,LDZA,LKPR,2026-01-03T22:53:00.000Z,2026-01-03T23:36:00.000Z,300,false
V007017,LKPR,LDZA,2026-01-04T07:08:00.000Z,2026-01-04T07:51:00.000Z,320,false
V007018,LDZA,LKPR,2026-01-04T08:35:00.000Z,2026-01-04T09:18:00.000Z,300,false
V007019,LKPR,LDZA,2026-01-04T14:03:00.000Z,2026-01-04T14:46:00.000Z,360,false
V007020,LDZA,LKPR,2026-01-04T11:57:00.000Z,2026-01-04T12:40:00.000Z,360,false
V007021,LKPR,LDZA,2026-01-04T21:10:00.000Z,2026-01-04T21:53:00.000Z,360,false
V007022,LDZA,LKPR,2026-01-04T20:58:00.000Z,2026-01-04T21:41:00.000Z,340,false
V007023,LKPR,EKCH,2026-01-04T06:59:00.000Z,2026-01-04T07:42:00.000Z,360,false
V007024,EKCH,LKPR,2026-01-03T23:47:00.000Z,2026-01-04T00:30:00.000Z,340,false
V007025,LKPR,EKCH,2026-01-04T11:19:00.000Z,2026-01-04T12:02:00.000Z,340,false
V007026,EKCH,LKPR,2026-01-04T20:34:00.000Z,2026-01-04T21:17:00.000Z,360,false
V007027,LKPR,EHAM,2026-01-04T03:18:00.000Z,2026-01-04T04:13:00.000Z,300,false
V007028,EHAM,LKPR,2026-01-03T22:37:00.000Z,2026-01-03T23:32:00.000Z,320,false
V007029,LKPR,EHAM,2026-01-04T13:24:00.000Z,2026-01-04T14:19:00.000Z,320,false
V007030,EHAM,LKPR,2026-01-04T08:01:00.000Z,2026-01-04T08:56:00.000Z,300,false
V007031,LKPR,EHAM,2026-01-04T17:41:00.000Z,2026-01-04T18:36:00.000Z,300,false
V007032,EHAM,LKPR,2026-01-04T20:16:00.000Z,2026-01-04T21:11:00.000Z,360,false
V007033,LKPR,VIDP,2026-01-04T00:51:00.000Z,2026-01-04T08:06:00.000Z,360,false
V007034,VIDP,LKPR,2026-01-03T23:54:00.000Z,2026-01-04T07:09:00.000Z,360,false
V007035,LKPR,VIDP,2026-01-04T09:09:00.000Z,2026-01-04T16:24:00.000Z,320,false
V007036,VIDP,LKPR,2026-01-04T01:52:00.000Z,2026-01-04T09:07:00.000Z,340,false
V007037,LKPR,VIDP,2026-01-04T14:12:00.000Z,2026-01-04T21:27:00.000Z,320,false
V007038,VIDP,LKPR,2026-01-04T08:30:00.000Z,2026-01-04T15:45:00.000Z,300,false
V007039,LKPR,VIDP,2026-01-04T21:37:00.000Z,2026-01-05T04:52:00.000Z,340,false
V007040,VIDP,LKPR,2026-01-04T18:21:00.000Z,2026-01-05T01:36:00.000Z,320,false
V007041,LKPR,OSDI,2026-01-03T23:06:00.000Z,2026-01-04T02:23:00.000Z,340,false
V007042,OSDI,LKPR,2026-01-03T23:08:00.000Z,2026-01-04T02:25:00.000Z,300,false
V007043,LKPR,OSDI,2026-01-04T09:15:00.000Z,2026-01-04T12:32:00.000Z,320,false
V007044,OSDI,LKPR,2026-01-04T06:35:00.000Z,2026-01-04T09:52:00.000Z,340,false
V007045,LKPR,OSDI,2026-01-04T16:54:00.000Z,2026-01-04T20:11:00.000Z,300,false
V007046,OSDI,LKPR,2026-01-04T19:10:00.000Z,2026-01-04T22:27:00.000Z,360,false
V007047,LKPR,OAKB,2026-01-03T22:25:00.000Z,2026-01-04T04:24:00.000Z,360,false
V007048,OAKB,LKPR,2026-01-04T00:04:00.000Z,2026-01-04T06:03:00.000Z,340,false
V007049,LKPR,OAKB,2026-01-04T08:48:00.000Z,2026-01-04T14:47:00.000Z,320,false
V007050,OAKB,LKPR,2026-01-04T06:51:00.000Z,2026-01-04T12:50:00.000Z,340,false
V007051,LKPR,OAKB,2026-01-04T10:23:00.000Z,2026-01-04T16:22:00.000Z,360,false
V007052,OAKB,LKPR,2026-01-04T10:19:00.000Z,2026-01-04T16:18:00.000Z,320,false
V007053,LKPR,OAKB,2026-01-04T17:56:00.000Z,2026-01-04T23:55:00.000Z,340,false
V007054,OAKB,LKPR,2026-01-04T14:01:00.000Z,2026-01-04T20:00:00.000Z,360,false
V007055,LKPR,OOMS,2026-01-04T05:59:00.000Z,2026-01-04T12:04:00.000Z,340,false
V007056,OOMS,LKPR,2026-01-03T20:10:00.000Z,2026-01-04T02:15:00.000Z,320,false
V007057,LKPR,OOMS,2026-01-04T12:58:00.000Z,2026-01-04T19:03:00.000Z,340,false
V007058,OOMS,LKPR,2026-01-04T08:00:00.000Z,2026-01-04T14:05:00.000Z,340,false
V007059,LKPR,OOMS,2026-01-04T14:10:00.000Z,2026-01-04T20:15:00.000Z,300,false
V007060,OOMS,LKPR,2026-01-04T15:59:00.000Z,2026-01-04T22:04:00.000Z,320,false
V007061,LKPR,OYSN,2026-01-04T05:44:00.000Z,2026-01-04T11:41:00.000Z,300,false
V007062,OYSN,LKPR,2026-01-04T01:48:00.000Z,2026-01-04T07:45:00.000Z,360,false
V007063,LKPR,OYSN,2026-01-04T12:29:00.000Z,2026-01-04T18:26:00.000Z,360,false
V007064,OYSN,LKPR,2026-01-04T08:20:00.000Z,2026-01-04T14:17:00.000Z,300,false
V007065,LKPR,OYSN,2026-01-04T18:19:00.000Z,2026-01-05T00:16:00.000Z,300,false
V007066,OYSN,LKPR,2026-01-04T17:00:00.000Z,2026-01-04T22:57:00.000Z,340,false
V007067,LKPR,OPKC,2026-01-03T23:20:00.000Z,2026-01-04T06:05:00.000Z,300,false
V007068,OPKC,LKPR,2026-01-03T19:25:00.000Z,2026-01-04T02:10:00.000Z,360,false
V007069,LKPR,OPKC,2026-01-04T08:22:00.000Z,2026-01-04T15:07:00.000Z,340,false
V007070,OPKC,LKPR,2026-01-04T04:19:00.000Z,2026-01-04T11:04:00.000Z,340,false
V007071,LKPR,OPKC,2026-01-04T12:44:00.000Z,2026-01-04T19:29:00.000Z,360,false
V007072,OPKC,LKPR,2026-01-04T12:25:00.000Z,2026-01-04T19:10:00.000Z,340,false
V007073,LKPR,OPKC,2026-01-04T21:47:00.000Z,2026-01-05T04:32:00.000Z,360,false
V007074,OPKC,LKPR,2026-01-04T17:16:00.000Z,2026-01-05T00:01:00.000Z,300,false
V007075,LKPR,UBBB,2026-01-04T00:17:00.000Z,2026-01-04T04:03:00.000Z,320,false
V007076,UBBB,LKPR,2026-01-04T00:06:00.000Z,2026-01-04T03:52:00.000Z,360,false
V007077,LKPR,UBBB,2026-01-04T04:14:00.000Z,2026-01-04T08:00:00.000Z,320,false
V007078,UBBB,LKPR,2026-01-04T08:11:00.000Z,2026-01-04T11:57:00.000Z,320,false
V007079,LKPR,UBBB,2026-01-04T15:40:00.000Z,2026-01-04T19:26:00.000Z,320,false
V007080,UBBB,LKPR,2026-01-04T10:47:00.000Z,2026-01-04T14:33:00.000Z,320,false
V007081,LKPR,UBBB,2026-01-04T21:08:00.000Z,2026-01-05T00:54:00.000Z,360,false
V007082,UBBB,LKPR,2026-01-04T17:57:00.000Z,2026-01-04T21:43:00.000Z,320,false
V007083,LKPR,OJAI,2026-01-04T04:11:00.000Z,2026-01-04T07:37:00.000Z,340,false
V007084,OJAI,LKPR,2026-01-03T23:53:00.000Z,2026-01-04T03:19:00.000Z,320,false
V007085,LKPR,OJAI,2026-01-04T08:26:00.000Z,2026-01-04T11:52:00.000Z,340,false
V007086,OJAI,LKPR,2026-01-04T12:13:00.000Z,2026-01-04T15:39:00.000Z,320,false
V007087,LKPR,OJAI,2026-01-04T20:28:00.000Z,2026-01-04T23:54:00.000Z,360,false
V007088,OJAI,LKPR,2026-01-04T19:37:00.000Z,2026-01-04T23:03:00.000Z,360,false
V007089,LDZA,EKCH,2026-01-04T01:34:00.000Z,2026-01-04T03:00:00.000Z,320,false
V007090,EKCH,LDZA,2026-01-04T00:44:00.000Z,2026-01-04T02:10:00.000Z,320,false
V007091,LDZA,EKCH,2026-01-04T06:17:00.000Z,2026-01-04T07:43:00.000Z,360,false
V007092,EKCH,LDZA,2026-01-04T04:40:00.000Z,2026-01-04T06:06:00.000Z,320,false
V007093,LDZA,EKCH,2026-01-04T11:25:00.000Z,2026-01-04T12:51:00.000Z,300,false
V007094,EKCH,LDZA,2026-01-04T14:38:00.000Z,2026-01-04T16:04:00.000Z,340,false
V007095,LDZA,EKCH,2026-01-04T18:44:00.000Z,2026-01-04T20:10:00.000Z,320,false
V007096,EKCH,LDZA,2026-01-04T16:35:00.000Z,2026-01-04T18:01:00.000Z,360,false
V007097,LDZA,EHAM,2026-01-04T00:18:00.000Z,2026-01-04T01:46:00.000Z,340,false
V007098,EHAM,LDZA,2026-01-03T23:52:00.000Z,2026-01-04T01:20:00.000Z,320,false
V007099,LDZA,EHAM,2026-01-04T05:45:00.000Z,2026-01-04T07:13:00.000Z,320,false
V007100,EHAM,LDZA,2026-01-04T05:54:00.000Z,2026-01-04T07:22:00.000Z,360,false
V007101,LDZA,EHAM,2026-01-04T12:49:00.000Z,2026-01-04T14:17:00.000Z,340,false
V007102,EHAM,LDZA,2026-01-04T12:21:00.000Z,2026-01-04T13:49:00.000Z,320,false
V007103,LDZA,EHAM,2026-01-04T17:52:00.000Z,2026-01-04T19:20:00.000Z,340,false
V007104,EHAM,LDZA,2026-01-04T19:28:00.000Z,2026-01-04T20:56:00.000Z,320,false
V007105,LDZA,VIDP,2026-01-04T01:15:00.000Z,2026-01-04T08:19:00.000Z,340,false
V007106,VIDP,LDZA,2026-01-03T22:11:00.000Z,2026-01-04T05:15:00.000Z,320,false
V007107,LDZA,VIDP,2026-01-04T08:39:00.000Z,2026-01-04T15:43:00.000Z,300,false
V007108,VIDP,LDZA,2026-01-04T03:22:00.000Z,2026-01-04T10:26:00.000Z,300,false
V007109,LDZA,VIDP,2026-01-04T13:23:00.000Z,2026-01-04T20:27:00.000Z,340,false
V007110,VIDP,LDZA,2026-01-04T11:23:00.000Z,2026-01-04T18:27:00.000Z,360,false
V007111,LDZA,VIDP,2026-01-04T18:00:00.000Z,2026-01-05T01:04:00.000Z,340,false
V007112,VIDP,LDZA,2026-01-04T16:16:00.000Z,2026-01-04T23:20:00.000Z,320,false
V007113,LDZA,OSDI,2026-01-03T23:26:00.000Z,2026-01-04T02:10:00.000Z,300,false
V007114,OSDI,LDZA,2026-01-04T00:08:00.000Z,2026-01-04T02:52:00.000Z,360,false
V007115,LDZA,OSDI,2026-01-04T10:15:00.000Z,2026-01-04T12:59:00.000Z,320,false
V007116,OSDI,LDZA,2026-01-04T11:50:00.000Z,2026-01-04T14:34:00.000Z,360,false
V007117,LDZA,OSDI,2026-01-04T19:38:00.000Z,2026-01-04T22:22:00.000Z,320,false
V007118,OSDI,LDZA,2026-01-04T18:55:00.000Z,2026-01-04T21:39:00.000Z,300,false
V007119,LDZA,OAKB,2026-01-04T04:31:00.000Z,2026-01-04T10:19:00.000Z,340,false
V007120,OAKB,LDZA,2026-01-03T20:22:00.000Z,2026-01-04T02:10:00.000Z,320,false
V007121,LDZA,OAKB,2026-01-04T12:11:00.000Z,2026-01-04T17:59:00.000Z,360,false
V007122,OAKB,LDZA,2026-01-04T16:58:00.000Z,2026-01-04T22:46:00.000Z,300,false
V007123,LDZA,OOMS,2026-01-04T20:05:00.000Z,2026-01-05T01:45:00.000Z,300,false
V007124,OOMS,LDZA,2026-01-04T10:52:00.000Z,2026-01-04T16:32:00.000Z,300,false
V007125,LDZA,OYSN,2026-01-04T08:45:00.000Z,2026-01-04T14:05:00.000Z,360,false
V007126,OYSN,LDZA,2026-01-04T07:46:00.000Z,2026-01-04T13:06:00.000Z,300,false
V007127,LDZA,OYSN,2026-01-04T14:01:00.000Z,2026-01-04T19:21:00.000Z,360,false
V007128,OYSN,LDZA,2026-01-04T11:26:00.000Z,2026-01-04T16:46:00.000Z,320,false
V007129,LDZA,OPKC,2026-01-04T00:36:00.000Z,2026-01-04T07:02:00.000Z,360,false
V007130,OPKC,LDZA,2026-01-03T23:59:00.000Z,2026-01-04T06:25:00.000Z,300,false
V007131,LDZA,OPKC,2026-01-04T09:07:00.000Z,2026-01-04T15:33:00.000Z,300,false
V007132,OPKC,LDZA,2026-01-04T04:27:00.000Z,2026-01-04T10:53:00.000Z,320,false
V007133,LDZA,OPKC,2026-01-04T13:57:00.000Z,2026-01-04T20:23:00.000Z,360,false
V007134,OPKC,LDZA,2026-01-04T11:23:00.000Z,2026-01-04T17:49:00.000Z,320,false
V007135,LDZA,OPKC,2026-01-04T21:41:00.000Z,2026-01-05T04:07:00.000Z,320,false
V007136,OPKC,LDZA,2026-01-04T14:01:00.000Z,2026-01-04T20:27:00.000Z,340,false
V007137,LDZA,UBBB,2026-01-03T22:31:00.000Z,2026-01-04T02:03:00.000Z,340,false
V007138,UBBB,LDZA,2026-01-04T03:33:00.000Z,2026-01-04T07:05:00.000Z,300,false
V007139,LDZA,UBBB,2026-01-04T04:08:00.000Z,2026-01-04T07:40:00.000Z,340,false
V007140,UBBB,LDZA,2026-01-04T06:01:00.000Z,2026-01-04T09:33:00.000Z,300,false
V007141,LDZA,UBBB,2026-01-04T13:18:00.000Z,2026-01-04T16:50:00.000Z,320,false
V007142,UBBB,LDZA,2026-01-04T15:04:00.000Z,2026-01-04T18:36:00.000Z,340,false
V007143,LDZA,UBBB,2026-01-04T17:45:00.000Z,2026-01-04T21:17:00.000Z,300,false
V007144,UBBB,LDZA,2026-01-04T20:00:00.000Z,2026-01-04T23:32:00.000Z,320,false
V007145,LDZA,OJAI,2026-01-04T03:11:00.000Z,2026-01-04T06:02:00.000Z,300,false
V007146,OJAI,LDZA,2026-01-04T00:41:00.000Z,2026-01-04T03:32:00.000Z,300,false
V007147,LDZA,OJAI,2026-01-04T05:31:00.000Z,2026-01-04T08:22:00.000Z,320,false
V007148,OJAI,LDZA,2026-01-04T08:30:00.000Z,2026-01-04T11:21:00.000Z,300,false
V007149,LDZA,OJAI,2026-01-04T14:07:00.000Z,2026-01-04T16:58:00.000Z,300,false
V007150,OJAI,LDZA,2026-01-04T09:08:00.000Z,2026-01-04T11:59:00.000Z,320,false
V007151,LDZA,OJAI,2026-01-04T17:15:00.000Z,2026-01-04T20:06:00.000Z,340,false
V007152,OJAI,LDZA,2026-01-04T17:31:00.000Z,2026-01-04T20:22:00.000Z,320,false
V007153,EKCH,EHAM,2026-01-04T01:53:00.000Z,2026-01-04T02:40:00.000Z,360,false
V007154,EHAM,EKCH,2026-01-04T01:08:00.000Z,2026-01-04T01:55:00.000Z,340,false
V007155,EKCH,EHAM,2026-01-04T07:25:00.000Z,2026-01-04T08:12:00.000Z,360,false
V007156,EHAM,EKCH,2026-01-04T06:39:00.000Z,2026-01-04T07:26:00.000Z,340,false
V007157,EKCH,EHAM,2026-01-04T13:38:00.000Z,2026-01-04T14:25:00.000Z,360,false
V007158,EHAM,EKCH,2026-01-04T13:47:00.000Z,2026-01-04T14:34:00.000Z,340,false
V007159,EKCH,EHAM,2026-01-04T20:06:00.000Z,2026-01-04T20:53:00.000Z,300,false
V007160,EHAM,EKCH,2026-01-04T21:02:00.000Z,2026-01-04T21:49:00.000Z,300,false
V007161,EKCH,VIDP,2026-01-04T03:00:00.000Z,2026-01-04T10:26:00.000Z,320,false
V007162,VIDP,EKCH,2026-01-03T21:18:00.000Z,2026-01-04T04:44:00.000Z,300,false
V007163,EKCH,VIDP,2026-01-04T07:53:00.000Z,2026-01-04T15:19:00.000Z,340,false
V007164,VIDP,EKCH,2026-01-04T05:17:00.000Z,2026-01-04T12:43:00.000Z,360,false
V007165,EKCH,VIDP,2026-01-04T15:21:00.000Z,2026-01-04T22:47:00.000Z,300,false
V007166,VIDP,EKCH,2026-01-04T16:16:00.000Z,2026-01-04T23:42:00.000Z,360,false
V007167,EKCH,OSDI,2026-01-04T03:32:00.000Z,2026-01-04T07:24:00.000Z,300,false
V007168,OSDI,EKCH,2026-01-03T23:21:00.000Z,2026-01-04T03:13:00.000Z,340,false
V007169,EKCH,OSDI,2026-01-04T13:08:00.000Z,2026-01-04T17:00:00.000Z,320,false
V007170,OSDI,EKCH,2026-01-04T07:30:00.000Z,2026-01-04T11:22:00.000Z,340,false
V007171,EKCH,OSDI,2026-01-04T21:49:00.000Z,2026-01-05T01:41:00.000Z,320,false
V007172,OSDI,EKCH,2026-01-04T20:53:00.000Z,2026-01-05T00:45:00.000Z,300,false
V007173,EKCH,OAKB,2026-01-03T23:06:00.000Z,2026-01-04T05:16:00.000Z,300,false
V007174,OAKB,EKCH,2026-01-03T21:32:00.000Z,2026-01-04T03:42:00.000Z,300,false
V007175,EKCH,OAKB,2026-01-04T05:16:00.000Z,2026-01-04T11:26:00.000Z,320,false
V007176,OAKB,EKCH,2026-01-04T03:45:00.000Z,2026-01-04T09:55:00.000Z,360,false
V007177,EKCH,OAKB,2026-01-04T10:34:00.000Z,2026-01-04T16:44:00.000Z,300,false
V007178,OAKB,EKCH,2026-01-04T12:17:00.000Z,2026-01-04T18:27:00.000Z,300,false
V007179,EKCH,OAKB,2026-01-04T16:56:00.000Z,2026-01-04T23:06:00.000Z,340,false
V007180,OAKB,EKCH,2026-01-04T17:12:00.000Z,2026-01-04T23:22:00.000Z,300,false
V007181,EKCH,OOMS,2026-01-04T02:50:00.000Z,2026-01-04T09:21:00.000Z,360,false
V007182,OOMS,EKCH,2026-01-04T03:49:00.000Z,2026-01-04T10:20:00.000Z,300,false
V007183,EKCH,OOMS,2026-01-04T12:41:00.000Z,2026-01-04T19:12:00.000Z,340,false
V007184,OOMS,EKCH,2026-01-04T05:55:00.000Z,2026-01-04T12:26:00.000Z,360,false
V007185,EKCH,OOMS,2026-01-04T15:02:00.000Z,2026-01-04T21:33:00.000Z,300,false
V007186,OOMS,EKCH,2026-01-04T16:18:00.000Z,2026-01-04T22:49:00.000Z,320,false
V007187,EKCH,OYSN,2026-01-04T07:23:00.000Z,2026-01-04T13:57:00.000Z,300,false
V007188,OYSN,EKCH,2026-01-03T21:11:00.000Z,2026-01-04T03:45:00.000Z,360,false
V007189,EKCH,OYSN,2026-01-04T13:32:00.000Z,2026-01-04T20:06:00.000Z,340,false
V007190,OYSN,EKCH,2026-01-04T19:02:00.000Z,2026-01-05T01:36:00.000Z,300,false
V007191,EKCH,OPKC,2026-01-04T01:01:00.000Z,2026-01-04T08:06:00.000Z,320,false
V007192,OPKC,EKCH,2026-01-03T19:33:00.000Z,2026-01-04T02:38:00.000Z,340,false
V007193,EKCH,OPKC,2026-01-04T07:06:00.000Z,2026-01-04T14:11:00.000Z,340,false
V007194,OPKC,EKCH,2026-01-04T06:53:00.000Z,2026-01-04T13:58:00.000Z,300,false
V007195,EKCH,OPKC,2026-01-04T10:25:00.000Z,2026-01-04T17:30:00.000Z,300,false
V007196,OPKC,EKCH,2026-01-04T11:12:00.000Z,2026-01-04T18:17:00.000Z,320,false
V007197,EKCH,OPKC,2026-01-04T16:02:00.000Z,2026-01-04T23:07:00.000Z,320,false
V007198,OPKC,EKCH,2026-01-04T14:58:00.000Z,2026-01-04T22:03:00.000Z,320,false
V007199,EKCH,UBBB,2026-01-04T01:01:00.000Z,2026-01-04T05:06:00.000Z,300,false
V007200,UBBB,EKCH,2026-01-04T02:50:00.000Z,2026-01-04T06:55:00.000Z,320,false
V007201,EKCH,UBBB,2026-01-04T09:19:00.000Z,2026-01-04T13:24:00.000Z,340,false
V007202,UBBB,EKCH,2026-01-04T04:37:00.000Z,2026-01-04T08:42:00.000Z,340,false
V007203,EKCH,UBBB,2026-01-04T13:41:00.000Z,2026-01-04T17:46:00.000Z,320,false
V007204,UBBB,EKCH,2026-01-04T13:52:00.000Z,2026-01-04T17:57:00.000Z,360,false
V007205,EKCH,UBBB,2026-01-04T20:46:00.000Z,2026-01-05T00:51:00.000Z,320,false
V007206,UBBB,EKCH,2026-01-04T16:02:00.000Z,2026-01-04T20:07:00.000Z,320,false
V007207,EKCH,OJAI,2026-01-04T02:48:00.000Z,2026-01-04T06:51:00.000Z,300,false
V007208,OJAI,EKCH,2026-01-04T01:48:00.000Z,2026-01-04T05:51:00.000Z,300,false
V007209,EKCH,OJAI,2026-01-04T06:57:00.000Z,2026-01-04T11:00:00.000Z,320,false
V007210,OJAI,EKCH,2026-01-04T04:24:00.000Z,2026-01-04T08:27:00.000Z,340,false
V007211,EKCH,OJAI,2026-01-04T14:01:00.000Z,2026-01-04T18:04:00.000Z,340,false
V007212,OJAI,EKCH,2026-01-04T13:07:00.000Z,2026-01-04T17:10:00.000Z,360,false
V007213,EKCH,OJAI,2026-01-04T19:41:00.000Z,2026-01-04T23:44:00.000Z,320,false
V007214,OJAI,EKCH,2026-01-04T17:14:00.000Z,2026-01-04T21:17:00.000Z,300,false
V007215,EHAM,VIDP,2026-01-04T03:45:00.000Z,2026-01-04T11:52:00.000Z,360,false
V007216,VIDP,EHAM,2026-01-03T22:19:00.000Z,2026-01-04T06:26:00.000Z,300,false
V007217,EHAM,VIDP,2026-01-04T04:24:00.000Z,2026-01-04T12:31:00.000Z,300,false
V007218,VIDP,EHAM,2026-01-04T04:05:00.000Z,2026-01-04T12:12:00.000Z,320,false
V007219,EHAM,VIDP,2026-01-04T14:49:00.000Z,2026-01-04T22:56:00.000Z,320,false
V007220,VIDP,EHAM,2026-01-04T11:14:00.000Z,2026-01-04T19:21:00.000Z,320,false
V007221,EHAM,VIDP,2026-01-04T19:58:00.000Z,2026-01-05T04:05:00.000Z,340,false
V007222,VIDP,EHAM,2026-01-04T18:10:00.000Z,2026-01-05T02:17:00.000Z,360,false
V007223,EHAM,OSDI,2026-01-04T04:22:00.000Z,2026-01-04T08:32:00.000Z,320,false
V007224,OSDI,EHAM,2026-01-04T04:28:00.000Z,2026-01-04T08:38:00.000Z,300,false
V007225,EHAM,OSDI,2026-01-04T06:16:00.000Z,2026-01-04T10:26:00.000Z,360,false
V007226,OSDI,EHAM,2026-01-04T09:38:00.000Z,2026-01-04T13:48:00.000Z,360,false
V007227,EHAM,OSDI,2026-01-04T14:22:00.000Z,2026-01-04T18:32:00.000Z,340,false
V007228,OSDI,EHAM,2026-01-04T15:50:00.000Z,2026-01-04T20:00:00.000Z,300,false
V007229,EHAM,OAKB,2026-01-04T04:55:00.000Z,2026-01-04T11:46:00.000Z,320,false
V007230,OAKB,EHAM,2026-01-04T03:17:00.000Z,2026-01-04T10:08:00.000Z,360,false
V007231,EHAM,OAKB,2026-01-04T13:03:00.000Z,2026-01-04T19:54:00.000Z,340,false
V007232,OAKB,EHAM,2026-01-04T06:02:00.000Z,2026-01-04T12:53:00.000Z,360,false
V007233,EHAM,OAKB,2026-01-04T18:12:00.000Z,2026-01-05T01:03:00.000Z,340,false
V007234,OAKB,EHAM,2026-01-04T14:17:00.000Z,2026-01-04T21:08:00.000Z,360,false
V007235,EHAM,OOMS,2026-01-04T04:51:00.000Z,2026-01-04T11:51:00.000Z,300,false
V007236,OOMS,EHAM,2026-01-04T01:03:00.000Z,2026-01-04T08:03:00.000Z,360,false
V007237,EHAM,OYSN,2026-01-04T03:21:00.000Z,2026-01-04T10:10:00.000Z,300,false
V007238,OYSN,EHAM,2026-01-04T04:27:00.000Z,2026-01-04T11:16:00.000Z,320,false
V007239,EHAM,OYSN,2026-01-04T07:47:00.000Z,2026-01-04T14:36:00.000Z,300,false
V007240,OYSN,EHAM,2026-01-04T12:27:00.000Z,2026-01-04T19:16:00.000Z,320,false
V007241,EHAM,OYSN,2026-01-04T16:06:00.000Z,2026-01-04T22:55:00.000Z,360,false
V007242,OYSN,EHAM,2026-01-04T16:22:00.000Z,2026-01-04T23:11:00.000Z,360,false
V007243,EHAM,OPKC,2026-01-03T23:27:00.000Z,2026-01-04T07:07:00.000Z,300,false
V007244,OPKC,EHAM,2026-01-03T21:46:00.000Z,2026-01-04T05:26:00.000Z,300,false
V007245,EHAM,OPKC,2026-01-04T07:21:00.000Z,2026-01-04T15:01:00.000Z,320,false
V007246,OPKC,EHAM,2026-01-04T03:20:00.000Z,2026-01-04T11:00:00.000Z,340,false
V007247,EHAM,OPKC,2026-01-04T17:18:00.000Z,2026-01-05T00:58:00.000Z,320,false
V007248,OPKC,EHAM,2026-01-04T15:31:00.000Z,2026-01-04T23:11:00.000Z,300,false
V007249,EHAM,UBBB,2026-01-04T01:42:00.000Z,2026-01-04T06:23:00.000Z,300,false
V007250,UBBB,EHAM,2026-01-03T22:53:00.000Z,2026-01-04T03:34:00.000Z,340,false
V007251,EHAM,UBBB,2026-01-04T09:06:00.000Z,2026-01-04T13:47:00.000Z,360,false
V007252,UBBB,EHAM,2026-01-04T04:47:00.000Z,2026-01-04T09:28:00.000Z,360,false
V007253,EHAM,UBBB,2026-01-04T10:42:00.000Z,2026-01-04T15:23:00.000Z,300,false
V007254,UBBB,EHAM,2026-01-04T11:27:00.000Z,2026-01-04T16:08:00.000Z,340,false
V007255,EHAM,UBBB,2026-01-04T21:49:00.000Z,2026-01-05T02:30:00.000Z,360,false
V007256,UBBB,EHAM,2026-01-04T20:30:00.000Z,2026-01-05T01:11:00.000Z,360,false
V007257,EHAM,OJAI,2026-01-04T01:34:00.000Z,2026-01-04T05:53:00.000Z,300,false
V007258,OJAI,EHAM,2026-01-04T00:43:00.000Z,2026-01-04T05:02:00.000Z,360,false
V007259,EHAM,OJAI,2026-01-04T09:06:00.000Z,2026-01-04T13:25:00.000Z,320,false
V007260,OJAI,EHAM,2026-01-04T03:07:00.000Z,2026-01-04T07:26:00.000Z,340,false
V007261,EHAM,OJAI,2026-01-04T15:05:00.000Z,2026-01-04T19:24:00.000Z,360,false
V007262,OJAI,EHAM,2026-01-04T13:08:00.000Z,2026-01-04T17:27:00.000Z,340,false
V007263,EHAM,OJAI,2026-01-04T21:53:00.000Z,2026-01-05T02:12:00.000Z,300,false
V007264,OJAI,EHAM,2026-01-04T19:36:00.000Z,2026-01-04T23:55:00.000Z,320,false
V007265,VIDP,OSDI,2026-01-03T20:50:00.000Z,2026-01-04T01:47:00.000Z,300,false
V007266,OSDI,VIDP,2026-01-03T22:27:00.000Z,2026-01-04T03:24:00.000Z,360,false
V007267,VIDP,OSDI,2026-01-04T03:15:00.000Z,2026-01-04T08:12:00.000Z,340,false
V007268,OSDI,VIDP,2026-01-04T03:26:00.000Z,2026-01-04T08:23:00.000Z,300,false
V007269,VIDP,OSDI,2026-01-04T10:45:00.000Z,2026-01-04T15:42:00.000Z,340,false
V007270,OSDI,VIDP,2026-01-04T14:38:00.000Z,2026-01-04T19:35:00.000Z,320,false
V007271,VIDP,OSDI,2026-01-04T17:59:00.000Z,2026-01-04T22:56:00.000Z,320,false
V007272,OSDI,VIDP,2026-01-04T19:52:00.000Z,2026-01-05T00:49:00.000Z,300,false
V007273,VIDP,OAKB,2026-01-03T20:20:00.000Z,2026-01-03T21:36:00.000Z,360,false
V007274,OAKB,VIDP,2026-01-03T23:26:00.000Z,2026-01-04T00:42:00.000Z,300,false
V007275,VIDP,OAKB,2026-01-04T06:06:00.000Z,2026-01-04T07:22:00.000Z,360,false
V007276,OAKB,VIDP,2026-01-04T06:59:00.000Z,2026-01-04T08:15:00.000Z,300,false
V007277,VIDP,OAKB,2026-01-04T11:34:00.000Z,2026-01-04T12:50:00.000Z,340,false
V007278,OAKB,VIDP,2026-01-04T10:26:00.000Z,2026-01-04T11:42:00.000Z,340,false
V007279,VIDP,OAKB,2026-01-04T14:33:00.000Z,2026-01-04T15:49:00.000Z,300,false
V007280,OAKB,VIDP,2026-01-04T15:26:00.000Z,2026-01-04T16:42:00.000Z,340,false
V007281,VIDP,OOMS,2026-01-03T23:00:00.000Z,2026-01-04T01:29:00.000Z,340,false
V007282,OOMS,VIDP,2026-01-04T01:33:00.000Z,2026-01-04T04:02:00.000Z,340,false
V007283,VIDP,OOMS,2026-01-04T03:14:00.000Z,2026-01-04T05:43:00.000Z,340,false
V007284,OOMS,VIDP,2026-01-04T06:46:00.000Z,2026-01-04T09:15:00.000Z,300,false
V007285,VIDP,OOMS,2026-01-04T07:49:00.000Z,2026-01-04T10:18:00.000Z,340,false
V007286,OOMS,VIDP,2026-01-04T08:07:00.000Z,2026-01-04T10:36:00.000Z,300,false
V007287,VIDP,OOMS,2026-01-04T16:47:00.000Z,2026-01-04T19:16:00.000Z,320,false
V007288,OOMS,VIDP,2026-01-04T16:10:00.000Z,2026-01-04T18:39:00.000Z,360,false
V007289,VIDP,OYSN,2026-01-03T22:04:00.000Z,2026-01-04T02:42:00.000Z,300,false
V007290,OYSN,VIDP,2026-01-03T22:27:00.000Z,2026-01-04T03:05:00.000Z,360,false
V007291,VIDP,OYSN,2026-01-04T01:47:00.000Z,2026-01-04T06:25:00.000Z,340,false
V007292,OYSN,VIDP,2026-01-04T07:45:00.000Z,2026-01-04T12:23:00.000Z,340,false
V007293,VIDP,OYSN,2026-01-04T08:20:00.000Z,2026-01-04T12:58:00.000Z,320,false
V007294,OYSN,VIDP,2026-01-04T14:35:00.000Z,2026-01-04T19:13:00.000Z,340,false
V007295,VIDP,OYSN,2026-01-04T18:03:00.000Z,2026-01-04T22:41:00.000Z,340,false
V007296,OYSN,VIDP,2026-01-04T20:46:00.000Z,2026-01-05T01:24:00.000Z,320,false
V007297,VIDP,OPKC,2026-01-04T05:06:00.000Z,2026-01-04T06:28:00.000Z,340,false
V007298,OPKC,VIDP,2026-01-04T03:03:00.000Z,2026-01-04T04:25:00.000Z,340,false
V007299,VIDP,OPKC,2026-01-04T12:03:00.000Z,2026-01-04T13:25:00.000Z,360,false
V007300,OPKC,VIDP,2026-01-04T09:37:00.000Z,2026-01-04T10:59:00.000Z,320,false
V007301,VIDP,UBBB,2026-01-04T00:15:00.000Z,2026-01-04T03:46:00.000Z,360,false
V007302,UBBB,VIDP,2026-01-04T00:12:00.000Z,2026-01-04T03:43:00.000Z,300,false
V007303,VIDP,UBBB,2026-01-04T02:55:00.000Z,2026-01-04T06:26:00.000Z,300,false
V007304,UBBB,VIDP,2026-01-04T07:12:00.000Z,2026-01-04T10:43:00.000Z,320,false
V007305,VIDP,UBBB,2026-01-04T07:57:00.000Z,2026-01-04T11:28:00.000Z,320,false
V007306,UBBB,VIDP,2026-01-04T12:49:00.000Z,2026-01-04T16:20:00.000Z,320,false
V007307,VIDP,UBBB,2026-01-04T18:07:00.000Z,2026-01-04T21:38:00.000Z,300,false
V007308,UBBB,VIDP,2026-01-04T19:03:00.000Z,2026-01-04T22:34:00.000Z,320,false
V007309,VIDP,OJAI,2026-01-03T21:41:00.000Z,2026-01-04T02:47:00.000Z,360,false
V007310,OJAI,VIDP,2026-01-03T22:15:00.000Z,2026-01-04T03:21:00.000Z,300,false
V007311,VIDP,OJAI,2026-01-04T05:01:00.000Z,2026-01-04T10:07:00.000Z,300,false
V007312,OJAI,VIDP,2026-01-04T04:13:00.000Z,2026-01-04T09:19:00.000Z,300,false
V007313,VIDP,OJAI,2026-01-04T12:04:00.000Z,2026-01-04T17:10:00.000Z,300,false
V007314,OJAI,VIDP,2026-01-04T11:14:00.000Z,2026-01-04T16:20:00.000Z,360,false
V007315,VIDP,OJAI,2026-01-04T17:15:00.000Z,2026-01-04T22:21:00.000Z,320,false
V007316,OJAI,VIDP,2026-01-04T16:46:00.000Z,2026-01-04T21:52:00.000Z,300,false
V007317,OSDI,OAKB,2026-01-04T04:08:00.000Z,2026-01-04T07:58:00.000Z,340,false
V007318,OAKB,OSDI,2026-01-04T03:19:00.000Z,2026-01-04T07:09:00.000Z,340,false
V007319,OSDI,OAKB,2026-01-04T10:30:00.000Z,2026-01-04T14:20:00.000Z,320,false
V007320,OAKB,OSDI,2026-01-04T08:41:00.000Z,2026-01-04T12:31:00.000Z,300,false
V007321,OSDI,OAKB,2026-01-04T19:58:00.000Z,2026-01-04T23:48:00.000Z,320,false
V007322,OAKB,OSDI,2026-01-04T16:32:00.000Z,2026-01-04T20:22:00.000Z,360,false
V007323,OSDI,OOMS,2026-01-04T00:34:00.000Z,2026-01-04T03:36:00.000Z,320,false
V007324,OOMS,OSDI,2026-01-03T22:10:00.000Z,2026-01-04T01:12:00.000Z,300,false
V007325,OSDI,OOMS,2026-01-04T10:17:00.000Z,2026-01-04T13:19:00.000Z,340,false
V007326,OOMS,OSDI,2026-01-04T04:45:00.000Z,2026-01-04T07:47:00.000Z,320,false
V007327,OSDI,OOMS,2026-01-04T20:33:00.000Z,2026-01-04T23:35:00.000Z,320,false
V007328,OOMS,OSDI,2026-01-04T17:46:00.000Z,2026-01-04T20:48:00.000Z,320,false
V007329,OSDI,OYSN,2026-01-04T04:00:00.000Z,2026-01-04T06:42:00.000Z,360,false
V007330,OYSN,OSDI,2026-01-04T04:40:00.000Z,2026-01-04T07:22:00.000Z,360,false
V007331,OSDI,OYSN,2026-01-04T08:41:00.000Z,2026-01-04T11:23:00.000Z,320,false
V007332,OYSN,OSDI,2026-01-04T12:44:00.000Z,2026-01-04T15:26:00.000Z,340,false
V007333,OSDI,OYSN,2026-01-04T13:42:00.000Z,2026-01-04T16:24:00.000Z,340,false
V007334,OYSN,OSDI,2026-01-04T16:29:00.000Z,2026-01-04T19:11:00.000Z,340,false
V007335,OSDI,OPKC,2026-01-04T02:45:00.000Z,2026-01-04T06:44:00.000Z,300,false
V007336,OPKC,OSDI,2026-01-03T19:49:00.000Z,2026-01-03T23:48:00.000Z,360,false
V007337,OSDI,OPKC,2026-01-04T04:42:00.000Z,2026-01-04T08:41:00.000Z,360,false
V007338,OPKC,OSDI,2026-01-04T02:22:00.000Z,2026-01-04T06:21:00.000Z,360,false
V007339,OSDI,OPKC,2026-01-04T14:47:00.000Z,2026-01-04T18:46:00.000Z,360,false
V007340,OPKC,OSDI,2026-01-04T12:30:00.000Z,2026-01-04T16:29:00.000Z,360,false
V007341,OSDI,OPKC,2026-01-04T17:44:00.000Z,2026-01-04T21:43:00.000Z,320,false
V007342,OPKC,OSDI,2026-01-04T16:49:00.000Z,2026-01-04T20:48:00.000Z,300,false
V007343,OSDI,UBBB,2026-01-03T22:16:00.000Z,2026-01-04T00:07:00.000Z,300,false
V007344,UBBB,OSDI,2026-01-03T22:00:00.000Z,2026-01-03T23:51:00.000Z,340,false
V007345,OSDI,UBBB,2026-01-04T05:06:00.000Z,2026-01-04T06:57:00.000Z,320,false
V007346,UBBB,OSDI,2026-01-04T09:58:00.000Z,2026-01-04T11:49:00.000Z,360,false
V007347,OSDI,UBBB,2026-01-04T13:52:00.000Z,2026-01-04T15:43:00.000Z,340,false
V007348,UBBB,OSDI,2026-01-04T14:43:00.000Z,2026-01-04T16:34:00.000Z,360,false
V007349,OSDI,OJAI,2026-01-04T06:00:00.000Z,2026-01-04T06:18:00.000Z,360,false
V007350,OJAI,OSDI,2026-01-04T07:01:00.000Z,2026-01-04T07:19:00.000Z,320,false
V007351,OSDI,OJAI,2026-01-04T14:25:00.000Z,2026-01-04T14:43:00.000Z,320,false
V007352,OJAI,OSDI,2026-01-04T19:51:00.000Z,2026-01-04T20:09:00.000Z,300,false
V007353,OAKB,OOMS,2026-01-03T20:03:00.000Z,2026-01-03T22:05:00.000Z,340,false
V007354,OOMS,OAKB,2026-01-04T00:58:00.000Z,2026-01-04T03:00:00.000Z,300,false
V007355,OAKB,OOMS,2026-01-04T07:53:00.000Z,2026-01-04T09:55:00.000Z,300,false
V007356,OOMS,OAKB,2026-01-04T02:58:00.000Z,2026-01-04T05:00:00.000Z,360,false
V007357,OAKB,OOMS,2026-01-04T10:48:00.000Z,2026-01-04T12:50:00.000Z,300,false
V007358,OOMS,OAKB,2026-01-04T08:01:00.000Z,2026-01-04T10:03:00.000Z,360,false
V007359,OAKB,OOMS,2026-01-04T18:26:00.000Z,2026-01-04T20:28:00.000Z,340,false
V007360,OOMS,OAKB,2026-01-04T16:26:00.000Z,2026-01-04T18:28:00.000Z,300,false
V007361,OAKB,OYSN,2026-01-04T00:42:00.000Z,2026-01-04T04:49:00.000Z,320,false
V007362,OYSN,OAKB,2026-01-03T23:01:00.000Z,2026-01-04T03:08:00.000Z,300,false
V007363,OAKB,OYSN,2026-01-04T04:17:00.000Z,2026-01-04T08:24:00.000Z,360,false
V007364,OYSN,OAKB,2026-01-04T05:35:00.000Z,2026-01-04T09:42:00.000Z,360,false
V007365,OAKB,OYSN,2026-01-04T11:21:00.000Z,2026-01-04T15:28:00.000Z,340,false
V007366,OYSN,OAKB,2026-01-04T12:44:00.000Z,2026-01-04T16:51:00.000Z,300,false
V007367,OAKB,OYSN,2026-01-04T18:46:00.000Z,2026-01-04T22:53:00.000Z,320,false
V007368,OYSN,OAKB,2026-01-04T17:31:00.000Z,2026-01-04T21:38:00.000Z,300,false
V007369,OAKB,OPKC,2026-01-03T21:26:00.000Z,2026-01-03T22:51:00.000Z,300,false
V007370,OPKC,OAKB,2026-01-03T20:00:00.000Z,2026-01-03T21:25:00.000Z,320,false
V007371,OAKB,OPKC,2026-01-04T06:31:00.000Z,2026-01-04T07:56:00.000Z,360,false
V007372,OPKC,OAKB,2026-01-04T06:07:00.000Z,2026-01-04T07:32:00.000Z,360,false
V007373,OAKB,OPKC,2026-01-04T08:23:00.000Z,2026-01-04T09:48:00.000Z,360,false
V007374,OPKC,OAKB,2026-01-04T08:52:00.000Z,2026-01-04T10:17:00.000Z,320,false
V007375,OAKB,OPKC,2026-01-04T17:06:00.000Z,2026-01-04T18:31:00.000Z,340,false
V007376,OPKC,OAKB,2026-01-04T14:15:00.000Z,2026-01-04T15:40:00.000Z,360,false
V007377,OAKB,UBBB,2026-01-04T01:48:00.000Z,2026-01-04T04:04:00.000Z,320,false
V007378,UBBB,OAKB,2026-01-03T22:24:00.000Z,2026-01-04T00:40:00.000Z,320,false
V007379,OAKB,UBBB,2026-01-04T03:03:00.000Z,2026-01-04T05:19:00.000Z,340,false
V007380,UBBB,OAKB,2026-01-04T07:37:00.000Z,2026-01-04T09:53:00.000Z,300,false
V007381,OAKB,UBBB,2026-01-04T09:28:00.000Z,2026-01-04T11:44:00.000Z,360,false
V007382,UBBB,OAKB,2026-01-04T10:23:00.000Z,2026-01-04T12:39:00.000Z,300,false
V007383,OAKB,UBBB,2026-01-04T15:48:00.000Z,2026-01-04T18:04:00.000Z,300,false
V007384,UBBB,OAKB,2026-01-04T16:21:00.000Z,2026-01-04T18:37:00.000Z,320,false
V007385,OAKB,OJAI,2026-01-04T01:12:00.000Z,2026-01-04T05:12:00.000Z,340,false
V007386,OJAI,OAKB,2026-01-04T04:47:00.000Z,2026-01-04T08:47:00.000Z,360,false
V007387,OAKB,OJAI,2026-01-04T11:37:00.000Z,2026-01-04T15:37:00.000Z,320,false
V007388,OJAI,OAKB,2026-01-04T07:03:00.000Z,2026-01-04T11:03:00.000Z,320,false
V007389,OAKB,OJAI,2026-01-04T15:13:00.000Z,2026-01-04T19:13:00.000Z,360,false
V007390,OJAI,OAKB,2026-01-04T19:14:00.000Z,2026-01-04T23:14:00.000Z,340,false
V007391,OOMS,OYSN,2026-01-04T10:17:00.000Z,2026-01-04T12:26:00.000Z,340,false
V007392,OYSN,OOMS,2026-01-04T11:28:00.000Z,2026-01-04T13:37:00.000Z,300,false
V007393,OOMS,OPKC,2026-01-03T22:04:00.000Z,2026-01-03T23:13:00.000Z,360,false
V007394,OPKC,OOMS,2026-01-03T19:06:00.000Z,2026-01-03T20:15:00.000Z,360,false
V007395,OOMS,OPKC,2026-01-04T11:57:00.000Z,2026-01-04T13:06:00.000Z,340,false
V007396,OPKC,OOMS,2026-01-04T10:25:00.000Z,2026-01-04T11:34:00.000Z,300,false
V007397,OOMS,OPKC,2026-01-04T17:18:00.000Z,2026-01-04T18:27:00.000Z,340,false
V007398,OPKC,OOMS,2026-01-04T18:18:00.000Z,2026-01-04T19:27:00.000Z,300,false
V007399,OOMS,UBBB,2026-01-03T22:33:00.000Z,2026-01-04T01:06:00.000Z,340,false
V007400,UBBB,OOMS,2026-01-04T03:58:00.000Z,2026-01-04T06:31:00.000Z,360,false
V007401,OOMS,UBBB,2026-01-04T06:37:00.000Z,2026-01-04T09:10:00.000Z,360,false
V007402,UBBB,OOMS,2026-01-04T04:09:00.000Z,2026-01-04T06:42:00.000Z,300,false
V007403,OOMS,UBBB,2026-01-04T12:20:00.000Z,2026-01-04T14:53:00.000Z,340,false
V007404,UBBB,OOMS,2026-01-04T15:23:00.000Z,2026-01-04T17:56:00.000Z,340,false
V007405,OOMS,UBBB,2026-01-04T18:46:00.000Z,2026-01-04T21:19:00.000Z,320,false
V007406,UBBB,OOMS,2026-01-04T20:10:00.000Z,2026-01-04T22:43:00.000Z,360,false
V007407,OOMS,OJAI,2026-01-04T06:18:00.000Z,2026-01-04T09:22:00.000Z,360,false
V007408,OJAI,OOMS,2026-01-04T05:17:00.000Z,2026-01-04T08:21:00.000Z,360,false
V007409,OOMS,OJAI,2026-01-04T08:16:00.000Z,2026-01-04T11:20:00.000Z,360,false
V007410,OJAI,OOMS,2026-01-04T11:49:00.000Z,2026-01-04T14:53:00.000Z,340,false
V007411,OYSN,OPKC,2026-01-03T21:15:00.000Z,2026-01-04T00:31:00.000Z,300,false
V007412,OPKC,OYSN,2026-01-03T22:56:00.000Z,2026-01-04T02:12:00.000Z,300,false
V007413,OYSN,OPKC,2026-01-04T06:10:00.000Z,2026-01-04T09:26:00.000Z,320,false
V007414,OPKC,OYSN,2026-01-04T06:07:00.000Z,2026-01-04T09:23:00.000Z,360,false
V007415,OYSN,OPKC,2026-01-04T14:23:00.000Z,2026-01-04T17:39:00.000Z,340,false
V007416,OPKC,OYSN,2026-01-04T11:46:00.000Z,2026-01-04T15:02:00.000Z,300,false
V007417,OYSN,OPKC,2026-01-04T16:21:00.000Z,2026-01-04T19:37:00.000Z,360,false
V007418,OPKC,OYSN,2026-01-04T18:21:00.000Z,2026-01-04T21:37:00.000Z,300,false
V007419,OYSN,UBBB,2026-01-04T02:53:00.000Z,2026-01-04T06:27:00.000Z,340,false
V007420,UBBB,OYSN,2026-01-03T22:25:00.000Z,2026-01-04T01:59:00.000Z,320,false
V007421,OYSN,UBBB,2026-01-04T03:49:00.000Z,2026-01-04T07:23:00.000Z,360,false
V007422,UBBB,OYSN,2026-01-04T05:35:00.000Z,2026-01-04T09:09:00.000Z,360,false
V007423,OYSN,UBBB,2026-01-04T10:14:00.000Z,2026-01-04T13:48:00.000Z,300,false
V007424,UBBB,OYSN,2026-01-04T12:13:00.000Z,2026-01-04T15:47:00.000Z,340,false
V007425,OYSN,UBBB,2026-01-04T17:27:00.000Z,2026-01-04T21:01:00.000Z,320,false
V007426,UBBB,OYSN,2026-01-04T17:06:00.000Z,2026-01-04T20:40:00.000Z,320,false
V007427,OYSN,OJAI,2026-01-03T22:16:00.000Z,2026-01-04T00:47:00.000Z,320,false
V007428,OJAI,OYSN,2026-01-03T21:13:00.000Z,2026-01-03T23:44:00.000Z,320,false
V007429,OYSN,OJAI,2026-01-04T06:03:00.000Z,2026-01-04T08:34:00.000Z,360,false
V007430,OJAI,OYSN,2026-01-04T03:51:00.000Z,2026-01-04T06:22:00.000Z,340,false
V007431,OYSN,OJAI,2026-01-04T10:48:00.000Z,2026-01-04T13:19:00.000Z,300,false
V007432,OJAI,OYSN,2026-01-04T11:02:00.000Z,2026-01-04T13:33:00.000Z,300,false
V007433,OYSN,OJAI,2026-01-04T20:46:00.000Z,2026-01-04T23:17:00.000Z,320,false
V007434,OJAI,OYSN,2026-01-04T15:58:00.000Z,2026-01-04T18:29:00.000Z,320,false
V007435,OPKC,UBBB,2026-01-03T22:26:00.000Z,2026-01-04T01:26:00.000Z,320,false
V007436,UBBB,OPKC,2026-01-04T01:16:00.000Z,2026-01-04T04:16:00.000Z,340,false
V007437,OPKC,UBBB,2026-01-04T01:39:00.000Z,2026-01-04T04:39:00.000Z,300,false
V007438,UBBB,OPKC,2026-01-04T07:27:00.000Z,2026-01-04T10:27:00.000Z,320,false
V007439,OPKC,UBBB,2026-01-04T12:12:00.000Z,2026-01-04T15:12:00.000Z,360,false
V007440,UBBB,OPKC,2026-01-04T13:30:00.000Z,2026-01-04T16:30:00.000Z,320,false
V007441,OPKC,UBBB,2026-01-04T15:44:00.000Z,2026-01-04T18:44:00.000Z,300,false
V007442,UBBB,OPKC,2026-01-04T21:53:00.000Z,2026-01-05T00:53:00.000Z,340,false
V007443,OPKC,OJAI,2026-01-04T00:45:00.000Z,2026-01-04T04:49:00.000Z,300,false
V007444,OJAI,OPKC,2026-01-03T23:16:00.000Z,2026-01-04T03:20:00.000Z,340,false
V007445,OPKC,OJAI,2026-01-04T06:54:00.000Z,2026-01-04T10:58:00.000Z,340,false
V007446,OJAI,OPKC,2026-01-04T04:51:00.000Z,2026-01-04T08:55:00.000Z,300,false
V007447,OPKC,OJAI,2026-01-04T12:56:00.000Z,2026-01-04T17:00:00.000Z,340,false
V007448,OJAI,OPKC,2026-01-04T14:04:00.000Z,2026-01-04T18:08:00.000Z,300,false
V007449,OPKC,OJAI,2026-01-04T13:32:00.000Z,2026-01-04T17:36:00.000Z,320,false
V007450,OJAI,OPKC,2026-01-04T16:20:00.000Z,2026-01-04T20:24:00.000Z,300,false
V007451,UBBB,OJAI,2026-01-04T13:17:00.000Z,2026-01-04T15:24:00.000Z,300,false
V007452,OJAI,UBBB,2026-01-04T16:48:00.000Z,2026-01-04T18:55:00.000Z,360,false
V007453,SKBO,SEQM,2026-01-05T08:34:00.000Z,2026-01-05T09:21:00.000Z,300,false
V007454,SEQM,SKBO,2026-01-05T09:29:00.000Z,2026-01-05T10:16:00.000Z,340,false
V007455,SKBO,SEQM,2026-01-05T19:22:00.000Z,2026-01-05T20:09:00.000Z,320,false
V007456,SEQM,SKBO,2026-01-05T13:05:00.000Z,2026-01-05T13:52:00.000Z,320,false
V007457,SKBO,SEQM,2026-01-06T00:01:00.000Z,2026-01-06T00:48:00.000Z,340,false
V007458,SEQM,SKBO,2026-01-06T00:55:00.000Z,2026-01-06T01:42:00.000Z,360,false
V007459,SKBO,SVMI,2026-01-05T12:24:00.000Z,2026-01-05T13:47:00.000Z,300,false
V007460,SVMI,SKBO,2026-01-05T10:33:00.000Z,2026-01-05T11:56:00.000Z,340,false
V007461,SKBO,SVMI,2026-01-05T18:56:00.000Z,2026-01-05T20:19:00.000Z,360,false
V007462,SVMI,SKBO,2026-01-05T18:35:00.000Z,2026-01-05T19:58:00.000Z,340,false
V007463,SKBO,SVMI,2026-01-06T00:18:00.000Z,2026-01-06T01:41:00.000Z,360,false
V007464,SVMI,SKBO,2026-01-06T01:52:00.000Z,2026-01-06T03:15:00.000Z,360,false
V007465,SKBO,SBBR,2026-01-05T11:23:00.000Z,2026-01-05T15:58:00.000Z,320,false
V007466,SBBR,SKBO,2026-01-05T06:02:00.000Z,2026-01-05T10:37:00.000Z,320,false
V007467,SKBO,SBBR,2026-01-05T13:21:00.000Z,2026-01-05T17:56:00.000Z,300,false
V007468,SBBR,SKBO,2026-01-05T18:53:00.000Z,2026-01-05T23:28:00.000Z,360,false
V007469,SKBO,SBBR,2026-01-06T01:22:00.000Z,2026-01-06T05:57:00.000Z,360,false
V007470,SBBR,SKBO,2026-01-06T00:57:00.000Z,2026-01-06T05:32:00.000Z,360,false
V007471,SKBO,SPIM,2026-01-05T06:58:00.000Z,2026-01-05T09:14:00.000Z,340,false
V007472,SPIM,SKBO,2026-01-05T09:35:00.000Z,2026-01-05T11:51:00.000Z,340,false
V007473,SKBO,SPIM,2026-01-05T13:46:00.000Z,2026-01-05T16:02:00.000Z,300,false
V007474,SPIM,SKBO,2026-01-05T13:02:00.000Z,2026-01-05T15:18:00.000Z,300,false
V007475,SKBO,SPIM,2026-01-06T03:45:00.000Z,2026-01-06T06:01:00.000Z,340,false
V007476,SPIM,SKBO,2026-01-05T23:09:00.000Z,2026-01-06T01:25:00.000Z,340,false
V007477,SKBO,SLLP,2026-01-06T02:33:00.000Z,2026-01-06T05:28:00.000Z,360,false
V007478,SLLP,SKBO,2026-01-06T00:09:00.000Z,2026-01-06T03:04:00.000Z,300,false
V007479,SKBO,SCEL,2026-01-05T05:20:00.000Z,2026-01-05T10:32:00.000Z,360,false
V007480,SCEL,SKBO,2026-01-05T07:56:00.000Z,2026-01-05T13:08:00.000Z,300,false
V007481,SKBO,SCEL,2026-01-05T11:39:00.000Z,2026-01-05T16:51:00.000Z,320,false
V007482,SCEL,SKBO,2026-01-05T11:43:00.000Z,2026-01-05T16:55:00.000Z,340,false
V007483,SKBO,SCEL,2026-01-05T19:42:00.000Z,2026-01-06T00:54:00.000Z,320,false
V007484,SCEL,SKBO,2026-01-05T18:41:00.000Z,2026-01-05T23:53:00.000Z,360,false
V007485,SKBO,SCEL,2026-01-06T00:18:00.000Z,2026-01-06T05:30:00.000Z,320,false
V007486,SCEL,SKBO,2026-01-05T21:30:00.000Z,2026-01-06T02:42:00.000Z,340,false
V007487,SKBO,SABE,2026-01-05T05:41:00.000Z,2026-01-05T11:24:00.000Z,300,false
V007488,SABE,SKBO,2026-01-05T08:44:00.000Z,2026-01-05T14:27:00.000Z,340,false
V007489,SKBO,SABE,2026-01-05T14:17:00.000Z,2026-01-05T20:00:00.000Z,300,false
V007490,SABE,SKBO,2026-01-05T12:57:00.000Z,2026-01-05T18:40:00.000Z,340,false
V007491,SKBO,SABE,2026-01-05T17:41:00.000Z,2026-01-05T23:24:00.000Z,360,false
V007492,SABE,SKBO,2026-01-05T15:35:00.000Z,2026-01-05T21:18:00.000Z,360,false
V007493,SKBO,SABE,2026-01-06T03:11:00.000Z,2026-01-06T08:54:00.000Z,340,false
V007494,SABE,SKBO,2026-01-06T01:50:00.000Z,2026-01-06T07:33:00.000Z,320,false
V007495,SKBO,SGAS,2026-01-05T11:10:00.000Z,2026-01-05T15:50:00.000Z,360,false
V007496,SGAS,SKBO,2026-01-05T07:11:00.000Z,2026-01-05T11:51:00.000Z,320,false
V007497,SKBO,SGAS,2026-01-05T14:47:00.000Z,2026-01-05T19:27:00.000Z,320,false
V007498,SGAS,SKBO,2026-01-05T13:03:00.000Z,2026-01-05T17:43:00.000Z,320,false
V007499,SKBO,SGAS,2026-01-05T22:38:00.000Z,2026-01-06T03:18:00.000Z,340,false
V007500,SGAS,SKBO,2026-01-06T01:48:00.000Z,2026-01-06T06:28:00.000Z,340,false
V007501,SKBO,SUAA,2026-01-06T03:33:00.000Z,2026-01-06T09:22:00.000Z,360,false
V007502,SUAA,SKBO,2026-01-05T11:00:00.000Z,2026-01-05T16:49:00.000Z,340,false
V007503,SKBO,LATI,2026-01-05T09:59:00.000Z,2026-01-05T22:31:00.000Z,300,false
V007504,LATI,SKBO,2026-01-04T22:17:00.000Z,2026-01-05T10:49:00.000Z,360,false
V007505,SKBO,LATI,2026-01-05T12:21:00.000Z,2026-01-06T00:53:00.000Z,360,false
V007506,LATI,SKBO,2026-01-05T06:50:00.000Z,2026-01-05T19:22:00.000Z,300,false
V007507,SKBO,LATI,2026-01-05T19:40:00.000Z,2026-01-06T08:12:00.000Z,300,false
V007508,LATI,SKBO,2026-01-05T10:21:00.000Z,2026-01-05T22:53:00.000Z,360,false
V007509,SKBO,LATI,2026-01-05T23:04:00.000Z,2026-01-06T11:36:00.000Z,320,false
V007510,LATI,SKBO,2026-01-05T17:54:00.000Z,2026-01-06T06:26:00.000Z,360,false
V007511,SKBO,EDDI,2026-01-05T07:00:00.000Z,2026-01-05T18:53:00.000Z,360,false
V007512,EDDI,SKBO,2026-01-05T06:07:00.000Z,2026-01-05T18:00:00.000Z,300,false
V007513,SKBO,EDDI,2026-01-05T18:48:00.000Z,2026-01-06T06:41:00.000Z,320,false
V007514,EDDI,SKBO,2026-01-05T17:47:00.000Z,2026-01-06T05:40:00.000Z,340,false
V007515,SKBO,LOWW,2026-01-05T06:34:00.000Z,2026-01-05T18:44:00.000Z,360,false
V007516,LOWW,SKBO,2026-01-05T03:56:00.000Z,2026-01-05T16:06:00.000Z,360,false
V007517,SKBO,LOWW,2026-01-06T01:29:00.000Z,2026-01-06T13:39:00.000Z,340,false
V007518,LOWW,SKBO,2026-01-05T17:56:00.000Z,2026-01-06T06:06:00.000Z,360,false
V007519,SKBO,EBCI,2026-01-05T05:24:00.000Z,2026-01-05T16:29:00.000Z,340,false
V007520,EBCI,SKBO,2026-01-04T23:49:00.000Z,2026-01-05T10:54:00.000Z,360,false
V007521,SKBO,EBCI,2026-01-05T18:33:00.000Z,2026-01-06T05:38:00.000Z,360,false
V007522,EBCI,SKBO,2026-01-05T13:43:00.000Z,2026-01-06T00:48:00.000Z,340,false
V007523,SKBO,EBCI,2026-01-06T04:08:00.000Z,2026-01-06T15:13:00.000Z,340,false
V007524,EBCI,SKBO,2026-01-05T14:18:00.000Z,2026-01-06T01:23:00.000Z,300,false
V007525,SKBO,UMMS,2026-01-05T07:41:00.000Z,2026-01-05T20:49:00.000Z,320,false
V007526,UMMS,SKBO,2026-01-05T02:38:00.000Z,2026-01-05T15:46:00.000Z,320,false
V007527,SKBO,UMMS,2026-01-05T11:42:00.000Z,2026-01-06T00:50:00.000Z,340,false
V007528,UMMS,SKBO,2026-01-05T07:52:00.000Z,2026-01-05T21:00:00.000Z,360,false
V007529,SKBO,UMMS,2026-01-05T21:17:00.000Z,2026-01-06T10:25:00.000Z,360,false
V007530,UMMS,SKBO,2026-01-05T11:11:00.000Z,2026-01-06T00:19:00.000Z,300,false
V007531,SKBO,UMMS,2026-01-06T03:51:00.000Z,2026-01-06T16:59:00.000Z,300,false
V007532,UMMS,SKBO,2026-01-05T17:54:00.000Z,2026-01-06T07:02:00.000Z,360,false
V007533,SKBO,LBSF,2026-01-05T11:22:00.000Z,2026-01-06T00:18:00.000Z,320,false
V007534,LBSF,SKBO,2026-01-05T03:35:00.000Z,2026-01-05T16:31:00.000Z,320,false
V007535,SKBO,LBSF,2026-01-05T19:24:00.000Z,2026-01-06T08:20:00.000Z,340,false
V007536,LBSF,SKBO,2026-01-05T05:41:00.000Z,2026-01-05T18:37:00.000Z,340,false
V007537,SKBO,LBSF,2026-01-06T00:01:00.000Z,2026-01-06T12:57:00.000Z,300,false
V007538,LBSF,SKBO,2026-01-05T16:17:00.000Z,2026-01-06T05:13:00.000Z,300,false
V007539,SKBO,LKPR,2026-01-05T10:32:00.000Z,2026-01-05T22:31:00.000Z,360,false
V007540,LKPR,SKBO,2026-01-05T00:50:00.000Z,2026-01-05T12:49:00.000Z,320,false
V007541,SKBO,LKPR,2026-01-05T16:48:00.000Z,2026-01-06T04:47:00.000Z,360,false
V007542,LKPR,SKBO,2026-01-05T07:09:00.000Z,2026-01-05T19:08:00.000Z,360,false
V007543,SKBO,LKPR,2026-01-05T21:25:00.000Z,2026-01-06T09:24:00.000Z,300,false
V007544,LKPR,SKBO,2026-01-05T12:25:00.000Z,2026-01-06T00:24:00.000Z,340,false
V007545,SKBO,LKPR,2026-01-06T02:57:00.000Z,2026-01-06T14:56:00.000Z,320,false
V007546,LKPR,SKBO,2026-01-05T20:32:00.000Z,2026-01-06T08:31:00.000Z,340,false
V007547,SKBO,LDZA,2026-01-05T10:56:00.000Z,2026-01-05T23:07:00.000Z,300,false
V007548,LDZA,SKBO,2026-01-04T23:28:00.000Z,2026-01-05T11:39:00.000Z,320,false
V007549,SKBO,LDZA,2026-01-05T16:14:00.000Z,2026-01-06T04:25:00.000Z,300,false
V007550,LDZA,SKBO,2026-01-05T11:01:00.000Z,2026-01-05T23:12:00.000Z,320,false
V007551,SKBO,LDZA,2026-01-06T01:58:00.000Z,2026-01-06T14:09:00.000Z,360,false
V007552,LDZA,SKBO,2026-01-05T15:59:00.000Z,2026-01-06T04:10:00.000Z,360,false
V007553,SKBO,EKCH,2026-01-05T06:49:00.000Z,2026-01-05T18:37:00.000Z,340,false
V007554,EKCH,SKBO,2026-01-04T23:37:00.000Z,2026-01-05T11:25:00.000Z,320,false
V007555,SKBO,EKCH,2026-01-05T12:35:00.000Z,2026-01-06T00:23:00.000Z,340,false
V007556,EKCH,SKBO,2026-01-05T07:16:00.000Z,2026-01-05T19:04:00.000Z,320,false
V007557,SKBO,EKCH,2026-01-05T19:22:00.000Z,2026-01-06T07:10:00.000Z,340,false
V007558,EKCH,SKBO,2026-01-05T15:54:00.000Z,2026-01-06T03:42:00.000Z,320,false
V007559,SKBO,EKCH,2026-01-06T01:31:00.000Z,2026-01-06T13:19:00.000Z,320,false
V007560,EKCH,SKBO,2026-01-05T18:23:00.000Z,2026-01-06T06:11:00.000Z,360,false
V007561,SKBO,EHAM,2026-01-05T06:12:00.000Z,2026-01-05T17:19:00.000Z,320,false
V007562,EHAM,SKBO,2026-01-05T00:32:00.000Z,2026-01-05T11:39:00.000Z,320,false
V007563,SKBO,EHAM,2026-01-05T11:01:00.000Z,2026-01-05T22:08:00.000Z,340,false
V007564,EHAM,SKBO,2026-01-05T08:06:00.000Z,2026-01-05T19:13:00.000Z,320,false
V007565,SKBO,EHAM,2026-01-05T21:36:00.000Z,2026-01-06T08:43:00.000Z,320,false
V007566,EHAM,SKBO,2026-01-05T12:49:00.000Z,2026-01-05T23:56:00.000Z,360,false
V007567,SKBO,EHAM,2026-01-06T01:13:00.000Z,2026-01-06T12:20:00.000Z,360,false
V007568,EHAM,SKBO,2026-01-05T18:44:00.000Z,2026-01-06T05:51:00.000Z,300,false
V007569,SKBO,VIDP,2026-01-05T10:44:00.000Z,2026-01-06T05:58:00.000Z,320,false
V007570,VIDP,SKBO,2026-01-04T21:50:00.000Z,2026-01-05T17:04:00.000Z,320,false
V007571,SKBO,VIDP,2026-01-05T15:33:00.000Z,2026-01-06T10:47:00.000Z,300,false
V007572,VIDP,SKBO,2026-01-05T05:02:00.000Z,2026-01-06T00:16:00.000Z,340,false
V007573,SKBO,VIDP,2026-01-06T00:05:00.000Z,2026-01-05T19:19:00.000Z,340,false
V007574,VIDP,SKBO,2026-01-05T17:11:00.000Z,2026-01-06T12:25:00.000Z,320,false
V007575,SKBO,OSDI,2026-01-05T09:14:00.000Z,2026-01-05T23:50:00.000Z,340,false
V007576,OSDI,SKBO,2026-01-04T21:54:00.000Z,2026-01-05T12:30:00.000Z,300,false
V007577,SKBO,OSDI,2026-01-05T16:13:00.000Z,2026-01-06T06:49:00.000Z,320,false
V007578,OSDI,SKBO,2026-01-05T05:47:00.000Z,2026-01-05T20:23:00.000Z,340,false
V007579,SKBO,OSDI,2026-01-05T22:13:00.000Z,2026-01-06T12:49:00.000Z,300,false
V007580,OSDI,SKBO,2026-01-05T11:23:00.000Z,2026-01-06T01:59:00.000Z,300,false
V007581,SKBO,OSDI,2026-01-06T04:42:00.000Z,2026-01-06T19:18:00.000Z,360,false
V007582,OSDI,SKBO,2026-01-05T17:53:00.000Z,2026-01-06T08:29:00.000Z,340,false
V007583,SKBO,OAKB,2026-01-05T09:24:00.000Z,2026-01-06T03:22:00.000Z,300,false
V007584,OAKB,SKBO,2026-01-05T01:52:00.000Z,2026-01-05T19:50:00.000Z,360,false
V007585,SKBO,OAKB,2026-01-05T15:06:00.000Z,2026-01-06T09:04:00.000Z,340,false
V007586,OAKB,SKBO,2026-01-05T06:17:00.000Z,2026-01-06T00:15:00.000Z,360,false
V007587,SKBO,OAKB,2026-01-05T17:47:00.000Z,2026-01-06T11:45:00.000Z,300,false
V007588,OAKB,SKBO,2026-01-05T09:18:00.000Z,2026-01-06T03:16:00.000Z,320,false
V007589,SKBO,OAKB,2026-01-06T03:46:00.000Z,2026-01-05T21:44:00.000Z,320,false
V007590,OAKB,SKBO,2026-01-05T17:07:00.000Z,2026-01-06T11:05:00.000Z,340,false
V007591,SKBO,OOMS,2026-01-05T08:49:00.000Z,2026-01-06T02:26:00.000Z,300,false
V007592,OOMS,SKBO,2026-01-04T20:43:00.000Z,2026-01-05T14:20:00.000Z,340,false
V007593,SKBO,OOMS,2026-01-05T15:03:00.000Z,2026-01-06T08:40:00.000Z,320,false
V007594,OOMS,SKBO,2026-01-05T08:17:00.000Z,2026-01-06T01:54:00.000Z,360,false
V007595,SKBO,OOMS,2026-01-06T02:04:00.000Z,2026-01-06T19:41:00.000Z,300,false
V007596,OOMS,SKBO,2026-01-05T16:22:00.000Z,2026-01-06T09:59:00.000Z,340,false
V007597,SKBO,OYSN,2026-01-05T08:51:00.000Z,2026-01-06T01:02:00.000Z,320,false
V007598,OYSN,SKBO,2026-01-05T00:47:00.000Z,2026-01-05T16:58:00.000Z,300,false
V007599,SKBO,OYSN,2026-01-05T19:44:00.000Z,2026-01-06T11:55:00.000Z,300,false
V007600,OYSN,SKBO,2026-01-05T09:43:00.000Z,2026-01-06T01:54:00.000Z,360,false
V007601,SKBO,OYSN,2026-01-06T03:29:00.000Z,2026-01-06T19:40:00.000Z,340,false
V007602,OYSN,SKBO,2026-01-05T17:13:00.000Z,2026-01-06T09:24:00.000Z,340,false
V007603,SKBO,OPKC,2026-01-05T10:17:00.000Z,2026-01-06T04:52:00.000Z,360,false
V007604,OPKC,SKBO,2026-01-04T19:18:00.000Z,2026-01-05T13:53:00.000Z,360,false
V007605,SKBO,OPKC,2026-01-05T15:37:00.000Z,2026-01-06T10:12:00.000Z,300,false
V007606,OPKC,SKBO,2026-01-05T03:57:00.000Z,2026-01-05T22:32:00.000Z,320,false
V007607,SKBO,OPKC,2026-01-05T18:01:00.000Z,2026-01-06T12:36:00.000Z,300,false
V007608,OPKC,SKBO,2026-01-05T09:00:00.000Z,2026-01-06T03:35:00.000Z,320,false
V007609,SKBO,OPKC,2026-01-05T23:25:00.000Z,2026-01-06T18:00:00.000Z,300,false
V007610,OPKC,SKBO,2026-01-05T13:31:00.000Z,2026-01-06T08:06:00.000Z,360,false
V007611,SKBO,UBBB,2026-01-05T05:10:00.000Z,2026-01-05T20:54:00.000Z,300,false
V007612,UBBB,SKBO,2026-01-04T23:25:00.000Z,2026-01-05T15:09:00.000Z,300,false
V007613,SKBO,UBBB,2026-01-05T11:57:00.000Z,2026-01-06T03:41:00.000Z,320,false
V007614,UBBB,SKBO,2026-01-05T04:37:00.000Z,2026-01-05T20:21:00.000Z,360,false
V007615,SKBO,UBBB,2026-01-05T18:21:00.000Z,2026-01-06T10:05:00.000Z,320,false
V007616,UBBB,SKBO,2026-01-05T12:02:00.000Z,2026-01-06T03:46:00.000Z,300,false
V007617,SKBO,UBBB,2026-01-06T02:36:00.000Z,2026-01-06T18:20:00.000Z,360,false
V007618,UBBB,SKBO,2026-01-05T21:41:00.000Z,2026-01-06T13:25:00.000Z,320,false
V007619,SKBO,OJAI,2026-01-05T10:19:00.000Z,2026-01-06T00:52:00.000Z,360,false
V007620,OJAI,SKBO,2026-01-05T01:36:00.000Z,2026-01-05T16:09:00.000Z,320,false
V007621,SKBO,OJAI,2026-01-05T15:44:00.000Z,2026-01-06T06:17:00.000Z,300,false
V007622,OJAI,SKBO,2026-01-05T11:54:00.000Z,2026-01-06T02:27:00.000Z,320,false
V007623,SKBO,OJAI,2026-01-05T22:32:00.000Z,2026-01-06T13:05:00.000Z,360,false
V007624,OJAI,SKBO,2026-01-05T16:27:00.000Z,2026-01-06T07:00:00.000Z,360,false
V007625,SEQM,SVMI,2026-01-05T08:48:00.000Z,2026-01-05T10:58:00.000Z,360,false
V007626,SVMI,SEQM,2026-01-05T07:38:00.000Z,2026-01-05T09:48:00.000Z,340,false
V007627,SEQM,SVMI,2026-01-05T15:31:00.000Z,2026-01-05T17:41:00.000Z,360,false
V007628,SVMI,SEQM,2026-01-05T17:15:00.000Z,2026-01-05T19:25:00.000Z,320,false
V007629,SEQM,SVMI,2026-01-06T02:50:00.000Z,2026-01-06T05:00:00.000Z,320,false
V007630,SVMI,SEQM,2026-01-05T22:14:00.000Z,2026-01-06T00:24:00.000Z,360,false
V007631,SEQM,SBBR,2026-01-05T09:19:00.000Z,2026-01-05T14:05:00.000Z,340,false
V007632,SBBR,SEQM,2026-01-05T06:13:00.000Z,2026-01-05T10:59:00.000Z,320,false
V007633,SEQM,SBBR,2026-01-05T13:36:00.000Z,2026-01-05T18:22:00.000Z,320,false
V007634,SBBR,SEQM,2026-01-05T10:36:00.000Z,2026-01-05T15:22:00.000Z,340,false
V007635,SEQM,SBBR,2026-01-05T17:41:00.000Z,2026-01-05T22:27:00.000Z,320,false
V007636,SBBR,SEQM,2026-01-05T15:13:00.000Z,2026-01-05T19:59:00.000Z,360,false
V007637,SEQM,SBBR,2026-01-06T02:02:00.000Z,2026-01-06T06:48:00.000Z,320,false
V007638,SBBR,SEQM,2026-01-05T23:11:00.000Z,2026-01-06T03:57:00.000Z,300,false
V007639,SEQM,SPIM,2026-01-05T05:23:00.000Z,2026-01-05T07:04:00.000Z,300,false
V007640,SPIM,SEQM,2026-01-05T05:13:00.000Z,2026-01-05T06:54:00.000Z,320,false
V007641,SEQM,SPIM,2026-01-05T16:32:00.000Z,2026-01-05T18:13:00.000Z,320,false
V007642,SPIM,SEQM,2026-01-05T13:10:00.000Z,2026-01-05T14:51:00.000Z,300,false
V007643,SEQM,SPIM,2026-01-05T19:35:00.000Z,2026-01-05T21:16:00.000Z,300,false
V007644,SPIM,SEQM,2026-01-05T22:11:00.000Z,2026-01-05T23:52:00.000Z,300,false
V007645,SEQM,SPIM,2026-01-06T04:10:00.000Z,2026-01-06T05:51:00.000Z,340,false
V007646,SPIM,SEQM,2026-01-06T02:09:00.000Z,2026-01-06T03:50:00.000Z,320,false
V007647,SEQM,SLLP,2026-01-05T05:51:00.000Z,2026-01-05T08:28:00.000Z,340,false
V007648,SLLP,SEQM,2026-01-05T08:24:00.000Z,2026-01-05T11:01:00.000Z,360,false
V007649,SEQM,SLLP,2026-01-05T16:32:00.000Z,2026-01-05T19:09:00.000Z,320,false
V007650,SLLP,SEQM,2026-01-05T13:04:00.000Z,2026-01-05T15:41:00.000Z,360,false
V007651,SEQM,SLLP,2026-01-05T18:15:00.000Z,2026-01-05T20:52:00.000Z,320,false
V007652,SLLP,SEQM,2026-01-05T20:12:00.000Z,2026-01-05T22:49:00.000Z,320,false
V007653,SEQM,SLLP,2026-01-05T23:01:00.000Z,2026-01-06T01:38:00.000Z,320,false
V007654,SLLP,SEQM,2026-01-05T23:47:00.000Z,2026-01-06T02:24:00.000Z,320,false
V007655,SEQM,SCEL,2026-01-05T10:14:00.000Z,2026-01-05T14:58:00.000Z,360,false
V007656,SCEL,SEQM,2026-01-05T04:17:00.000Z,2026-01-05T09:01:00.000Z,360,false
V007657,SEQM,SCEL,2026-01-05T18:52:00.000Z,2026-01-05T23:36:00.000Z,300,false
V007658,SCEL,SEQM,2026-01-05T11:21:00.000Z,2026-01-05T16:05:00.000Z,360,false
V007659,SEQM,SCEL,2026-01-06T03:28:00.000Z,2026-01-06T08:12:00.000Z,360,false
V007660,SCEL,SEQM,2026-01-05T22:04:00.000Z,2026-01-06T02:48:00.000Z,340,false
V007661,SEQM,SABE,2026-01-05T09:47:00.000Z,2026-01-05T15:12:00.000Z,360,false
V007662,SABE,SEQM,2026-01-05T06:24:00.000Z,2026-01-05T11:49:00.000Z,320,false
V007663,SEQM,SABE,2026-01-05T12:06:00.000Z,2026-01-05T17:31:00.000Z,360,false
V007664,SABE,SEQM,2026-01-05T14:10:00.000Z,2026-01-05T19:35:00.000Z,320,false
V007665,SEQM,SABE,2026-01-05T17:44:00.000Z,2026-01-05T23:09:00.000Z,320,false
V007666,SABE,SEQM,2026-01-05T15:59:00.000Z,2026-01-05T21:24:00.000Z,360,false
V007667,SEQM,SABE,2026-01-06T01:18:00.000Z,2026-01-06T06:43:00.000Z,320,false
V007668,SABE,SEQM,2026-01-06T01:30:00.000Z,2026-01-06T06:55:00.000Z,360,false
V007669,SEQM,SGAS,2026-01-05T12:22:00.000Z,2026-01-05T16:52:00.000Z,300,false
V007670,SGAS,SEQM,2026-01-05T06:27:00.000Z,2026-01-05T10:57:00.000Z,300,false
V007671,SEQM,SGAS,2026-01-05T16:44:00.000Z,2026-01-05T21:14:00.000Z,320,false
V007672,SGAS,SEQM,2026-01-05T13:35:00.000Z,2026-01-05T18:05:00.000Z,300,false
V007673,SEQM,SGAS,2026-01-05T23:18:00.000Z,2026-01-06T03:48:00.000Z,360,false
V007674,SGAS,SEQM,2026-01-05T21:22:00.000Z,2026-01-06T01:52:00.000Z,320,false
V007675,SEQM,SUAA,2026-01-05T07:45:00.000Z,2026-01-05T13:18:00.000Z,300,false
V007676,SUAA,SEQM,2026-01-05T03:25:00.000Z,2026-01-05T08:58:00.000Z,340,false
V007677,SEQM,SUAA,2026-01-05T11:01:00.000Z,2026-01-05T16:34:00.000Z,300,false
V007678,SUAA,SEQM,2026-01-05T12:12:00.000Z,2026-01-05T17:45:00.000Z,300,false
V007679,SEQM,SUAA,2026-01-05T18:10:00.000Z,2026-01-05T23:43:00.000Z,360,false
V007680,SUAA,SEQM,2026-01-05T18:21:00.000Z,2026-01-05T23:54:00.000Z,360,false
V007681,SEQM,SUAA,2026-01-06T04:20:00.000Z,2026-01-06T09:53:00.000Z,320,false
V007682,SUAA,SEQM,2026-01-06T02:35:00.000Z,2026-01-06T08:08:00.000Z,300,false
V007683,SEQM,LATI,2026-01-05T08:48:00.000Z,2026-01-05T22:07:00.000Z,320,false
V007684,LATI,SEQM,2026-01-05T05:37:00.000Z,2026-01-05T18:56:00.000Z,360,false
V007685,SEQM,LATI,2026-01-05T14:01:00.000Z,2026-01-06T03:20:00.000Z,300,false
V007686,LATI,SEQM,2026-01-05T10:02:00.000Z,2026-01-05T23:21:00.000Z,300,false
V007687,SEQM,LATI,2026-01-06T02:18:00.000Z,2026-01-06T15:37:00.000Z,340,false
V007688,LATI,SEQM,2026-01-05T16:08:00.000Z,2026-01-06T05:27:00.000Z,340,false
V007689,SEQM,EDDI,2026-01-05T08:10:00.000Z,2026-01-05T20:50:00.000Z,360,false
V007690,EDDI,SEQM,2026-01-04T22:28:00.000Z,2026-01-05T11:08:00.000Z,300,false
V007691,SEQM,EDDI,2026-01-05T16:35:00.000Z,2026-01-06T05:15:00.000Z,340,false
V007692,EDDI,SEQM,2026-01-05T04:05:00.000Z,2026-01-05T16:45:00.000Z,320,false
V007693,SEQM,EDDI,2026-01-05T20:04:00.000Z,2026-01-06T08:44:00.000Z,360,false
V007694,EDDI,SEQM,2026-01-05T14:03:00.000Z,2026-01-06T02:43:00.000Z,320,false
V007695,SEQM,EDDI,2026-01-06T03:24:00.000Z,2026-01-06T16:04:00.000Z,340,false
V007696,EDDI,SEQM,2026-01-05T19:38:00.000Z,2026-01-06T08:18:00.000Z,360,false
V007697,SEQM,LOWW,2026-01-05T08:41:00.000Z,2026-01-05T21:38:00.000Z,300,false
V007698,LOWW,SEQM,2026-01-05T03:16:00.000Z,2026-01-05T16:13:00.000Z,360,false
V007699,SEQM,LOWW,2026-01-05T17:02:00.000Z,2026-01-06T05:59:00.000Z,340,false
V007700,LOWW,SEQM,2026-01-05T09:33:00.000Z,2026-01-05T22:30:00.000Z,300,false
V007701,SEQM,LOWW,2026-01-06T01:52:00.000Z,2026-01-06T14:49:00.000Z,320,false
V007702,LOWW,SEQM,2026-01-05T16:26:00.000Z,2026-01-06T05:23:00.000Z,320,false
V007703,SEQM,EBCI,2026-01-05T14:46:00.000Z,2026-01-06T02:38:00.000Z,320,false
V007704,EBCI,SEQM,2026-01-05T02:55:00.000Z,2026-01-05T14:47:00.000Z,320,false
V007705,SEQM,UMMS,2026-01-05T05:41:00.000Z,2026-01-05T19:36:00.000Z,300,false
V007706,UMMS,SEQM,2026-01-05T03:54:00.000Z,2026-01-05T17:49:00.000Z,300,false
V007707,SEQM,UMMS,2026-01-05T13:58:00.000Z,2026-01-06T03:53:00.000Z,360,false
V007708,UMMS,SEQM,2026-01-05T07:35:00.000Z,2026-01-05T21:30:00.000Z,360,false
V007709,SEQM,UMMS,2026-01-06T03:21:00.000Z,2026-01-06T17:16:00.000Z,320,false
V007710,UMMS,SEQM,2026-01-05T14:31:00.000Z,2026-01-06T04:26:00.000Z,340,false
V007711,SEQM,LBSF,2026-01-05T05:22:00.000Z,2026-01-05T19:05:00.000Z,320,false
V007712,LBSF,SEQM,2026-01-05T01:33:00.000Z,2026-01-05T15:16:00.000Z,300,false
V007713,SEQM,LBSF,2026-01-05T11:28:00.000Z,2026-01-06T01:11:00.000Z,340,false
V007714,LBSF,SEQM,2026-01-05T05:33:00.000Z,2026-01-05T19:16:00.000Z,360,false
V007715,SEQM,LBSF,2026-01-05T19:23:00.000Z,2026-01-06T09:06:00.000Z,300,false
V007716,LBSF,SEQM,2026-01-05T09:28:00.000Z,2026-01-05T23:11:00.000Z,320,false
V007717,SEQM,LBSF,2026-01-06T00:49:00.000Z,2026-01-06T14:32:00.000Z,300,false
V007718,LBSF,SEQM,2026-01-05T19:40:00.000Z,2026-01-06T09:23:00.000Z,340,false
V007719,SEQM,LKPR,2026-01-05T07:35:00.000Z,2026-01-05T20:21:00.000Z,360,false
V007720,LKPR,SEQM,2026-01-05T03:24:00.000Z,2026-01-05T16:10:00.000Z,300,false
V007721,SEQM,LKPR,2026-01-05T14:29:00.000Z,2026-01-06T03:15:00.000Z,320,false
V007722,LKPR,SEQM,2026-01-05T08:21:00.000Z,2026-01-05T21:07:00.000Z,300,false
V007723,SEQM,LKPR,2026-01-05T21:33:00.000Z,2026-01-06T10:19:00.000Z,340,false
V007724,LKPR,SEQM,2026-01-05T12:00:00.000Z,2026-01-06T00:46:00.000Z,360,false
V007725,SEQM,LKPR,2026-01-06T02:49:00.000Z,2026-01-06T15:35:00.000Z,300,false
V007726,LKPR,SEQM,2026-01-05T18:39:00.000Z,2026-01-06T07:25:00.000Z,360,false
V007727,SEQM,LDZA,2026-01-05T08:45:00.000Z,2026-01-05T21:44:00.000Z,300,false
V007728,LDZA,SEQM,2026-01-04T23:44:00.000Z,2026-01-05T12:43:00.000Z,320,false
V007729,SEQM,LDZA,2026-01-05T16:38:00.000Z,2026-01-06T05:37:00.000Z,340,false
V007730,LDZA,SEQM,2026-01-05T07:02:00.000Z,2026-01-05T20:01:00.000Z,320,false
V007731,SEQM,LDZA,2026-01-05T19:21:00.000Z,2026-01-06T08:20:00.000Z,320,false
V007732,LDZA,SEQM,2026-01-05T10:28:00.000Z,2026-01-05T23:27:00.000Z,360,false
V007733,SEQM,LDZA,2026-01-06T00:15:00.000Z,2026-01-06T13:14:00.000Z,320,false
V007734,LDZA,SEQM,2026-01-05T19:37:00.000Z,2026-01-06T08:36:00.000Z,340,false
V007735,SEQM,EKCH,2026-01-05T08:44:00.000Z,2026-01-05T21:19:00.000Z,360,false
V007736,EKCH,SEQM,2026-01-05T19:15:00.000Z,2026-01-06T07:50:00.000Z,360,false
V007737,SEQM,EHAM,2026-01-05T12:32:00.000Z,2026-01-06T00:26:00.000Z,340,false
V007738,EHAM,SEQM,2026-01-04T22:02:00.000Z,2026-01-05T09:56:00.000Z,320,false
V007739,SEQM,EHAM,2026-01-05T19:04:00.000Z,2026-01-06T06:58:00.000Z,360,false
V007740,EHAM,SEQM,2026-01-05T12:40:00.000Z,2026-01-06T00:34:00.000Z,360,false
V007741,SEQM,EHAM,2026-01-06T02:55:00.000Z,2026-01-06T14:49:00.000Z,340,false
V007742,EHAM,SEQM,2026-01-05T21:10:00.000Z,2026-01-06T09:04:00.000Z,320,false
V007743,SEQM,VIDP,2026-01-05T06:12:00.000Z,2026-01-06T02:13:00.000Z,320,false
V007744,VIDP,SEQM,2026-01-04T23:09:00.000Z,2026-01-05T19:10:00.000Z,300,false
V007745,SEQM,VIDP,2026-01-05T16:10:00.000Z,2026-01-06T12:11:00.000Z,300,false
V007746,VIDP,SEQM,2026-01-05T02:03:00.000Z,2026-01-05T22:04:00.000Z,300,false
V007747,SEQM,VIDP,2026-01-05T21:00:00.000Z,2026-01-06T17:01:00.000Z,340,false
V007748,VIDP,SEQM,2026-01-05T08:25:00.000Z,2026-01-06T04:26:00.000Z,360,false
V007749,SEQM,VIDP,2026-01-06T04:07:00.000Z,2026-01-06T00:08:00.000Z,300,false
V007750,VIDP,SEQM,2026-01-05T18:15:00.000Z,2026-01-06T14:16:00.000Z,320,false
V007751,SEQM,OSDI,2026-01-05T10:30:00.000Z,2026-01-06T01:52:00.000Z,320,false
V007752,OSDI,SEQM,2026-01-04T21:09:00.000Z,2026-01-05T12:31:00.000Z,340,false
V007753,SEQM,OSDI,2026-01-05T13:36:00.000Z,2026-01-06T04:58:00.000Z,300,false
V007754,OSDI,SEQM,2026-01-05T06:27:00.000Z,2026-01-05T21:49:00.000Z,360,false
V007755,SEQM,OSDI,2026-01-05T21:21:00.000Z,2026-01-06T12:43:00.000Z,300,false
V007756,OSDI,SEQM,2026-01-05T14:06:00.000Z,2026-01-06T05:28:00.000Z,300,false
V007757,SEQM,OSDI,2026-01-05T23:46:00.000Z,2026-01-06T15:08:00.000Z,300,false
V007758,OSDI,SEQM,2026-01-05T20:21:00.000Z,2026-01-06T11:43:00.000Z,300,false
V007759,SEQM,OAKB,2026-01-05T12:54:00.000Z,2026-01-06T07:39:00.000Z,340,false
V007760,OAKB,SEQM,2026-01-05T07:38:00.000Z,2026-01-06T02:23:00.000Z,300,false
V007761,SEQM,OAKB,2026-01-06T04:32:00.000Z,2026-01-05T23:17:00.000Z,340,false
V007762,OAKB,SEQM,2026-01-05T17:39:00.000Z,2026-01-06T12:24:00.000Z,360,false
V007763,SEQM,OOMS,2026-01-05T11:19:00.000Z,2026-01-06T05:42:00.000Z,300,false
V007764,OOMS,SEQM,2026-01-04T22:46:00.000Z,2026-01-05T17:09:00.000Z,340,false
V007765,SEQM,OOMS,2026-01-05T22:38:00.000Z,2026-01-06T17:01:00.000Z,300,false
V007766,OOMS,SEQM,2026-01-05T18:06:00.000Z,2026-01-06T12:29:00.000Z,320,false
V007767,SEQM,OYSN,2026-01-05T12:58:00.000Z,2026-01-06T05:51:00.000Z,340,false
V007768,OYSN,SEQM,2026-01-04T23:27:00.000Z,2026-01-05T16:20:00.000Z,340,false
V007769,SEQM,OYSN,2026-01-05T17:20:00.000Z,2026-01-06T10:13:00.000Z,300,false
V007770,OYSN,SEQM,2026-01-05T11:39:00.000Z,2026-01-06T04:32:00.000Z,300,false
V007771,SEQM,OYSN,2026-01-05T23:00:00.000Z,2026-01-06T15:53:00.000Z,340,false
V007772,OYSN,SEQM,2026-01-05T16:15:00.000Z,2026-01-06T09:08:00.000Z,360,false
V007773,SEQM,OPKC,2026-01-05T10:38:00.000Z,2026-01-06T06:00:00.000Z,360,false
V007774,OPKC,SEQM,2026-01-04T20:28:00.000Z,2026-01-05T15:50:00.000Z,300,false
V007775,SEQM,OPKC,2026-01-05T19:09:00.000Z,2026-01-06T14:31:00.000Z,320,false
V007776,OPKC,SEQM,2026-01-05T08:58:00.000Z,2026-01-06T04:20:00.000Z,300,false
V007777,SEQM,OPKC,2026-01-06T01:40:00.000Z,2026-01-05T21:02:00.000Z,360,false
V007778,OPKC,SEQM,2026-01-05T14:22:00.000Z,2026-01-06T09:44:00.000Z,360,false
V007779,SEQM,UBBB,2026-01-05T10:14:00.000Z,2026-01-06T02:45:00.000Z,340,false
V007780,UBBB,SEQM,2026-01-04T22:46:00.000Z,2026-01-05T15:17:00.000Z,340,false
V007781,SEQM,UBBB,2026-01-05T13:09:00.000Z,2026-01-06T05:40:00.000Z,360,false
V007782,UBBB,SEQM,2026-01-05T08:03:00.000Z,2026-01-06T00:34:00.000Z,360,false
V007783,SEQM,UBBB,2026-01-05T18:55:00.000Z,2026-01-06T11:26:00.000Z,340,false
V007784,UBBB,SEQM,2026-01-05T13:08:00.000Z,2026-01-06T05:39:00.000Z,340,false
V007785,SEQM,UBBB,2026-01-06T04:44:00.000Z,2026-01-06T21:15:00.000Z,320,false
V007786,UBBB,SEQM,2026-01-05T19:42:00.000Z,2026-01-06T12:13:00.000Z,300,false
V007787,SEQM,OJAI,2026-01-05T08:30:00.000Z,2026-01-05T23:49:00.000Z,320,false
V007788,OJAI,SEQM,2026-01-05T00:30:00.000Z,2026-01-05T15:49:00.000Z,320,false
V007789,SEQM,OJAI,2026-01-05T13:57:00.000Z,2026-01-06T05:16:00.000Z,340,false
V007790,OJAI,SEQM,2026-01-05T07:37:00.000Z,2026-01-05T22:56:00.000Z,320,false
V007791,SEQM,OJAI,2026-01-05T21:54:00.000Z,2026-01-06T13:13:00.000Z,320,false
V007792,OJAI,SEQM,2026-01-05T09:31:00.000Z,2026-01-06T00:50:00.000Z,360,false
V007793,SEQM,OJAI,2026-01-06T02:17:00.000Z,2026-01-06T17:36:00.000Z,360,false
V007794,OJAI,SEQM,2026-01-05T17:17:00.000Z,2026-01-06T08:36:00.000Z,300,false
V007795,SVMI,SBBR,2026-01-05T04:28:00.000Z,2026-01-05T08:50:00.000Z,300,false
V007796,SBBR,SVMI,2026-01-05T06:05:00.000Z,2026-01-05T10:27:00.000Z,320,false
V007797,SVMI,SBBR,2026-01-05T12:34:00.000Z,2026-01-05T16:56:00.000Z,300,false
V007798,SBBR,SVMI,2026-01-05T09:06:00.000Z,2026-01-05T13:28:00.000Z,300,false
V007799,SVMI,SBBR,2026-01-05T19:00:00.000Z,2026-01-05T23:22:00.000Z,360,false
V007800,SBBR,SVMI,2026-01-05T17:39:00.000Z,2026-01-05T22:01:00.000Z,360,false
V007801,SVMI,SBBR,2026-01-06T01:09:00.000Z,2026-01-06T05:31:00.000Z,320,false
V007802,SBBR,SVMI,2026-01-05T22:45:00.000Z,2026-01-06T03:07:00.000Z,320,false
V007803,SVMI,SPIM,2026-01-05T14:55:00.000Z,2026-01-05T18:21:00.000Z,340,false
V007804,SPIM,SVMI,2026-01-05T10:24:00.000Z,2026-01-05T13:50:00.000Z,320,false
V007805,SVMI,SPIM,2026-01-05T22:09:00.000Z,2026-01-06T01:35:00.000Z,320,false
V007806,SPIM,SVMI,2026-01-05T17:15:00.000Z,2026-01-05T20:41:00.000Z,320,false
V007807,SVMI,SLLP,2026-01-05T06:28:00.000Z,2026-01-05T10:06:00.000Z,300,false
V007808,SLLP,SVMI,2026-01-05T08:51:00.000Z,2026-01-05T12:29:00.000Z,340,false
V007809,SVMI,SLLP,2026-01-05T14:42:00.000Z,2026-01-05T18:20:00.000Z,340,false
V007810,SLLP,SVMI,2026-01-05T10:19:00.000Z,2026-01-05T13:57:00.000Z,300,false
V007811,SVMI,SLLP,2026-01-05T16:11:00.000Z,2026-01-05T19:49:00.000Z,340,false
V007812,SLLP,SVMI,2026-01-05T19:04:00.000Z,2026-01-05T22:42:00.000Z,300,false
V007813,SVMI,SLLP,2026-01-06T02:55:00.000Z,2026-01-06T06:33:00.000Z,300,false
V007814,SLLP,SVMI,2026-01-06T00:54:00.000Z,2026-01-06T04:32:00.000Z,320,false
V007815,SVMI,SCEL,2026-01-05T07:37:00.000Z,2026-01-05T13:39:00.000Z,360,false
V007816,SCEL,SVMI,2026-01-05T08:45:00.000Z,2026-01-05T14:47:00.000Z,340,false
V007817,SVMI,SCEL,2026-01-05T18:23:00.000Z,2026-01-06T00:25:00.000Z,300,false
V007818,SCEL,SVMI,2026-01-05T13:21:00.000Z,2026-01-05T19:23:00.000Z,300,false
V007819,SVMI,SCEL,2026-01-06T03:48:00.000Z,2026-01-06T09:50:00.000Z,360,false
V007820,SCEL,SVMI,2026-01-05T19:42:00.000Z,2026-01-06T01:44:00.000Z,300,false
V007821,SVMI,SABE,2026-01-05T04:03:00.000Z,2026-01-05T10:17:00.000Z,300,false
V007822,SABE,SVMI,2026-01-05T14:34:00.000Z,2026-01-05T20:48:00.000Z,340,false
V007823,SVMI,SABE,2026-01-06T03:58:00.000Z,2026-01-06T10:12:00.000Z,340,false
V007824,SABE,SVMI,2026-01-05T20:46:00.000Z,2026-01-06T03:00:00.000Z,300,false
V007825,SVMI,SGAS,2026-01-05T08:07:00.000Z,2026-01-05T13:09:00.000Z,340,false
V007826,SGAS,SVMI,2026-01-05T06:16:00.000Z,2026-01-05T11:18:00.000Z,360,false
V007827,SVMI,SGAS,2026-01-05T15:43:00.000Z,2026-01-05T20:45:00.000Z,300,false
V007828,SGAS,SVMI,2026-01-05T12:51:00.000Z,2026-01-05T17:53:00.000Z,360,false
V007829,SVMI,SGAS,2026-01-05T18:03:00.000Z,2026-01-05T23:05:00.000Z,300,false
V007830,SGAS,SVMI,2026-01-05T16:58:00.000Z,2026-01-05T22:00:00.000Z,300,false
V007831,SVMI,SGAS,2026-01-05T23:22:00.000Z,2026-01-06T04:24:00.000Z,320,false
V007832,SGAS,SVMI,2026-01-05T22:50:00.000Z,2026-01-06T03:52:00.000Z,300,false
V007833,SVMI,SUAA,2026-01-05T07:09:00.000Z,2026-01-05T13:26:00.000Z,320,false
V007834,SUAA,SVMI,2026-01-05T06:34:00.000Z,2026-01-05T12:51:00.000Z,300,false
V007835,SVMI,SUAA,2026-01-05T10:31:00.000Z,2026-01-05T16:48:00.000Z,300,false
V007836,SUAA,SVMI,2026-01-05T09:43:00.000Z,2026-01-05T16:00:00.000Z,360,false
V007837,SVMI,SUAA,2026-01-05T18:31:00.000Z,2026-01-06T00:48:00.000Z,360,false
V007838,SUAA,SVMI,2026-01-05T20:32:00.000Z,2026-01-06T02:49:00.000Z,360,false
V007839,SVMI,SUAA,2026-01-06T00:25:00.000Z,2026-01-06T06:42:00.000Z,340,false
V007840,SUAA,SVMI,2026-01-06T01:45:00.000Z,2026-01-06T08:02:00.000Z,320,false
V007841,SVMI,LATI,2026-01-05T05:01:00.000Z,2026-01-05T16:10:00.000Z,360,false
V007842,LATI,SVMI,2026-01-05T00:48:00.000Z,2026-01-05T11:57:00.000Z,340,false
V007843,SVMI,LATI,2026-01-05T17:32:00.000Z,2026-01-06T04:41:00.000Z,320,false
V007844,LATI,SVMI,2026-01-05T12:29:00.000Z,2026-01-05T23:38:00.000Z,320,false
V007845,SVMI,LATI,2026-01-05T23:13:00.000Z,2026-01-06T10:22:00.000Z,300,false
V007846,LATI,SVMI,2026-01-05T15:34:00.000Z,2026-01-06T02:43:00.000Z,300,false
V007847,SVMI,EDDI,2026-01-05T09:02:00.000Z,2026-01-05T19:34:00.000Z,340,false
V007848,EDDI,SVMI,2026-01-04T23:17:00.000Z,2026-01-05T09:49:00.000Z,340,false
V007849,SVMI,EDDI,2026-01-05T16:01:00.000Z,2026-01-06T02:33:00.000Z,320,false
V007850,EDDI,SVMI,2026-01-05T12:03:00.000Z,2026-01-05T22:35:00.000Z,360,false
V007851,SVMI,EDDI,2026-01-05T23:35:00.000Z,2026-01-06T10:07:00.000Z,340,false
V007852,EDDI,SVMI,2026-01-05T15:47:00.000Z,2026-01-06T02:19:00.000Z,340,false
V007853,SVMI,LOWW,2026-01-05T04:06:00.000Z,2026-01-05T14:54:00.000Z,300,false
V007854,LOWW,SVMI,2026-01-04T23:50:00.000Z,2026-01-05T10:38:00.000Z,360,false
V007855,SVMI,LOWW,2026-01-05T12:13:00.000Z,2026-01-05T23:01:00.000Z,340,false
V007856,LOWW,SVMI,2026-01-05T06:43:00.000Z,2026-01-05T17:31:00.000Z,340,false
V007857,SVMI,LOWW,2026-01-05T16:32:00.000Z,2026-01-06T03:20:00.000Z,320,false
V007858,LOWW,SVMI,2026-01-05T10:14:00.000Z,2026-01-05T21:02:00.000Z,340,false
V007859,SVMI,LOWW,2026-01-06T03:47:00.000Z,2026-01-06T14:35:00.000Z,320,false
V007860,LOWW,SVMI,2026-01-05T17:18:00.000Z,2026-01-06T04:06:00.000Z,320,false
V007861,SVMI,EBCI,2026-01-05T04:58:00.000Z,2026-01-05T14:41:00.000Z,360,false
V007862,EBCI,SVMI,2026-01-04T22:21:00.000Z,2026-01-05T08:04:00.000Z,300,false
V007863,SVMI,EBCI,2026-01-05T15:58:00.000Z,2026-01-06T01:41:00.000Z,320,false
V007864,EBCI,SVMI,2026-01-05T05:55:00.000Z,2026-01-05T15:38:00.000Z,360,false
V007865,SVMI,EBCI,2026-01-05T18:06:00.000Z,2026-01-06T03:49:00.000Z,340,false
V007866,EBCI,SVMI,2026-01-05T13:20:00.000Z,2026-01-05T23:03:00.000Z,300,false
V007867,SVMI,EBCI,2026-01-05T22:32:00.000Z,2026-01-06T08:15:00.000Z,340,false
V007868,EBCI,SVMI,2026-01-05T17:20:00.000Z,2026-01-06T03:03:00.000Z,360,false
V007869,SVMI,UMMS,2026-01-05T11:17:00.000Z,2026-01-05T23:05:00.000Z,300,false
V007870,UMMS,SVMI,2026-01-05T01:02:00.000Z,2026-01-05T12:50:00.000Z,300,false
V007871,SVMI,UMMS,2026-01-05T21:44:00.000Z,2026-01-06T09:32:00.000Z,300,false
V007872,UMMS,SVMI,2026-01-05T11:08:00.000Z,2026-01-05T22:56:00.000Z,360,false
V007873,SVMI,LBSF,2026-01-05T11:08:00.000Z,2026-01-05T22:41:00.000Z,360,false
V007874,LBSF,SVMI,2026-01-04T21:17:00.000Z,2026-01-05T08:50:00.000Z,320,false
V007875,SVMI,LBSF,2026-01-05T19:21:00.000Z,2026-01-06T06:54:00.000Z,300,false
V007876,LBSF,SVMI,2026-01-05T10:20:00.000Z,2026-01-05T21:53:00.000Z,300,false
V007877,SVMI,LBSF,2026-01-05T23:51:00.000Z,2026-01-06T11:24:00.000Z,360,false
V007878,LBSF,SVMI,2026-01-05T15:13:00.000Z,2026-01-06T02:46:00.000Z,300,false
V007879,SVMI,LKPR,2026-01-05T04:17:00.000Z,2026-01-05T14:54:00.000Z,340,false
V007880,LKPR,SVMI,2026-01-05T03:20:00.000Z,2026-01-05T13:57:00.000Z,360,false
V007881,SVMI,LKPR,2026-01-05T10:40:00.000Z,2026-01-05T21:17:00.000Z,320,false
V007882,LKPR,SVMI,2026-01-05T09:59:00.000Z,2026-01-05T20:36:00.000Z,360,false
V007883,SVMI,LKPR,2026-01-05T16:52:00.000Z,2026-01-06T03:29:00.000Z,360,false
V007884,LKPR,SVMI,2026-01-05T11:52:00.000Z,2026-01-05T22:29:00.000Z,300,false
V007885,SVMI,LKPR,2026-01-05T22:40:00.000Z,2026-01-06T09:17:00.000Z,320,false
V007886,LKPR,SVMI,2026-01-05T19:25:00.000Z,2026-01-06T06:02:00.000Z,300,false
V007887,SVMI,LDZA,2026-01-05T19:12:00.000Z,2026-01-06T06:00:00.000Z,340,false
V007888,LDZA,SVMI,2026-01-05T08:49:00.000Z,2026-01-05T19:37:00.000Z,360,false
V007889,SVMI,EKCH,2026-01-05T05:13:00.000Z,2026-01-05T15:42:00.000Z,320,false
V007890,EKCH,SVMI,2026-01-05T01:00:00.000Z,2026-01-05T11:29:00.000Z,340,false
V007891,SVMI,EKCH,2026-01-05T14:50:00.000Z,2026-01-06T01:19:00.000Z,360,false
V007892,EKCH,SVMI,2026-01-05T04:18:00.000Z,2026-01-05T14:47:00.000Z,340,false
V007893,SVMI,EKCH,2026-01-05T21:39:00.000Z,2026-01-06T08:08:00.000Z,300,false
V007894,EKCH,SVMI,2026-01-05T15:24:00.000Z,2026-01-06T01:53:00.000Z,300,false
V007895,SVMI,EKCH,2026-01-06T00:07:00.000Z,2026-01-06T10:36:00.000Z,360,false
V007896,EKCH,SVMI,2026-01-05T18:57:00.000Z,2026-01-06T05:26:00.000Z,340,false
V007897,SVMI,EHAM,2026-01-05T16:14:00.000Z,2026-01-06T02:00:00.000Z,360,false
V007898,EHAM,SVMI,2026-01-05T16:11:00.000Z,2026-01-06T01:57:00.000Z,320,false
V007899,SVMI,VIDP,2026-01-05T06:23:00.000Z,2026-01-06T00:15:00.000Z,300,false
V007900,VIDP,SVMI,2026-01-04T22:36:00.000Z,2026-01-05T16:28:00.000Z,300,false
V007901,SVMI,VIDP,2026-01-05T15:34:00.000Z,2026-01-06T09:26:00.000Z,300,false
V007902,VIDP,SVMI,2026-01-05T04:42:00.000Z,2026-01-05T22:34:00.000Z,300,false
V007903,SVMI,VIDP,2026-01-05T21:44:00.000Z,2026-01-06T15:36:00.000Z,300,false
V007904,VIDP,SVMI,2026-01-05T08:36:00.000Z,2026-01-06T02:28:00.000Z,340,false
V007905,SVMI,VIDP,2026-01-06T00:47:00.000Z,2026-01-06T18:39:00.000Z,320,false
V007906,VIDP,SVMI,2026-01-05T17:40:00.000Z,2026-01-06T11:32:00.000Z,340,false
V007907,SVMI,OSDI,2026-01-05T05:42:00.000Z,2026-01-05T18:54:00.000Z,340,false
V007908,OSDI,SVMI,2026-01-04T22:43:00.000Z,2026-01-05T11:55:00.000Z,320,false
V007909,SVMI,OSDI,2026-01-05T15:55:00.000Z,2026-01-06T05:07:00.000Z,340,false
V007910,OSDI,SVMI,2026-01-05T03:16:00.000Z,2026-01-05T16:28:00.000Z,340,false
V007911,SVMI,OSDI,2026-01-05T17:38:00.000Z,2026-01-06T06:50:00.000Z,360,false
V007912,OSDI,SVMI,2026-01-05T10:30:00.000Z,2026-01-05T23:42:00.000Z,320,false
V007913,SVMI,OSDI,2026-01-06T01:55:00.000Z,2026-01-06T15:07:00.000Z,320,false
V007914,OSDI,SVMI,2026-01-05T17:16:00.000Z,2026-01-06T06:28:00.000Z,360,false
V007915,SVMI,OAKB,2026-01-05T09:23:00.000Z,2026-01-06T01:59:00.000Z,320,false
V007916,OAKB,SVMI,2026-01-04T20:00:00.000Z,2026-01-05T12:36:00.000Z,320,false
V007917,SVMI,OAKB,2026-01-05T15:53:00.000Z,2026-01-06T08:29:00.000Z,340,false
V007918,OAKB,SVMI,2026-01-05T05:38:00.000Z,2026-01-05T22:14:00.000Z,340,false
V007919,SVMI,OAKB,2026-01-05T20:51:00.000Z,2026-01-06T13:27:00.000Z,340,false
V007920,OAKB,SVMI,2026-01-05T11:45:00.000Z,2026-01-06T04:21:00.000Z,360,false
V007921,SVMI,OAKB,2026-01-05T23:30:00.000Z,2026-01-06T16:06:00.000Z,320,false
V007922,OAKB,SVMI,2026-01-05T19:33:00.000Z,2026-01-06T12:09:00.000Z,340,false
V007923,SVMI,OOMS,2026-01-05T05:12:00.000Z,2026-01-05T21:26:00.000Z,340,false
V007924,OOMS,SVMI,2026-01-05T00:47:00.000Z,2026-01-05T17:01:00.000Z,340,false
V007925,SVMI,OOMS,2026-01-05T14:01:00.000Z,2026-01-06T06:15:00.000Z,320,false
V007926,OOMS,SVMI,2026-01-05T03:27:00.000Z,2026-01-05T19:41:00.000Z,360,false
V007927,SVMI,OOMS,2026-01-05T19:58:00.000Z,2026-01-06T12:12:00.000Z,300,false
V007928,OOMS,SVMI,2026-01-05T09:07:00.000Z,2026-01-06T01:21:00.000Z,340,false
V007929,SVMI,OOMS,2026-01-06T02:19:00.000Z,2026-01-06T18:33:00.000Z,340,false
V007930,OOMS,SVMI,2026-01-05T17:02:00.000Z,2026-01-06T09:16:00.000Z,340,false
V007931,SVMI,OYSN,2026-01-05T04:34:00.000Z,2026-01-05T19:26:00.000Z,320,false
V007932,OYSN,SVMI,2026-01-04T21:33:00.000Z,2026-01-05T12:25:00.000Z,300,false
V007933,SVMI,OYSN,2026-01-05T15:01:00.000Z,2026-01-06T05:53:00.000Z,360,false
V007934,OYSN,SVMI,2026-01-05T06:42:00.000Z,2026-01-05T21:34:00.000Z,320,false
V007935,SVMI,OYSN,2026-01-05T18:52:00.000Z,2026-01-06T09:44:00.000Z,320,false
V007936,OYSN,SVMI,2026-01-05T14:16:00.000Z,2026-01-06T05:08:00.000Z,320,false
V007937,SVMI,OYSN,2026-01-06T03:47:00.000Z,2026-01-06T18:39:00.000Z,360,false
V007938,OYSN,SVMI,2026-01-05T19:18:00.000Z,2026-01-06T10:10:00.000Z,300,false
V007939,SVMI,OPKC,2026-01-05T07:38:00.000Z,2026-01-06T00:49:00.000Z,340,false
V007940,OPKC,SVMI,2026-01-04T21:13:00.000Z,2026-01-05T14:24:00.000Z,360,false
V007941,SVMI,OPKC,2026-01-05T15:28:00.000Z,2026-01-06T08:39:00.000Z,360,false
V007942,OPKC,SVMI,2026-01-05T06:32:00.000Z,2026-01-05T23:43:00.000Z,300,false
V007943,SVMI,OPKC,2026-01-05T16:58:00.000Z,2026-01-06T10:09:00.000Z,320,false
V007944,OPKC,SVMI,2026-01-05T07:41:00.000Z,2026-01-06T00:52:00.000Z,360,false
V007945,SVMI,OPKC,2026-01-06T03:23:00.000Z,2026-01-05T20:34:00.000Z,320,false
V007946,OPKC,SVMI,2026-01-05T17:13:00.000Z,2026-01-06T10:24:00.000Z,320,false
V007947,SVMI,UBBB,2026-01-05T06:50:00.000Z,2026-01-05T21:11:00.000Z,360,false
V007948,UBBB,SVMI,2026-01-05T03:41:00.000Z,2026-01-05T18:02:00.000Z,360,false
V007949,SVMI,UBBB,2026-01-05T12:43:00.000Z,2026-01-06T03:04:00.000Z,320,false
V007950,UBBB,SVMI,2026-01-05T09:32:00.000Z,2026-01-05T23:53:00.000Z,320,false
V007951,SVMI,UBBB,2026-01-05T16:36:00.000Z,2026-01-06T06:57:00.000Z,340,false
V007952,UBBB,SVMI,2026-01-05T11:27:00.000Z,2026-01-06T01:48:00.000Z,360,false
V007953,SVMI,UBBB,2026-01-06T01:32:00.000Z,2026-01-06T15:53:00.000Z,300,false
V007954,UBBB,SVMI,2026-01-05T18:29:00.000Z,2026-01-06T08:50:00.000Z,320,false
V007955,SVMI,OJAI,2026-01-05T06:13:00.000Z,2026-01-05T19:23:00.000Z,300,false
V007956,OJAI,SVMI,2026-01-05T03:58:00.000Z,2026-01-05T17:08:00.000Z,340,false
V007957,SVMI,OJAI,2026-01-05T15:46:00.000Z,2026-01-06T04:56:00.000Z,300,false
V007958,OJAI,SVMI,2026-01-05T09:17:00.000Z,2026-01-05T22:27:00.000Z,340,false
V007959,SVMI,OJAI,2026-01-05T21:28:00.000Z,2026-01-06T10:38:00.000Z,320,false
V007960,OJAI,SVMI,2026-01-05T18:44:00.000Z,2026-01-06T07:54:00.000Z,340,false
V007961,SBBR,SPIM,2026-01-05T10:06:00.000Z,2026-01-05T14:11:00.000Z,340,false
V007962,SPIM,SBBR,2026-01-05T05:48:00.000Z,2026-01-05T09:53:00.000Z,300,false
V007963,SBBR,SPIM,2026-01-05T16:38:00.000Z,2026-01-05T20:43:00.000Z,320,false
V007964,SPIM,SBBR,2026-01-05T23:19:00.000Z,2026-01-06T03:24:00.000Z,340,false
V007965,SBBR,SLLP,2026-01-05T03:10:00.000Z,2026-01-05T06:00:00.000Z,360,false
V007966,SLLP,SBBR,2026-01-05T05:33:00.000Z,2026-01-05T08:23:00.000Z,320,false
V007967,SBBR,SLLP,2026-01-05T09:40:00.000Z,2026-01-05T12:30:00.000Z,360,false
V007968,SLLP,SBBR,2026-01-05T15:07:00.000Z,2026-01-05T17:57:00.000Z,300,false
V007969,SBBR,SLLP,2026-01-05T17:47:00.000Z,2026-01-05T20:37:00.000Z,340,false
V007970,SLLP,SBBR,2026-01-05T20:07:00.000Z,2026-01-05T22:57:00.000Z,360,false
V007971,SBBR,SLLP,2026-01-05T21:31:00.000Z,2026-01-06T00:21:00.000Z,320,false
V007972,SLLP,SBBR,2026-01-06T00:13:00.000Z,2026-01-06T03:03:00.000Z,320,false
V007973,SBBR,SCEL,2026-01-05T03:17:00.000Z,2026-01-05T07:08:00.000Z,340,false
V007974,SCEL,SBBR,2026-01-05T13:28:00.000Z,2026-01-05T17:19:00.000Z,320,false
V007975,SBBR,SCEL,2026-01-05T23:02:00.000Z,2026-01-06T02:53:00.000Z,300,false
V007976,SCEL,SBBR,2026-01-05T20:38:00.000Z,2026-01-06T00:29:00.000Z,360,false
V007977,SBBR,SABE,2026-01-05T06:01:00.000Z,2026-01-05T09:00:00.000Z,360,false
V007978,SABE,SBBR,2026-01-05T04:24:00.000Z,2026-01-05T07:23:00.000Z,320,false
V007979,SBBR,SABE,2026-01-05T12:57:00.000Z,2026-01-05T15:56:00.000Z,360,false
V007980,SABE,SBBR,2026-01-05T12:22:00.000Z,2026-01-05T15:21:00.000Z,320,false
V007981,SBBR,SABE,2026-01-05T16:24:00.000Z,2026-01-05T19:23:00.000Z,320,false
V007982,SABE,SBBR,2026-01-05T15:15:00.000Z,2026-01-05T18:14:00.000Z,320,false
V007983,SBBR,SABE,2026-01-06T01:01:00.000Z,2026-01-06T04:00:00.000Z,300,false
V007984,SABE,SBBR,2026-01-05T21:06:00.000Z,2026-01-06T00:05:00.000Z,360,false
V007985,SBBR,SGAS,2026-01-05T05:00:00.000Z,2026-01-05T06:55:00.000Z,320,false
V007986,SGAS,SBBR,2026-01-05T04:51:00.000Z,2026-01-05T06:46:00.000Z,300,false
V007987,SBBR,SGAS,2026-01-05T14:36:00.000Z,2026-01-05T16:31:00.000Z,300,false
V007988,SGAS,SBBR,2026-01-05T11:28:00.000Z,2026-01-05T13:23:00.000Z,360,false
V007989,SBBR,SGAS,2026-01-05T18:19:00.000Z,2026-01-05T20:14:00.000Z,320,false
V007990,SGAS,SBBR,2026-01-05T21:19:00.000Z,2026-01-05T23:14:00.000Z,300,false
V007991,SBBR,SGAS,2026-01-05T22:05:00.000Z,2026-01-06T00:00:00.000Z,360,false
V007992,SGAS,SBBR,2026-01-05T22:40:00.000Z,2026-01-06T00:35:00.000Z,300,false
V007993,SBBR,SUAA,2026-01-05T08:25:00.000Z,2026-01-05T11:18:00.000Z,360,false
V007994,SUAA,SBBR,2026-01-05T06:28:00.000Z,2026-01-05T09:21:00.000Z,300,false
V007995,SBBR,SUAA,2026-01-05T13:12:00.000Z,2026-01-05T16:05:00.000Z,360,false
V007996,SUAA,SBBR,2026-01-05T12:00:00.000Z,2026-01-05T14:53:00.000Z,340,false
V007997,SBBR,SUAA,2026-01-05T16:02:00.000Z,2026-01-05T18:55:00.000Z,320,false
V007998,SUAA,SBBR,2026-01-05T17:36:00.000Z,2026-01-05T20:29:00.000Z,340,false
V007999,SBBR,SUAA,2026-01-05T23:00:00.000Z,2026-01-06T01:53:00.000Z,340,false
V008000,SUAA,SBBR,2026-01-05T21:16:00.000Z,2026-01-06T00:09:00.000Z,320,false
V008001,SBBR,LATI,2026-01-05T05:14:00.000Z,2026-01-05T16:48:00.000Z,300,false
V008002,LATI,SBBR,2026-01-05T03:17:00.000Z,2026-01-05T14:51:00.000Z,360,false
V008003,SBBR,LATI,2026-01-05T11:00:00.000Z,2026-01-05T22:34:00.000Z,340,false
V008004,LATI,SBBR,2026-01-05T09:35:00.000Z,2026-01-05T21:09:00.000Z,320,false
V008005,SBBR,LATI,2026-01-05T23:01:00.000Z,2026-01-06T10:35:00.000Z,300,false
V008006,LATI,SBBR,2026-01-05T14:55:00.000Z,2026-01-06T02:29:00.000Z,320,false
V008007,SBBR,EDDI,2026-01-05T07:16:00.000Z,2026-01-05T19:06:00.000Z,360,false
V008008,EDDI,SBBR,2026-01-05T05:42:00.000Z,2026-01-05T17:32:00.000Z,340,false
V008009,SBBR,EDDI,2026-01-06T00:42:00.000Z,2026-01-06T12:32:00.000Z,340,false
V008010,EDDI,SBBR,2026-01-05T18:08:00.000Z,2026-01-06T05:58:00.000Z,300,false
V008011,SBBR,LOWW,2026-01-05T09:10:00.000Z,2026-01-05T20:56:00.000Z,360,false
V008012,LOWW,SBBR,2026-01-05T04:35:00.000Z,2026-01-05T16:21:00.000Z,320,false
V008013,SBBR,LOWW,2026-01-05T22:23:00.000Z,2026-01-06T10:09:00.000Z,360,false
V008014,LOWW,SBBR,2026-01-05T18:19:00.000Z,2026-01-06T06:05:00.000Z,320,false
V008015,SBBR,EBCI,2026-01-05T04:41:00.000Z,2026-01-05T15:43:00.000Z,320,false
V008016,EBCI,SBBR,2026-01-05T02:53:00.000Z,2026-01-05T13:55:00.000Z,320,false
V008017,SBBR,EBCI,2026-01-05T12:22:00.000Z,2026-01-05T23:24:00.000Z,300,false
V008018,EBCI,SBBR,2026-01-05T07:43:00.000Z,2026-01-05T18:45:00.000Z,340,false
V008019,SBBR,EBCI,2026-01-05T15:04:00.000Z,2026-01-06T02:06:00.000Z,300,false
V008020,EBCI,SBBR,2026-01-05T11:29:00.000Z,2026-01-05T22:31:00.000Z,300,false
V008021,SBBR,EBCI,2026-01-06T02:50:00.000Z,2026-01-06T13:52:00.000Z,340,false
V008022,EBCI,SBBR,2026-01-05T21:47:00.000Z,2026-01-06T08:49:00.000Z,360,false
V008023,SBBR,UMMS,2026-01-05T07:23:00.000Z,2026-01-05T20:25:00.000Z,340,false
V008024,UMMS,SBBR,2026-01-05T01:59:00.000Z,2026-01-05T15:01:00.000Z,300,false
V008025,SBBR,UMMS,2026-01-05T17:51:00.000Z,2026-01-06T06:53:00.000Z,340,false
V008026,UMMS,SBBR,2026-01-05T06:01:00.000Z,2026-01-05T19:03:00.000Z,360,false
V008027,SBBR,UMMS,2026-01-06T00:15:00.000Z,2026-01-06T13:17:00.000Z,340,false
V008028,UMMS,SBBR,2026-01-05T15:59:00.000Z,2026-01-06T05:01:00.000Z,340,false
V008029,SBBR,LBSF,2026-01-05T10:16:00.000Z,2026-01-05T22:16:00.000Z,360,false
V008030,LBSF,SBBR,2026-01-04T22:48:00.000Z,2026-01-05T10:48:00.000Z,360,false
V008031,SBBR,LBSF,2026-01-05T12:30:00.000Z,2026-01-06T00:30:00.000Z,320,false
V008032,LBSF,SBBR,2026-01-05T07:05:00.000Z,2026-01-05T19:05:00.000Z,320,false
V008033,SBBR,LBSF,2026-01-06T02:27:00.000Z,2026-01-06T14:27:00.000Z,360,false
V008034,LBSF,SBBR,2026-01-05T18:14:00.000Z,2026-01-06T06:14:00.000Z,320,false
V008035,SBBR,LKPR,2026-01-05T08:37:00.000Z,2026-01-05T20:23:00.000Z,300,false
V008036,LKPR,SBBR,2026-01-05T02:18:00.000Z,2026-01-05T14:04:00.000Z,300,false
V008037,SBBR,LKPR,2026-01-05T10:28:00.000Z,2026-01-05T22:14:00.000Z,360,false
V008038,LKPR,SBBR,2026-01-05T06:01:00.000Z,2026-01-05T17:47:00.000Z,340,false
V008039,SBBR,LKPR,2026-01-05T17:41:00.000Z,2026-01-06T05:27:00.000Z,300,false
V008040,LKPR,SBBR,2026-01-05T15:37:00.000Z,2026-01-06T03:23:00.000Z,360,false
V008041,SBBR,LKPR,2026-01-06T02:21:00.000Z,2026-01-06T14:07:00.000Z,320,false
V008042,LKPR,SBBR,2026-01-05T17:41:00.000Z,2026-01-06T05:27:00.000Z,320,false
V008043,SBBR,LDZA,2026-01-05T05:15:00.000Z,2026-01-05T16:49:00.000Z,300,false
V008044,LDZA,SBBR,2026-01-05T03:22:00.000Z,2026-01-05T14:56:00.000Z,360,false
V008045,SBBR,LDZA,2026-01-05T18:15:00.000Z,2026-01-06T05:49:00.000Z,360,false
V008046,LDZA,SBBR,2026-01-05T07:38:00.000Z,2026-01-05T19:12:00.000Z,340,false
V008047,SBBR,LDZA,2026-01-05T19:54:00.000Z,2026-01-06T07:28:00.000Z,320,false
V008048,LDZA,SBBR,2026-01-05T20:07:00.000Z,2026-01-06T07:41:00.000Z,340,false
V008049,SBBR,EKCH,2026-01-05T05:19:00.000Z,2026-01-05T17:19:00.000Z,360,false
V008050,EKCH,SBBR,2026-01-05T00:04:00.000Z,2026-01-05T12:04:00.000Z,320,false
V008051,SBBR,EKCH,2026-01-05T17:04:00.000Z,2026-01-06T05:04:00.000Z,320,false
V008052,EKCH,SBBR,2026-01-05T11:50:00.000Z,2026-01-05T23:50:00.000Z,360,false
V008053,SBBR,EKCH,2026-01-05T21:30:00.000Z,2026-01-06T09:30:00.000Z,320,false
V008054,EKCH,SBBR,2026-01-05T20:07:00.000Z,2026-01-06T08:07:00.000Z,320,false
V008055,SBBR,EHAM,2026-01-05T05:29:00.000Z,2026-01-05T16:42:00.000Z,360,false
V008056,EHAM,SBBR,2026-01-05T00:03:00.000Z,2026-01-05T11:16:00.000Z,320,false
V008057,SBBR,EHAM,2026-01-05T16:30:00.000Z,2026-01-06T03:43:00.000Z,320,false
V008058,EHAM,SBBR,2026-01-05T14:48:00.000Z,2026-01-06T02:01:00.000Z,340,false
V008059,SBBR,VIDP,2026-01-05T07:33:00.000Z,2026-01-06T01:17:00.000Z,320,false
V008060,VIDP,SBBR,2026-01-05T02:14:00.000Z,2026-01-05T19:58:00.000Z,300,false
V008061,SBBR,VIDP,2026-01-05T17:24:00.000Z,2026-01-06T11:08:00.000Z,360,false
V008062,VIDP,SBBR,2026-01-05T06:02:00.000Z,2026-01-05T23:46:00.000Z,320,false
V008063,SBBR,VIDP,2026-01-05T19:24:00.000Z,2026-01-06T13:08:00.000Z,360,false
V008064,VIDP,SBBR,2026-01-05T14:39:00.000Z,2026-01-06T08:23:00.000Z,360,false
V008065,SBBR,OSDI,2026-01-05T08:58:00.000Z,2026-01-05T21:53:00.000Z,360,false
V008066,OSDI,SBBR,2026-01-04T22:28:00.000Z,2026-01-05T11:23:00.000Z,320,false
V008067,SBBR,OSDI,2026-01-05T12:51:00.000Z,2026-01-06T01:46:00.000Z,300,false
V008068,OSDI,SBBR,2026-01-05T09:55:00.000Z,2026-01-05T22:50:00.000Z,320,false
V008069,SBBR,OSDI,2026-01-05T20:12:00.000Z,2026-01-06T09:07:00.000Z,360,false
V008070,OSDI,SBBR,2026-01-05T13:20:00.000Z,2026-01-06T02:15:00.000Z,360,false
V008071,SBBR,OAKB,2026-01-05T08:02:00.000Z,2026-01-06T00:47:00.000Z,320,false
V008072,OAKB,SBBR,2026-01-04T23:42:00.000Z,2026-01-05T16:27:00.000Z,360,false
V008073,SBBR,OAKB,2026-01-05T13:51:00.000Z,2026-01-06T06:36:00.000Z,300,false
V008074,OAKB,SBBR,2026-01-05T09:53:00.000Z,2026-01-06T02:38:00.000Z,300,false
V008075,SBBR,OAKB,2026-01-05T21:22:00.000Z,2026-01-06T14:07:00.000Z,340,false
V008076,OAKB,SBBR,2026-01-05T19:26:00.000Z,2026-01-06T12:11:00.000Z,320,false
V008077,SBBR,OOMS,2026-01-05T07:09:00.000Z,2026-01-05T22:26:00.000Z,360,false
V008078,OOMS,SBBR,2026-01-05T01:14:00.000Z,2026-01-05T16:31:00.000Z,340,false
V008079,SBBR,OOMS,2026-01-05T14:06:00.000Z,2026-01-06T05:23:00.000Z,300,false
V008080,OOMS,SBBR,2026-01-05T06:38:00.000Z,2026-01-05T21:55:00.000Z,360,false
V008081,SBBR,OOMS,2026-01-05T18:47:00.000Z,2026-01-06T10:04:00.000Z,320,false
V008082,OOMS,SBBR,2026-01-05T09:47:00.000Z,2026-01-06T01:04:00.000Z,340,false
V008083,SBBR,OOMS,2026-01-05T22:07:00.000Z,2026-01-06T13:24:00.000Z,360,false
V008084,OOMS,SBBR,2026-01-05T18:37:00.000Z,2026-01-06T09:54:00.000Z,360,false
V008085,SBBR,OYSN,2026-01-05T06:48:00.000Z,2026-01-05T20:03:00.000Z,300,false
V008086,OYSN,SBBR,2026-01-05T00:10:00.000Z,2026-01-05T13:25:00.000Z,340,false
V008087,SBBR,OYSN,2026-01-05T18:56:00.000Z,2026-01-06T08:11:00.000Z,340,false
V008088,OYSN,SBBR,2026-01-05T10:11:00.000Z,2026-01-05T23:26:00.000Z,360,false
V008089,SBBR,OYSN,2026-01-06T02:56:00.000Z,2026-01-06T16:11:00.000Z,300,false
V008090,OYSN,SBBR,2026-01-05T16:55:00.000Z,2026-01-06T06:10:00.000Z,360,false
V008091,SBBR,OPKC,2026-01-05T07:15:00.000Z,2026-01-05T23:42:00.000Z,300,false
V008092,OPKC,SBBR,2026-01-05T05:19:00.000Z,2026-01-05T21:46:00.000Z,360,false
V008093,SBBR,UBBB,2026-01-05T08:35:00.000Z,2026-01-05T23:15:00.000Z,300,false
V008094,UBBB,SBBR,2026-01-04T22:49:00.000Z,2026-01-05T13:29:00.000Z,340,false
V008095,SBBR,UBBB,2026-01-05T09:45:00.000Z,2026-01-06T00:25:00.000Z,320,false
V008096,UBBB,SBBR,2026-01-05T05:13:00.000Z,2026-01-05T19:53:00.000Z,340,false
V008097,SBBR,UBBB,2026-01-05T20:10:00.000Z,2026-01-06T10:50:00.000Z,360,false
V008098,UBBB,SBBR,2026-01-05T11:42:00.000Z,2026-01-06T02:22:00.000Z,360,false
V008099,SBBR,UBBB,2026-01-05T21:38:00.000Z,2026-01-06T12:18:00.000Z,360,false
V008100,UBBB,SBBR,2026-01-05T21:38:00.000Z,2026-01-06T12:18:00.000Z,300,false
V008101,SBBR,OJAI,2026-01-05T08:42:00.000Z,2026-01-05T21:26:00.000Z,340,false
V008102,OJAI,SBBR,2026-01-04T22:30:00.000Z,2026-01-05T11:14:00.000Z,300,false
V008103,SBBR,OJAI,2026-01-05T09:35:00.000Z,2026-01-05T22:19:00.000Z,320,false
V008104,OJAI,SBBR,2026-01-05T06:08:00.000Z,2026-01-05T18:52:00.000Z,340,false
V008105,SBBR,OJAI,2026-01-05T15:59:00.000Z,2026-01-06T04:43:00.000Z,340,false
V008106,OJAI,SBBR,2026-01-05T13:18:00.000Z,2026-01-06T02:02:00.000Z,320,false
V008107,SBBR,OJAI,2026-01-05T22:47:00.000Z,2026-01-06T11:31:00.000Z,300,false
V008108,OJAI,SBBR,2026-01-05T20:25:00.000Z,2026-01-06T09:09:00.000Z,320,false
V008109,SPIM,SLLP,2026-01-05T05:21:00.000Z,2026-01-05T06:41:00.000Z,300,false
V008110,SLLP,SPIM,2026-01-05T09:33:00.000Z,2026-01-05T10:53:00.000Z,340,false
V008111,SPIM,SLLP,2026-01-05T14:22:00.000Z,2026-01-05T15:42:00.000Z,320,false
V008112,SLLP,SPIM,2026-01-05T15:54:00.000Z,2026-01-05T17:14:00.000Z,300,false
V008113,SPIM,SLLP,2026-01-05T21:09:00.000Z,2026-01-05T22:29:00.000Z,300,false
V008114,SLLP,SPIM,2026-01-05T20:24:00.000Z,2026-01-05T21:44:00.000Z,320,false
V008115,SPIM,SLLP,2026-01-05T23:05:00.000Z,2026-01-06T00:25:00.000Z,320,false
V008116,SLLP,SPIM,2026-01-06T03:52:00.000Z,2026-01-06T05:12:00.000Z,340,false
V008117,SPIM,SCEL,2026-01-05T08:11:00.000Z,2026-01-05T11:15:00.000Z,340,false
V008118,SCEL,SPIM,2026-01-05T08:58:00.000Z,2026-01-05T12:02:00.000Z,360,false
V008119,SPIM,SCEL,2026-01-05T13:59:00.000Z,2026-01-05T17:03:00.000Z,340,false
V008120,SCEL,SPIM,2026-01-05T16:23:00.000Z,2026-01-05T19:27:00.000Z,300,false
V008121,SPIM,SCEL,2026-01-06T00:34:00.000Z,2026-01-06T03:38:00.000Z,300,false
V008122,SCEL,SPIM,2026-01-05T21:42:00.000Z,2026-01-06T00:46:00.000Z,360,false
V008123,SPIM,SABE,2026-01-05T10:20:00.000Z,2026-01-05T14:14:00.000Z,300,false
V008124,SABE,SPIM,2026-01-05T06:16:00.000Z,2026-01-05T10:10:00.000Z,340,false
V008125,SPIM,SABE,2026-01-05T11:35:00.000Z,2026-01-05T15:29:00.000Z,360,false
V008126,SABE,SPIM,2026-01-05T13:38:00.000Z,2026-01-05T17:32:00.000Z,360,false
V008127,SPIM,SABE,2026-01-05T20:03:00.000Z,2026-01-05T23:57:00.000Z,340,false
V008128,SABE,SPIM,2026-01-05T15:02:00.000Z,2026-01-05T18:56:00.000Z,300,false
V008129,SPIM,SABE,2026-01-05T23:02:00.000Z,2026-01-06T02:56:00.000Z,340,false
V008130,SABE,SPIM,2026-01-06T00:41:00.000Z,2026-01-06T04:35:00.000Z,300,false
V008131,SPIM,SGAS,2026-01-05T06:32:00.000Z,2026-01-05T09:44:00.000Z,320,false
V008132,SGAS,SPIM,2026-01-05T10:47:00.000Z,2026-01-05T13:59:00.000Z,320,false
V008133,SPIM,SGAS,2026-01-06T02:32:00.000Z,2026-01-06T05:44:00.000Z,360,false
V008134,SGAS,SPIM,2026-01-06T03:01:00.000Z,2026-01-06T06:13:00.000Z,340,false
V008135,SPIM,SUAA,2026-01-05T12:09:00.000Z,2026-01-05T16:13:00.000Z,300,false
V008136,SUAA,SPIM,2026-01-05T03:30:00.000Z,2026-01-05T07:34:00.000Z,300,false
V008137,SPIM,SUAA,2026-01-05T20:55:00.000Z,2026-01-06T00:59:00.000Z,340,false
V008138,SUAA,SPIM,2026-01-05T15:41:00.000Z,2026-01-05T19:45:00.000Z,340,false
V008139,SPIM,SUAA,2026-01-05T22:51:00.000Z,2026-01-06T02:55:00.000Z,360,false
V008140,SUAA,SPIM,2026-01-05T23:39:00.000Z,2026-01-06T03:43:00.000Z,300,false
V008141,SPIM,LATI,2026-01-05T10:13:00.000Z,2026-01-06T00:32:00.000Z,320,false
V008142,LATI,SPIM,2026-01-05T04:54:00.000Z,2026-01-05T19:13:00.000Z,340,false
V008143,SPIM,LATI,2026-01-05T16:01:00.000Z,2026-01-06T06:20:00.000Z,360,false
V008144,LATI,SPIM,2026-01-05T08:42:00.000Z,2026-01-05T23:01:00.000Z,320,false
V008145,SPIM,LATI,2026-01-06T04:03:00.000Z,2026-01-06T18:22:00.000Z,300,false
V008146,LATI,SPIM,2026-01-05T16:37:00.000Z,2026-01-06T06:56:00.000Z,360,false
V008147,SPIM,EDDI,2026-01-05T10:21:00.000Z,2026-01-06T00:15:00.000Z,340,false
V008148,EDDI,SPIM,2026-01-05T01:05:00.000Z,2026-01-05T14:59:00.000Z,360,false
V008149,SPIM,EDDI,2026-01-05T16:41:00.000Z,2026-01-06T06:35:00.000Z,320,false
V008150,EDDI,SPIM,2026-01-05T08:49:00.000Z,2026-01-05T22:43:00.000Z,360,false
V008151,SPIM,EDDI,2026-01-05T17:58:00.000Z,2026-01-06T07:52:00.000Z,320,false
V008152,EDDI,SPIM,2026-01-05T13:55:00.000Z,2026-01-06T03:49:00.000Z,360,false
V008153,SPIM,EDDI,2026-01-06T00:27:00.000Z,2026-01-06T14:21:00.000Z,360,false
V008154,EDDI,SPIM,2026-01-05T19:24:00.000Z,2026-01-06T09:18:00.000Z,340,false
V008155,SPIM,LOWW,2026-01-05T07:01:00.000Z,2026-01-05T21:07:00.000Z,300,false
V008156,LOWW,SPIM,2026-01-05T20:25:00.000Z,2026-01-06T10:31:00.000Z,300,false
V008157,SPIM,EBCI,2026-01-05T05:58:00.000Z,2026-01-05T19:02:00.000Z,360,false
V008158,EBCI,SPIM,2026-01-05T02:38:00.000Z,2026-01-05T15:42:00.000Z,320,false
V008159,SPIM,EBCI,2026-01-05T13:07:00.000Z,2026-01-06T02:11:00.000Z,320,false
V008160,EBCI,SPIM,2026-01-05T05:36:00.000Z,2026-01-05T18:40:00.000Z,340,false
V008161,SPIM,EBCI,2026-01-05T19:50:00.000Z,2026-01-06T08:54:00.000Z,360,false
V008162,EBCI,SPIM,2026-01-05T10:56:00.000Z,2026-01-06T00:00:00.000Z,320,false
V008163,SPIM,EBCI,2026-01-06T02:20:00.000Z,2026-01-06T15:24:00.000Z,320,false
V008164,EBCI,SPIM,2026-01-05T20:18:00.000Z,2026-01-06T09:22:00.000Z,360,false
V008165,SPIM,UMMS,2026-01-05T05:01:00.000Z,2026-01-05T20:12:00.000Z,320,false
V008166,UMMS,SPIM,2026-01-05T01:39:00.000Z,2026-01-05T16:50:00.000Z,300,false
V008167,SPIM,UMMS,2026-01-05T14:12:00.000Z,2026-01-06T05:23:00.000Z,320,false
V008168,UMMS,SPIM,2026-01-05T08:33:00.000Z,2026-01-05T23:44:00.000Z,360,false
V008169,SPIM,UMMS,2026-01-05T17:11:00.000Z,2026-01-06T08:22:00.000Z,360,false
V008170,UMMS,SPIM,2026-01-05T11:08:00.000Z,2026-01-06T02:19:00.000Z,340,false
V008171,SPIM,UMMS,2026-01-06T04:08:00.000Z,2026-01-06T19:19:00.000Z,320,false
V008172,UMMS,SPIM,2026-01-05T18:07:00.000Z,2026-01-06T09:18:00.000Z,360,false
V008173,SPIM,LBSF,2026-01-05T10:38:00.000Z,2026-01-06T01:22:00.000Z,360,false
V008174,LBSF,SPIM,2026-01-05T00:56:00.000Z,2026-01-05T15:40:00.000Z,360,false
V008175,SPIM,LBSF,2026-01-05T14:51:00.000Z,2026-01-06T05:35:00.000Z,340,false
V008176,LBSF,SPIM,2026-01-05T07:01:00.000Z,2026-01-05T21:45:00.000Z,320,false
V008177,SPIM,LBSF,2026-01-05T20:16:00.000Z,2026-01-06T11:00:00.000Z,340,false
V008178,LBSF,SPIM,2026-01-05T14:24:00.000Z,2026-01-06T05:08:00.000Z,320,false
V008179,SPIM,LBSF,2026-01-06T01:23:00.000Z,2026-01-06T16:07:00.000Z,360,false
V008180,LBSF,SPIM,2026-01-05T15:12:00.000Z,2026-01-06T05:56:00.000Z,300,false
V008181,SPIM,LKPR,2026-01-05T09:31:00.000Z,2026-01-05T23:28:00.000Z,360,false
V008182,LKPR,SPIM,2026-01-05T00:10:00.000Z,2026-01-05T14:07:00.000Z,360,false
V008183,SPIM,LKPR,2026-01-05T13:39:00.000Z,2026-01-06T03:36:00.000Z,340,false
V008184,LKPR,SPIM,2026-01-05T08:55:00.000Z,2026-01-05T22:52:00.000Z,340,false
V008185,SPIM,LKPR,2026-01-05T20:18:00.000Z,2026-01-06T10:15:00.000Z,360,false
V008186,LKPR,SPIM,2026-01-05T15:09:00.000Z,2026-01-06T05:06:00.000Z,300,false
V008187,SPIM,LKPR,2026-01-06T01:04:00.000Z,2026-01-06T15:01:00.000Z,320,false
V008188,LKPR,SPIM,2026-01-05T21:26:00.000Z,2026-01-06T11:23:00.000Z,360,false
V008189,SPIM,LDZA,2026-01-05T05:00:00.000Z,2026-01-05T19:04:00.000Z,360,false
V008190,LDZA,SPIM,2026-01-04T22:36:00.000Z,2026-01-05T12:40:00.000Z,320,false
V008191,SPIM,LDZA,2026-01-05T15:11:00.000Z,2026-01-06T05:15:00.000Z,360,false
V008192,LDZA,SPIM,2026-01-05T05:27:00.000Z,2026-01-05T19:31:00.000Z,320,false
V008193,SPIM,LDZA,2026-01-05T19:50:00.000Z,2026-01-06T09:54:00.000Z,320,false
V008194,LDZA,SPIM,2026-01-05T12:15:00.000Z,2026-01-06T02:19:00.000Z,300,false
V008195,SPIM,LDZA,2026-01-06T01:37:00.000Z,2026-01-06T15:41:00.000Z,320,false
V008196,LDZA,SPIM,2026-01-05T20:24:00.000Z,2026-01-06T10:28:00.000Z,300,false
V008197,SPIM,EKCH,2026-01-05T10:28:00.000Z,2026-01-06T00:21:00.000Z,340,false
V008198,EKCH,SPIM,2026-01-05T04:09:00.000Z,2026-01-05T18:02:00.000Z,360,false
V008199,SPIM,EKCH,2026-01-05T18:25:00.000Z,2026-01-06T08:18:00.000Z,340,false
V008200,EKCH,SPIM,2026-01-05T10:05:00.000Z,2026-01-05T23:58:00.000Z,320,false
V008201,SPIM,EKCH,2026-01-06T04:00:00.000Z,2026-01-06T17:53:00.000Z,340,false
V008202,EKCH,SPIM,2026-01-05T21:53:00.000Z,2026-01-06T11:46:00.000Z,360,false
V008203,SPIM,EHAM,2026-01-05T09:14:00.000Z,2026-01-05T22:23:00.000Z,340,false
V008204,EHAM,SPIM,2026-01-04T23:37:00.000Z,2026-01-05T12:46:00.000Z,340,false
V008205,SPIM,EHAM,2026-01-05T11:16:00.000Z,2026-01-06T00:25:00.000Z,360,false
V008206,EHAM,SPIM,2026-01-05T07:40:00.000Z,2026-01-05T20:49:00.000Z,320,false
V008207,SPIM,EHAM,2026-01-05T19:25:00.000Z,2026-01-06T08:34:00.000Z,300,false
V008208,EHAM,SPIM,2026-01-05T14:13:00.000Z,2026-01-06T03:22:00.000Z,320,false
V008209,SPIM,EHAM,2026-01-05T23:05:00.000Z,2026-01-06T12:14:00.000Z,300,false
V008210,EHAM,SPIM,2026-01-05T20:37:00.000Z,2026-01-06T09:46:00.000Z,360,false
V008211,SPIM,VIDP,2026-01-05T07:23:00.000Z,2026-01-06T04:29:00.000Z,360,false
V008212,VIDP,SPIM,2026-01-05T02:55:00.000Z,2026-01-06T00:01:00.000Z,340,false
V008213,SPIM,VIDP,2026-01-05T18:05:00.000Z,2026-01-06T15:11:00.000Z,320,false
V008214,VIDP,SPIM,2026-01-05T05:39:00.000Z,2026-01-06T02:45:00.000Z,300,false
V008215,SPIM,VIDP,2026-01-06T00:22:00.000Z,2026-01-05T21:28:00.000Z,300,false
V008216,VIDP,SPIM,2026-01-05T11:33:00.000Z,2026-01-06T08:39:00.000Z,340,false
V008217,SPIM,OSDI,2026-01-05T07:28:00.000Z,2026-01-05T23:39:00.000Z,320,false
V008218,OSDI,SPIM,2026-01-05T00:57:00.000Z,2026-01-05T17:08:00.000Z,340,false
V008219,SPIM,OSDI,2026-01-05T14:18:00.000Z,2026-01-06T06:29:00.000Z,300,false
V008220,OSDI,SPIM,2026-01-05T07:09:00.000Z,2026-01-05T23:20:00.000Z,340,false
V008221,SPIM,OSDI,2026-01-05T22:18:00.000Z,2026-01-06T14:29:00.000Z,360,false
V008222,OSDI,SPIM,2026-01-05T10:46:00.000Z,2026-01-06T02:57:00.000Z,320,false
V008223,SPIM,OSDI,2026-01-06T04:04:00.000Z,2026-01-06T20:15:00.000Z,320,false
V008224,OSDI,SPIM,2026-01-05T16:40:00.000Z,2026-01-06T08:51:00.000Z,340,false
V008225,SPIM,OAKB,2026-01-05T10:01:00.000Z,2026-01-06T05:53:00.000Z,360,false
V008226,OAKB,SPIM,2026-01-04T23:28:00.000Z,2026-01-05T19:20:00.000Z,340,false
V008227,SPIM,OAKB,2026-01-05T11:04:00.000Z,2026-01-06T06:56:00.000Z,320,false
V008228,OAKB,SPIM,2026-01-05T06:13:00.000Z,2026-01-06T02:05:00.000Z,340,false
V008229,SPIM,OAKB,2026-01-05T19:22:00.000Z,2026-01-06T15:14:00.000Z,320,false
V008230,OAKB,SPIM,2026-01-05T09:44:00.000Z,2026-01-06T05:36:00.000Z,340,false
V008231,SPIM,OAKB,2026-01-06T04:25:00.000Z,2026-01-06T00:17:00.000Z,320,false
V008232,OAKB,SPIM,2026-01-05T14:44:00.000Z,2026-01-06T10:36:00.000Z,320,false
V008233,SPIM,OOMS,2026-01-05T14:07:00.000Z,2026-01-06T09:07:00.000Z,300,false
V008234,OOMS,SPIM,2026-01-05T07:57:00.000Z,2026-01-06T02:57:00.000Z,300,false
V008235,SPIM,OOMS,2026-01-05T23:54:00.000Z,2026-01-06T18:54:00.000Z,320,false
V008236,OOMS,SPIM,2026-01-05T15:21:00.000Z,2026-01-06T10:21:00.000Z,340,false
V008237,SPIM,OYSN,2026-01-05T09:58:00.000Z,2026-01-06T03:08:00.000Z,320,false
V008238,OYSN,SPIM,2026-01-04T21:38:00.000Z,2026-01-05T14:48:00.000Z,300,false
V008239,SPIM,OYSN,2026-01-05T12:16:00.000Z,2026-01-06T05:26:00.000Z,300,false
V008240,OYSN,SPIM,2026-01-05T05:29:00.000Z,2026-01-05T22:39:00.000Z,360,false
V008241,SPIM,OYSN,2026-01-05T18:28:00.000Z,2026-01-06T11:38:00.000Z,340,false
V008242,OYSN,SPIM,2026-01-05T09:42:00.000Z,2026-01-06T02:52:00.000Z,300,false
V008243,SPIM,OYSN,2026-01-06T00:38:00.000Z,2026-01-06T17:48:00.000Z,360,false
V008244,OYSN,SPIM,2026-01-05T19:44:00.000Z,2026-01-06T12:54:00.000Z,300,false
V008245,SPIM,OPKC,2026-01-05T05:58:00.000Z,2026-01-06T02:05:00.000Z,360,false
V008246,OPKC,SPIM,2026-01-05T01:47:00.000Z,2026-01-05T21:54:00.000Z,340,false
V008247,SPIM,UBBB,2026-01-05T08:34:00.000Z,2026-01-06T02:09:00.000Z,340,false
V008248,UBBB,SPIM,2026-01-05T02:01:00.000Z,2026-01-05T19:36:00.000Z,340,false
V008249,SPIM,UBBB,2026-01-05T15:01:00.000Z,2026-01-06T08:36:00.000Z,300,false
V008250,UBBB,SPIM,2026-01-05T06:26:00.000Z,2026-01-06T00:01:00.000Z,320,false
V008251,SPIM,UBBB,2026-01-05T22:08:00.000Z,2026-01-06T15:43:00.000Z,340,false
V008252,UBBB,SPIM,2026-01-05T15:53:00.000Z,2026-01-06T09:28:00.000Z,300,false
V008253,SPIM,OJAI,2026-01-05T07:02:00.000Z,2026-01-05T23:06:00.000Z,300,false
V008254,OJAI,SPIM,2026-01-05T01:21:00.000Z,2026-01-05T17:25:00.000Z,360,false
V008255,SPIM,OJAI,2026-01-05T13:47:00.000Z,2026-01-06T05:51:00.000Z,360,false
V008256,OJAI,SPIM,2026-01-05T08:43:00.000Z,2026-01-06T00:47:00.000Z,340,false
V008257,SPIM,OJAI,2026-01-05T20:56:00.000Z,2026-01-06T13:00:00.000Z,360,false
V008258,OJAI,SPIM,2026-01-05T10:52:00.000Z,2026-01-06T02:56:00.000Z,360,false
V008259,SPIM,OJAI,2026-01-06T02:18:00.000Z,2026-01-06T18:22:00.000Z,360,false
V008260,OJAI,SPIM,2026-01-05T17:24:00.000Z,2026-01-06T09:28:00.000Z,360,false
V008261,SLLP,SCEL,2026-01-05T05:01:00.000Z,2026-01-05T07:24:00.000Z,320,false
V008262,SCEL,SLLP,2026-01-05T08:58:00.000Z,2026-01-05T11:21:00.000Z,340,false
V008263,SLLP,SCEL,2026-01-05T13:52:00.000Z,2026-01-05T16:15:00.000Z,320,false
V008264,SCEL,SLLP,2026-01-05T14:00:00.000Z,2026-01-05T16:23:00.000Z,300,false
V008265,SLLP,SCEL,2026-01-05T20:36:00.000Z,2026-01-05T22:59:00.000Z,340,false
V008266,SCEL,SLLP,2026-01-05T16:53:00.000Z,2026-01-05T19:16:00.000Z,360,false
V008267,SLLP,SCEL,2026-01-06T03:48:00.000Z,2026-01-06T06:11:00.000Z,320,false
V008268,SCEL,SLLP,2026-01-06T01:21:00.000Z,2026-01-06T03:44:00.000Z,360,false
V008269,SLLP,SABE,2026-01-05T07:52:00.000Z,2026-01-05T10:40:00.000Z,300,false
V008270,SABE,SLLP,2026-01-05T06:13:00.000Z,2026-01-05T09:01:00.000Z,340,false
V008271,SLLP,SABE,2026-01-05T19:32:00.000Z,2026-01-05T22:20:00.000Z,320,false
V008272,SABE,SLLP,2026-01-05T18:54:00.000Z,2026-01-05T21:42:00.000Z,300,false
V008273,SLLP,SABE,2026-01-06T03:42:00.000Z,2026-01-06T06:30:00.000Z,340,false
V008274,SABE,SLLP,2026-01-05T20:47:00.000Z,2026-01-05T23:35:00.000Z,300,false
V008275,SLLP,SGAS,2026-01-05T09:14:00.000Z,2026-01-05T11:08:00.000Z,360,false
V008276,SGAS,SLLP,2026-01-05T05:54:00.000Z,2026-01-05T07:48:00.000Z,320,false
V008277,SLLP,SGAS,2026-01-05T13:46:00.000Z,2026-01-05T15:40:00.000Z,300,false
V008278,SGAS,SLLP,2026-01-05T11:56:00.000Z,2026-01-05T13:50:00.000Z,340,false
V008279,SLLP,SGAS,2026-01-05T21:26:00.000Z,2026-01-05T23:20:00.000Z,300,false
V008280,SGAS,SLLP,2026-01-05T18:23:00.000Z,2026-01-05T20:17:00.000Z,320,false
V008281,SLLP,SGAS,2026-01-06T01:31:00.000Z,2026-01-06T03:25:00.000Z,360,false
V008282,SGAS,SLLP,2026-01-06T03:06:00.000Z,2026-01-06T05:00:00.000Z,320,false
V008283,SLLP,SUAA,2026-01-05T09:25:00.000Z,2026-01-05T12:21:00.000Z,300,false
V008284,SUAA,SLLP,2026-01-05T07:08:00.000Z,2026-01-05T10:04:00.000Z,340,false
V008285,SLLP,SUAA,2026-01-05T14:13:00.000Z,2026-01-05T17:09:00.000Z,360,false
V008286,SUAA,SLLP,2026-01-05T11:39:00.000Z,2026-01-05T14:35:00.000Z,340,false
V008287,SLLP,SUAA,2026-01-05T23:36:00.000Z,2026-01-06T02:32:00.000Z,300,false
V008288,SUAA,SLLP,2026-01-05T21:14:00.000Z,2026-01-06T00:10:00.000Z,320,false
V008289,SLLP,LATI,2026-01-05T09:36:00.000Z,2026-01-05T23:20:00.000Z,360,false
V008290,LATI,SLLP,2026-01-05T00:42:00.000Z,2026-01-05T14:26:00.000Z,360,false
V008291,SLLP,EDDI,2026-01-05T09:53:00.000Z,2026-01-05T23:28:00.000Z,360,false
V008292,EDDI,SLLP,2026-01-05T02:57:00.000Z,2026-01-05T16:32:00.000Z,300,false
V008293,SLLP,EDDI,2026-01-05T10:06:00.000Z,2026-01-05T23:41:00.000Z,300,false
V008294,EDDI,SLLP,2026-01-05T09:14:00.000Z,2026-01-05T22:49:00.000Z,360,false
V008295,SLLP,EDDI,2026-01-05T18:24:00.000Z,2026-01-06T07:59:00.000Z,320,false
V008296,EDDI,SLLP,2026-01-05T12:26:00.000Z,2026-01-06T02:01:00.000Z,300,false
V008297,SLLP,EDDI,2026-01-06T01:40:00.000Z,2026-01-06T15:15:00.000Z,360,false
V008298,EDDI,SLLP,2026-01-05T18:40:00.000Z,2026-01-06T08:15:00.000Z,300,false
V008299,SLLP,LOWW,2026-01-05T09:57:00.000Z,2026-01-05T23:38:00.000Z,320,false
V008300,LOWW,SLLP,2026-01-05T01:01:00.000Z,2026-01-05T14:42:00.000Z,300,false
V008301,SLLP,LOWW,2026-01-05T14:24:00.000Z,2026-01-06T04:05:00.000Z,300,false
V008302,LOWW,SLLP,2026-01-05T09:03:00.000Z,2026-01-05T22:44:00.000Z,340,false
V008303,SLLP,LOWW,2026-01-05T18:28:00.000Z,2026-01-06T08:09:00.000Z,360,false
V008304,LOWW,SLLP,2026-01-05T11:50:00.000Z,2026-01-06T01:31:00.000Z,300,false
V008305,SLLP,LOWW,2026-01-05T22:26:00.000Z,2026-01-06T12:07:00.000Z,340,false
V008306,LOWW,SLLP,2026-01-05T17:01:00.000Z,2026-01-06T06:42:00.000Z,360,false
V008307,SLLP,EBCI,2026-01-05T09:52:00.000Z,2026-01-05T22:37:00.000Z,360,false
V008308,EBCI,SLLP,2026-01-05T01:41:00.000Z,2026-01-05T14:26:00.000Z,320,false
V008309,SLLP,EBCI,2026-01-05T10:58:00.000Z,2026-01-05T23:43:00.000Z,300,false
V008310,EBCI,SLLP,2026-01-05T09:11:00.000Z,2026-01-05T21:56:00.000Z,360,false
V008311,SLLP,EBCI,2026-01-05T19:37:00.000Z,2026-01-06T08:22:00.000Z,320,false
V008312,EBCI,SLLP,2026-01-05T10:35:00.000Z,2026-01-05T23:20:00.000Z,300,false
V008313,SLLP,EBCI,2026-01-06T01:08:00.000Z,2026-01-06T13:53:00.000Z,320,false
V008314,EBCI,SLLP,2026-01-05T17:09:00.000Z,2026-01-06T05:54:00.000Z,320,false
V008315,SLLP,UMMS,2026-01-05T05:36:00.000Z,2026-01-05T20:28:00.000Z,320,false
V008316,UMMS,SLLP,2026-01-05T08:47:00.000Z,2026-01-05T23:39:00.000Z,340,false
V008317,SLLP,LBSF,2026-01-05T09:01:00.000Z,2026-01-05T23:11:00.000Z,340,false
V008318,LBSF,SLLP,2026-01-05T04:30:00.000Z,2026-01-05T18:40:00.000Z,360,false
V008319,SLLP,LBSF,2026-01-05T15:57:00.000Z,2026-01-06T06:07:00.000Z,340,false
V008320,LBSF,SLLP,2026-01-05T10:04:00.000Z,2026-01-06T00:14:00.000Z,360,false
V008321,SLLP,LBSF,2026-01-06T03:15:00.000Z,2026-01-06T17:25:00.000Z,320,false
V008322,LBSF,SLLP,2026-01-05T13:11:00.000Z,2026-01-06T03:21:00.000Z,320,false
V008323,SLLP,LKPR,2026-01-05T05:00:00.000Z,2026-01-05T18:35:00.000Z,360,false
V008324,LKPR,SLLP,2026-01-04T22:30:00.000Z,2026-01-05T12:05:00.000Z,300,false
V008325,SLLP,LKPR,2026-01-05T12:57:00.000Z,2026-01-06T02:32:00.000Z,300,false
V008326,LKPR,SLLP,2026-01-05T04:26:00.000Z,2026-01-05T18:01:00.000Z,320,false
V008327,SLLP,LKPR,2026-01-05T21:44:00.000Z,2026-01-06T11:19:00.000Z,340,false
V008328,LKPR,SLLP,2026-01-05T10:30:00.000Z,2026-01-06T00:05:00.000Z,360,false
V008329,SLLP,LKPR,2026-01-05T23:47:00.000Z,2026-01-06T13:22:00.000Z,360,false
V008330,LKPR,SLLP,2026-01-05T21:39:00.000Z,2026-01-06T11:14:00.000Z,300,false
V008331,SLLP,LDZA,2026-01-05T16:53:00.000Z,2026-01-06T06:28:00.000Z,320,false
V008332,LDZA,SLLP,2026-01-05T08:10:00.000Z,2026-01-05T21:45:00.000Z,340,false
V008333,SLLP,EKCH,2026-01-05T08:32:00.000Z,2026-01-05T22:10:00.000Z,340,false
V008334,EKCH,SLLP,2026-01-04T22:54:00.000Z,2026-01-05T12:32:00.000Z,320,false
V008335,SLLP,EKCH,2026-01-05T12:29:00.000Z,2026-01-06T02:07:00.000Z,360,false
V008336,EKCH,SLLP,2026-01-05T05:48:00.000Z,2026-01-05T19:26:00.000Z,320,false
V008337,SLLP,EKCH,2026-01-05T19:08:00.000Z,2026-01-06T08:46:00.000Z,320,false
V008338,EKCH,SLLP,2026-01-05T14:33:00.000Z,2026-01-06T04:11:00.000Z,340,false
V008339,SLLP,EKCH,2026-01-06T01:41:00.000Z,2026-01-06T15:19:00.000Z,340,false
V008340,EKCH,SLLP,2026-01-05T16:48:00.000Z,2026-01-06T06:26:00.000Z,340,false
V008341,SLLP,EHAM,2026-01-05T18:39:00.000Z,2026-01-06T07:31:00.000Z,340,false
V008342,EHAM,SLLP,2026-01-04T23:27:00.000Z,2026-01-05T12:19:00.000Z,320,false
V008343,SLLP,VIDP,2026-01-05T06:55:00.000Z,2026-01-06T03:16:00.000Z,320,false
V008344,VIDP,SLLP,2026-01-04T19:33:00.000Z,2026-01-05T15:54:00.000Z,320,false
V008345,SLLP,VIDP,2026-01-05T11:34:00.000Z,2026-01-06T07:55:00.000Z,340,false
V008346,VIDP,SLLP,2026-01-05T02:15:00.000Z,2026-01-05T22:36:00.000Z,320,false
V008347,SLLP,VIDP,2026-01-05T21:33:00.000Z,2026-01-06T17:54:00.000Z,300,false
V008348,VIDP,SLLP,2026-01-05T09:31:00.000Z,2026-01-06T05:52:00.000Z,340,false
V008349,SLLP,VIDP,2026-01-05T23:14:00.000Z,2026-01-05T19:35:00.000Z,360,false
V008350,VIDP,SLLP,2026-01-05T17:37:00.000Z,2026-01-06T13:58:00.000Z,360,false
V008351,SLLP,OSDI,2026-01-05T12:52:00.000Z,2026-01-06T04:17:00.000Z,320,false
V008352,OSDI,SLLP,2026-01-05T02:50:00.000Z,2026-01-05T18:15:00.000Z,300,false
V008353,SLLP,OSDI,2026-01-05T18:49:00.000Z,2026-01-06T10:14:00.000Z,340,false
V008354,OSDI,SLLP,2026-01-05T09:49:00.000Z,2026-01-06T01:14:00.000Z,300,false
V008355,SLLP,OAKB,2026-01-05T11:55:00.000Z,2026-01-06T07:09:00.000Z,340,false
V008356,OAKB,SLLP,2026-01-04T21:23:00.000Z,2026-01-05T16:37:00.000Z,360,false
V008357,SLLP,OAKB,2026-01-05T17:31:00.000Z,2026-01-06T12:45:00.000Z,300,false
V008358,OAKB,SLLP,2026-01-05T07:54:00.000Z,2026-01-06T03:08:00.000Z,320,false
V008359,SLLP,OAKB,2026-01-06T01:21:00.000Z,2026-01-05T20:35:00.000Z,360,false
V008360,OAKB,SLLP,2026-01-05T13:08:00.000Z,2026-01-06T08:22:00.000Z,300,false
V008361,SLLP,OOMS,2026-01-05T09:30:00.000Z,2026-01-06T03:31:00.000Z,360,false
V008362,OOMS,SLLP,2026-01-04T20:15:00.000Z,2026-01-05T14:16:00.000Z,300,false
V008363,SLLP,OOMS,2026-01-05T10:40:00.000Z,2026-01-06T04:41:00.000Z,300,false
V008364,OOMS,SLLP,2026-01-05T02:34:00.000Z,2026-01-05T20:35:00.000Z,360,false
V008365,SLLP,OOMS,2026-01-05T17:16:00.000Z,2026-01-06T11:17:00.000Z,300,false
V008366,OOMS,SLLP,2026-01-05T12:02:00.000Z,2026-01-06T06:03:00.000Z,360,false
V008367,SLLP,OOMS,2026-01-06T03:44:00.000Z,2026-01-05T21:45:00.000Z,300,false
V008368,OOMS,SLLP,2026-01-05T15:28:00.000Z,2026-01-06T09:29:00.000Z,340,false
V008369,SLLP,OYSN,2026-01-05T06:41:00.000Z,2026-01-05T22:44:00.000Z,300,false
V008370,OYSN,SLLP,2026-01-05T00:39:00.000Z,2026-01-05T16:42:00.000Z,300,false
V008371,SLLP,OYSN,2026-01-05T13:15:00.000Z,2026-01-06T05:18:00.000Z,340,false
V008372,OYSN,SLLP,2026-01-05T05:30:00.000Z,2026-01-05T21:33:00.000Z,340,false
V008373,SLLP,OYSN,2026-01-05T18:01:00.000Z,2026-01-06T10:04:00.000Z,320,false
V008374,OYSN,SLLP,2026-01-05T12:43:00.000Z,2026-01-06T04:46:00.000Z,300,false
V008375,SLLP,OYSN,2026-01-06T01:58:00.000Z,2026-01-06T18:01:00.000Z,300,false
V008376,OYSN,SLLP,2026-01-05T20:43:00.000Z,2026-01-06T12:46:00.000Z,320,false
V008377,SLLP,OPKC,2026-01-05T04:33:00.000Z,2026-01-05T23:44:00.000Z,340,false
V008378,OPKC,SLLP,2026-01-04T20:29:00.000Z,2026-01-05T15:40:00.000Z,360,false
V008379,SLLP,OPKC,2026-01-05T11:57:00.000Z,2026-01-06T07:08:00.000Z,300,false
V008380,OPKC,SLLP,2026-01-05T01:15:00.000Z,2026-01-05T20:26:00.000Z,360,false
V008381,SLLP,OPKC,2026-01-05T20:48:00.000Z,2026-01-06T15:59:00.000Z,300,false
V008382,OPKC,SLLP,2026-01-05T12:53:00.000Z,2026-01-06T08:04:00.000Z,360,false
V008383,SLLP,OPKC,2026-01-06T01:08:00.000Z,2026-01-05T20:19:00.000Z,320,false
V008384,OPKC,SLLP,2026-01-05T13:11:00.000Z,2026-01-06T08:22:00.000Z,320,false
V008385,SLLP,UBBB,2026-01-05T08:30:00.000Z,2026-01-06T01:30:00.000Z,320,false
V008386,UBBB,SLLP,2026-01-04T22:16:00.000Z,2026-01-05T15:16:00.000Z,320,false
V008387,SLLP,UBBB,2026-01-05T15:09:00.000Z,2026-01-06T08:09:00.000Z,320,false
V008388,UBBB,SLLP,2026-01-05T07:33:00.000Z,2026-01-06T00:33:00.000Z,300,false
V008389,SLLP,UBBB,2026-01-05T16:45:00.000Z,2026-01-06T09:45:00.000Z,320,false
V008390,UBBB,SLLP,2026-01-05T10:53:00.000Z,2026-01-06T03:53:00.000Z,300,false
V008391,SLLP,UBBB,2026-01-05T22:54:00.000Z,2026-01-06T15:54:00.000Z,300,false
V008392,UBBB,SLLP,2026-01-05T17:25:00.000Z,2026-01-06T10:25:00.000Z,320,false
V008393,SLLP,OJAI,2026-01-05T04:30:00.000Z,2026-01-05T19:45:00.000Z,320,false
V008394,OJAI,SLLP,2026-01-04T21:42:00.000Z,2026-01-05T12:57:00.000Z,340,false
V008395,SLLP,OJAI,2026-01-05T15:40:00.000Z,2026-01-06T06:55:00.000Z,320,false
V008396,OJAI,SLLP,2026-01-05T12:07:00.000Z,2026-01-06T03:22:00.000Z,360,false
V008397,SLLP,OJAI,2026-01-05T20:33:00.000Z,2026-01-06T11:48:00.000Z,360,false
V008398,OJAI,SLLP,2026-01-05T16:11:00.000Z,2026-01-06T07:26:00.000Z,340,false
V008399,SCEL,SABE,2026-01-05T10:14:00.000Z,2026-01-05T11:38:00.000Z,340,false
V008400,SABE,SCEL,2026-01-05T07:53:00.000Z,2026-01-05T09:17:00.000Z,320,false
V008401,SCEL,SABE,2026-01-05T17:58:00.000Z,2026-01-05T19:22:00.000Z,360,false
V008402,SABE,SCEL,2026-01-05T17:26:00.000Z,2026-01-05T18:50:00.000Z,360,false
V008403,SCEL,SGAS,2026-01-05T08:19:00.000Z,2026-01-05T10:15:00.000Z,320,false
V008404,SGAS,SCEL,2026-01-05T04:04:00.000Z,2026-01-05T06:00:00.000Z,360,false
V008405,SCEL,SGAS,2026-01-05T09:14:00.000Z,2026-01-05T11:10:00.000Z,360,false
V008406,SGAS,SCEL,2026-01-05T10:47:00.000Z,2026-01-05T12:43:00.000Z,320,false
V008407,SCEL,SGAS,2026-01-05T19:46:00.000Z,2026-01-05T21:42:00.000Z,320,false
V008408,SGAS,SCEL,2026-01-05T21:20:00.000Z,2026-01-05T23:16:00.000Z,340,false
V008409,SCEL,SGAS,2026-01-06T00:38:00.000Z,2026-01-06T02:34:00.000Z,360,false
V008410,SGAS,SCEL,2026-01-05T22:37:00.000Z,2026-01-06T00:33:00.000Z,340,false
V008411,SCEL,SUAA,2026-01-05T22:05:00.000Z,2026-01-05T23:43:00.000Z,300,false
V008412,SUAA,SCEL,2026-01-06T02:55:00.000Z,2026-01-06T04:33:00.000Z,360,false
V008413,SCEL,LATI,2026-01-05T09:48:00.000Z,2026-01-06T01:13:00.000Z,340,false
V008414,LATI,SCEL,2026-01-05T07:35:00.000Z,2026-01-05T23:00:00.000Z,320,false
V008415,SCEL,EDDI,2026-01-05T06:52:00.000Z,2026-01-05T22:27:00.000Z,300,false
V008416,EDDI,SCEL,2026-01-05T04:37:00.000Z,2026-01-05T20:12:00.000Z,360,false
V008417,SCEL,EDDI,2026-01-05T17:54:00.000Z,2026-01-06T09:29:00.000Z,340,false
V008418,EDDI,SCEL,2026-01-05T20:43:00.000Z,2026-01-06T12:18:00.000Z,360,false
V008419,SCEL,LOWW,2026-01-05T04:18:00.000Z,2026-01-05T19:53:00.000Z,340,false
V008420,LOWW,SCEL,2026-01-05T01:10:00.000Z,2026-01-05T16:45:00.000Z,320,false
V008421,SCEL,LOWW,2026-01-05T10:53:00.000Z,2026-01-06T02:28:00.000Z,300,false
V008422,LOWW,SCEL,2026-01-05T08:36:00.000Z,2026-01-06T00:11:00.000Z,340,false
V008423,SCEL,LOWW,2026-01-05T18:21:00.000Z,2026-01-06T09:56:00.000Z,320,false
V008424,LOWW,SCEL,2026-01-05T10:05:00.000Z,2026-01-06T01:40:00.000Z,300,false
V008425,SCEL,LOWW,2026-01-05T22:55:00.000Z,2026-01-06T14:30:00.000Z,320,false
V008426,LOWW,SCEL,2026-01-05T21:54:00.000Z,2026-01-06T13:29:00.000Z,360,false
V008427,SCEL,EBCI,2026-01-05T05:59:00.000Z,2026-01-05T20:45:00.000Z,340,false
V008428,EBCI,SCEL,2026-01-05T01:05:00.000Z,2026-01-05T15:51:00.000Z,300,false
V008429,SCEL,EBCI,2026-01-05T11:47:00.000Z,2026-01-06T02:33:00.000Z,320,false
V008430,EBCI,SCEL,2026-01-05T09:32:00.000Z,2026-01-06T00:18:00.000Z,320,false
V008431,SCEL,EBCI,2026-01-05T16:03:00.000Z,2026-01-06T06:49:00.000Z,360,false
V008432,EBCI,SCEL,2026-01-05T11:13:00.000Z,2026-01-06T01:59:00.000Z,360,false
V008433,SCEL,EBCI,2026-01-06T00:28:00.000Z,2026-01-06T15:14:00.000Z,340,false
V008434,EBCI,SCEL,2026-01-05T20:08:00.000Z,2026-01-06T10:54:00.000Z,300,false
V008435,SCEL,UMMS,2026-01-05T09:43:00.000Z,2026-01-06T02:33:00.000Z,360,false
V008436,UMMS,SCEL,2026-01-04T22:36:00.000Z,2026-01-05T15:26:00.000Z,340,false
V008437,SCEL,UMMS,2026-01-05T13:41:00.000Z,2026-01-06T06:31:00.000Z,360,false
V008438,UMMS,SCEL,2026-01-05T05:38:00.000Z,2026-01-05T22:28:00.000Z,340,false
V008439,SCEL,UMMS,2026-01-06T00:19:00.000Z,2026-01-06T17:09:00.000Z,360,false
V008440,UMMS,SCEL,2026-01-05T13:28:00.000Z,2026-01-06T06:18:00.000Z,360,false
V008441,SCEL,LBSF,2026-01-05T10:46:00.000Z,2026-01-06T02:37:00.000Z,320,false
V008442,LBSF,SCEL,2026-01-05T02:46:00.000Z,2026-01-05T18:37:00.000Z,360,false
V008443,SCEL,LBSF,2026-01-05T16:52:00.000Z,2026-01-06T08:43:00.000Z,300,false
V008444,LBSF,SCEL,2026-01-05T08:39:00.000Z,2026-01-06T00:30:00.000Z,320,false
V008445,SCEL,LBSF,2026-01-05T20:28:00.000Z,2026-01-06T12:19:00.000Z,300,false
V008446,LBSF,SCEL,2026-01-05T19:24:00.000Z,2026-01-06T11:15:00.000Z,300,false
V008447,SCEL,LKPR,2026-01-05T03:42:00.000Z,2026-01-05T19:15:00.000Z,340,false
V008448,LKPR,SCEL,2026-01-04T22:04:00.000Z,2026-01-05T13:37:00.000Z,320,false
V008449,SCEL,LKPR,2026-01-05T14:04:00.000Z,2026-01-06T05:37:00.000Z,360,false
V008450,LKPR,SCEL,2026-01-05T12:04:00.000Z,2026-01-06T03:37:00.000Z,320,false
V008451,SCEL,LKPR,2026-01-06T01:55:00.000Z,2026-01-06T17:28:00.000Z,360,false
V008452,LKPR,SCEL,2026-01-05T21:52:00.000Z,2026-01-06T13:25:00.000Z,320,false
V008453,SCEL,LDZA,2026-01-05T14:31:00.000Z,2026-01-06T05:55:00.000Z,320,false
V008454,LDZA,SCEL,2026-01-05T05:50:00.000Z,2026-01-05T21:14:00.000Z,360,false
V008455,SCEL,LDZA,2026-01-06T01:04:00.000Z,2026-01-06T16:28:00.000Z,320,false
V008456,LDZA,SCEL,2026-01-05T10:46:00.000Z,2026-01-06T02:10:00.000Z,300,false
V008457,SCEL,EKCH,2026-01-05T08:04:00.000Z,2026-01-05T23:46:00.000Z,300,false
V008458,EKCH,SCEL,2026-01-04T22:47:00.000Z,2026-01-05T14:29:00.000Z,320,false
V008459,SCEL,EKCH,2026-01-05T17:51:00.000Z,2026-01-06T09:33:00.000Z,320,false
V008460,EKCH,SCEL,2026-01-05T11:53:00.000Z,2026-01-06T03:35:00.000Z,340,false
V008461,SCEL,EKCH,2026-01-05T19:04:00.000Z,2026-01-06T10:46:00.000Z,360,false
V008462,EKCH,SCEL,2026-01-05T21:35:00.000Z,2026-01-06T13:17:00.000Z,320,false
V008463,SCEL,EHAM,2026-01-05T03:10:00.000Z,2026-01-05T18:05:00.000Z,320,false
V008464,EHAM,SCEL,2026-01-04T23:10:00.000Z,2026-01-05T14:05:00.000Z,340,false
V008465,SCEL,EHAM,2026-01-05T10:34:00.000Z,2026-01-06T01:29:00.000Z,320,false
V008466,EHAM,SCEL,2026-01-05T06:13:00.000Z,2026-01-05T21:08:00.000Z,340,false
V008467,SCEL,EHAM,2026-01-05T18:33:00.000Z,2026-01-06T09:28:00.000Z,300,false
V008468,EHAM,SCEL,2026-01-05T14:51:00.000Z,2026-01-06T05:46:00.000Z,360,false
V008469,SCEL,EHAM,2026-01-06T01:09:00.000Z,2026-01-06T16:04:00.000Z,360,false
V008470,EHAM,SCEL,2026-01-05T16:05:00.000Z,2026-01-06T07:00:00.000Z,300,false
V008471,SCEL,VIDP,2026-01-06T02:08:00.000Z,2026-01-05T23:17:00.000Z,320,false
V008472,VIDP,SCEL,2026-01-05T08:18:00.000Z,2026-01-06T05:27:00.000Z,360,false
V008473,SCEL,OSDI,2026-01-05T07:02:00.000Z,2026-01-05T23:44:00.000Z,340,false
V008474,OSDI,SCEL,2026-01-05T02:06:00.000Z,2026-01-05T18:48:00.000Z,320,false
V008475,SCEL,OSDI,2026-01-05T11:45:00.000Z,2026-01-06T04:27:00.000Z,340,false
V008476,OSDI,SCEL,2026-01-05T06:23:00.000Z,2026-01-05T23:05:00.000Z,340,false
V008477,SCEL,OSDI,2026-01-05T18:16:00.000Z,2026-01-06T10:58:00.000Z,340,false
V008478,OSDI,SCEL,2026-01-05T10:26:00.000Z,2026-01-06T03:08:00.000Z,320,false
V008479,SCEL,OSDI,2026-01-06T02:20:00.000Z,2026-01-06T19:02:00.000Z,320,false
V008480,OSDI,SCEL,2026-01-05T19:23:00.000Z,2026-01-06T12:05:00.000Z,320,false
V008481,SCEL,OAKB,2026-01-05T03:39:00.000Z,2026-01-06T00:04:00.000Z,340,false
V008482,OAKB,SCEL,2026-01-04T20:36:00.000Z,2026-01-05T17:01:00.000Z,340,false
V008483,SCEL,OAKB,2026-01-05T17:48:00.000Z,2026-01-06T14:13:00.000Z,300,false
V008484,OAKB,SCEL,2026-01-05T09:26:00.000Z,2026-01-06T05:51:00.000Z,320,false
V008485,SCEL,OAKB,2026-01-05T23:19:00.000Z,2026-01-06T19:44:00.000Z,300,false
V008486,OAKB,SCEL,2026-01-05T15:09:00.000Z,2026-01-06T11:34:00.000Z,320,false
V008487,SCEL,OOMS,2026-01-05T09:46:00.000Z,2026-01-06T04:26:00.000Z,360,false
V008488,OOMS,SCEL,2026-01-05T03:57:00.000Z,2026-01-05T22:37:00.000Z,360,false
V008489,SCEL,OOMS,2026-01-05T12:11:00.000Z,2026-01-06T06:51:00.000Z,340,false
V008490,OOMS,SCEL,2026-01-05T10:44:00.000Z,2026-01-06T05:24:00.000Z,320,false
V008491,SCEL,OOMS,2026-01-06T00:56:00.000Z,2026-01-06T19:36:00.000Z,320,false
V008492,OOMS,SCEL,2026-01-05T17:45:00.000Z,2026-01-06T12:25:00.000Z,300,false
V008493,SCEL,OYSN,2026-01-05T06:35:00.000Z,2026-01-05T23:06:00.000Z,320,false
V008494,OYSN,SCEL,2026-01-04T21:37:00.000Z,2026-01-05T14:08:00.000Z,320,false
V008495,SCEL,OYSN,2026-01-05T11:48:00.000Z,2026-01-06T04:19:00.000Z,320,false
V008496,OYSN,SCEL,2026-01-05T06:03:00.000Z,2026-01-05T22:34:00.000Z,340,false
V008497,SCEL,OYSN,2026-01-05T20:35:00.000Z,2026-01-06T13:06:00.000Z,300,false
V008498,OYSN,SCEL,2026-01-05T09:53:00.000Z,2026-01-06T02:24:00.000Z,340,false
V008499,SCEL,OYSN,2026-01-05T22:28:00.000Z,2026-01-06T14:59:00.000Z,340,false
V008500,OYSN,SCEL,2026-01-05T18:08:00.000Z,2026-01-06T10:39:00.000Z,300,false
V008501,SCEL,OPKC,2026-01-05T06:47:00.000Z,2026-01-06T02:34:00.000Z,320,false
V008502,OPKC,SCEL,2026-01-04T19:04:00.000Z,2026-01-05T14:51:00.000Z,320,false
V008503,SCEL,OPKC,2026-01-05T10:12:00.000Z,2026-01-06T05:59:00.000Z,340,false
V008504,OPKC,SCEL,2026-01-05T04:32:00.000Z,2026-01-06T00:19:00.000Z,360,false
V008505,SCEL,OPKC,2026-01-05T18:49:00.000Z,2026-01-06T14:36:00.000Z,300,false
V008506,OPKC,SCEL,2026-01-05T08:53:00.000Z,2026-01-06T04:40:00.000Z,300,false
V008507,SCEL,OPKC,2026-01-05T22:37:00.000Z,2026-01-06T18:24:00.000Z,300,false
V008508,OPKC,SCEL,2026-01-05T17:30:00.000Z,2026-01-06T13:17:00.000Z,300,false
V008509,SCEL,UBBB,2026-01-05T07:17:00.000Z,2026-01-06T01:46:00.000Z,320,false
V008510,UBBB,SCEL,2026-01-05T02:39:00.000Z,2026-01-05T21:08:00.000Z,320,false
V008511,SCEL,UBBB,2026-01-05T18:36:00.000Z,2026-01-06T13:05:00.000Z,360,false
V008512,UBBB,SCEL,2026-01-05T10:20:00.000Z,2026-01-06T04:49:00.000Z,300,false
V008513,SCEL,UBBB,2026-01-05T21:00:00.000Z,2026-01-06T15:29:00.000Z,360,false
V008514,UBBB,SCEL,2026-01-05T17:43:00.000Z,2026-01-06T12:12:00.000Z,320,false
V008515,SCEL,OJAI,2026-01-05T05:54:00.000Z,2026-01-05T22:22:00.000Z,340,false
V008516,OJAI,SCEL,2026-01-04T22:33:00.000Z,2026-01-05T15:01:00.000Z,340,false
V008517,SCEL,OJAI,2026-01-05T13:34:00.000Z,2026-01-06T06:02:00.000Z,300,false
V008518,OJAI,SCEL,2026-01-05T06:49:00.000Z,2026-01-05T23:17:00.000Z,300,false
V008519,SCEL,OJAI,2026-01-05T15:12:00.000Z,2026-01-06T07:40:00.000Z,360,false
V008520,OJAI,SCEL,2026-01-05T09:22:00.000Z,2026-01-06T01:50:00.000Z,320,false
V008521,SCEL,OJAI,2026-01-05T21:53:00.000Z,2026-01-06T14:21:00.000Z,340,false
V008522,OJAI,SCEL,2026-01-05T17:40:00.000Z,2026-01-06T10:08:00.000Z,320,false
V008523,SABE,SGAS,2026-01-05T05:10:00.000Z,2026-01-05T06:25:00.000Z,340,false
V008524,SGAS,SABE,2026-01-05T05:57:00.000Z,2026-01-05T07:12:00.000Z,360,false
V008525,SABE,SGAS,2026-01-05T12:25:00.000Z,2026-01-05T13:40:00.000Z,360,false
V008526,SGAS,SABE,2026-01-05T14:37:00.000Z,2026-01-05T15:52:00.000Z,340,false
V008527,SABE,SGAS,2026-01-05T17:25:00.000Z,2026-01-05T18:40:00.000Z,300,false
V008528,SGAS,SABE,2026-01-05T19:04:00.000Z,2026-01-05T20:19:00.000Z,320,false
V008529,SABE,SGAS,2026-01-05T23:35:00.000Z,2026-01-06T00:50:00.000Z,340,false
V008530,SGAS,SABE,2026-01-05T22:38:00.000Z,2026-01-05T23:53:00.000Z,300,false
V008531,SABE,SUAA,2026-01-05T07:37:00.000Z,2026-01-05T07:50:00.000Z,320,false
V008532,SUAA,SABE,2026-01-05T07:47:00.000Z,2026-01-05T08:00:00.000Z,320,false
V008533,SABE,SUAA,2026-01-05T14:26:00.000Z,2026-01-05T14:39:00.000Z,340,false
V008534,SUAA,SABE,2026-01-05T12:04:00.000Z,2026-01-05T12:17:00.000Z,320,false
V008535,SABE,SUAA,2026-01-05T20:46:00.000Z,2026-01-05T20:59:00.000Z,360,false
V008536,SUAA,SABE,2026-01-05T20:12:00.000Z,2026-01-05T20:25:00.000Z,360,false
V008537,SABE,SUAA,2026-01-06T01:21:00.000Z,2026-01-06T01:34:00.000Z,320,false
V008538,SUAA,SABE,2026-01-06T00:18:00.000Z,2026-01-06T00:31:00.000Z,360,false
V008539,SABE,LATI,2026-01-05T11:09:00.000Z,2026-01-06T01:34:00.000Z,340,false
V008540,LATI,SABE,2026-01-04T23:30:00.000Z,2026-01-05T13:55:00.000Z,340,false
V008541,SABE,LATI,2026-01-05T22:46:00.000Z,2026-01-06T13:11:00.000Z,300,false
V008542,LATI,SABE,2026-01-05T17:26:00.000Z,2026-01-06T07:51:00.000Z,300,false
V008543,SABE,EDDI,2026-01-05T03:13:00.000Z,2026-01-05T18:02:00.000Z,300,false
V008544,EDDI,SABE,2026-01-05T03:11:00.000Z,2026-01-05T18:00:00.000Z,320,false
V008545,SABE,EDDI,2026-01-05T16:40:00.000Z,2026-01-06T07:29:00.000Z,320,false
V008546,EDDI,SABE,2026-01-05T12:25:00.000Z,2026-01-06T03:14:00.000Z,340,false
V008547,SABE,EDDI,2026-01-05T23:46:00.000Z,2026-01-06T14:35:00.000Z,320,false
V008548,EDDI,SABE,2026-01-05T15:08:00.000Z,2026-01-06T05:57:00.000Z,320,false
V008549,SABE,LOWW,2026-01-05T07:56:00.000Z,2026-01-05T22:39:00.000Z,360,false
V008550,LOWW,SABE,2026-01-05T04:24:00.000Z,2026-01-05T19:07:00.000Z,300,false
V008551,SABE,LOWW,2026-01-05T11:24:00.000Z,2026-01-06T02:07:00.000Z,300,false
V008552,LOWW,SABE,2026-01-05T10:23:00.000Z,2026-01-06T01:06:00.000Z,360,false
V008553,SABE,LOWW,2026-01-05T19:10:00.000Z,2026-01-06T09:53:00.000Z,340,false
V008554,LOWW,SABE,2026-01-05T14:23:00.000Z,2026-01-06T05:06:00.000Z,320,false
V008555,SABE,EBCI,2026-01-05T06:06:00.000Z,2026-01-05T20:07:00.000Z,360,false
V008556,EBCI,SABE,2026-01-05T02:36:00.000Z,2026-01-05T16:37:00.000Z,340,false
V008557,SABE,EBCI,2026-01-05T10:58:00.000Z,2026-01-06T00:59:00.000Z,360,false
V008558,EBCI,SABE,2026-01-05T07:14:00.000Z,2026-01-05T21:15:00.000Z,360,false
V008559,SABE,EBCI,2026-01-05T17:12:00.000Z,2026-01-06T07:13:00.000Z,320,false
V008560,EBCI,SABE,2026-01-05T10:16:00.000Z,2026-01-06T00:17:00.000Z,340,false
V008561,SABE,EBCI,2026-01-05T22:27:00.000Z,2026-01-06T12:28:00.000Z,340,false
V008562,EBCI,SABE,2026-01-05T18:46:00.000Z,2026-01-06T08:47:00.000Z,340,false
V008563,SABE,UMMS,2026-01-05T05:15:00.000Z,2026-01-05T21:14:00.000Z,340,false
V008564,UMMS,SABE,2026-01-04T23:34:00.000Z,2026-01-05T15:33:00.000Z,340,false
V008565,SABE,UMMS,2026-01-05T18:16:00.000Z,2026-01-06T10:15:00.000Z,320,false
V008566,UMMS,SABE,2026-01-05T11:39:00.000Z,2026-01-06T03:38:00.000Z,300,false
V008567,SABE,UMMS,2026-01-05T23:44:00.000Z,2026-01-06T15:43:00.000Z,340,false
V008568,UMMS,SABE,2026-01-05T18:50:00.000Z,2026-01-06T10:49:00.000Z,300,false
V008569,SABE,LBSF,2026-01-05T04:40:00.000Z,2026-01-05T19:30:00.000Z,300,false
V008570,LBSF,SABE,2026-01-04T21:43:00.000Z,2026-01-05T12:33:00.000Z,320,false
V008571,SABE,LBSF,2026-01-05T18:59:00.000Z,2026-01-06T09:49:00.000Z,300,false
V008572,LBSF,SABE,2026-01-05T05:50:00.000Z,2026-01-05T20:40:00.000Z,360,false
V008573,SABE,LBSF,2026-01-05T21:59:00.000Z,2026-01-06T12:49:00.000Z,360,false
V008574,LBSF,SABE,2026-01-05T20:24:00.000Z,2026-01-06T11:14:00.000Z,320,false
V008575,SABE,LKPR,2026-01-05T04:49:00.000Z,2026-01-05T19:32:00.000Z,360,false
V008576,LKPR,SABE,2026-01-05T01:22:00.000Z,2026-01-05T16:05:00.000Z,300,false
V008577,SABE,LKPR,2026-01-05T14:21:00.000Z,2026-01-06T05:04:00.000Z,340,false
V008578,LKPR,SABE,2026-01-05T04:09:00.000Z,2026-01-05T18:52:00.000Z,300,false
V008579,SABE,LKPR,2026-01-05T20:37:00.000Z,2026-01-06T11:20:00.000Z,340,false
V008580,LKPR,SABE,2026-01-05T14:58:00.000Z,2026-01-06T05:41:00.000Z,320,false
V008581,SABE,LKPR,2026-01-05T23:32:00.000Z,2026-01-06T14:15:00.000Z,320,false
V008582,LKPR,SABE,2026-01-05T17:36:00.000Z,2026-01-06T08:19:00.000Z,360,false
V008583,SABE,LDZA,2026-01-05T10:31:00.000Z,2026-01-06T01:00:00.000Z,300,false
V008584,LDZA,SABE,2026-01-04T23:02:00.000Z,2026-01-05T13:31:00.000Z,300,false
V008585,SABE,LDZA,2026-01-05T11:19:00.000Z,2026-01-06T01:48:00.000Z,360,false
V008586,LDZA,SABE,2026-01-05T11:53:00.000Z,2026-01-06T02:22:00.000Z,360,false
V008587,SABE,LDZA,2026-01-06T02:03:00.000Z,2026-01-06T16:32:00.000Z,300,false
V008588,LDZA,SABE,2026-01-05T18:38:00.000Z,2026-01-06T09:07:00.000Z,300,false
V008589,SABE,EKCH,2026-01-05T08:34:00.000Z,2026-01-05T23:33:00.000Z,340,false
V008590,EKCH,SABE,2026-01-05T03:19:00.000Z,2026-01-05T18:18:00.000Z,320,false
V008591,SABE,EKCH,2026-01-05T10:22:00.000Z,2026-01-06T01:21:00.000Z,320,false
V008592,EKCH,SABE,2026-01-05T05:16:00.000Z,2026-01-05T20:15:00.000Z,300,false
V008593,SABE,EKCH,2026-01-05T16:31:00.000Z,2026-01-06T07:30:00.000Z,360,false
V008594,EKCH,SABE,2026-01-05T10:50:00.000Z,2026-01-06T01:49:00.000Z,360,false
V008595,SABE,EKCH,2026-01-06T02:44:00.000Z,2026-01-06T17:43:00.000Z,320,false
V008596,EKCH,SABE,2026-01-05T16:59:00.000Z,2026-01-06T07:58:00.000Z,300,false
V008597,SABE,EHAM,2026-01-05T21:48:00.000Z,2026-01-06T12:00:00.000Z,300,false
V008598,EHAM,SABE,2026-01-04T23:52:00.000Z,2026-01-05T14:04:00.000Z,340,false
V008599,SABE,VIDP,2026-01-05T04:53:00.000Z,2026-01-06T00:38:00.000Z,340,false
V008600,VIDP,SABE,2026-01-04T20:45:00.000Z,2026-01-05T16:30:00.000Z,360,false
V008601,SABE,VIDP,2026-01-05T09:52:00.000Z,2026-01-06T05:37:00.000Z,300,false
V008602,VIDP,SABE,2026-01-05T01:16:00.000Z,2026-01-05T21:01:00.000Z,340,false
V008603,SABE,VIDP,2026-01-05T20:44:00.000Z,2026-01-06T16:29:00.000Z,300,false
V008604,VIDP,SABE,2026-01-05T09:54:00.000Z,2026-01-06T05:39:00.000Z,300,false
V008605,SABE,VIDP,2026-01-05T22:05:00.000Z,2026-01-06T17:50:00.000Z,320,false
V008606,VIDP,SABE,2026-01-05T15:31:00.000Z,2026-01-06T11:16:00.000Z,320,false
V008607,SABE,OSDI,2026-01-05T04:19:00.000Z,2026-01-05T19:48:00.000Z,300,false
V008608,OSDI,SABE,2026-01-04T21:57:00.000Z,2026-01-05T13:26:00.000Z,360,false
V008609,SABE,OSDI,2026-01-05T11:24:00.000Z,2026-01-06T02:53:00.000Z,340,false
V008610,OSDI,SABE,2026-01-05T08:17:00.000Z,2026-01-05T23:46:00.000Z,340,false
V008611,SABE,OSDI,2026-01-05T20:06:00.000Z,2026-01-06T11:35:00.000Z,340,false
V008612,OSDI,SABE,2026-01-05T13:29:00.000Z,2026-01-06T04:58:00.000Z,320,false
V008613,SABE,OSDI,2026-01-06T00:12:00.000Z,2026-01-06T15:41:00.000Z,320,false
V008614,OSDI,SABE,2026-01-05T20:46:00.000Z,2026-01-06T12:15:00.000Z,300,false
V008615,SABE,OAKB,2026-01-05T07:27:00.000Z,2026-01-06T02:33:00.000Z,360,false
V008616,OAKB,SABE,2026-01-04T22:25:00.000Z,2026-01-05T17:31:00.000Z,320,false
V008617,SABE,OAKB,2026-01-05T09:53:00.000Z,2026-01-06T04:59:00.000Z,320,false
V008618,OAKB,SABE,2026-01-05T06:12:00.000Z,2026-01-06T01:18:00.000Z,360,false
V008619,SABE,OAKB,2026-01-05T20:17:00.000Z,2026-01-06T15:23:00.000Z,360,false
V008620,OAKB,SABE,2026-01-05T09:33:00.000Z,2026-01-06T04:39:00.000Z,320,false
V008621,SABE,OAKB,2026-01-06T01:32:00.000Z,2026-01-05T20:38:00.000Z,360,false
V008622,OAKB,SABE,2026-01-05T15:01:00.000Z,2026-01-06T10:07:00.000Z,340,false
V008623,SABE,OOMS,2026-01-05T04:27:00.000Z,2026-01-05T21:44:00.000Z,320,false
V008624,OOMS,SABE,2026-01-05T00:36:00.000Z,2026-01-05T17:53:00.000Z,360,false
V008625,SABE,OOMS,2026-01-05T10:44:00.000Z,2026-01-06T04:01:00.000Z,340,false
V008626,OOMS,SABE,2026-01-05T02:31:00.000Z,2026-01-05T19:48:00.000Z,340,false
V008627,SABE,OOMS,2026-01-05T19:15:00.000Z,2026-01-06T12:32:00.000Z,340,false
V008628,OOMS,SABE,2026-01-05T13:17:00.000Z,2026-01-06T06:34:00.000Z,300,false
V008629,SABE,OOMS,2026-01-06T01:50:00.000Z,2026-01-06T19:07:00.000Z,300,false
V008630,OOMS,SABE,2026-01-05T18:45:00.000Z,2026-01-06T12:02:00.000Z,320,false
V008631,SABE,OYSN,2026-01-05T07:57:00.000Z,2026-01-05T23:04:00.000Z,340,false
V008632,OYSN,SABE,2026-01-04T23:04:00.000Z,2026-01-05T14:11:00.000Z,300,false
V008633,SABE,OYSN,2026-01-05T17:15:00.000Z,2026-01-06T08:22:00.000Z,340,false
V008634,OYSN,SABE,2026-01-05T05:06:00.000Z,2026-01-05T20:13:00.000Z,340,false
V008635,SABE,OYSN,2026-01-05T19:13:00.000Z,2026-01-06T10:20:00.000Z,360,false
V008636,OYSN,SABE,2026-01-05T16:47:00.000Z,2026-01-06T07:54:00.000Z,320,false
V008637,SABE,OPKC,2026-01-05T03:48:00.000Z,2026-01-05T22:11:00.000Z,300,false
V008638,OPKC,SABE,2026-01-04T20:59:00.000Z,2026-01-05T15:22:00.000Z,320,false
V008639,SABE,OPKC,2026-01-05T11:37:00.000Z,2026-01-06T06:00:00.000Z,300,false
V008640,OPKC,SABE,2026-01-05T04:09:00.000Z,2026-01-05T22:32:00.000Z,360,false
V008641,SABE,OPKC,2026-01-05T19:22:00.000Z,2026-01-06T13:45:00.000Z,360,false
V008642,OPKC,SABE,2026-01-05T10:17:00.000Z,2026-01-06T04:40:00.000Z,360,false
V008643,SABE,OPKC,2026-01-06T01:00:00.000Z,2026-01-05T19:23:00.000Z,300,false
V008644,OPKC,SABE,2026-01-05T15:04:00.000Z,2026-01-06T09:27:00.000Z,360,false
V008645,SABE,UBBB,2026-01-05T06:41:00.000Z,2026-01-05T23:59:00.000Z,300,false
V008646,UBBB,SABE,2026-01-05T03:47:00.000Z,2026-01-05T21:05:00.000Z,300,false
V008647,SABE,UBBB,2026-01-05T10:41:00.000Z,2026-01-06T03:59:00.000Z,360,false
V008648,UBBB,SABE,2026-01-05T05:48:00.000Z,2026-01-05T23:06:00.000Z,360,false
V008649,SABE,UBBB,2026-01-05T17:29:00.000Z,2026-01-06T10:47:00.000Z,300,false
V008650,UBBB,SABE,2026-01-05T13:06:00.000Z,2026-01-06T06:24:00.000Z,360,false
V008651,SABE,UBBB,2026-01-05T23:04:00.000Z,2026-01-06T16:22:00.000Z,320,false
V008652,UBBB,SABE,2026-01-05T20:06:00.000Z,2026-01-06T13:24:00.000Z,320,false
V008653,SABE,OJAI,2026-01-05T04:48:00.000Z,2026-01-05T20:02:00.000Z,320,false
V008654,OJAI,SABE,2026-01-05T03:27:00.000Z,2026-01-05T18:41:00.000Z,300,false
V008655,SABE,OJAI,2026-01-05T16:17:00.000Z,2026-01-06T07:31:00.000Z,320,false
V008656,OJAI,SABE,2026-01-05T10:55:00.000Z,2026-01-06T02:09:00.000Z,360,false
V008657,SGAS,SUAA,2026-01-05T05:19:00.000Z,2026-01-05T06:34:00.000Z,320,false
V008658,SUAA,SGAS,2026-01-05T03:55:00.000Z,2026-01-05T05:10:00.000Z,340,false
V008659,SGAS,SUAA,2026-01-05T14:52:00.000Z,2026-01-05T16:07:00.000Z,300,false
V008660,SUAA,SGAS,2026-01-05T11:59:00.000Z,2026-01-05T13:14:00.000Z,340,false
V008661,SGAS,SUAA,2026-01-05T22:32:00.000Z,2026-01-05T23:47:00.000Z,360,false
V008662,SUAA,SGAS,2026-01-05T19:01:00.000Z,2026-01-05T20:16:00.000Z,340,false
V008663,SGAS,LATI,2026-01-05T04:55:00.000Z,2026-01-05T18:24:00.000Z,340,false
V008664,LATI,SGAS,2026-01-05T02:54:00.000Z,2026-01-05T16:23:00.000Z,320,false
V008665,SGAS,LATI,2026-01-05T18:58:00.000Z,2026-01-06T08:27:00.000Z,340,false
V008666,LATI,SGAS,2026-01-05T11:27:00.000Z,2026-01-06T00:56:00.000Z,340,false
V008667,SGAS,LATI,2026-01-06T02:11:00.000Z,2026-01-06T15:40:00.000Z,320,false
V008668,LATI,SGAS,2026-01-05T19:39:00.000Z,2026-01-06T09:08:00.000Z,340,false
V008669,SGAS,EDDI,2026-01-05T04:03:00.000Z,2026-01-05T17:47:00.000Z,300,false
V008670,EDDI,SGAS,2026-01-05T04:22:00.000Z,2026-01-05T18:06:00.000Z,320,false
V008671,SGAS,EDDI,2026-01-05T14:07:00.000Z,2026-01-06T03:51:00.000Z,340,false
V008672,EDDI,SGAS,2026-01-05T07:26:00.000Z,2026-01-05T21:10:00.000Z,340,false
V008673,SGAS,EDDI,2026-01-05T22:57:00.000Z,2026-01-06T12:41:00.000Z,360,false
V008674,EDDI,SGAS,2026-01-05T18:23:00.000Z,2026-01-06T08:07:00.000Z,300,false
V008675,SGAS,LOWW,2026-01-05T04:43:00.000Z,2026-01-05T18:24:00.000Z,300,false
V008676,LOWW,SGAS,2026-01-05T01:33:00.000Z,2026-01-05T15:14:00.000Z,340,false
V008677,SGAS,LOWW,2026-01-05T13:26:00.000Z,2026-01-06T03:07:00.000Z,300,false
V008678,LOWW,SGAS,2026-01-05T08:12:00.000Z,2026-01-05T21:53:00.000Z,340,false
V008679,SGAS,LOWW,2026-01-05T17:22:00.000Z,2026-01-06T07:03:00.000Z,340,false
V008680,LOWW,SGAS,2026-01-05T10:06:00.000Z,2026-01-05T23:47:00.000Z,300,false
V008681,SGAS,LOWW,2026-01-06T03:30:00.000Z,2026-01-06T17:11:00.000Z,360,false
V008682,LOWW,SGAS,2026-01-05T18:30:00.000Z,2026-01-06T08:11:00.000Z,360,false
V008683,SGAS,EBCI,2026-01-05T05:28:00.000Z,2026-01-05T18:23:00.000Z,360,false
V008684,EBCI,SGAS,2026-01-04T22:01:00.000Z,2026-01-05T10:56:00.000Z,340,false
V008685,SGAS,EBCI,2026-01-05T14:08:00.000Z,2026-01-06T03:03:00.000Z,360,false
V008686,EBCI,SGAS,2026-01-05T08:05:00.000Z,2026-01-05T21:00:00.000Z,340,false
V008687,SGAS,EBCI,2026-01-05T21:18:00.000Z,2026-01-06T10:13:00.000Z,300,false
V008688,EBCI,SGAS,2026-01-05T15:51:00.000Z,2026-01-06T04:46:00.000Z,300,false
V008689,SGAS,EBCI,2026-01-06T00:21:00.000Z,2026-01-06T13:16:00.000Z,360,false
V008690,EBCI,SGAS,2026-01-05T17:08:00.000Z,2026-01-06T06:03:00.000Z,300,false
V008691,SGAS,UMMS,2026-01-05T14:39:00.000Z,2026-01-06T05:36:00.000Z,320,false
V008692,UMMS,SGAS,2026-01-05T08:25:00.000Z,2026-01-05T23:22:00.000Z,340,false
V008693,SGAS,UMMS,2026-01-06T01:35:00.000Z,2026-01-06T16:32:00.000Z,300,false
V008694,UMMS,SGAS,2026-01-05T14:27:00.000Z,2026-01-06T05:24:00.000Z,340,false
V008695,SGAS,LBSF,2026-01-05T11:49:00.000Z,2026-01-06T01:44:00.000Z,320,false
V008696,LBSF,SGAS,2026-01-05T02:00:00.000Z,2026-01-05T15:55:00.000Z,320,false
V008697,SGAS,LBSF,2026-01-05T14:41:00.000Z,2026-01-06T04:36:00.000Z,320,false
V008698,LBSF,SGAS,2026-01-05T06:42:00.000Z,2026-01-05T20:37:00.000Z,360,false
V008699,SGAS,LBSF,2026-01-06T01:53:00.000Z,2026-01-06T15:48:00.000Z,360,false
V008700,LBSF,SGAS,2026-01-05T20:55:00.000Z,2026-01-06T10:50:00.000Z,340,false
V008701,SGAS,LKPR,2026-01-05T06:45:00.000Z,2026-01-05T20:25:00.000Z,300,false
V008702,LKPR,SGAS,2026-01-05T02:41:00.000Z,2026-01-05T16:21:00.000Z,340,false
V008703,SGAS,LKPR,2026-01-05T10:08:00.000Z,2026-01-05T23:48:00.000Z,300,false
V008704,LKPR,SGAS,2026-01-05T09:16:00.000Z,2026-01-05T22:56:00.000Z,320,false
V008705,SGAS,LKPR,2026-01-05T16:58:00.000Z,2026-01-06T06:38:00.000Z,360,false
V008706,LKPR,SGAS,2026-01-05T12:46:00.000Z,2026-01-06T02:26:00.000Z,300,false
V008707,SGAS,LKPR,2026-01-06T03:01:00.000Z,2026-01-06T16:41:00.000Z,340,false
V008708,LKPR,SGAS,2026-01-05T16:45:00.000Z,2026-01-06T06:25:00.000Z,300,false
V008709,SGAS,LDZA,2026-01-05T08:37:00.000Z,2026-01-05T22:06:00.000Z,340,false
V008710,LDZA,SGAS,2026-01-05T00:20:00.000Z,2026-01-05T13:49:00.000Z,360,false
V008711,SGAS,LDZA,2026-01-05T12:38:00.000Z,2026-01-06T02:07:00.000Z,340,false
V008712,LDZA,SGAS,2026-01-05T13:20:00.000Z,2026-01-06T02:49:00.000Z,360,false
V008713,SGAS,LDZA,2026-01-05T23:13:00.000Z,2026-01-06T12:42:00.000Z,360,false
V008714,LDZA,SGAS,2026-01-05T17:16:00.000Z,2026-01-06T06:45:00.000Z,360,false
V008715,SGAS,EKCH,2026-01-05T04:56:00.000Z,2026-01-05T18:48:00.000Z,340,false
V008716,EKCH,SGAS,2026-01-05T02:03:00.000Z,2026-01-05T15:55:00.000Z,360,false
V008717,SGAS,EKCH,2026-01-05T15:22:00.000Z,2026-01-06T05:14:00.000Z,300,false
V008718,EKCH,SGAS,2026-01-05T09:26:00.000Z,2026-01-05T23:18:00.000Z,340,false
V008719,SGAS,EKCH,2026-01-05T17:58:00.000Z,2026-01-06T07:50:00.000Z,320,false
V008720,EKCH,SGAS,2026-01-05T12:04:00.000Z,2026-01-06T01:56:00.000Z,320,false
V008721,SGAS,EKCH,2026-01-06T00:00:00.000Z,2026-01-06T13:52:00.000Z,340,false
V008722,EKCH,SGAS,2026-01-05T20:54:00.000Z,2026-01-06T10:46:00.000Z,300,false
V008723,SGAS,EHAM,2026-01-05T06:06:00.000Z,2026-01-05T19:11:00.000Z,320,false
V008724,EHAM,SGAS,2026-01-05T01:30:00.000Z,2026-01-05T14:35:00.000Z,360,false
V008725,SGAS,EHAM,2026-01-05T11:33:00.000Z,2026-01-06T00:38:00.000Z,320,false
V008726,EHAM,SGAS,2026-01-05T06:57:00.000Z,2026-01-05T20:02:00.000Z,320,false
V008727,SGAS,EHAM,2026-01-05T19:49:00.000Z,2026-01-06T08:54:00.000Z,320,false
V008728,EHAM,SGAS,2026-01-05T15:08:00.000Z,2026-01-06T04:13:00.000Z,340,false
V008729,SGAS,EHAM,2026-01-06T01:41:00.000Z,2026-01-06T14:46:00.000Z,320,false
V008730,EHAM,SGAS,2026-01-05T20:47:00.000Z,2026-01-06T09:52:00.000Z,300,false
V008731,SGAS,VIDP,2026-01-05T15:49:00.000Z,2026-01-06T11:15:00.000Z,360,false
V008732,VIDP,SGAS,2026-01-05T05:29:00.000Z,2026-01-06T00:55:00.000Z,360,false
V008733,SGAS,OSDI,2026-01-05T07:31:00.000Z,2026-01-05T22:17:00.000Z,340,false
V008734,OSDI,SGAS,2026-01-05T01:54:00.000Z,2026-01-05T16:40:00.000Z,300,false
V008735,SGAS,OSDI,2026-01-05T14:28:00.000Z,2026-01-06T05:14:00.000Z,340,false
V008736,OSDI,SGAS,2026-01-05T12:55:00.000Z,2026-01-06T03:41:00.000Z,300,false
V008737,SGAS,OSDI,2026-01-05T20:18:00.000Z,2026-01-06T11:04:00.000Z,320,false
V008738,OSDI,SGAS,2026-01-05T19:27:00.000Z,2026-01-06T10:13:00.000Z,360,false
V008739,SGAS,OAKB,2026-01-05T06:09:00.000Z,2026-01-06T00:42:00.000Z,360,false
V008740,OAKB,SGAS,2026-01-04T23:06:00.000Z,2026-01-05T17:39:00.000Z,360,false
V008741,SGAS,OAKB,2026-01-05T15:35:00.000Z,2026-01-06T10:08:00.000Z,300,false
V008742,OAKB,SGAS,2026-01-05T04:21:00.000Z,2026-01-05T22:54:00.000Z,320,false
V008743,SGAS,OAKB,2026-01-05T16:11:00.000Z,2026-01-06T10:44:00.000Z,360,false
V008744,OAKB,SGAS,2026-01-05T08:34:00.000Z,2026-01-06T03:07:00.000Z,360,false
V008745,SGAS,OAKB,2026-01-06T00:56:00.000Z,2026-01-06T19:29:00.000Z,320,false
V008746,OAKB,SGAS,2026-01-05T14:31:00.000Z,2026-01-06T09:04:00.000Z,340,false
V008747,SGAS,OOMS,2026-01-05T05:55:00.000Z,2026-01-05T22:52:00.000Z,360,false
V008748,OOMS,SGAS,2026-01-04T22:58:00.000Z,2026-01-05T15:55:00.000Z,340,false
V008749,SGAS,OOMS,2026-01-05T13:42:00.000Z,2026-01-06T06:39:00.000Z,360,false
V008750,OOMS,SGAS,2026-01-05T05:51:00.000Z,2026-01-05T22:48:00.000Z,300,false
V008751,SGAS,OOMS,2026-01-05T16:50:00.000Z,2026-01-06T09:47:00.000Z,320,false
V008752,OOMS,SGAS,2026-01-05T08:08:00.000Z,2026-01-06T01:05:00.000Z,340,false
V008753,SGAS,OOMS,2026-01-06T02:38:00.000Z,2026-01-06T19:35:00.000Z,300,false
V008754,OOMS,SGAS,2026-01-05T17:21:00.000Z,2026-01-06T10:18:00.000Z,300,false
V008755,SGAS,OYSN,2026-01-05T07:32:00.000Z,2026-01-05T22:22:00.000Z,360,false
V008756,OYSN,SGAS,2026-01-05T01:22:00.000Z,2026-01-05T16:12:00.000Z,300,false
V008757,SGAS,OYSN,2026-01-05T12:14:00.000Z,2026-01-06T03:04:00.000Z,360,false
V008758,OYSN,SGAS,2026-01-05T06:34:00.000Z,2026-01-05T21:24:00.000Z,300,false
V008759,SGAS,OYSN,2026-01-05T16:34:00.000Z,2026-01-06T07:24:00.000Z,320,false
V008760,OYSN,SGAS,2026-01-05T13:30:00.000Z,2026-01-06T04:20:00.000Z,360,false
V008761,SGAS,OYSN,2026-01-06T03:27:00.000Z,2026-01-06T18:17:00.000Z,360,false
V008762,OYSN,SGAS,2026-01-05T17:11:00.000Z,2026-01-06T08:01:00.000Z,300,false
V008763,SGAS,OPKC,2026-01-05T04:28:00.000Z,2026-01-05T22:34:00.000Z,360,false
V008764,OPKC,SGAS,2026-01-04T23:19:00.000Z,2026-01-05T17:25:00.000Z,340,false
V008765,SGAS,OPKC,2026-01-06T03:48:00.000Z,2026-01-05T21:54:00.000Z,360,false
V008766,OPKC,SGAS,2026-01-05T13:05:00.000Z,2026-01-06T07:11:00.000Z,340,false
V008767,SGAS,UBBB,2026-01-05T07:54:00.000Z,2026-01-06T00:27:00.000Z,300,false
V008768,UBBB,SGAS,2026-01-04T22:27:00.000Z,2026-01-05T15:00:00.000Z,340,false
V008769,SGAS,UBBB,2026-01-05T12:31:00.000Z,2026-01-06T05:04:00.000Z,340,false
V008770,UBBB,SGAS,2026-01-05T06:38:00.000Z,2026-01-05T23:11:00.000Z,320,false
V008771,SGAS,UBBB,2026-01-06T00:56:00.000Z,2026-01-06T17:29:00.000Z,320,false
V008772,UBBB,SGAS,2026-01-05T20:10:00.000Z,2026-01-06T12:43:00.000Z,300,false
V008773,SGAS,OJAI,2026-01-05T09:42:00.000Z,2026-01-06T00:16:00.000Z,360,false
V008774,OJAI,SGAS,2026-01-05T01:03:00.000Z,2026-01-05T15:37:00.000Z,320,false
V008775,SGAS,OJAI,2026-01-05T15:37:00.000Z,2026-01-06T06:11:00.000Z,360,false
V008776,OJAI,SGAS,2026-01-05T07:56:00.000Z,2026-01-05T22:30:00.000Z,320,false
V008777,SGAS,OJAI,2026-01-06T03:19:00.000Z,2026-01-06T17:53:00.000Z,300,false
V008778,OJAI,SGAS,2026-01-05T15:35:00.000Z,2026-01-06T06:09:00.000Z,300,false
V008779,SUAA,LATI,2026-01-05T07:56:00.000Z,2026-01-05T22:10:00.000Z,340,false
V008780,LATI,SUAA,2026-01-05T00:32:00.000Z,2026-01-05T14:46:00.000Z,320,false
V008781,SUAA,LATI,2026-01-05T14:08:00.000Z,2026-01-06T04:22:00.000Z,340,false
V008782,LATI,SUAA,2026-01-05T08:28:00.000Z,2026-01-05T22:42:00.000Z,340,false
V008783,SUAA,LATI,2026-01-05T20:15:00.000Z,2026-01-06T10:29:00.000Z,340,false
V008784,LATI,SUAA,2026-01-05T14:36:00.000Z,2026-01-06T04:50:00.000Z,300,false
V008785,SUAA,LATI,2026-01-05T23:09:00.000Z,2026-01-06T13:23:00.000Z,300,false
V008786,LATI,SUAA,2026-01-05T20:04:00.000Z,2026-01-06T10:18:00.000Z,320,false
V008787,SUAA,EDDI,2026-01-05T05:02:00.000Z,2026-01-05T19:42:00.000Z,300,false
V008788,EDDI,SUAA,2026-01-05T00:55:00.000Z,2026-01-05T15:35:00.000Z,320,false
V008789,SUAA,EDDI,2026-01-05T11:39:00.000Z,2026-01-06T02:19:00.000Z,300,false
V008790,EDDI,SUAA,2026-01-05T09:17:00.000Z,2026-01-05T23:57:00.000Z,340,false
V008791,SUAA,EDDI,2026-01-05T18:44:00.000Z,2026-01-06T09:24:00.000Z,320,false
V008792,EDDI,SUAA,2026-01-05T11:42:00.000Z,2026-01-06T02:22:00.000Z,320,false
V008793,SUAA,EDDI,2026-01-06T00:57:00.000Z,2026-01-06T15:37:00.000Z,300,false
V008794,EDDI,SUAA,2026-01-05T17:33:00.000Z,2026-01-06T08:13:00.000Z,360,false
V008795,SUAA,LOWW,2026-01-05T06:41:00.000Z,2026-01-05T21:15:00.000Z,360,false
V008796,LOWW,SUAA,2026-01-05T00:08:00.000Z,2026-01-05T14:42:00.000Z,340,false
V008797,SUAA,LOWW,2026-01-05T11:11:00.000Z,2026-01-06T01:45:00.000Z,300,false
V008798,LOWW,SUAA,2026-01-05T06:09:00.000Z,2026-01-05T20:43:00.000Z,320,false
V008799,SUAA,LOWW,2026-01-05T20:08:00.000Z,2026-01-06T10:42:00.000Z,300,false
V008800,LOWW,SUAA,2026-01-05T12:22:00.000Z,2026-01-06T02:56:00.000Z,320,false
V008801,SUAA,LOWW,2026-01-05T21:03:00.000Z,2026-01-06T11:37:00.000Z,320,false
V008802,LOWW,SUAA,2026-01-05T16:52:00.000Z,2026-01-06T07:26:00.000Z,320,false
V008803,SUAA,EBCI,2026-01-05T06:22:00.000Z,2026-01-05T20:15:00.000Z,320,false
V008804,EBCI,SUAA,2026-01-04T22:02:00.000Z,2026-01-05T11:55:00.000Z,340,false
V008805,SUAA,EBCI,2026-01-05T12:14:00.000Z,2026-01-06T02:07:00.000Z,340,false
V008806,EBCI,SUAA,2026-01-05T04:34:00.000Z,2026-01-05T18:27:00.000Z,360,false
V008807,SUAA,EBCI,2026-01-05T15:52:00.000Z,2026-01-06T05:45:00.000Z,360,false
V008808,EBCI,SUAA,2026-01-05T10:13:00.000Z,2026-01-06T00:06:00.000Z,360,false
V008809,SUAA,EBCI,2026-01-05T21:33:00.000Z,2026-01-06T11:26:00.000Z,360,false
V008810,EBCI,SUAA,2026-01-05T21:55:00.000Z,2026-01-06T11:48:00.000Z,320,false
V008811,SUAA,UMMS,2026-01-05T06:41:00.000Z,2026-01-05T22:31:00.000Z,300,false
V008812,UMMS,SUAA,2026-01-05T00:36:00.000Z,2026-01-05T16:26:00.000Z,320,false
V008813,SUAA,UMMS,2026-01-05T11:52:00.000Z,2026-01-06T03:42:00.000Z,360,false
V008814,UMMS,SUAA,2026-01-05T09:16:00.000Z,2026-01-06T01:06:00.000Z,360,false
V008815,SUAA,UMMS,2026-01-05T22:29:00.000Z,2026-01-06T14:19:00.000Z,300,false
V008816,UMMS,SUAA,2026-01-05T17:12:00.000Z,2026-01-06T09:02:00.000Z,340,false
V008817,SUAA,LBSF,2026-01-05T05:16:00.000Z,2026-01-05T19:56:00.000Z,340,false
V008818,LBSF,SUAA,2026-01-04T23:40:00.000Z,2026-01-05T14:20:00.000Z,340,false
V008819,SUAA,LBSF,2026-01-05T10:25:00.000Z,2026-01-06T01:05:00.000Z,300,false
V008820,LBSF,SUAA,2026-01-05T07:31:00.000Z,2026-01-05T22:11:00.000Z,340,false
V008821,SUAA,LBSF,2026-01-05T15:44:00.000Z,2026-01-06T06:24:00.000Z,340,false
V008822,LBSF,SUAA,2026-01-05T12:13:00.000Z,2026-01-06T02:53:00.000Z,300,false
V008823,SUAA,LBSF,2026-01-06T02:32:00.000Z,2026-01-06T17:12:00.000Z,340,false
V008824,LBSF,SUAA,2026-01-05T16:31:00.000Z,2026-01-06T07:11:00.000Z,300,false
V008825,SUAA,LKPR,2026-01-05T08:30:00.000Z,2026-01-05T23:05:00.000Z,360,false
V008826,LKPR,SUAA,2026-01-04T22:08:00.000Z,2026-01-05T12:43:00.000Z,300,false
V008827,SUAA,LKPR,2026-01-05T10:49:00.000Z,2026-01-06T01:24:00.000Z,340,false
V008828,LKPR,SUAA,2026-01-05T05:59:00.000Z,2026-01-05T20:34:00.000Z,360,false
V008829,SUAA,LKPR,2026-01-05T17:32:00.000Z,2026-01-06T08:07:00.000Z,320,false
V008830,LKPR,SUAA,2026-01-05T12:59:00.000Z,2026-01-06T03:34:00.000Z,360,false
V008831,SUAA,LKPR,2026-01-05T22:50:00.000Z,2026-01-06T13:25:00.000Z,300,false
V008832,LKPR,SUAA,2026-01-05T17:19:00.000Z,2026-01-06T07:54:00.000Z,360,false
V008833,SUAA,LDZA,2026-01-05T07:11:00.000Z,2026-01-05T21:30:00.000Z,300,false
V008834,LDZA,SUAA,2026-01-05T00:20:00.000Z,2026-01-05T14:39:00.000Z,300,false
V008835,SUAA,LDZA,2026-01-05T15:25:00.000Z,2026-01-06T05:44:00.000Z,340,false
V008836,LDZA,SUAA,2026-01-05T11:10:00.000Z,2026-01-06T01:29:00.000Z,300,false
V008837,SUAA,LDZA,2026-01-05T23:35:00.000Z,2026-01-06T13:54:00.000Z,300,false
V008838,LDZA,SUAA,2026-01-05T14:26:00.000Z,2026-01-06T04:45:00.000Z,360,false
V008839,SUAA,EKCH,2026-01-05T07:05:00.000Z,2026-01-05T21:56:00.000Z,320,false
V008840,EKCH,SUAA,2026-01-05T00:33:00.000Z,2026-01-05T15:24:00.000Z,360,false
V008841,SUAA,EKCH,2026-01-05T09:38:00.000Z,2026-01-06T00:29:00.000Z,340,false
V008842,EKCH,SUAA,2026-01-05T05:44:00.000Z,2026-01-05T20:35:00.000Z,360,false
V008843,SUAA,EKCH,2026-01-05T19:48:00.000Z,2026-01-06T10:39:00.000Z,340,false
V008844,EKCH,SUAA,2026-01-05T10:58:00.000Z,2026-01-06T01:49:00.000Z,340,false
V008845,SUAA,EKCH,2026-01-05T22:39:00.000Z,2026-01-06T13:30:00.000Z,340,false
V008846,EKCH,SUAA,2026-01-05T17:24:00.000Z,2026-01-06T08:15:00.000Z,320,false
V008847,SUAA,EHAM,2026-01-05T07:27:00.000Z,2026-01-05T21:32:00.000Z,320,false
V008848,EHAM,SUAA,2026-01-05T02:43:00.000Z,2026-01-05T16:48:00.000Z,360,false
V008849,SUAA,EHAM,2026-01-05T13:46:00.000Z,2026-01-06T03:51:00.000Z,300,false
V008850,EHAM,SUAA,2026-01-05T06:03:00.000Z,2026-01-05T20:08:00.000Z,300,false
V008851,SUAA,EHAM,2026-01-05T19:03:00.000Z,2026-01-06T09:08:00.000Z,340,false
V008852,EHAM,SUAA,2026-01-05T13:56:00.000Z,2026-01-06T04:01:00.000Z,340,false
V008853,SUAA,EHAM,2026-01-06T02:52:00.000Z,2026-01-06T16:57:00.000Z,320,false
V008854,EHAM,SUAA,2026-01-05T18:17:00.000Z,2026-01-06T08:22:00.000Z,340,false
V008855,SUAA,VIDP,2026-01-05T04:19:00.000Z,2026-01-05T23:51:00.000Z,300,false
V008856,VIDP,SUAA,2026-01-04T23:28:00.000Z,2026-01-05T19:00:00.000Z,340,false
V008857,SUAA,VIDP,2026-01-05T10:47:00.000Z,2026-01-06T06:19:00.000Z,300,false
V008858,VIDP,SUAA,2026-01-05T05:14:00.000Z,2026-01-06T00:46:00.000Z,320,false
V008859,SUAA,VIDP,2026-01-05T15:10:00.000Z,2026-01-06T10:42:00.000Z,340,false
V008860,VIDP,SUAA,2026-01-05T10:15:00.000Z,2026-01-06T05:47:00.000Z,360,false
V008861,SUAA,VIDP,2026-01-05T21:10:00.000Z,2026-01-06T16:42:00.000Z,360,false
V008862,VIDP,SUAA,2026-01-05T17:45:00.000Z,2026-01-06T13:17:00.000Z,340,false
V008863,SUAA,OSDI,2026-01-05T06:25:00.000Z,2026-01-05T21:41:00.000Z,320,false
V008864,OSDI,SUAA,2026-01-04T23:48:00.000Z,2026-01-05T15:04:00.000Z,360,false
V008865,SUAA,OSDI,2026-01-05T12:57:00.000Z,2026-01-06T04:13:00.000Z,340,false
V008866,OSDI,SUAA,2026-01-05T07:09:00.000Z,2026-01-05T22:25:00.000Z,340,false
V008867,SUAA,OSDI,2026-01-05T18:20:00.000Z,2026-01-06T09:36:00.000Z,320,false
V008868,OSDI,SUAA,2026-01-05T10:19:00.000Z,2026-01-06T01:35:00.000Z,340,false
V008869,SUAA,OSDI,2026-01-05T21:31:00.000Z,2026-01-06T12:47:00.000Z,300,false
V008870,OSDI,SUAA,2026-01-05T15:33:00.000Z,2026-01-06T06:49:00.000Z,320,false
V008871,SUAA,OAKB,2026-01-05T07:22:00.000Z,2026-01-06T02:15:00.000Z,360,false
V008872,OAKB,SUAA,2026-01-04T23:56:00.000Z,2026-01-05T18:49:00.000Z,340,false
V008873,SUAA,OAKB,2026-01-05T14:19:00.000Z,2026-01-06T09:12:00.000Z,340,false
V008874,OAKB,SUAA,2026-01-05T03:17:00.000Z,2026-01-05T22:10:00.000Z,360,false
V008875,SUAA,OAKB,2026-01-05T19:20:00.000Z,2026-01-06T14:13:00.000Z,360,false
V008876,OAKB,SUAA,2026-01-05T13:46:00.000Z,2026-01-06T08:39:00.000Z,340,false
V008877,SUAA,OAKB,2026-01-06T00:32:00.000Z,2026-01-06T19:25:00.000Z,320,false
V008878,OAKB,SUAA,2026-01-05T18:55:00.000Z,2026-01-06T13:48:00.000Z,300,false
V008879,SUAA,OOMS,2026-01-05T07:41:00.000Z,2026-01-06T00:44:00.000Z,320,false
V008880,OOMS,SUAA,2026-01-04T23:24:00.000Z,2026-01-05T16:27:00.000Z,340,false
V008881,SUAA,OOMS,2026-01-05T12:37:00.000Z,2026-01-06T05:40:00.000Z,320,false
V008882,OOMS,SUAA,2026-01-05T07:38:00.000Z,2026-01-06T00:41:00.000Z,300,false
V008883,SUAA,OOMS,2026-01-05T16:53:00.000Z,2026-01-06T09:56:00.000Z,360,false
V008884,OOMS,SUAA,2026-01-05T10:33:00.000Z,2026-01-06T03:36:00.000Z,320,false
V008885,SUAA,OOMS,2026-01-05T21:41:00.000Z,2026-01-06T14:44:00.000Z,300,false
V008886,OOMS,SUAA,2026-01-05T17:59:00.000Z,2026-01-06T11:02:00.000Z,360,false
V008887,SUAA,OYSN,2026-01-05T06:29:00.000Z,2026-01-05T21:22:00.000Z,340,false
V008888,OYSN,SUAA,2026-01-04T23:26:00.000Z,2026-01-05T14:19:00.000Z,360,false
V008889,SUAA,OYSN,2026-01-05T09:29:00.000Z,2026-01-06T00:22:00.000Z,360,false
V008890,OYSN,SUAA,2026-01-05T04:28:00.000Z,2026-01-05T19:21:00.000Z,360,false
V008891,SUAA,OYSN,2026-01-05T19:58:00.000Z,2026-01-06T10:51:00.000Z,360,false
V008892,OYSN,SUAA,2026-01-05T09:18:00.000Z,2026-01-06T00:11:00.000Z,300,false
V008893,SUAA,OYSN,2026-01-05T21:38:00.000Z,2026-01-06T12:31:00.000Z,320,false
V008894,OYSN,SUAA,2026-01-05T20:23:00.000Z,2026-01-06T11:16:00.000Z,340,false
V008895,SUAA,OPKC,2026-01-05T07:15:00.000Z,2026-01-06T01:24:00.000Z,300,false
V008896,OPKC,SUAA,2026-01-04T23:03:00.000Z,2026-01-05T17:12:00.000Z,360,false
V008897,SUAA,OPKC,2026-01-05T09:30:00.000Z,2026-01-06T03:39:00.000Z,360,false
V008898,OPKC,SUAA,2026-01-05T02:09:00.000Z,2026-01-05T20:18:00.000Z,320,false
V008899,SUAA,OPKC,2026-01-05T16:25:00.000Z,2026-01-06T10:34:00.000Z,340,false
V008900,OPKC,SUAA,2026-01-05T11:18:00.000Z,2026-01-06T05:27:00.000Z,340,false
V008901,SUAA,OPKC,2026-01-05T22:21:00.000Z,2026-01-06T16:30:00.000Z,300,false
V008902,OPKC,SUAA,2026-01-05T16:40:00.000Z,2026-01-06T10:49:00.000Z,360,false
V008903,SUAA,UBBB,2026-01-05T09:58:00.000Z,2026-01-06T03:04:00.000Z,320,false
V008904,UBBB,SUAA,2026-01-05T02:25:00.000Z,2026-01-05T19:31:00.000Z,300,false
V008905,SUAA,UBBB,2026-01-05T16:27:00.000Z,2026-01-06T09:33:00.000Z,340,false
V008906,UBBB,SUAA,2026-01-05T11:26:00.000Z,2026-01-06T04:32:00.000Z,300,false
V008907,SUAA,UBBB,2026-01-05T20:30:00.000Z,2026-01-06T13:36:00.000Z,320,false
V008908,UBBB,SUAA,2026-01-05T19:28:00.000Z,2026-01-06T12:34:00.000Z,360,false
V008909,SUAA,OJAI,2026-01-05T08:57:00.000Z,2026-01-05T23:59:00.000Z,320,false
V008910,OJAI,SUAA,2026-01-05T04:51:00.000Z,2026-01-05T19:53:00.000Z,320,false
V008911,SUAA,OJAI,2026-01-05T14:16:00.000Z,2026-01-06T05:18:00.000Z,300,false
V008912,OJAI,SUAA,2026-01-05T06:31:00.000Z,2026-01-05T21:33:00.000Z,340,false
V008913,SUAA,OJAI,2026-01-05T22:00:00.000Z,2026-01-06T13:02:00.000Z,340,false
V008914,OJAI,SUAA,2026-01-05T13:16:00.000Z,2026-01-06T04:18:00.000Z,360,false
V008915,LATI,EDDI,2026-01-05T00:41:00.000Z,2026-01-05T02:19:00.000Z,360,false
V008916,EDDI,LATI,2026-01-05T01:41:00.000Z,2026-01-05T03:19:00.000Z,320,false
V008917,LATI,EDDI,2026-01-05T07:59:00.000Z,2026-01-05T09:37:00.000Z,360,false
V008918,EDDI,LATI,2026-01-05T07:19:00.000Z,2026-01-05T08:57:00.000Z,320,false
V008919,LATI,EDDI,2026-01-05T12:21:00.000Z,2026-01-05T13:59:00.000Z,320,false
V008920,EDDI,LATI,2026-01-05T14:23:00.000Z,2026-01-05T16:01:00.000Z,360,false
V008921,LATI,EDDI,2026-01-05T20:55:00.000Z,2026-01-05T22:33:00.000Z,360,false
V008922,EDDI,LATI,2026-01-05T21:50:00.000Z,2026-01-05T23:28:00.000Z,320,false
V008923,LATI,LOWW,2026-01-04T22:44:00.000Z,2026-01-04T23:45:00.000Z,360,false
V008924,LOWW,LATI,2026-01-05T01:20:00.000Z,2026-01-05T02:21:00.000Z,300,false
V008925,LATI,LOWW,2026-01-05T06:43:00.000Z,2026-01-05T07:44:00.000Z,320,false
V008926,LOWW,LATI,2026-01-05T08:36:00.000Z,2026-01-05T09:37:00.000Z,340,false
V008927,LATI,LOWW,2026-01-05T14:18:00.000Z,2026-01-05T15:19:00.000Z,300,false
V008928,LOWW,LATI,2026-01-05T14:24:00.000Z,2026-01-05T15:25:00.000Z,360,false
V008929,LATI,LOWW,2026-01-05T17:57:00.000Z,2026-01-05T18:58:00.000Z,360,false
V008930,LOWW,LATI,2026-01-05T20:10:00.000Z,2026-01-05T21:11:00.000Z,300,false
V008931,LATI,EBCI,2026-01-05T00:32:00.000Z,2026-01-05T02:27:00.000Z,360,false
V008932,EBCI,LATI,2026-01-05T00:04:00.000Z,2026-01-05T01:59:00.000Z,300,false
V008933,LATI,EBCI,2026-01-05T06:31:00.000Z,2026-01-05T08:26:00.000Z,300,false
V008934,EBCI,LATI,2026-01-05T04:28:00.000Z,2026-01-05T06:23:00.000Z,340,false
V008935,LATI,EBCI,2026-01-05T12:26:00.000Z,2026-01-05T14:21:00.000Z,340,false
V008936,EBCI,LATI,2026-01-05T10:28:00.000Z,2026-01-05T12:23:00.000Z,320,false
V008937,LATI,EBCI,2026-01-05T18:07:00.000Z,2026-01-05T20:02:00.000Z,300,false
V008938,EBCI,LATI,2026-01-05T16:39:00.000Z,2026-01-05T18:34:00.000Z,360,false
V008939,LATI,UMMS,2026-01-05T02:17:00.000Z,2026-01-05T04:09:00.000Z,340,false
V008940,UMMS,LATI,2026-01-05T01:30:00.000Z,2026-01-05T03:22:00.000Z,320,false
V008941,LATI,UMMS,2026-01-05T05:08:00.000Z,2026-01-05T07:00:00.000Z,360,false
V008942,UMMS,LATI,2026-01-05T03:34:00.000Z,2026-01-05T05:26:00.000Z,320,false
V008943,LATI,UMMS,2026-01-05T14:43:00.000Z,2026-01-05T16:35:00.000Z,340,false
V008944,UMMS,LATI,2026-01-05T09:18:00.000Z,2026-01-05T11:10:00.000Z,320,false
V008945,LATI,UMMS,2026-01-05T19:15:00.000Z,2026-01-05T21:07:00.000Z,340,false
V008946,UMMS,LATI,2026-01-05T20:54:00.000Z,2026-01-05T22:46:00.000Z,360,false
V008947,LATI,LBSF,2026-01-05T00:20:00.000Z,2026-01-05T00:46:00.000Z,300,false
V008948,LBSF,LATI,2026-01-05T00:17:00.000Z,2026-01-05T00:43:00.000Z,300,false
V008949,LATI,LBSF,2026-01-05T06:24:00.000Z,2026-01-05T06:50:00.000Z,320,false
V008950,LBSF,LATI,2026-01-05T08:55:00.000Z,2026-01-05T09:21:00.000Z,320,false
V008951,LATI,LBSF,2026-01-05T13:28:00.000Z,2026-01-05T13:54:00.000Z,340,false
V008952,LBSF,LATI,2026-01-05T11:04:00.000Z,2026-01-05T11:30:00.000Z,360,false
V008953,LATI,LBSF,2026-01-05T19:10:00.000Z,2026-01-05T19:36:00.000Z,360,false
V008954,LBSF,LATI,2026-01-05T15:59:00.000Z,2026-01-05T16:25:00.000Z,360,false
V008955,LATI,LKPR,2026-01-04T23:05:00.000Z,2026-01-05T00:26:00.000Z,300,false
V008956,LKPR,LATI,2026-01-05T00:38:00.000Z,2026-01-05T01:59:00.000Z,300,false
V008957,LATI,LKPR,2026-01-05T04:46:00.000Z,2026-01-05T06:07:00.000Z,320,false
V008958,LKPR,LATI,2026-01-05T04:37:00.000Z,2026-01-05T05:58:00.000Z,360,false
V008959,LATI,LKPR,2026-01-05T11:29:00.000Z,2026-01-05T12:50:00.000Z,300,false
V008960,LKPR,LATI,2026-01-05T11:49:00.000Z,2026-01-05T13:10:00.000Z,360,false
V008961,LATI,LKPR,2026-01-05T19:54:00.000Z,2026-01-05T21:15:00.000Z,340,false
V008962,LKPR,LATI,2026-01-05T16:08:00.000Z,2026-01-05T17:29:00.000Z,320,false
V008963,LATI,LDZA,2026-01-05T02:18:00.000Z,2026-01-05T02:56:00.000Z,340,false
V008964,LDZA,LATI,2026-01-05T02:56:00.000Z,2026-01-05T03:34:00.000Z,340,false
V008965,LATI,LDZA,2026-01-05T05:39:00.000Z,2026-01-05T06:17:00.000Z,360,false
V008966,LDZA,LATI,2026-01-05T05:13:00.000Z,2026-01-05T05:51:00.000Z,320,false
V008967,LATI,LDZA,2026-01-05T13:33:00.000Z,2026-01-05T14:11:00.000Z,360,false
V008968,LDZA,LATI,2026-01-05T11:52:00.000Z,2026-01-05T12:30:00.000Z,340,false
V008969,LATI,LDZA,2026-01-05T20:00:00.000Z,2026-01-05T20:38:00.000Z,320,false
V008970,LDZA,LATI,2026-01-05T20:41:00.000Z,2026-01-05T21:19:00.000Z,360,false
V008971,LATI,EKCH,2026-01-05T03:26:00.000Z,2026-01-05T05:29:00.000Z,340,false
V008972,EKCH,LATI,2026-01-04T23:02:00.000Z,2026-01-05T01:05:00.000Z,340,false
V008973,LATI,EKCH,2026-01-05T09:10:00.000Z,2026-01-05T11:13:00.000Z,360,false
V008974,EKCH,LATI,2026-01-05T13:55:00.000Z,2026-01-05T15:58:00.000Z,360,false
V008975,LATI,EKCH,2026-01-05T17:12:00.000Z,2026-01-05T19:15:00.000Z,300,false
V008976,EKCH,LATI,2026-01-05T21:17:00.000Z,2026-01-05T23:20:00.000Z,320,false
V008977,LATI,EHAM,2026-01-05T01:32:00.000Z,2026-01-05T03:38:00.000Z,340,false
V008978,EHAM,LATI,2026-01-04T22:28:00.000Z,2026-01-05T00:34:00.000Z,320,false
V008979,LATI,EHAM,2026-01-05T08:59:00.000Z,2026-01-05T11:05:00.000Z,340,false
V008980,EHAM,LATI,2026-01-05T09:11:00.000Z,2026-01-05T11:17:00.000Z,320,false
V008981,LATI,EHAM,2026-01-05T10:43:00.000Z,2026-01-05T12:49:00.000Z,300,false
V008982,EHAM,LATI,2026-01-05T12:24:00.000Z,2026-01-05T14:30:00.000Z,320,false
V008983,LATI,EHAM,2026-01-05T19:42:00.000Z,2026-01-05T21:48:00.000Z,320,false
V008984,EHAM,LATI,2026-01-05T16:02:00.000Z,2026-01-05T18:08:00.000Z,320,false
V008985,LATI,VIDP,2026-01-05T01:50:00.000Z,2026-01-05T08:38:00.000Z,360,false
V008986,VIDP,LATI,2026-01-04T21:43:00.000Z,2026-01-05T04:31:00.000Z,320,false
V008987,LATI,VIDP,2026-01-05T07:38:00.000Z,2026-01-05T14:26:00.000Z,320,false
V008988,VIDP,LATI,2026-01-05T04:47:00.000Z,2026-01-05T11:35:00.000Z,340,false
V008989,LATI,VIDP,2026-01-05T14:29:00.000Z,2026-01-05T21:17:00.000Z,360,false
V008990,VIDP,LATI,2026-01-05T07:35:00.000Z,2026-01-05T14:23:00.000Z,360,false
V008991,LATI,VIDP,2026-01-05T16:02:00.000Z,2026-01-05T22:50:00.000Z,360,false
V008992,VIDP,LATI,2026-01-05T13:31:00.000Z,2026-01-05T20:19:00.000Z,320,false
V008993,LATI,OSDI,2026-01-05T00:02:00.000Z,2026-01-05T02:13:00.000Z,360,false
V008994,OSDI,LATI,2026-01-04T21:50:00.000Z,2026-01-05T00:01:00.000Z,300,false
V008995,LATI,OSDI,2026-01-05T08:02:00.000Z,2026-01-05T10:13:00.000Z,360,false
V008996,OSDI,LATI,2026-01-05T10:48:00.000Z,2026-01-05T12:59:00.000Z,300,false
V008997,LATI,OSDI,2026-01-05T15:23:00.000Z,2026-01-05T17:34:00.000Z,360,false
V008998,OSDI,LATI,2026-01-05T19:19:00.000Z,2026-01-05T21:30:00.000Z,360,false
V008999,LATI,OAKB,2026-01-05T02:52:00.000Z,2026-01-05T08:25:00.000Z,360,false
V009000,OAKB,LATI,2026-01-05T06:01:00.000Z,2026-01-05T11:34:00.000Z,300,false
V009001,LATI,OAKB,2026-01-05T19:49:00.000Z,2026-01-06T01:22:00.000Z,320,false
V009002,OAKB,LATI,2026-01-05T15:22:00.000Z,2026-01-05T20:55:00.000Z,340,false
V009003,LATI,OOMS,2026-01-05T05:40:00.000Z,2026-01-05T10:52:00.000Z,320,false
V009004,OOMS,LATI,2026-01-04T22:12:00.000Z,2026-01-05T03:24:00.000Z,340,false
V009005,LATI,OOMS,2026-01-05T09:01:00.000Z,2026-01-05T14:13:00.000Z,340,false
V009006,OOMS,LATI,2026-01-05T04:41:00.000Z,2026-01-05T09:53:00.000Z,300,false
V009007,LATI,OOMS,2026-01-05T14:21:00.000Z,2026-01-05T19:33:00.000Z,320,false
V009008,OOMS,LATI,2026-01-05T14:33:00.000Z,2026-01-05T19:45:00.000Z,320,false
V009009,LATI,OYSN,2026-01-05T00:28:00.000Z,2026-01-05T05:12:00.000Z,300,false
V009010,OYSN,LATI,2026-01-04T23:21:00.000Z,2026-01-05T04:05:00.000Z,300,false
V009011,LATI,OYSN,2026-01-05T08:39:00.000Z,2026-01-05T13:23:00.000Z,300,false
V009012,OYSN,LATI,2026-01-05T07:09:00.000Z,2026-01-05T11:53:00.000Z,360,false
V009013,LATI,OYSN,2026-01-05T21:24:00.000Z,2026-01-06T02:08:00.000Z,320,false
V009014,OYSN,LATI,2026-01-05T19:22:00.000Z,2026-01-06T00:06:00.000Z,360,false
V009015,LATI,OPKC,2026-01-05T00:23:00.000Z,2026-01-05T06:26:00.000Z,300,false
V009016,OPKC,LATI,2026-01-04T19:58:00.000Z,2026-01-05T02:01:00.000Z,360,false
V009017,LATI,OPKC,2026-01-05T06:14:00.000Z,2026-01-05T12:17:00.000Z,320,false
V009018,OPKC,LATI,2026-01-05T01:04:00.000Z,2026-01-05T07:07:00.000Z,300,false
V009019,LATI,OPKC,2026-01-05T11:41:00.000Z,2026-01-05T17:44:00.000Z,320,false
V009020,OPKC,LATI,2026-01-05T12:30:00.000Z,2026-01-05T18:33:00.000Z,360,false
V009021,LATI,OPKC,2026-01-05T19:42:00.000Z,2026-01-06T01:45:00.000Z,320,false
V009022,OPKC,LATI,2026-01-05T18:47:00.000Z,2026-01-06T00:50:00.000Z,340,false
V009023,LATI,UBBB,2026-01-05T02:14:00.000Z,2026-01-05T05:31:00.000Z,360,false
V009024,UBBB,LATI,2026-01-05T00:49:00.000Z,2026-01-05T04:06:00.000Z,300,false
V009025,LATI,UBBB,2026-01-05T07:31:00.000Z,2026-01-05T10:48:00.000Z,340,false
V009026,UBBB,LATI,2026-01-05T06:44:00.000Z,2026-01-05T10:01:00.000Z,300,false
V009027,LATI,UBBB,2026-01-05T12:01:00.000Z,2026-01-05T15:18:00.000Z,360,false
V009028,UBBB,LATI,2026-01-05T13:29:00.000Z,2026-01-05T16:46:00.000Z,360,false
V009029,LATI,UBBB,2026-01-05T20:45:00.000Z,2026-01-06T00:02:00.000Z,300,false
V009030,UBBB,LATI,2026-01-05T16:00:00.000Z,2026-01-05T19:17:00.000Z,360,false
V009031,LATI,OJAI,2026-01-04T23:31:00.000Z,2026-01-05T01:47:00.000Z,300,false
V009032,OJAI,LATI,2026-01-05T13:22:00.000Z,2026-01-05T15:38:00.000Z,360,false
V009033,EDDI,LOWW,2026-01-05T03:45:00.000Z,2026-01-05T04:22:00.000Z,320,false
V009034,LOWW,EDDI,2026-01-05T03:09:00.000Z,2026-01-05T03:46:00.000Z,360,false
V009035,EDDI,LOWW,2026-01-05T06:07:00.000Z,2026-01-05T06:44:00.000Z,360,false
V009036,LOWW,EDDI,2026-01-05T09:41:00.000Z,2026-01-05T10:18:00.000Z,320,false
V009037,EDDI,LOWW,2026-01-05T12:44:00.000Z,2026-01-05T13:21:00.000Z,340,false
V009038,LOWW,EDDI,2026-01-05T11:04:00.000Z,2026-01-05T11:41:00.000Z,340,false
V009039,EDDI,LOWW,2026-01-05T17:17:00.000Z,2026-01-05T17:54:00.000Z,360,false
V009040,LOWW,EDDI,2026-01-05T16:51:00.000Z,2026-01-05T17:28:00.000Z,320,false
V009041,EDDI,EBCI,2026-01-05T01:55:00.000Z,2026-01-05T02:45:00.000Z,300,false
V009042,EBCI,EDDI,2026-01-05T02:41:00.000Z,2026-01-05T03:31:00.000Z,360,false
V009043,EDDI,EBCI,2026-01-05T06:59:00.000Z,2026-01-05T07:49:00.000Z,300,false
V009044,EBCI,EDDI,2026-01-05T08:37:00.000Z,2026-01-05T09:27:00.000Z,300,false
V009045,EDDI,EBCI,2026-01-05T18:28:00.000Z,2026-01-05T19:18:00.000Z,320,false
V009046,EBCI,EDDI,2026-01-05T19:21:00.000Z,2026-01-05T20:11:00.000Z,360,false
V009047,EDDI,UMMS,2026-01-05T00:27:00.000Z,2026-01-05T01:43:00.000Z,300,false
V009048,UMMS,EDDI,2026-01-04T23:14:00.000Z,2026-01-05T00:30:00.000Z,340,false
V009049,EDDI,UMMS,2026-01-05T08:41:00.000Z,2026-01-05T09:57:00.000Z,340,false
V009050,UMMS,EDDI,2026-01-05T05:08:00.000Z,2026-01-05T06:24:00.000Z,300,false
V009051,EDDI,UMMS,2026-01-05T14:00:00.000Z,2026-01-05T15:16:00.000Z,320,false
V009052,UMMS,EDDI,2026-01-05T18:57:00.000Z,2026-01-05T20:13:00.000Z,320,false
V009053,EDDI,LBSF,2026-01-05T02:01:00.000Z,2026-01-05T03:42:00.000Z,360,false
V009054,LBSF,EDDI,2026-01-04T21:20:00.000Z,2026-01-04T23:01:00.000Z,300,false
V009055,EDDI,LBSF,2026-01-05T10:22:00.000Z,2026-01-05T12:03:00.000Z,300,false
V009056,LBSF,EDDI,2026-01-05T05:06:00.000Z,2026-01-05T06:47:00.000Z,320,false
V009057,EDDI,LBSF,2026-01-05T20:39:00.000Z,2026-01-05T22:20:00.000Z,360,false
V009058,LBSF,EDDI,2026-01-05T20:47:00.000Z,2026-01-05T22:28:00.000Z,320,false
V009059,EDDI,LKPR,2026-01-05T02:21:00.000Z,2026-01-05T02:38:00.000Z,360,false
V009060,LKPR,EDDI,2026-01-04T23:00:00.000Z,2026-01-04T23:17:00.000Z,300,false
V009061,EDDI,LKPR,2026-01-05T06:12:00.000Z,2026-01-05T06:29:00.000Z,320,false
V009062,LKPR,EDDI,2026-01-05T07:24:00.000Z,2026-01-05T07:41:00.000Z,320,false
V009063,EDDI,LKPR,2026-01-05T15:32:00.000Z,2026-01-05T15:49:00.000Z,340,false
V009064,LKPR,EDDI,2026-01-05T14:27:00.000Z,2026-01-05T14:44:00.000Z,340,false
V009065,EDDI,LKPR,2026-01-05T20:46:00.000Z,2026-01-05T21:03:00.000Z,300,false
V009066,LKPR,EDDI,2026-01-05T20:59:00.000Z,2026-01-05T21:16:00.000Z,360,false
V009067,EDDI,LDZA,2026-01-05T03:03:00.000Z,2026-01-05T04:04:00.000Z,360,false
V009068,LDZA,EDDI,2026-01-05T00:00:00.000Z,2026-01-05T01:01:00.000Z,340,false
V009069,EDDI,LDZA,2026-01-05T09:42:00.000Z,2026-01-05T10:43:00.000Z,360,false
V009070,LDZA,EDDI,2026-01-05T09:27:00.000Z,2026-01-05T10:28:00.000Z,320,false
V009071,EDDI,LDZA,2026-01-05T13:39:00.000Z,2026-01-05T14:40:00.000Z,320,false
V009072,LDZA,EDDI,2026-01-05T13:18:00.000Z,2026-01-05T14:19:00.000Z,340,false
V009073,EDDI,LDZA,2026-01-05T21:58:00.000Z,2026-01-05T22:59:00.000Z,300,false
V009074,LDZA,EDDI,2026-01-05T20:38:00.000Z,2026-01-05T21:39:00.000Z,320,false
V009075,EDDI,EKCH,2026-01-05T01:02:00.000Z,2026-01-05T01:27:00.000Z,300,false
V009076,EKCH,EDDI,2026-01-05T02:07:00.000Z,2026-01-05T02:32:00.000Z,340,false
V009077,EDDI,EKCH,2026-01-05T09:14:00.000Z,2026-01-05T09:39:00.000Z,300,false
V009078,EKCH,EDDI,2026-01-05T07:19:00.000Z,2026-01-05T07:44:00.000Z,340,false
V009079,EDDI,EKCH,2026-01-05T15:11:00.000Z,2026-01-05T15:36:00.000Z,320,false
V009080,EKCH,EDDI,2026-01-05T11:05:00.000Z,2026-01-05T11:30:00.000Z,360,false
V009081,EDDI,EKCH,2026-01-05T18:18:00.000Z,2026-01-05T18:43:00.000Z,340,false
V009082,EKCH,EDDI,2026-01-05T17:02:00.000Z,2026-01-05T17:27:00.000Z,300,false
V009083,EDDI,EHAM,2026-01-05T02:35:00.000Z,2026-01-05T03:21:00.000Z,340,false
V009084,EHAM,EDDI,2026-01-05T01:43:00.000Z,2026-01-05T02:29:00.000Z,300,false
V009085,EDDI,EHAM,2026-01-05T09:50:00.000Z,2026-01-05T10:36:00.000Z,300,false
V009086,EHAM,EDDI,2026-01-05T07:52:00.000Z,2026-01-05T08:38:00.000Z,340,false
V009087,EDDI,EHAM,2026-01-05T21:19:00.000Z,2026-01-05T22:05:00.000Z,360,false
V009088,EHAM,EDDI,2026-01-05T14:49:00.000Z,2026-01-05T15:35:00.000Z,360,false
V009089,EDDI,VIDP,2026-01-05T01:37:00.000Z,2026-01-05T08:58:00.000Z,360,false
V009090,VIDP,EDDI,2026-01-05T00:20:00.000Z,2026-01-05T07:41:00.000Z,340,false
V009091,EDDI,VIDP,2026-01-05T06:17:00.000Z,2026-01-05T13:38:00.000Z,300,false
V009092,VIDP,EDDI,2026-01-05T05:01:00.000Z,2026-01-05T12:22:00.000Z,300,false
V009093,EDDI,VIDP,2026-01-05T12:57:00.000Z,2026-01-05T20:18:00.000Z,300,false
V009094,VIDP,EDDI,2026-01-05T12:51:00.000Z,2026-01-05T20:12:00.000Z,320,false
V009095,EDDI,VIDP,2026-01-05T18:25:00.000Z,2026-01-06T01:46:00.000Z,340,false
V009096,VIDP,EDDI,2026-01-05T13:34:00.000Z,2026-01-05T20:55:00.000Z,340,false
V009097,EDDI,OSDI,2026-01-04T22:05:00.000Z,2026-01-05T01:36:00.000Z,300,false
V009098,OSDI,EDDI,2026-01-05T02:17:00.000Z,2026-01-05T05:48:00.000Z,320,false
V009099,EDDI,OSDI,2026-01-05T13:07:00.000Z,2026-01-05T16:38:00.000Z,360,false
V009100,OSDI,EDDI,2026-01-05T09:33:00.000Z,2026-01-05T13:04:00.000Z,340,false
V009101,EDDI,OSDI,2026-01-05T21:29:00.000Z,2026-01-06T01:00:00.000Z,340,false
V009102,OSDI,EDDI,2026-01-05T13:35:00.000Z,2026-01-05T17:06:00.000Z,300,false
V009103,EDDI,OAKB,2026-01-05T21:14:00.000Z,2026-01-06T03:18:00.000Z,320,false
V009104,OAKB,EDDI,2026-01-05T15:07:00.000Z,2026-01-05T21:11:00.000Z,360,false
V009105,EDDI,OOMS,2026-01-04T23:05:00.000Z,2026-01-05T05:21:00.000Z,300,false
V009106,OOMS,EDDI,2026-01-04T23:52:00.000Z,2026-01-05T06:08:00.000Z,300,false
V009107,EDDI,OOMS,2026-01-05T09:43:00.000Z,2026-01-05T15:59:00.000Z,340,false
V009108,OOMS,EDDI,2026-01-05T03:59:00.000Z,2026-01-05T10:15:00.000Z,360,false
V009109,EDDI,OOMS,2026-01-05T10:14:00.000Z,2026-01-05T16:30:00.000Z,320,false
V009110,OOMS,EDDI,2026-01-05T11:33:00.000Z,2026-01-05T17:49:00.000Z,340,false
V009111,EDDI,OOMS,2026-01-05T16:51:00.000Z,2026-01-05T23:07:00.000Z,360,false
V009112,OOMS,EDDI,2026-01-05T17:46:00.000Z,2026-01-06T00:02:00.000Z,360,false
V009113,EDDI,OYSN,2026-01-05T02:36:00.000Z,2026-01-05T08:49:00.000Z,320,false
V009114,OYSN,EDDI,2026-01-04T21:27:00.000Z,2026-01-05T03:40:00.000Z,360,false
V009115,EDDI,OYSN,2026-01-05T07:42:00.000Z,2026-01-05T13:55:00.000Z,320,false
V009116,OYSN,EDDI,2026-01-05T06:27:00.000Z,2026-01-05T12:40:00.000Z,300,false
V009117,EDDI,OYSN,2026-01-05T10:06:00.000Z,2026-01-05T16:19:00.000Z,340,false
V009118,OYSN,EDDI,2026-01-05T12:57:00.000Z,2026-01-05T19:10:00.000Z,300,false
V009119,EDDI,OYSN,2026-01-05T16:05:00.000Z,2026-01-05T22:18:00.000Z,320,false
V009120,OYSN,EDDI,2026-01-05T19:24:00.000Z,2026-01-06T01:37:00.000Z,360,false
V009121,EDDI,OPKC,2026-01-04T22:23:00.000Z,2026-01-05T05:17:00.000Z,340,false
V009122,OPKC,EDDI,2026-01-04T21:09:00.000Z,2026-01-05T04:03:00.000Z,320,false
V009123,EDDI,OPKC,2026-01-05T11:59:00.000Z,2026-01-05T18:53:00.000Z,340,false
V009124,OPKC,EDDI,2026-01-05T06:59:00.000Z,2026-01-05T13:53:00.000Z,300,false
V009125,EDDI,OPKC,2026-01-05T21:30:00.000Z,2026-01-06T04:24:00.000Z,320,false
V009126,OPKC,EDDI,2026-01-05T15:25:00.000Z,2026-01-05T22:19:00.000Z,360,false
V009127,EDDI,UBBB,2026-01-04T22:44:00.000Z,2026-01-05T02:38:00.000Z,360,false
V009128,UBBB,EDDI,2026-01-05T03:25:00.000Z,2026-01-05T07:19:00.000Z,340,false
V009129,EDDI,UBBB,2026-01-05T04:08:00.000Z,2026-01-05T08:02:00.000Z,320,false
V009130,UBBB,EDDI,2026-01-05T08:28:00.000Z,2026-01-05T12:22:00.000Z,340,false
V009131,EDDI,UBBB,2026-01-05T12:51:00.000Z,2026-01-05T16:45:00.000Z,360,false
V009132,UBBB,EDDI,2026-01-05T12:37:00.000Z,2026-01-05T16:31:00.000Z,320,false
V009133,EDDI,UBBB,2026-01-05T21:54:00.000Z,2026-01-06T01:48:00.000Z,340,false
V009134,UBBB,EDDI,2026-01-05T17:30:00.000Z,2026-01-05T21:24:00.000Z,300,false
V009135,EDDI,OJAI,2026-01-04T23:01:00.000Z,2026-01-05T02:43:00.000Z,340,false
V009136,OJAI,EDDI,2026-01-04T22:38:00.000Z,2026-01-05T02:20:00.000Z,340,false
V009137,EDDI,OJAI,2026-01-05T13:21:00.000Z,2026-01-05T17:03:00.000Z,340,false
V009138,OJAI,EDDI,2026-01-05T11:58:00.000Z,2026-01-05T15:40:00.000Z,360,false
V009139,EDDI,OJAI,2026-01-05T15:02:00.000Z,2026-01-05T18:44:00.000Z,340,false
V009140,OJAI,EDDI,2026-01-05T19:20:00.000Z,2026-01-05T23:02:00.000Z,320,false
V009141,LOWW,EBCI,2026-01-05T02:39:00.000Z,2026-01-05T03:47:00.000Z,320,false
V009142,EBCI,LOWW,2026-01-04T23:56:00.000Z,2026-01-05T01:04:00.000Z,360,false
V009143,LOWW,EBCI,2026-01-05T06:38:00.000Z,2026-01-05T07:46:00.000Z,300,false
V009144,EBCI,LOWW,2026-01-05T05:10:00.000Z,2026-01-05T06:18:00.000Z,320,false
V009145,LOWW,EBCI,2026-01-05T12:04:00.000Z,2026-01-05T13:12:00.000Z,360,false
V009146,EBCI,LOWW,2026-01-05T10:22:00.000Z,2026-01-05T11:30:00.000Z,320,false
V009147,LOWW,EBCI,2026-01-05T20:41:00.000Z,2026-01-05T21:49:00.000Z,300,false
V009148,EBCI,LOWW,2026-01-05T21:46:00.000Z,2026-01-05T22:54:00.000Z,320,false
V009149,LOWW,UMMS,2026-01-04T23:34:00.000Z,2026-01-05T00:50:00.000Z,300,false
V009150,UMMS,LOWW,2026-01-04T22:37:00.000Z,2026-01-04T23:53:00.000Z,320,false
V009151,LOWW,UMMS,2026-01-05T04:25:00.000Z,2026-01-05T05:41:00.000Z,300,false
V009152,UMMS,LOWW,2026-01-05T03:02:00.000Z,2026-01-05T04:18:00.000Z,340,false
V009153,LOWW,UMMS,2026-01-05T14:28:00.000Z,2026-01-05T15:44:00.000Z,340,false
V009154,UMMS,LOWW,2026-01-05T12:18:00.000Z,2026-01-05T13:34:00.000Z,320,false
V009155,LOWW,UMMS,2026-01-05T18:52:00.000Z,2026-01-05T20:08:00.000Z,360,false
V009156,UMMS,LOWW,2026-01-05T17:03:00.000Z,2026-01-05T18:19:00.000Z,320,false
V009157,LOWW,LBSF,2026-01-05T01:45:00.000Z,2026-01-05T02:50:00.000Z,320,false
V009158,LBSF,LOWW,2026-01-05T01:54:00.000Z,2026-01-05T02:59:00.000Z,360,false
V009159,LOWW,LBSF,2026-01-05T07:22:00.000Z,2026-01-05T08:27:00.000Z,340,false
V009160,LBSF,LOWW,2026-01-05T07:59:00.000Z,2026-01-05T09:04:00.000Z,320,false
V009161,LOWW,LBSF,2026-01-05T15:16:00.000Z,2026-01-05T16:21:00.000Z,360,false
V009162,LBSF,LOWW,2026-01-05T09:08:00.000Z,2026-01-05T10:13:00.000Z,320,false
V009163,LOWW,LBSF,2026-01-05T20:49:00.000Z,2026-01-05T21:54:00.000Z,340,false
V009164,LBSF,LOWW,2026-01-05T20:34:00.000Z,2026-01-05T21:39:00.000Z,340,false
V009165,LOWW,LKPR,2026-01-05T04:57:00.000Z,2026-01-05T05:17:00.000Z,300,false
V009166,LKPR,LOWW,2026-01-05T04:11:00.000Z,2026-01-05T04:31:00.000Z,360,false
V009167,LOWW,LKPR,2026-01-05T11:25:00.000Z,2026-01-05T11:45:00.000Z,340,false
V009168,LKPR,LOWW,2026-01-05T11:27:00.000Z,2026-01-05T11:47:00.000Z,360,false
V009169,LOWW,LKPR,2026-01-05T15:35:00.000Z,2026-01-05T15:55:00.000Z,340,false
V009170,LKPR,LOWW,2026-01-05T16:52:00.000Z,2026-01-05T17:12:00.000Z,340,false
V009171,LOWW,LDZA,2026-01-04T23:05:00.000Z,2026-01-04T23:30:00.000Z,320,false
V009172,LDZA,LOWW,2026-01-05T01:23:00.000Z,2026-01-05T01:48:00.000Z,340,false
V009173,LOWW,LDZA,2026-01-05T13:17:00.000Z,2026-01-05T13:42:00.000Z,300,false
V009174,LDZA,LOWW,2026-01-05T13:59:00.000Z,2026-01-05T14:24:00.000Z,340,false
V009175,LOWW,LDZA,2026-01-05T18:31:00.000Z,2026-01-05T18:56:00.000Z,340,false
V009176,LDZA,LOWW,2026-01-05T16:29:00.000Z,2026-01-05T16:54:00.000Z,300,false
V009177,LOWW,EKCH,2026-01-05T09:12:00.000Z,2026-01-05T10:14:00.000Z,300,false
V009178,EKCH,LOWW,2026-01-05T00:01:00.000Z,2026-01-05T01:03:00.000Z,300,false
V009179,LOWW,EKCH,2026-01-05T16:49:00.000Z,2026-01-05T17:51:00.000Z,300,false
V009180,EKCH,LOWW,2026-01-05T11:26:00.000Z,2026-01-05T12:28:00.000Z,340,false
V009181,LOWW,EHAM,2026-01-04T22:55:00.000Z,2026-01-05T00:07:00.000Z,360,false
V009182,EHAM,LOWW,2026-01-05T00:05:00.000Z,2026-01-05T01:17:00.000Z,320,false
V009183,LOWW,EHAM,2026-01-05T08:40:00.000Z,2026-01-05T09:52:00.000Z,300,false
V009184,EHAM,LOWW,2026-01-05T08:41:00.000Z,2026-01-05T09:53:00.000Z,360,false
V009185,LOWW,EHAM,2026-01-05T13:07:00.000Z,2026-01-05T14:19:00.000Z,320,false
V009186,EHAM,LOWW,2026-01-05T13:50:00.000Z,2026-01-05T15:02:00.000Z,320,false
V009187,LOWW,EHAM,2026-01-05T17:43:00.000Z,2026-01-05T18:55:00.000Z,360,false
V009188,EHAM,LOWW,2026-01-05T16:40:00.000Z,2026-01-05T17:52:00.000Z,340,false
V009189,LOWW,VIDP,2026-01-05T01:26:00.000Z,2026-01-05T08:30:00.000Z,300,false
V009190,VIDP,LOWW,2026-01-04T20:39:00.000Z,2026-01-05T03:43:00.000Z,340,false
V009191,LOWW,VIDP,2026-01-05T07:18:00.000Z,2026-01-05T14:22:00.000Z,320,false
V009192,VIDP,LOWW,2026-01-05T05:04:00.000Z,2026-01-05T12:08:00.000Z,360,false
V009193,LOWW,VIDP,2026-01-05T12:03:00.000Z,2026-01-05T19:07:00.000Z,340,false
V009194,VIDP,LOWW,2026-01-05T12:42:00.000Z,2026-01-05T19:46:00.000Z,360,false
V009195,LOWW,VIDP,2026-01-05T16:28:00.000Z,2026-01-05T23:32:00.000Z,360,false
V009196,VIDP,LOWW,2026-01-05T13:39:00.000Z,2026-01-05T20:43:00.000Z,320,false
V009197,LOWW,OSDI,2026-01-04T23:05:00.000Z,2026-01-05T02:03:00.000Z,300,false
V009198,OSDI,LOWW,2026-01-05T02:43:00.000Z,2026-01-05T05:41:00.000Z,300,false
V009199,LOWW,OSDI,2026-01-05T09:49:00.000Z,2026-01-05T12:47:00.000Z,360,false
V009200,OSDI,LOWW,2026-01-05T04:09:00.000Z,2026-01-05T07:07:00.000Z,360,false
V009201,LOWW,OSDI,2026-01-05T15:50:00.000Z,2026-01-05T18:48:00.000Z,340,false
V009202,OSDI,LOWW,2026-01-05T12:09:00.000Z,2026-01-05T15:07:00.000Z,300,false
V009203,LOWW,OSDI,2026-01-05T16:52:00.000Z,2026-01-05T19:50:00.000Z,320,false
V009204,OSDI,LOWW,2026-01-05T20:33:00.000Z,2026-01-05T23:31:00.000Z,300,false
V009205,LOWW,OAKB,2026-01-05T04:54:00.000Z,2026-01-05T10:42:00.000Z,360,false
V009206,OAKB,LOWW,2026-01-05T13:20:00.000Z,2026-01-05T19:08:00.000Z,340,false
V009207,LOWW,OOMS,2026-01-04T23:43:00.000Z,2026-01-05T05:32:00.000Z,320,false
V009208,OOMS,LOWW,2026-01-04T20:43:00.000Z,2026-01-05T02:32:00.000Z,340,false
V009209,LOWW,OOMS,2026-01-05T10:57:00.000Z,2026-01-05T16:46:00.000Z,340,false
V009210,OOMS,LOWW,2026-01-05T10:39:00.000Z,2026-01-05T16:28:00.000Z,300,false
V009211,LOWW,OYSN,2026-01-05T02:17:00.000Z,2026-01-05T07:55:00.000Z,300,false
V009212,OYSN,LOWW,2026-01-05T00:19:00.000Z,2026-01-05T05:57:00.000Z,340,false
V009213,LOWW,OYSN,2026-01-05T13:46:00.000Z,2026-01-05T19:24:00.000Z,300,false
V009214,OYSN,LOWW,2026-01-05T10:35:00.000Z,2026-01-05T16:13:00.000Z,300,false
V009215,LOWW,OYSN,2026-01-05T19:47:00.000Z,2026-01-06T01:25:00.000Z,360,false
V009216,OYSN,LOWW,2026-01-05T15:24:00.000Z,2026-01-05T21:02:00.000Z,320,false
V009217,LOWW,OPKC,2026-01-05T03:02:00.000Z,2026-01-05T09:33:00.000Z,340,false
V009218,OPKC,LOWW,2026-01-05T00:23:00.000Z,2026-01-05T06:54:00.000Z,340,false
V009219,LOWW,OPKC,2026-01-05T04:36:00.000Z,2026-01-05T11:07:00.000Z,300,false
V009220,OPKC,LOWW,2026-01-05T01:49:00.000Z,2026-01-05T08:20:00.000Z,360,false
V009221,LOWW,OPKC,2026-01-05T11:16:00.000Z,2026-01-05T17:47:00.000Z,320,false
V009222,OPKC,LOWW,2026-01-05T08:54:00.000Z,2026-01-05T15:25:00.000Z,340,false
V009223,LOWW,OPKC,2026-01-05T19:22:00.000Z,2026-01-06T01:53:00.000Z,320,false
V009224,OPKC,LOWW,2026-01-05T18:29:00.000Z,2026-01-06T01:00:00.000Z,320,false
V009225,LOWW,UBBB,2026-01-05T00:13:00.000Z,2026-01-05T03:47:00.000Z,360,false
V009226,UBBB,LOWW,2026-01-05T03:17:00.000Z,2026-01-05T06:51:00.000Z,320,false
V009227,LOWW,UBBB,2026-01-05T05:02:00.000Z,2026-01-05T08:36:00.000Z,340,false
V009228,UBBB,LOWW,2026-01-05T07:20:00.000Z,2026-01-05T10:54:00.000Z,320,false
V009229,LOWW,UBBB,2026-01-05T13:09:00.000Z,2026-01-05T16:43:00.000Z,340,false
V009230,UBBB,LOWW,2026-01-05T12:24:00.000Z,2026-01-05T15:58:00.000Z,340,false
V009231,LOWW,UBBB,2026-01-05T21:15:00.000Z,2026-01-06T00:49:00.000Z,300,false
V009232,UBBB,LOWW,2026-01-05T19:26:00.000Z,2026-01-05T23:00:00.000Z,300,false
V009233,LOWW,OJAI,2026-01-05T03:12:00.000Z,2026-01-05T06:19:00.000Z,320,false
V009234,OJAI,LOWW,2026-01-04T23:46:00.000Z,2026-01-05T02:53:00.000Z,360,false
V009235,LOWW,OJAI,2026-01-05T06:13:00.000Z,2026-01-05T09:20:00.000Z,340,false
V009236,OJAI,LOWW,2026-01-05T07:16:00.000Z,2026-01-05T10:23:00.000Z,300,false
V009237,LOWW,OJAI,2026-01-05T11:48:00.000Z,2026-01-05T14:55:00.000Z,300,false
V009238,OJAI,LOWW,2026-01-05T11:37:00.000Z,2026-01-05T14:44:00.000Z,300,false
V009239,LOWW,OJAI,2026-01-05T20:26:00.000Z,2026-01-05T23:33:00.000Z,300,false
V009240,OJAI,LOWW,2026-01-05T17:13:00.000Z,2026-01-05T20:20:00.000Z,340,false
V009241,EBCI,UMMS,2026-01-05T03:51:00.000Z,2026-01-05T05:58:00.000Z,300,false
V009242,UMMS,EBCI,2026-01-04T21:29:00.000Z,2026-01-04T23:36:00.000Z,360,false
V009243,EBCI,UMMS,2026-01-05T04:51:00.000Z,2026-01-05T06:58:00.000Z,320,false
V009244,UMMS,EBCI,2026-01-05T08:51:00.000Z,2026-01-05T10:58:00.000Z,300,false
V009245,EBCI,UMMS,2026-01-05T13:14:00.000Z,2026-01-05T15:21:00.000Z,340,false
V009246,UMMS,EBCI,2026-01-05T10:10:00.000Z,2026-01-05T12:17:00.000Z,360,false
V009247,EBCI,UMMS,2026-01-05T21:13:00.000Z,2026-01-05T23:20:00.000Z,340,false
V009248,UMMS,EBCI,2026-01-05T15:27:00.000Z,2026-01-05T17:34:00.000Z,320,false
V009249,EBCI,LBSF,2026-01-05T01:36:00.000Z,2026-01-05T03:45:00.000Z,340,false
V009250,LBSF,EBCI,2026-01-05T00:49:00.000Z,2026-01-05T02:58:00.000Z,300,false
V009251,EBCI,LBSF,2026-01-05T09:48:00.000Z,2026-01-05T11:57:00.000Z,320,false
V009252,LBSF,EBCI,2026-01-05T06:05:00.000Z,2026-01-05T08:14:00.000Z,360,false
V009253,EBCI,LBSF,2026-01-05T10:40:00.000Z,2026-01-05T12:49:00.000Z,340,false
V009254,LBSF,EBCI,2026-01-05T14:01:00.000Z,2026-01-05T16:10:00.000Z,340,false
V009255,EBCI,LBSF,2026-01-05T17:24:00.000Z,2026-01-05T19:33:00.000Z,340,false
V009256,LBSF,EBCI,2026-01-05T20:00:00.000Z,2026-01-05T22:09:00.000Z,300,false
V009257,EBCI,LKPR,2026-01-05T03:23:00.000Z,2026-01-05T04:16:00.000Z,300,false
V009258,LKPR,EBCI,2026-01-05T01:31:00.000Z,2026-01-05T02:24:00.000Z,300,false
V009259,EBCI,LKPR,2026-01-05T07:10:00.000Z,2026-01-05T08:03:00.000Z,300,false
V009260,LKPR,EBCI,2026-01-05T05:49:00.000Z,2026-01-05T06:42:00.000Z,300,false
V009261,EBCI,LKPR,2026-01-05T11:26:00.000Z,2026-01-05T12:19:00.000Z,300,false
V009262,LKPR,EBCI,2026-01-05T10:43:00.000Z,2026-01-05T11:36:00.000Z,340,false
V009263,EBCI,LKPR,2026-01-05T16:38:00.000Z,2026-01-05T17:31:00.000Z,320,false
V009264,LKPR,EBCI,2026-01-05T18:03:00.000Z,2026-01-05T18:56:00.000Z,360,false
V009265,EBCI,LDZA,2026-01-05T03:43:00.000Z,2026-01-05T05:02:00.000Z,340,false
V009266,LDZA,EBCI,2026-01-05T01:14:00.000Z,2026-01-05T02:33:00.000Z,300,false
V009267,EBCI,LDZA,2026-01-05T09:39:00.000Z,2026-01-05T10:58:00.000Z,300,false
V009268,LDZA,EBCI,2026-01-05T06:16:00.000Z,2026-01-05T07:35:00.000Z,340,false
V009269,EBCI,LDZA,2026-01-05T13:40:00.000Z,2026-01-05T14:59:00.000Z,360,false
V009270,LDZA,EBCI,2026-01-05T15:23:00.000Z,2026-01-05T16:42:00.000Z,300,false
V009271,EBCI,LDZA,2026-01-05T19:17:00.000Z,2026-01-05T20:36:00.000Z,360,false
V009272,LDZA,EBCI,2026-01-05T20:17:00.000Z,2026-01-05T21:36:00.000Z,340,false
V009273,EBCI,EKCH,2026-01-05T01:00:00.000Z,2026-01-05T01:58:00.000Z,300,false
V009274,EKCH,EBCI,2026-01-05T02:22:00.000Z,2026-01-05T03:20:00.000Z,340,false
V009275,EBCI,EKCH,2026-01-05T08:47:00.000Z,2026-01-05T09:45:00.000Z,340,false
V009276,EKCH,EBCI,2026-01-05T08:31:00.000Z,2026-01-05T09:29:00.000Z,320,false
V009277,EBCI,EKCH,2026-01-05T13:54:00.000Z,2026-01-05T14:52:00.000Z,360,false
V009278,EKCH,EBCI,2026-01-05T10:15:00.000Z,2026-01-05T11:13:00.000Z,360,false
V009279,EBCI,EKCH,2026-01-05T18:55:00.000Z,2026-01-05T19:53:00.000Z,340,false
V009280,EKCH,EBCI,2026-01-05T17:19:00.000Z,2026-01-05T18:17:00.000Z,300,false
V009281,EBCI,EHAM,2026-01-05T01:48:00.000Z,2026-01-05T02:04:00.000Z,360,false
V009282,EHAM,EBCI,2026-01-05T00:00:00.000Z,2026-01-05T00:16:00.000Z,300,false
V009283,EBCI,EHAM,2026-01-05T05:13:00.000Z,2026-01-05T05:29:00.000Z,340,false
V009284,EHAM,EBCI,2026-01-05T06:50:00.000Z,2026-01-05T07:06:00.000Z,340,false
V009285,EBCI,EHAM,2026-01-05T12:56:00.000Z,2026-01-05T13:12:00.000Z,320,false
V009286,EHAM,EBCI,2026-01-05T15:57:00.000Z,2026-01-05T16:13:00.000Z,320,false
V009287,EBCI,EHAM,2026-01-05T17:32:00.000Z,2026-01-05T17:48:00.000Z,340,false
V009288,EHAM,EBCI,2026-01-05T19:25:00.000Z,2026-01-05T19:41:00.000Z,320,false
V009289,EBCI,VIDP,2026-01-05T00:55:00.000Z,2026-01-05T09:04:00.000Z,340,false
V009290,VIDP,EBCI,2026-01-04T19:26:00.000Z,2026-01-05T03:35:00.000Z,360,false
V009291,EBCI,VIDP,2026-01-05T09:36:00.000Z,2026-01-05T17:45:00.000Z,300,false
V009292,VIDP,EBCI,2026-01-05T01:58:00.000Z,2026-01-05T10:07:00.000Z,360,false
V009293,EBCI,VIDP,2026-01-05T14:39:00.000Z,2026-01-05T22:48:00.000Z,340,false
V009294,VIDP,EBCI,2026-01-05T12:25:00.000Z,2026-01-05T20:34:00.000Z,300,false
V009295,EBCI,VIDP,2026-01-05T16:43:00.000Z,2026-01-06T00:52:00.000Z,320,false
V009296,VIDP,EBCI,2026-01-05T16:56:00.000Z,2026-01-06T01:05:00.000Z,340,false
V009297,EBCI,OSDI,2026-01-05T00:03:00.000Z,2026-01-05T04:06:00.000Z,320,false
V009298,OSDI,EBCI,2026-01-05T01:32:00.000Z,2026-01-05T05:35:00.000Z,320,false
V009299,EBCI,OSDI,2026-01-05T13:59:00.000Z,2026-01-05T18:02:00.000Z,360,false
V009300,OSDI,EBCI,2026-01-05T05:41:00.000Z,2026-01-05T09:44:00.000Z,300,false
V009301,EBCI,OSDI,2026-01-05T15:06:00.000Z,2026-01-05T19:09:00.000Z,320,false
V009302,OSDI,EBCI,2026-01-05T19:06:00.000Z,2026-01-05T23:09:00.000Z,340,false
V009303,EBCI,OAKB,2026-01-04T22:23:00.000Z,2026-01-05T05:15:00.000Z,360,false
V009304,OAKB,EBCI,2026-01-04T20:28:00.000Z,2026-01-05T03:20:00.000Z,320,false
V009305,EBCI,OAKB,2026-01-05T16:40:00.000Z,2026-01-05T23:32:00.000Z,300,false
V009306,OAKB,EBCI,2026-01-05T12:11:00.000Z,2026-01-05T19:03:00.000Z,320,false
V009307,EBCI,OOMS,2026-01-04T22:44:00.000Z,2026-01-05T05:41:00.000Z,360,false
V009308,OOMS,EBCI,2026-01-05T01:54:00.000Z,2026-01-05T08:51:00.000Z,340,false
V009309,EBCI,OOMS,2026-01-05T08:45:00.000Z,2026-01-05T15:42:00.000Z,340,false
V009310,OOMS,EBCI,2026-01-05T06:00:00.000Z,2026-01-05T12:57:00.000Z,340,false
V009311,EBCI,OOMS,2026-01-05T19:54:00.000Z,2026-01-06T02:51:00.000Z,300,false
V009312,OOMS,EBCI,2026-01-05T14:03:00.000Z,2026-01-05T21:00:00.000Z,300,false
V009313,EBCI,OYSN,2026-01-05T01:39:00.000Z,2026-01-05T08:18:00.000Z,300,false
V009314,OYSN,EBCI,2026-01-05T00:22:00.000Z,2026-01-05T07:01:00.000Z,300,false
V009315,EBCI,OYSN,2026-01-05T06:38:00.000Z,2026-01-05T13:17:00.000Z,320,false
V009316,OYSN,EBCI,2026-01-05T03:50:00.000Z,2026-01-05T10:29:00.000Z,360,false
V009317,EBCI,OYSN,2026-01-05T10:24:00.000Z,2026-01-05T17:03:00.000Z,360,false
V009318,OYSN,EBCI,2026-01-05T10:45:00.000Z,2026-01-05T17:24:00.000Z,300,false
V009319,EBCI,OYSN,2026-01-05T17:38:00.000Z,2026-01-06T00:17:00.000Z,300,false
V009320,OYSN,EBCI,2026-01-05T17:09:00.000Z,2026-01-05T23:48:00.000Z,300,false
V009321,EBCI,OPKC,2026-01-05T01:04:00.000Z,2026-01-05T08:43:00.000Z,320,false
V009322,OPKC,EBCI,2026-01-05T01:16:00.000Z,2026-01-05T08:55:00.000Z,340,false
V009323,EBCI,OPKC,2026-01-05T11:56:00.000Z,2026-01-05T19:35:00.000Z,340,false
V009324,OPKC,EBCI,2026-01-05T06:11:00.000Z,2026-01-05T13:50:00.000Z,360,false
V009325,EBCI,OPKC,2026-01-05T16:19:00.000Z,2026-01-05T23:58:00.000Z,300,false
V009326,OPKC,EBCI,2026-01-05T13:16:00.000Z,2026-01-05T20:55:00.000Z,320,false
V009327,EBCI,UBBB,2026-01-05T01:45:00.000Z,2026-01-05T06:25:00.000Z,360,false
V009328,UBBB,EBCI,2026-01-04T22:10:00.000Z,2026-01-05T02:50:00.000Z,340,false
V009329,EBCI,UBBB,2026-01-05T04:39:00.000Z,2026-01-05T09:19:00.000Z,320,false
V009330,UBBB,EBCI,2026-01-05T08:55:00.000Z,2026-01-05T13:35:00.000Z,320,false
V009331,EBCI,UBBB,2026-01-05T12:32:00.000Z,2026-01-05T17:12:00.000Z,340,false
V009332,UBBB,EBCI,2026-01-05T14:26:00.000Z,2026-01-05T19:06:00.000Z,360,false
V009333,EBCI,UBBB,2026-01-05T21:27:00.000Z,2026-01-06T02:07:00.000Z,300,false
V009334,UBBB,EBCI,2026-01-05T18:17:00.000Z,2026-01-05T22:57:00.000Z,360,false
V009335,EBCI,OJAI,2026-01-05T02:55:00.000Z,2026-01-05T07:06:00.000Z,340,false
V009336,OJAI,EBCI,2026-01-04T22:10:00.000Z,2026-01-05T02:21:00.000Z,360,false
V009337,EBCI,OJAI,2026-01-05T05:45:00.000Z,2026-01-05T09:56:00.000Z,300,false
V009338,OJAI,EBCI,2026-01-05T06:07:00.000Z,2026-01-05T10:18:00.000Z,300,false
V009339,EBCI,OJAI,2026-01-05T15:29:00.000Z,2026-01-05T19:40:00.000Z,360,false
V009340,OJAI,EBCI,2026-01-05T09:28:00.000Z,2026-01-05T13:39:00.000Z,300,false
V009341,EBCI,OJAI,2026-01-05T20:01:00.000Z,2026-01-06T00:12:00.000Z,340,false
V009342,OJAI,EBCI,2026-01-05T17:03:00.000Z,2026-01-05T21:14:00.000Z,340,false
V009343,UMMS,LBSF,2026-01-05T07:46:00.000Z,2026-01-05T09:22:00.000Z,340,false
V009344,LBSF,UMMS,2026-01-04T22:44:00.000Z,2026-01-05T00:20:00.000Z,340,false
V009345,UMMS,LBSF,2026-01-05T09:19:00.000Z,2026-01-05T10:55:00.000Z,320,false
V009346,LBSF,UMMS,2026-01-05T17:22:00.000Z,2026-01-05T18:58:00.000Z,340,false
V009347,UMMS,LKPR,2026-01-05T03:02:00.000Z,2026-01-05T04:19:00.000Z,340,false
V009348,LKPR,UMMS,2026-01-05T16:52:00.000Z,2026-01-05T18:09:00.000Z,300,false
V009349,UMMS,LDZA,2026-01-05T03:02:00.000Z,2026-01-05T04:35:00.000Z,320,false
V009350,LDZA,UMMS,2026-01-04T23:41:00.000Z,2026-01-05T01:14:00.000Z,320,false
V009351,UMMS,LDZA,2026-01-05T12:42:00.000Z,2026-01-05T14:15:00.000Z,360,false
V009352,LDZA,UMMS,2026-01-05T07:41:00.000Z,2026-01-05T09:14:00.000Z,340,false
V009353,UMMS,LDZA,2026-01-05T17:29:00.000Z,2026-01-05T19:02:00.000Z,320,false
V009354,LDZA,UMMS,2026-01-05T16:44:00.000Z,2026-01-05T18:17:00.000Z,340,false
V009355,UMMS,EKCH,2026-01-05T02:51:00.000Z,2026-01-05T04:11:00.000Z,340,false
V009356,EKCH,UMMS,2026-01-04T22:12:00.000Z,2026-01-04T23:32:00.000Z,320,false
V009357,UMMS,EKCH,2026-01-05T04:21:00.000Z,2026-01-05T05:41:00.000Z,320,false
V009358,EKCH,UMMS,2026-01-05T08:36:00.000Z,2026-01-05T09:56:00.000Z,360,false
V009359,UMMS,EKCH,2026-01-05T12:44:00.000Z,2026-01-05T14:04:00.000Z,300,false
V009360,EKCH,UMMS,2026-01-05T13:53:00.000Z,2026-01-05T15:13:00.000Z,300,false
V009361,UMMS,EKCH,2026-01-05T18:53:00.000Z,2026-01-05T20:13:00.000Z,300,false
V009362,EKCH,UMMS,2026-01-05T18:13:00.000Z,2026-01-05T19:33:00.000Z,320,false
V009363,UMMS,EHAM,2026-01-04T23:57:00.000Z,2026-01-05T01:59:00.000Z,320,false
V009364,EHAM,UMMS,2026-01-04T22:09:00.000Z,2026-01-05T00:11:00.000Z,300,false
V009365,UMMS,EHAM,2026-01-05T08:01:00.000Z,2026-01-05T10:03:00.000Z,360,false
V009366,EHAM,UMMS,2026-01-05T13:56:00.000Z,2026-01-05T15:58:00.000Z,300,false
V009367,UMMS,EHAM,2026-01-05T13:53:00.000Z,2026-01-05T15:55:00.000Z,320,false
V009368,EHAM,UMMS,2026-01-05T19:31:00.000Z,2026-01-05T21:33:00.000Z,300,false
V009369,UMMS,VIDP,2026-01-04T23:39:00.000Z,2026-01-05T05:45:00.000Z,340,false
V009370,VIDP,UMMS,2026-01-04T19:52:00.000Z,2026-01-05T01:58:00.000Z,320,false
V009371,UMMS,VIDP,2026-01-05T05:32:00.000Z,2026-01-05T11:38:00.000Z,340,false
V009372,VIDP,UMMS,2026-01-05T02:49:00.000Z,2026-01-05T08:55:00.000Z,300,false
V009373,UMMS,VIDP,2026-01-05T10:55:00.000Z,2026-01-05T17:01:00.000Z,360,false
V009374,VIDP,UMMS,2026-01-05T09:25:00.000Z,2026-01-05T15:31:00.000Z,320,false
V009375,UMMS,VIDP,2026-01-05T16:43:00.000Z,2026-01-05T22:49:00.000Z,320,false
V009376,VIDP,UMMS,2026-01-05T14:26:00.000Z,2026-01-05T20:32:00.000Z,360,false
V009377,UMMS,OSDI,2026-01-05T00:04:00.000Z,2026-01-05T02:58:00.000Z,320,false
V009378,OSDI,UMMS,2026-01-04T21:24:00.000Z,2026-01-05T00:18:00.000Z,300,false
V009379,UMMS,OSDI,2026-01-05T07:25:00.000Z,2026-01-05T10:19:00.000Z,360,false
V009380,OSDI,UMMS,2026-01-05T04:13:00.000Z,2026-01-05T07:07:00.000Z,340,false
V009381,UMMS,OSDI,2026-01-05T10:09:00.000Z,2026-01-05T13:03:00.000Z,360,false
V009382,OSDI,UMMS,2026-01-05T12:10:00.000Z,2026-01-05T15:04:00.000Z,300,false
V009383,UMMS,OSDI,2026-01-05T18:59:00.000Z,2026-01-05T21:53:00.000Z,300,false
V009384,OSDI,UMMS,2026-01-05T19:35:00.000Z,2026-01-05T22:29:00.000Z,340,false
V009385,UMMS,OAKB,2026-01-04T23:29:00.000Z,2026-01-05T04:19:00.000Z,320,false
V009386,OAKB,UMMS,2026-01-04T23:40:00.000Z,2026-01-05T04:30:00.000Z,320,false
V009387,UMMS,OAKB,2026-01-05T08:23:00.000Z,2026-01-05T13:13:00.000Z,320,false
V009388,OAKB,UMMS,2026-01-05T02:21:00.000Z,2026-01-05T07:11:00.000Z,360,false
V009389,UMMS,OAKB,2026-01-05T12:14:00.000Z,2026-01-05T17:04:00.000Z,360,false
V009390,OAKB,UMMS,2026-01-05T09:57:00.000Z,2026-01-05T14:47:00.000Z,300,false
V009391,UMMS,OAKB,2026-01-05T15:51:00.000Z,2026-01-05T20:41:00.000Z,360,false
V009392,OAKB,UMMS,2026-01-05T15:06:00.000Z,2026-01-05T19:56:00.000Z,320,false
V009393,UMMS,OOMS,2026-01-05T04:11:00.000Z,2026-01-05T09:27:00.000Z,300,false
V009394,OOMS,UMMS,2026-01-05T03:30:00.000Z,2026-01-05T08:46:00.000Z,360,false
V009395,UMMS,OOMS,2026-01-05T09:01:00.000Z,2026-01-05T14:17:00.000Z,320,false
V009396,OOMS,UMMS,2026-01-05T04:07:00.000Z,2026-01-05T09:23:00.000Z,340,false
V009397,UMMS,OOMS,2026-01-05T18:51:00.000Z,2026-01-06T00:07:00.000Z,360,false
V009398,OOMS,UMMS,2026-01-05T17:18:00.000Z,2026-01-05T22:34:00.000Z,360,false
V009399,UMMS,OYSN,2026-01-05T12:49:00.000Z,2026-01-05T18:25:00.000Z,300,false
V009400,OYSN,UMMS,2026-01-04T21:41:00.000Z,2026-01-05T03:17:00.000Z,340,false
V009401,UMMS,OPKC,2026-01-04T21:17:00.000Z,2026-01-05T03:03:00.000Z,360,false
V009402,OPKC,UMMS,2026-01-04T21:50:00.000Z,2026-01-05T03:36:00.000Z,340,false
V009403,UMMS,OPKC,2026-01-05T08:21:00.000Z,2026-01-05T14:07:00.000Z,340,false
V009404,OPKC,UMMS,2026-01-05T08:18:00.000Z,2026-01-05T14:04:00.000Z,360,false
V009405,UMMS,OPKC,2026-01-05T18:55:00.000Z,2026-01-06T00:41:00.000Z,300,false
V009406,OPKC,UMMS,2026-01-05T16:12:00.000Z,2026-01-05T21:58:00.000Z,360,false
V009407,UMMS,UBBB,2026-01-05T02:49:00.000Z,2026-01-05T05:35:00.000Z,340,false
V009408,UBBB,UMMS,2026-01-05T00:26:00.000Z,2026-01-05T03:12:00.000Z,300,false
V009409,UMMS,UBBB,2026-01-05T08:59:00.000Z,2026-01-05T11:45:00.000Z,320,false
V009410,UBBB,UMMS,2026-01-05T04:05:00.000Z,2026-01-05T06:51:00.000Z,300,false
V009411,UMMS,UBBB,2026-01-05T10:26:00.000Z,2026-01-05T13:12:00.000Z,320,false
V009412,UBBB,UMMS,2026-01-05T11:15:00.000Z,2026-01-05T14:01:00.000Z,300,false
V009413,UMMS,UBBB,2026-01-05T20:31:00.000Z,2026-01-05T23:17:00.000Z,300,false
V009414,UBBB,UMMS,2026-01-05T16:25:00.000Z,2026-01-05T19:11:00.000Z,340,false
V009415,UMMS,OJAI,2026-01-05T03:51:00.000Z,2026-01-05T07:00:00.000Z,300,false
V009416,OJAI,UMMS,2026-01-05T10:37:00.000Z,2026-01-05T13:46:00.000Z,300,false
V009417,LBSF,LKPR,2026-01-05T01:12:00.000Z,2026-01-05T02:37:00.000Z,360,false
V009418,LKPR,LBSF,2026-01-05T05:10:00.000Z,2026-01-05T06:35:00.000Z,360,false
V009419,LBSF,LKPR,2026-01-05T11:07:00.000Z,2026-01-05T12:32:00.000Z,300,false
V009420,LKPR,LBSF,2026-01-05T20:25:00.000Z,2026-01-05T21:50:00.000Z,300,false
V009421,LBSF,LDZA,2026-01-05T01:25:00.000Z,2026-01-05T02:14:00.000Z,340,false
V009422,LDZA,LBSF,2026-01-05T03:01:00.000Z,2026-01-05T03:50:00.000Z,320,false
V009423,LBSF,LDZA,2026-01-05T07:13:00.000Z,2026-01-05T08:02:00.000Z,360,false
V009424,LDZA,LBSF,2026-01-05T09:52:00.000Z,2026-01-05T10:41:00.000Z,320,false
V009425,LBSF,LDZA,2026-01-05T13:19:00.000Z,2026-01-05T14:08:00.000Z,320,false
V009426,LDZA,LBSF,2026-01-05T15:45:00.000Z,2026-01-05T16:34:00.000Z,340,false
V009427,LBSF,LDZA,2026-01-05T19:11:00.000Z,2026-01-05T20:00:00.000Z,360,false
V009428,LDZA,LBSF,2026-01-05T21:53:00.000Z,2026-01-05T22:42:00.000Z,340,false
V009429,LBSF,EKCH,2026-01-05T01:04:00.000Z,2026-01-05T03:08:00.000Z,340,false
V009430,EKCH,LBSF,2026-01-04T22:18:00.000Z,2026-01-05T00:22:00.000Z,360,false
V009431,LBSF,EKCH,2026-01-05T05:18:00.000Z,2026-01-05T07:22:00.000Z,340,false
V009432,EKCH,LBSF,2026-01-05T09:59:00.000Z,2026-01-05T12:03:00.000Z,360,false
V009433,LBSF,EKCH,2026-01-05T14:18:00.000Z,2026-01-05T16:22:00.000Z,360,false
V009434,EKCH,LBSF,2026-01-05T11:45:00.000Z,2026-01-05T13:49:00.000Z,340,false
V009435,LBSF,EKCH,2026-01-05T17:25:00.000Z,2026-01-05T19:29:00.000Z,320,false
V009436,EKCH,LBSF,2026-01-05T20:01:00.000Z,2026-01-05T22:05:00.000Z,360,false
V009437,LBSF,EHAM,2026-01-04T22:27:00.000Z,2026-01-05T00:43:00.000Z,300,false
V009438,EHAM,LBSF,2026-01-04T22:04:00.000Z,2026-01-05T00:20:00.000Z,340,false
V009439,LBSF,EHAM,2026-01-05T05:24:00.000Z,2026-01-05T07:40:00.000Z,360,false
V009440,EHAM,LBSF,2026-01-05T09:26:00.000Z,2026-01-05T11:42:00.000Z,300,false
V009441,LBSF,EHAM,2026-01-05T12:17:00.000Z,2026-01-05T14:33:00.000Z,360,false
V009442,EHAM,LBSF,2026-01-05T12:41:00.000Z,2026-01-05T14:57:00.000Z,360,false
V009443,LBSF,EHAM,2026-01-05T16:42:00.000Z,2026-01-05T18:58:00.000Z,300,false
V009444,EHAM,LBSF,2026-01-05T21:11:00.000Z,2026-01-05T23:27:00.000Z,360,false
V009445,LBSF,VIDP,2026-01-05T02:56:00.000Z,2026-01-05T09:18:00.000Z,320,false
V009446,VIDP,LBSF,2026-01-04T23:01:00.000Z,2026-01-05T05:23:00.000Z,360,false
V009447,LBSF,VIDP,2026-01-05T09:28:00.000Z,2026-01-05T15:50:00.000Z,300,false
V009448,VIDP,LBSF,2026-01-05T06:53:00.000Z,2026-01-05T13:15:00.000Z,340,false
V009449,LBSF,VIDP,2026-01-05T17:37:00.000Z,2026-01-05T23:59:00.000Z,360,false
V009450,VIDP,LBSF,2026-01-05T12:52:00.000Z,2026-01-05T19:14:00.000Z,300,false
V009451,LBSF,OSDI,2026-01-05T01:51:00.000Z,2026-01-05T03:45:00.000Z,340,false
V009452,OSDI,LBSF,2026-01-04T21:00:00.000Z,2026-01-04T22:54:00.000Z,300,false
V009453,LBSF,OSDI,2026-01-05T05:25:00.000Z,2026-01-05T07:19:00.000Z,320,false
V009454,OSDI,LBSF,2026-01-05T08:48:00.000Z,2026-01-05T10:42:00.000Z,340,false
V009455,LBSF,OSDI,2026-01-05T11:13:00.000Z,2026-01-05T13:07:00.000Z,300,false
V009456,OSDI,LBSF,2026-01-05T11:42:00.000Z,2026-01-05T13:36:00.000Z,300,false
V009457,LBSF,OSDI,2026-01-05T17:21:00.000Z,2026-01-05T19:15:00.000Z,320,false
V009458,OSDI,LBSF,2026-01-05T16:36:00.000Z,2026-01-05T18:30:00.000Z,320,false
V009459,LBSF,OAKB,2026-01-04T22:08:00.000Z,2026-01-05T03:15:00.000Z,300,false
V009460,OAKB,LBSF,2026-01-04T23:35:00.000Z,2026-01-05T04:42:00.000Z,320,false
V009461,LBSF,OAKB,2026-01-05T06:07:00.000Z,2026-01-05T11:14:00.000Z,300,false
V009462,OAKB,LBSF,2026-01-05T02:39:00.000Z,2026-01-05T07:46:00.000Z,360,false
V009463,LBSF,OAKB,2026-01-05T14:21:00.000Z,2026-01-05T19:28:00.000Z,320,false
V009464,OAKB,LBSF,2026-01-05T13:24:00.000Z,2026-01-05T18:31:00.000Z,360,false
V009465,LBSF,OAKB,2026-01-05T16:50:00.000Z,2026-01-05T21:57:00.000Z,360,false
V009466,OAKB,LBSF,2026-01-05T16:23:00.000Z,2026-01-05T21:30:00.000Z,300,false
V009467,LBSF,OOMS,2026-01-04T23:58:00.000Z,2026-01-05T04:49:00.000Z,340,false
V009468,OOMS,LBSF,2026-01-04T21:43:00.000Z,2026-01-05T02:34:00.000Z,300,false
V009469,LBSF,OOMS,2026-01-05T11:49:00.000Z,2026-01-05T16:40:00.000Z,340,false
V009470,OOMS,LBSF,2026-01-05T09:24:00.000Z,2026-01-05T14:15:00.000Z,360,false
V009471,LBSF,OOMS,2026-01-05T13:29:00.000Z,2026-01-05T18:20:00.000Z,320,false
V009472,OOMS,LBSF,2026-01-05T15:38:00.000Z,2026-01-05T20:29:00.000Z,340,false
V009473,LBSF,OYSN,2026-01-04T23:41:00.000Z,2026-01-05T04:13:00.000Z,360,false
V009474,OYSN,LBSF,2026-01-05T02:03:00.000Z,2026-01-05T06:35:00.000Z,340,false
V009475,LBSF,OYSN,2026-01-05T20:43:00.000Z,2026-01-06T01:15:00.000Z,340,false
V009476,OYSN,LBSF,2026-01-05T15:45:00.000Z,2026-01-05T20:17:00.000Z,340,false
V009477,LBSF,OPKC,2026-01-05T00:10:00.000Z,2026-01-05T05:49:00.000Z,340,false
V009478,OPKC,LBSF,2026-01-04T23:16:00.000Z,2026-01-05T04:55:00.000Z,300,false
V009479,LBSF,OPKC,2026-01-05T06:26:00.000Z,2026-01-05T12:05:00.000Z,360,false
V009480,OPKC,LBSF,2026-01-05T04:04:00.000Z,2026-01-05T09:43:00.000Z,320,false
V009481,LBSF,OPKC,2026-01-05T16:37:00.000Z,2026-01-05T22:16:00.000Z,300,false
V009482,OPKC,LBSF,2026-01-05T13:18:00.000Z,2026-01-05T18:57:00.000Z,340,false
V009483,LBSF,UBBB,2026-01-05T00:28:00.000Z,2026-01-05T03:19:00.000Z,320,false
V009484,UBBB,LBSF,2026-01-04T23:43:00.000Z,2026-01-05T02:34:00.000Z,320,false
V009485,LBSF,UBBB,2026-01-05T07:29:00.000Z,2026-01-05T10:20:00.000Z,320,false
V009486,UBBB,LBSF,2026-01-05T07:43:00.000Z,2026-01-05T10:34:00.000Z,360,false
V009487,LBSF,UBBB,2026-01-05T12:26:00.000Z,2026-01-05T15:17:00.000Z,340,false
V009488,UBBB,LBSF,2026-01-05T12:09:00.000Z,2026-01-05T15:00:00.000Z,300,false
V009489,LBSF,UBBB,2026-01-05T17:59:00.000Z,2026-01-05T20:50:00.000Z,300,false
V009490,UBBB,LBSF,2026-01-05T17:28:00.000Z,2026-01-05T20:19:00.000Z,320,false
V009491,LBSF,OJAI,2026-01-04T23:53:00.000Z,2026-01-05T01:55:00.000Z,360,false
V009492,OJAI,LBSF,2026-01-05T02:43:00.000Z,2026-01-05T04:45:00.000Z,360,false
V009493,LBSF,OJAI,2026-01-05T04:10:00.000Z,2026-01-05T06:12:00.000Z,360,false
V009494,OJAI,LBSF,2026-01-05T08:40:00.000Z,2026-01-05T10:42:00.000Z,320,false
V009495,LBSF,OJAI,2026-01-05T13:45:00.000Z,2026-01-05T15:47:00.000Z,300,false
V009496,OJAI,LBSF,2026-01-05T10:09:00.000Z,2026-01-05T12:11:00.000Z,320,false
V009497,LBSF,OJAI,2026-01-05T20:39:00.000Z,2026-01-05T22:41:00.000Z,360,false
V009498,OJAI,LBSF,2026-01-05T20:47:00.000Z,2026-01-05T22:49:00.000Z,360,false
V009499,LKPR,LDZA,2026-01-05T01:15:00.000Z,2026-01-05T01:58:00.000Z,300,false
V009500,LDZA,LKPR,2026-01-04T22:53:00.000Z,2026-01-04T23:36:00.000Z,300,false
V009501,LKPR,LDZA,2026-01-05T07:08:00.000Z,2026-01-05T07:51:00.000Z,320,false
V009502,LDZA,LKPR,2026-01-05T08:35:00.000Z,2026-01-05T09:18:00.000Z,300,false
V009503,LKPR,LDZA,2026-01-05T14:03:00.000Z,2026-01-05T14:46:00.000Z,360,false
V009504,LDZA,LKPR,2026-01-05T11:57:00.000Z,2026-01-05T12:40:00.000Z,360,false
V009505,LKPR,LDZA,2026-01-05T21:10:00.000Z,2026-01-05T21:53:00.000Z,360,false
V009506,LDZA,LKPR,2026-01-05T20:58:00.000Z,2026-01-05T21:41:00.000Z,340,false
V009507,LKPR,EKCH,2026-01-05T06:59:00.000Z,2026-01-05T07:42:00.000Z,360,false
V009508,EKCH,LKPR,2026-01-04T23:47:00.000Z,2026-01-05T00:30:00.000Z,340,false
V009509,LKPR,EKCH,2026-01-05T11:19:00.000Z,2026-01-05T12:02:00.000Z,340,false
V009510,EKCH,LKPR,2026-01-05T20:34:00.000Z,2026-01-05T21:17:00.000Z,360,false
V009511,LKPR,EHAM,2026-01-05T03:18:00.000Z,2026-01-05T04:13:00.000Z,300,false
V009512,EHAM,LKPR,2026-01-04T22:37:00.000Z,2026-01-04T23:32:00.000Z,320,false
V009513,LKPR,EHAM,2026-01-05T13:24:00.000Z,2026-01-05T14:19:00.000Z,320,false
V009514,EHAM,LKPR,2026-01-05T08:01:00.000Z,2026-01-05T08:56:00.000Z,300,false
V009515,LKPR,EHAM,2026-01-05T17:41:00.000Z,2026-01-05T18:36:00.000Z,300,false
V009516,EHAM,LKPR,2026-01-05T20:16:00.000Z,2026-01-05T21:11:00.000Z,360,false
V009517,LKPR,VIDP,2026-01-05T00:51:00.000Z,2026-01-05T08:06:00.000Z,360,false
V009518,VIDP,LKPR,2026-01-04T23:54:00.000Z,2026-01-05T07:09:00.000Z,360,false
V009519,LKPR,VIDP,2026-01-05T09:09:00.000Z,2026-01-05T16:24:00.000Z,320,false
V009520,VIDP,LKPR,2026-01-05T01:52:00.000Z,2026-01-05T09:07:00.000Z,340,false
V009521,LKPR,VIDP,2026-01-05T14:12:00.000Z,2026-01-05T21:27:00.000Z,320,false
V009522,VIDP,LKPR,2026-01-05T08:30:00.000Z,2026-01-05T15:45:00.000Z,300,false
V009523,LKPR,VIDP,2026-01-05T21:37:00.000Z,2026-01-06T04:52:00.000Z,340,false
V009524,VIDP,LKPR,2026-01-05T18:21:00.000Z,2026-01-06T01:36:00.000Z,320,false
V009525,LKPR,OSDI,2026-01-04T23:06:00.000Z,2026-01-05T02:23:00.000Z,340,false
V009526,OSDI,LKPR,2026-01-04T23:08:00.000Z,2026-01-05T02:25:00.000Z,300,false
V009527,LKPR,OSDI,2026-01-05T09:15:00.000Z,2026-01-05T12:32:00.000Z,320,false
V009528,OSDI,LKPR,2026-01-05T06:35:00.000Z,2026-01-05T09:52:00.000Z,340,false
V009529,LKPR,OSDI,2026-01-05T16:54:00.000Z,2026-01-05T20:11:00.000Z,300,false
V009530,OSDI,LKPR,2026-01-05T19:10:00.000Z,2026-01-05T22:27:00.000Z,360,false
V009531,LKPR,OAKB,2026-01-04T22:25:00.000Z,2026-01-05T04:24:00.000Z,360,false
V009532,OAKB,LKPR,2026-01-05T00:04:00.000Z,2026-01-05T06:03:00.000Z,340,false
V009533,LKPR,OAKB,2026-01-05T08:48:00.000Z,2026-01-05T14:47:00.000Z,320,false
V009534,OAKB,LKPR,2026-01-05T06:51:00.000Z,2026-01-05T12:50:00.000Z,340,false
V009535,LKPR,OAKB,2026-01-05T10:23:00.000Z,2026-01-05T16:22:00.000Z,360,false
V009536,OAKB,LKPR,2026-01-05T10:19:00.000Z,2026-01-05T16:18:00.000Z,320,false
V009537,LKPR,OAKB,2026-01-05T17:56:00.000Z,2026-01-05T23:55:00.000Z,340,false
V009538,OAKB,LKPR,2026-01-05T14:01:00.000Z,2026-01-05T20:00:00.000Z,360,false
V009539,LKPR,OOMS,2026-01-05T05:59:00.000Z,2026-01-05T12:04:00.000Z,340,false
V009540,OOMS,LKPR,2026-01-04T20:10:00.000Z,2026-01-05T02:15:00.000Z,320,false
V009541,LKPR,OOMS,2026-01-05T12:58:00.000Z,2026-01-05T19:03:00.000Z,340,false
V009542,OOMS,LKPR,2026-01-05T08:00:00.000Z,2026-01-05T14:05:00.000Z,340,false
V009543,LKPR,OOMS,2026-01-05T14:10:00.000Z,2026-01-05T20:15:00.000Z,300,false
V009544,OOMS,LKPR,2026-01-05T15:59:00.000Z,2026-01-05T22:04:00.000Z,320,false
V009545,LKPR,OYSN,2026-01-05T05:44:00.000Z,2026-01-05T11:41:00.000Z,300,false
V009546,OYSN,LKPR,2026-01-05T01:48:00.000Z,2026-01-05T07:45:00.000Z,360,false
V009547,LKPR,OYSN,2026-01-05T12:29:00.000Z,2026-01-05T18:26:00.000Z,360,false
V009548,OYSN,LKPR,2026-01-05T08:20:00.000Z,2026-01-05T14:17:00.000Z,300,false
V009549,LKPR,OYSN,2026-01-05T18:19:00.000Z,2026-01-06T00:16:00.000Z,300,false
V009550,OYSN,LKPR,2026-01-05T17:00:00.000Z,2026-01-05T22:57:00.000Z,340,false
V009551,LKPR,OPKC,2026-01-04T23:20:00.000Z,2026-01-05T06:05:00.000Z,300,false
V009552,OPKC,LKPR,2026-01-04T19:25:00.000Z,2026-01-05T02:10:00.000Z,360,false
V009553,LKPR,OPKC,2026-01-05T08:22:00.000Z,2026-01-05T15:07:00.000Z,340,false
V009554,OPKC,LKPR,2026-01-05T04:19:00.000Z,2026-01-05T11:04:00.000Z,340,false
V009555,LKPR,OPKC,2026-01-05T12:44:00.000Z,2026-01-05T19:29:00.000Z,360,false
V009556,OPKC,LKPR,2026-01-05T12:25:00.000Z,2026-01-05T19:10:00.000Z,340,false
V009557,LKPR,OPKC,2026-01-05T21:47:00.000Z,2026-01-06T04:32:00.000Z,360,false
V009558,OPKC,LKPR,2026-01-05T17:16:00.000Z,2026-01-06T00:01:00.000Z,300,false
V009559,LKPR,UBBB,2026-01-05T00:17:00.000Z,2026-01-05T04:03:00.000Z,320,false
V009560,UBBB,LKPR,2026-01-05T00:06:00.000Z,2026-01-05T03:52:00.000Z,360,false
V009561,LKPR,UBBB,2026-01-05T04:14:00.000Z,2026-01-05T08:00:00.000Z,320,false
V009562,UBBB,LKPR,2026-01-05T08:11:00.000Z,2026-01-05T11:57:00.000Z,320,false
V009563,LKPR,UBBB,2026-01-05T15:40:00.000Z,2026-01-05T19:26:00.000Z,320,false
V009564,UBBB,LKPR,2026-01-05T10:47:00.000Z,2026-01-05T14:33:00.000Z,320,false
V009565,LKPR,UBBB,2026-01-05T21:08:00.000Z,2026-01-06T00:54:00.000Z,360,false
V009566,UBBB,LKPR,2026-01-05T17:57:00.000Z,2026-01-05T21:43:00.000Z,320,false
V009567,LKPR,OJAI,2026-01-05T04:11:00.000Z,2026-01-05T07:37:00.000Z,340,false
V009568,OJAI,LKPR,2026-01-04T23:53:00.000Z,2026-01-05T03:19:00.000Z,320,false
V009569,LKPR,OJAI,2026-01-05T08:26:00.000Z,2026-01-05T11:52:00.000Z,340,false
V009570,OJAI,LKPR,2026-01-05T12:13:00.000Z,2026-01-05T15:39:00.000Z,320,false
V009571,LKPR,OJAI,2026-01-05T20:28:00.000Z,2026-01-05T23:54:00.000Z,360,false
V009572,OJAI,LKPR,2026-01-05T19:37:00.000Z,2026-01-05T23:03:00.000Z,360,false
V009573,LDZA,EKCH,2026-01-05T01:34:00.000Z,2026-01-05T03:00:00.000Z,320,false
V009574,EKCH,LDZA,2026-01-05T00:44:00.000Z,2026-01-05T02:10:00.000Z,320,false
V009575,LDZA,EKCH,2026-01-05T06:17:00.000Z,2026-01-05T07:43:00.000Z,360,false
V009576,EKCH,LDZA,2026-01-05T04:40:00.000Z,2026-01-05T06:06:00.000Z,320,false
V009577,LDZA,EKCH,2026-01-05T11:25:00.000Z,2026-01-05T12:51:00.000Z,300,false
V009578,EKCH,LDZA,2026-01-05T14:38:00.000Z,2026-01-05T16:04:00.000Z,340,false
V009579,LDZA,EKCH,2026-01-05T18:44:00.000Z,2026-01-05T20:10:00.000Z,320,false
V009580,EKCH,LDZA,2026-01-05T16:35:00.000Z,2026-01-05T18:01:00.000Z,360,false
V009581,LDZA,EHAM,2026-01-05T00:18:00.000Z,2026-01-05T01:46:00.000Z,340,false
V009582,EHAM,LDZA,2026-01-04T23:52:00.000Z,2026-01-05T01:20:00.000Z,320,false
V009583,LDZA,EHAM,2026-01-05T05:45:00.000Z,2026-01-05T07:13:00.000Z,320,false
V009584,EHAM,LDZA,2026-01-05T05:54:00.000Z,2026-01-05T07:22:00.000Z,360,false
V009585,LDZA,EHAM,2026-01-05T12:49:00.000Z,2026-01-05T14:17:00.000Z,340,false
V009586,EHAM,LDZA,2026-01-05T12:21:00.000Z,2026-01-05T13:49:00.000Z,320,false
V009587,LDZA,EHAM,2026-01-05T17:52:00.000Z,2026-01-05T19:20:00.000Z,340,false
V009588,EHAM,LDZA,2026-01-05T19:28:00.000Z,2026-01-05T20:56:00.000Z,320,false
V009589,LDZA,VIDP,2026-01-05T01:15:00.000Z,2026-01-05T08:19:00.000Z,340,false
V009590,VIDP,LDZA,2026-01-04T22:11:00.000Z,2026-01-05T05:15:00.000Z,320,false
V009591,LDZA,VIDP,2026-01-05T08:39:00.000Z,2026-01-05T15:43:00.000Z,300,false
V009592,VIDP,LDZA,2026-01-05T03:22:00.000Z,2026-01-05T10:26:00.000Z,300,false
V009593,LDZA,VIDP,2026-01-05T13:23:00.000Z,2026-01-05T20:27:00.000Z,340,false
V009594,VIDP,LDZA,2026-01-05T11:23:00.000Z,2026-01-05T18:27:00.000Z,360,false
V009595,LDZA,VIDP,2026-01-05T18:00:00.000Z,2026-01-06T01:04:00.000Z,340,false
V009596,VIDP,LDZA,2026-01-05T16:16:00.000Z,2026-01-05T23:20:00.000Z,320,false
V009597,LDZA,OSDI,2026-01-04T23:26:00.000Z,2026-01-05T02:10:00.000Z,300,false
V009598,OSDI,LDZA,2026-01-05T00:08:00.000Z,2026-01-05T02:52:00.000Z,360,false
V009599,LDZA,OSDI,2026-01-05T10:15:00.000Z,2026-01-05T12:59:00.000Z,320,false
V009600,OSDI,LDZA,2026-01-05T11:50:00.000Z,2026-01-05T14:34:00.000Z,360,false
V009601,LDZA,OSDI,2026-01-05T19:38:00.000Z,2026-01-05T22:22:00.000Z,320,false
V009602,OSDI,LDZA,2026-01-05T18:55:00.000Z,2026-01-05T21:39:00.000Z,300,false
V009603,LDZA,OAKB,2026-01-05T04:31:00.000Z,2026-01-05T10:19:00.000Z,340,false
V009604,OAKB,LDZA,2026-01-04T20:22:00.000Z,2026-01-05T02:10:00.000Z,320,false
V009605,LDZA,OAKB,2026-01-05T12:11:00.000Z,2026-01-05T17:59:00.000Z,360,false
V009606,OAKB,LDZA,2026-01-05T16:58:00.000Z,2026-01-05T22:46:00.000Z,300,false
V009607,LDZA,OOMS,2026-01-05T20:05:00.000Z,2026-01-06T01:45:00.000Z,300,false
V009608,OOMS,LDZA,2026-01-05T10:52:00.000Z,2026-01-05T16:32:00.000Z,300,false
V009609,LDZA,OYSN,2026-01-05T08:45:00.000Z,2026-01-05T14:05:00.000Z,360,false
V009610,OYSN,LDZA,2026-01-05T07:46:00.000Z,2026-01-05T13:06:00.000Z,300,false
V009611,LDZA,OYSN,2026-01-05T14:01:00.000Z,2026-01-05T19:21:00.000Z,360,false
V009612,OYSN,LDZA,2026-01-05T11:26:00.000Z,2026-01-05T16:46:00.000Z,320,false
V009613,LDZA,OPKC,2026-01-05T00:36:00.000Z,2026-01-05T07:02:00.000Z,360,false
V009614,OPKC,LDZA,2026-01-04T23:59:00.000Z,2026-01-05T06:25:00.000Z,300,false
V009615,LDZA,OPKC,2026-01-05T09:07:00.000Z,2026-01-05T15:33:00.000Z,300,false
V009616,OPKC,LDZA,2026-01-05T04:27:00.000Z,2026-01-05T10:53:00.000Z,320,false
V009617,LDZA,OPKC,2026-01-05T13:57:00.000Z,2026-01-05T20:23:00.000Z,360,false
V009618,OPKC,LDZA,2026-01-05T11:23:00.000Z,2026-01-05T17:49:00.000Z,320,false
V009619,LDZA,OPKC,2026-01-05T21:41:00.000Z,2026-01-06T04:07:00.000Z,320,false
V009620,OPKC,LDZA,2026-01-05T14:01:00.000Z,2026-01-05T20:27:00.000Z,340,false
V009621,LDZA,UBBB,2026-01-04T22:31:00.000Z,2026-01-05T02:03:00.000Z,340,false
V009622,UBBB,LDZA,2026-01-05T03:33:00.000Z,2026-01-05T07:05:00.000Z,300,false
V009623,LDZA,UBBB,2026-01-05T04:08:00.000Z,2026-01-05T07:40:00.000Z,340,false
V009624,UBBB,LDZA,2026-01-05T06:01:00.000Z,2026-01-05T09:33:00.000Z,300,false
V009625,LDZA,UBBB,2026-01-05T13:18:00.000Z,2026-01-05T16:50:00.000Z,320,false
V009626,UBBB,LDZA,2026-01-05T15:04:00.000Z,2026-01-05T18:36:00.000Z,340,false
V009627,LDZA,UBBB,2026-01-05T17:45:00.000Z,2026-01-05T21:17:00.000Z,300,false
V009628,UBBB,LDZA,2026-01-05T20:00:00.000Z,2026-01-05T23:32:00.000Z,320,false
V009629,LDZA,OJAI,2026-01-05T03:11:00.000Z,2026-01-05T06:02:00.000Z,300,false
V009630,OJAI,LDZA,2026-01-05T00:41:00.000Z,2026-01-05T03:32:00.000Z,300,false
V009631,LDZA,OJAI,2026-01-05T05:31:00.000Z,2026-01-05T08:22:00.000Z,320,false
V009632,OJAI,LDZA,2026-01-05T08:30:00.000Z,2026-01-05T11:21:00.000Z,300,false
V009633,LDZA,OJAI,2026-01-05T14:07:00.000Z,2026-01-05T16:58:00.000Z,300,false
V009634,OJAI,LDZA,2026-01-05T09:08:00.000Z,2026-01-05T11:59:00.000Z,320,false
V009635,LDZA,OJAI,2026-01-05T17:15:00.000Z,2026-01-05T20:06:00.000Z,340,false
V009636,OJAI,LDZA,2026-01-05T17:31:00.000Z,2026-01-05T20:22:00.000Z,320,false
V009637,EKCH,EHAM,2026-01-05T01:53:00.000Z,2026-01-05T02:40:00.000Z,360,false
V009638,EHAM,EKCH,2026-01-05T01:08:00.000Z,2026-01-05T01:55:00.000Z,340,false
V009639,EKCH,EHAM,2026-01-05T07:25:00.000Z,2026-01-05T08:12:00.000Z,360,false
V009640,EHAM,EKCH,2026-01-05T06:39:00.000Z,2026-01-05T07:26:00.000Z,340,false
V009641,EKCH,EHAM,2026-01-05T13:38:00.000Z,2026-01-05T14:25:00.000Z,360,false
V009642,EHAM,EKCH,2026-01-05T13:47:00.000Z,2026-01-05T14:34:00.000Z,340,false
V009643,EKCH,EHAM,2026-01-05T20:06:00.000Z,2026-01-05T20:53:00.000Z,300,false
V009644,EHAM,EKCH,2026-01-05T21:02:00.000Z,2026-01-05T21:49:00.000Z,300,false
V009645,EKCH,VIDP,2026-01-05T03:00:00.000Z,2026-01-05T10:26:00.000Z,320,false
V009646,VIDP,EKCH,2026-01-04T21:18:00.000Z,2026-01-05T04:44:00.000Z,300,false
V009647,EKCH,VIDP,2026-01-05T07:53:00.000Z,2026-01-05T15:19:00.000Z,340,false
V009648,VIDP,EKCH,2026-01-05T05:17:00.000Z,2026-01-05T12:43:00.000Z,360,false
V009649,EKCH,VIDP,2026-01-05T15:21:00.000Z,2026-01-05T22:47:00.000Z,300,false
V009650,VIDP,EKCH,2026-01-05T16:16:00.000Z,2026-01-05T23:42:00.000Z,360,false
V009651,EKCH,OSDI,2026-01-05T03:32:00.000Z,2026-01-05T07:24:00.000Z,300,false
V009652,OSDI,EKCH,2026-01-04T23:21:00.000Z,2026-01-05T03:13:00.000Z,340,false
V009653,EKCH,OSDI,2026-01-05T13:08:00.000Z,2026-01-05T17:00:00.000Z,320,false
V009654,OSDI,EKCH,2026-01-05T07:30:00.000Z,2026-01-05T11:22:00.000Z,340,false
V009655,EKCH,OSDI,2026-01-05T21:49:00.000Z,2026-01-06T01:41:00.000Z,320,false
V009656,OSDI,EKCH,2026-01-05T20:53:00.000Z,2026-01-06T00:45:00.000Z,300,false
V009657,EKCH,OAKB,2026-01-04T23:06:00.000Z,2026-01-05T05:16:00.000Z,300,false
V009658,OAKB,EKCH,2026-01-04T21:32:00.000Z,2026-01-05T03:42:00.000Z,300,false
V009659,EKCH,OAKB,2026-01-05T05:16:00.000Z,2026-01-05T11:26:00.000Z,320,false
V009660,OAKB,EKCH,2026-01-05T03:45:00.000Z,2026-01-05T09:55:00.000Z,360,false
V009661,EKCH,OAKB,2026-01-05T10:34:00.000Z,2026-01-05T16:44:00.000Z,300,false
V009662,OAKB,EKCH,2026-01-05T12:17:00.000Z,2026-01-05T18:27:00.000Z,300,false
V009663,EKCH,OAKB,2026-01-05T16:56:00.000Z,2026-01-05T23:06:00.000Z,340,false
V009664,OAKB,EKCH,2026-01-05T17:12:00.000Z,2026-01-05T23:22:00.000Z,300,false
V009665,EKCH,OOMS,2026-01-05T02:50:00.000Z,2026-01-05T09:21:00.000Z,360,false
V009666,OOMS,EKCH,2026-01-05T03:49:00.000Z,2026-01-05T10:20:00.000Z,300,false
V009667,EKCH,OOMS,2026-01-05T12:41:00.000Z,2026-01-05T19:12:00.000Z,340,false
V009668,OOMS,EKCH,2026-01-05T05:55:00.000Z,2026-01-05T12:26:00.000Z,360,false
V009669,EKCH,OOMS,2026-01-05T15:02:00.000Z,2026-01-05T21:33:00.000Z,300,false
V009670,OOMS,EKCH,2026-01-05T16:18:00.000Z,2026-01-05T22:49:00.000Z,320,false
V009671,EKCH,OYSN,2026-01-05T07:23:00.000Z,2026-01-05T13:57:00.000Z,300,false
V009672,OYSN,EKCH,2026-01-04T21:11:00.000Z,2026-01-05T03:45:00.000Z,360,false
V009673,EKCH,OYSN,2026-01-05T13:32:00.000Z,2026-01-05T20:06:00.000Z,340,false
V009674,OYSN,EKCH,2026-01-05T19:02:00.000Z,2026-01-06T01:36:00.000Z,300,false
V009675,EKCH,OPKC,2026-01-05T01:01:00.000Z,2026-01-05T08:06:00.000Z,320,false
V009676,OPKC,EKCH,2026-01-04T19:33:00.000Z,2026-01-05T02:38:00.000Z,340,false
V009677,EKCH,OPKC,2026-01-05T07:06:00.000Z,2026-01-05T14:11:00.000Z,340,false
V009678,OPKC,EKCH,2026-01-05T06:53:00.000Z,2026-01-05T13:58:00.000Z,300,false
V009679,EKCH,OPKC,2026-01-05T10:25:00.000Z,2026-01-05T17:30:00.000Z,300,false
V009680,OPKC,EKCH,2026-01-05T11:12:00.000Z,2026-01-05T18:17:00.000Z,320,false
V009681,EKCH,OPKC,2026-01-05T16:02:00.000Z,2026-01-05T23:07:00.000Z,320,false
V009682,OPKC,EKCH,2026-01-05T14:58:00.000Z,2026-01-05T22:03:00.000Z,320,false
V009683,EKCH,UBBB,2026-01-05T01:01:00.000Z,2026-01-05T05:06:00.000Z,300,false
V009684,UBBB,EKCH,2026-01-05T02:50:00.000Z,2026-01-05T06:55:00.000Z,320,false
V009685,EKCH,UBBB,2026-01-05T09:19:00.000Z,2026-01-05T13:24:00.000Z,340,false
V009686,UBBB,EKCH,2026-01-05T04:37:00.000Z,2026-01-05T08:42:00.000Z,340,false
V009687,EKCH,UBBB,2026-01-05T13:41:00.000Z,2026-01-05T17:46:00.000Z,320,false
V009688,UBBB,EKCH,2026-01-05T13:52:00.000Z,2026-01-05T17:57:00.000Z,360,false
V009689,EKCH,UBBB,2026-01-05T20:46:00.000Z,2026-01-06T00:51:00.000Z,320,false
V009690,UBBB,EKCH,2026-01-05T16:02:00.000Z,2026-01-05T20:07:00.000Z,320,false
V009691,EKCH,OJAI,2026-01-05T02:48:00.000Z,2026-01-05T06:51:00.000Z,300,false
V009692,OJAI,EKCH,2026-01-05T01:48:00.000Z,2026-01-05T05:51:00.000Z,300,false
V009693,EKCH,OJAI,2026-01-05T06:57:00.000Z,2026-01-05T11:00:00.000Z,320,false
V009694,OJAI,EKCH,2026-01-05T04:24:00.000Z,2026-01-05T08:27:00.000Z,340,false
V009695,EKCH,OJAI,2026-01-05T14:01:00.000Z,2026-01-05T18:04:00.000Z,340,false
V009696,OJAI,EKCH,2026-01-05T13:07:00.000Z,2026-01-05T17:10:00.000Z,360,false
V009697,EKCH,OJAI,2026-01-05T19:41:00.000Z,2026-01-05T23:44:00.000Z,320,false
V009698,OJAI,EKCH,2026-01-05T17:14:00.000Z,2026-01-05T21:17:00.000Z,300,false
V009699,EHAM,VIDP,2026-01-05T03:45:00.000Z,2026-01-05T11:52:00.000Z,360,false
V009700,VIDP,EHAM,2026-01-04T22:19:00.000Z,2026-01-05T06:26:00.000Z,300,false
V009701,EHAM,VIDP,2026-01-05T04:24:00.000Z,2026-01-05T12:31:00.000Z,300,false
V009702,VIDP,EHAM,2026-01-05T04:05:00.000Z,2026-01-05T12:12:00.000Z,320,false
V009703,EHAM,VIDP,2026-01-05T14:49:00.000Z,2026-01-05T22:56:00.000Z,320,false
V009704,VIDP,EHAM,2026-01-05T11:14:00.000Z,2026-01-05T19:21:00.000Z,320,false
V009705,EHAM,VIDP,2026-01-05T19:58:00.000Z,2026-01-06T04:05:00.000Z,340,false
V009706,VIDP,EHAM,2026-01-05T18:10:00.000Z,2026-01-06T02:17:00.000Z,360,false
V009707,EHAM,OSDI,2026-01-05T04:22:00.000Z,2026-01-05T08:32:00.000Z,320,false
V009708,OSDI,EHAM,2026-01-05T04:28:00.000Z,2026-01-05T08:38:00.000Z,300,false
V009709,EHAM,OSDI,2026-01-05T06:16:00.000Z,2026-01-05T10:26:00.000Z,360,false
V009710,OSDI,EHAM,2026-01-05T09:38:00.000Z,2026-01-05T13:48:00.000Z,360,false
V009711,EHAM,OSDI,2026-01-05T14:22:00.000Z,2026-01-05T18:32:00.000Z,340,false
V009712,OSDI,EHAM,2026-01-05T15:50:00.000Z,2026-01-05T20:00:00.000Z,300,false
V009713,EHAM,OAKB,2026-01-05T04:55:00.000Z,2026-01-05T11:46:00.000Z,320,false
V009714,OAKB,EHAM,2026-01-05T03:17:00.000Z,2026-01-05T10:08:00.000Z,360,false
V009715,EHAM,OAKB,2026-01-05T13:03:00.000Z,2026-01-05T19:54:00.000Z,340,false
V009716,OAKB,EHAM,2026-01-05T06:02:00.000Z,2026-01-05T12:53:00.000Z,360,false
V009717,EHAM,OAKB,2026-01-05T18:12:00.000Z,2026-01-06T01:03:00.000Z,340,false
V009718,OAKB,EHAM,2026-01-05T14:17:00.000Z,2026-01-05T21:08:00.000Z,360,false
V009719,EHAM,OOMS,2026-01-05T04:51:00.000Z,2026-01-05T11:51:00.000Z,300,false
V009720,OOMS,EHAM,2026-01-05T01:03:00.000Z,2026-01-05T08:03:00.000Z,360,false
V009721,EHAM,OYSN,2026-01-05T03:21:00.000Z,2026-01-05T10:10:00.000Z,300,false
V009722,OYSN,EHAM,2026-01-05T04:27:00.000Z,2026-01-05T11:16:00.000Z,320,false
V009723,EHAM,OYSN,2026-01-05T07:47:00.000Z,2026-01-05T14:36:00.000Z,300,false
V009724,OYSN,EHAM,2026-01-05T12:27:00.000Z,2026-01-05T19:16:00.000Z,320,false
V009725,EHAM,OYSN,2026-01-05T16:06:00.000Z,2026-01-05T22:55:00.000Z,360,false
V009726,OYSN,EHAM,2026-01-05T16:22:00.000Z,2026-01-05T23:11:00.000Z,360,false
V009727,EHAM,OPKC,2026-01-04T23:27:00.000Z,2026-01-05T07:07:00.000Z,300,false
V009728,OPKC,EHAM,2026-01-04T21:46:00.000Z,2026-01-05T05:26:00.000Z,300,false
V009729,EHAM,OPKC,2026-01-05T07:21:00.000Z,2026-01-05T15:01:00.000Z,320,false
V009730,OPKC,EHAM,2026-01-05T03:20:00.000Z,2026-01-05T11:00:00.000Z,340,false
V009731,EHAM,OPKC,2026-01-05T17:18:00.000Z,2026-01-06T00:58:00.000Z,320,false
V009732,OPKC,EHAM,2026-01-05T15:31:00.000Z,2026-01-05T23:11:00.000Z,300,false
V009733,EHAM,UBBB,2026-01-05T01:42:00.000Z,2026-01-05T06:23:00.000Z,300,false
V009734,UBBB,EHAM,2026-01-04T22:53:00.000Z,2026-01-05T03:34:00.000Z,340,false
V009735,EHAM,UBBB,2026-01-05T09:06:00.000Z,2026-01-05T13:47:00.000Z,360,false
V009736,UBBB,EHAM,2026-01-05T04:47:00.000Z,2026-01-05T09:28:00.000Z,360,false
V009737,EHAM,UBBB,2026-01-05T10:42:00.000Z,2026-01-05T15:23:00.000Z,300,false
V009738,UBBB,EHAM,2026-01-05T11:27:00.000Z,2026-01-05T16:08:00.000Z,340,false
V009739,EHAM,UBBB,2026-01-05T21:49:00.000Z,2026-01-06T02:30:00.000Z,360,false
V009740,UBBB,EHAM,2026-01-05T20:30:00.000Z,2026-01-06T01:11:00.000Z,360,false
V009741,EHAM,OJAI,2026-01-05T01:34:00.000Z,2026-01-05T05:53:00.000Z,300,false
V009742,OJAI,EHAM,2026-01-05T00:43:00.000Z,2026-01-05T05:02:00.000Z,360,false
V009743,EHAM,OJAI,2026-01-05T09:06:00.000Z,2026-01-05T13:25:00.000Z,320,false
V009744,OJAI,EHAM,2026-01-05T03:07:00.000Z,2026-01-05T07:26:00.000Z,340,false
V009745,EHAM,OJAI,2026-01-05T15:05:00.000Z,2026-01-05T19:24:00.000Z,360,false
V009746,OJAI,EHAM,2026-01-05T13:08:00.000Z,2026-01-05T17:27:00.000Z,340,false
V009747,EHAM,OJAI,2026-01-05T21:53:00.000Z,2026-01-06T02:12:00.000Z,300,false
V009748,OJAI,EHAM,2026-01-05T19:36:00.000Z,2026-01-05T23:55:00.000Z,320,false
V009749,VIDP,OSDI,2026-01-04T20:50:00.000Z,2026-01-05T01:47:00.000Z,300,false
V009750,OSDI,VIDP,2026-01-04T22:27:00.000Z,2026-01-05T03:24:00.000Z,360,false
V009751,VIDP,OSDI,2026-01-05T03:15:00.000Z,2026-01-05T08:12:00.000Z,340,false
V009752,OSDI,VIDP,2026-01-05T03:26:00.000Z,2026-01-05T08:23:00.000Z,300,false
V009753,VIDP,OSDI,2026-01-05T10:45:00.000Z,2026-01-05T15:42:00.000Z,340,false
V009754,OSDI,VIDP,2026-01-05T14:38:00.000Z,2026-01-05T19:35:00.000Z,320,false
V009755,VIDP,OSDI,2026-01-05T17:59:00.000Z,2026-01-05T22:56:00.000Z,320,false
V009756,OSDI,VIDP,2026-01-05T19:52:00.000Z,2026-01-06T00:49:00.000Z,300,false
V009757,VIDP,OAKB,2026-01-04T20:20:00.000Z,2026-01-04T21:36:00.000Z,360,false
V009758,OAKB,VIDP,2026-01-04T23:26:00.000Z,2026-01-05T00:42:00.000Z,300,false
V009759,VIDP,OAKB,2026-01-05T06:06:00.000Z,2026-01-05T07:22:00.000Z,360,false
V009760,OAKB,VIDP,2026-01-05T06:59:00.000Z,2026-01-05T08:15:00.000Z,300,false
V009761,VIDP,OAKB,2026-01-05T11:34:00.000Z,2026-01-05T12:50:00.000Z,340,false
V009762,OAKB,VIDP,2026-01-05T10:26:00.000Z,2026-01-05T11:42:00.000Z,340,false
V009763,VIDP,OAKB,2026-01-05T14:33:00.000Z,2026-01-05T15:49:00.000Z,300,false
V009764,OAKB,VIDP,2026-01-05T15:26:00.000Z,2026-01-05T16:42:00.000Z,340,false
V009765,VIDP,OOMS,2026-01-04T23:00:00.000Z,2026-01-05T01:29:00.000Z,340,false
V009766,OOMS,VIDP,2026-01-05T01:33:00.000Z,2026-01-05T04:02:00.000Z,340,false
V009767,VIDP,OOMS,2026-01-05T03:14:00.000Z,2026-01-05T05:43:00.000Z,340,false
V009768,OOMS,VIDP,2026-01-05T06:46:00.000Z,2026-01-05T09:15:00.000Z,300,false
V009769,VIDP,OOMS,2026-01-05T07:49:00.000Z,2026-01-05T10:18:00.000Z,340,false
V009770,OOMS,VIDP,2026-01-05T08:07:00.000Z,2026-01-05T10:36:00.000Z,300,false
V009771,VIDP,OOMS,2026-01-05T16:47:00.000Z,2026-01-05T19:16:00.000Z,320,false
V009772,OOMS,VIDP,2026-01-05T16:10:00.000Z,2026-01-05T18:39:00.000Z,360,false
V009773,VIDP,OYSN,2026-01-04T22:04:00.000Z,2026-01-05T02:42:00.000Z,300,false
V009774,OYSN,VIDP,2026-01-04T22:27:00.000Z,2026-01-05T03:05:00.000Z,360,false
V009775,VIDP,OYSN,2026-01-05T01:47:00.000Z,2026-01-05T06:25:00.000Z,340,false
V009776,OYSN,VIDP,2026-01-05T07:45:00.000Z,2026-01-05T12:23:00.000Z,340,false
V009777,VIDP,OYSN,2026-01-05T08:20:00.000Z,2026-01-05T12:58:00.000Z,320,false
V009778,OYSN,VIDP,2026-01-05T14:35:00.000Z,2026-01-05T19:13:00.000Z,340,false
V009779,VIDP,OYSN,2026-01-05T18:03:00.000Z,2026-01-05T22:41:00.000Z,340,false
V009780,OYSN,VIDP,2026-01-05T20:46:00.000Z,2026-01-06T01:24:00.000Z,320,false
V009781,VIDP,OPKC,2026-01-05T05:06:00.000Z,2026-01-05T06:28:00.000Z,340,false
V009782,OPKC,VIDP,2026-01-05T03:03:00.000Z,2026-01-05T04:25:00.000Z,340,false
V009783,VIDP,OPKC,2026-01-05T12:03:00.000Z,2026-01-05T13:25:00.000Z,360,false
V009784,OPKC,VIDP,2026-01-05T09:37:00.000Z,2026-01-05T10:59:00.000Z,320,false
V009785,VIDP,UBBB,2026-01-05T00:15:00.000Z,2026-01-05T03:46:00.000Z,360,false
V009786,UBBB,VIDP,2026-01-05T00:12:00.000Z,2026-01-05T03:43:00.000Z,300,false
V009787,VIDP,UBBB,2026-01-05T02:55:00.000Z,2026-01-05T06:26:00.000Z,300,false
V009788,UBBB,VIDP,2026-01-05T07:12:00.000Z,2026-01-05T10:43:00.000Z,320,false
V009789,VIDP,UBBB,2026-01-05T07:57:00.000Z,2026-01-05T11:28:00.000Z,320,false
V009790,UBBB,VIDP,2026-01-05T12:49:00.000Z,2026-01-05T16:20:00.000Z,320,false
V009791,VIDP,UBBB,2026-01-05T18:07:00.000Z,2026-01-05T21:38:00.000Z,300,false
V009792,UBBB,VIDP,2026-01-05T19:03:00.000Z,2026-01-05T22:34:00.000Z,320,false
V009793,VIDP,OJAI,2026-01-04T21:41:00.000Z,2026-01-05T02:47:00.000Z,360,false
V009794,OJAI,VIDP,2026-01-04T22:15:00.000Z,2026-01-05T03:21:00.000Z,300,false
V009795,VIDP,OJAI,2026-01-05T05:01:00.000Z,2026-01-05T10:07:00.000Z,300,false
V009796,OJAI,VIDP,2026-01-05T04:13:00.000Z,2026-01-05T09:19:00.000Z,300,false
V009797,VIDP,OJAI,2026-01-05T12:04:00.000Z,2026-01-05T17:10:00.000Z,300,false
V009798,OJAI,VIDP,2026-01-05T11:14:00.000Z,2026-01-05T16:20:00.000Z,360,false
V009799,VIDP,OJAI,2026-01-05T17:15:00.000Z,2026-01-05T22:21:00.000Z,320,false
V009800,OJAI,VIDP,2026-01-05T16:46:00.000Z,2026-01-05T21:52:00.000Z,300,false
V009801,OSDI,OAKB,2026-01-05T04:08:00.000Z,2026-01-05T07:58:00.000Z,340,false
V009802,OAKB,OSDI,2026-01-05T03:19:00.000Z,2026-01-05T07:09:00.000Z,340,false
V009803,OSDI,OAKB,2026-01-05T10:30:00.000Z,2026-01-05T14:20:00.000Z,320,false
V009804,OAKB,OSDI,2026-01-05T08:41:00.000Z,2026-01-05T12:31:00.000Z,300,false
V009805,OSDI,OAKB,2026-01-05T19:58:00.000Z,2026-01-05T23:48:00.000Z,320,false
V009806,OAKB,OSDI,2026-01-05T16:32:00.000Z,2026-01-05T20:22:00.000Z,360,false
V009807,OSDI,OOMS,2026-01-05T00:34:00.000Z,2026-01-05T03:36:00.000Z,320,false
V009808,OOMS,OSDI,2026-01-04T22:10:00.000Z,2026-01-05T01:12:00.000Z,300,false
V009809,OSDI,OOMS,2026-01-05T10:17:00.000Z,2026-01-05T13:19:00.000Z,340,false
V009810,OOMS,OSDI,2026-01-05T04:45:00.000Z,2026-01-05T07:47:00.000Z,320,false
V009811,OSDI,OOMS,2026-01-05T20:33:00.000Z,2026-01-05T23:35:00.000Z,320,false
V009812,OOMS,OSDI,2026-01-05T17:46:00.000Z,2026-01-05T20:48:00.000Z,320,false
V009813,OSDI,OYSN,2026-01-05T04:00:00.000Z,2026-01-05T06:42:00.000Z,360,false
V009814,OYSN,OSDI,2026-01-05T04:40:00.000Z,2026-01-05T07:22:00.000Z,360,false
V009815,OSDI,OYSN,2026-01-05T08:41:00.000Z,2026-01-05T11:23:00.000Z,320,false
V009816,OYSN,OSDI,2026-01-05T12:44:00.000Z,2026-01-05T15:26:00.000Z,340,false
V009817,OSDI,OYSN,2026-01-05T13:42:00.000Z,2026-01-05T16:24:00.000Z,340,false
V009818,OYSN,OSDI,2026-01-05T16:29:00.000Z,2026-01-05T19:11:00.000Z,340,false
V009819,OSDI,OPKC,2026-01-05T02:45:00.000Z,2026-01-05T06:44:00.000Z,300,false
V009820,OPKC,OSDI,2026-01-04T19:49:00.000Z,2026-01-04T23:48:00.000Z,360,false
V009821,OSDI,OPKC,2026-01-05T04:42:00.000Z,2026-01-05T08:41:00.000Z,360,false
V009822,OPKC,OSDI,2026-01-05T02:22:00.000Z,2026-01-05T06:21:00.000Z,360,false
V009823,OSDI,OPKC,2026-01-05T14:47:00.000Z,2026-01-05T18:46:00.000Z,360,false
V009824,OPKC,OSDI,2026-01-05T12:30:00.000Z,2026-01-05T16:29:00.000Z,360,false
V009825,OSDI,OPKC,2026-01-05T17:44:00.000Z,2026-01-05T21:43:00.000Z,320,false
V009826,OPKC,OSDI,2026-01-05T16:49:00.000Z,2026-01-05T20:48:00.000Z,300,false
V009827,OSDI,UBBB,2026-01-04T22:16:00.000Z,2026-01-05T00:07:00.000Z,300,false
V009828,UBBB,OSDI,2026-01-04T22:00:00.000Z,2026-01-04T23:51:00.000Z,340,false
V009829,OSDI,UBBB,2026-01-05T05:06:00.000Z,2026-01-05T06:57:00.000Z,320,false
V009830,UBBB,OSDI,2026-01-05T09:58:00.000Z,2026-01-05T11:49:00.000Z,360,false
V009831,OSDI,UBBB,2026-01-05T13:52:00.000Z,2026-01-05T15:43:00.000Z,340,false
V009832,UBBB,OSDI,2026-01-05T14:43:00.000Z,2026-01-05T16:34:00.000Z,360,false
V009833,OSDI,OJAI,2026-01-05T06:00:00.000Z,2026-01-05T06:18:00.000Z,360,false
V009834,OJAI,OSDI,2026-01-05T07:01:00.000Z,2026-01-05T07:19:00.000Z,320,false
V009835,OSDI,OJAI,2026-01-05T14:25:00.000Z,2026-01-05T14:43:00.000Z,320,false
V009836,OJAI,OSDI,2026-01-05T19:51:00.000Z,2026-01-05T20:09:00.000Z,300,false
V009837,OAKB,OOMS,2026-01-04T20:03:00.000Z,2026-01-04T22:05:00.000Z,340,false
V009838,OOMS,OAKB,2026-01-05T00:58:00.000Z,2026-01-05T03:00:00.000Z,300,false
V009839,OAKB,OOMS,2026-01-05T07:53:00.000Z,2026-01-05T09:55:00.000Z,300,false
V009840,OOMS,OAKB,2026-01-05T02:58:00.000Z,2026-01-05T05:00:00.000Z,360,false
V009841,OAKB,OOMS,2026-01-05T10:48:00.000Z,2026-01-05T12:50:00.000Z,300,false
V009842,OOMS,OAKB,2026-01-05T08:01:00.000Z,2026-01-05T10:03:00.000Z,360,false
V009843,OAKB,OOMS,2026-01-05T18:26:00.000Z,2026-01-05T20:28:00.000Z,340,false
V009844,OOMS,OAKB,2026-01-05T16:26:00.000Z,2026-01-05T18:28:00.000Z,300,false
V009845,OAKB,OYSN,2026-01-05T00:42:00.000Z,2026-01-05T04:49:00.000Z,320,false
V009846,OYSN,OAKB,2026-01-04T23:01:00.000Z,2026-01-05T03:08:00.000Z,300,false
V009847,OAKB,OYSN,2026-01-05T04:17:00.000Z,2026-01-05T08:24:00.000Z,360,false
V009848,OYSN,OAKB,2026-01-05T05:35:00.000Z,2026-01-05T09:42:00.000Z,360,false
V009849,OAKB,OYSN,2026-01-05T11:21:00.000Z,2026-01-05T15:28:00.000Z,340,false
V009850,OYSN,OAKB,2026-01-05T12:44:00.000Z,2026-01-05T16:51:00.000Z,300,false
V009851,OAKB,OYSN,2026-01-05T18:46:00.000Z,2026-01-05T22:53:00.000Z,320,false
V009852,OYSN,OAKB,2026-01-05T17:31:00.000Z,2026-01-05T21:38:00.000Z,300,false
V009853,OAKB,OPKC,2026-01-04T21:26:00.000Z,2026-01-04T22:51:00.000Z,300,false
V009854,OPKC,OAKB,2026-01-04T20:00:00.000Z,2026-01-04T21:25:00.000Z,320,false
V009855,OAKB,OPKC,2026-01-05T06:31:00.000Z,2026-01-05T07:56:00.000Z,360,false
V009856,OPKC,OAKB,2026-01-05T06:07:00.000Z,2026-01-05T07:32:00.000Z,360,false
V009857,OAKB,OPKC,2026-01-05T08:23:00.000Z,2026-01-05T09:48:00.000Z,360,false
V009858,OPKC,OAKB,2026-01-05T08:52:00.000Z,2026-01-05T10:17:00.000Z,320,false
V009859,OAKB,OPKC,2026-01-05T17:06:00.000Z,2026-01-05T18:31:00.000Z,340,false
V009860,OPKC,OAKB,2026-01-05T14:15:00.000Z,2026-01-05T15:40:00.000Z,360,false
V009861,OAKB,UBBB,2026-01-05T01:48:00.000Z,2026-01-05T04:04:00.000Z,320,false
V009862,UBBB,OAKB,2026-01-04T22:24:00.000Z,2026-01-05T00:40:00.000Z,320,false
V009863,OAKB,UBBB,2026-01-05T03:03:00.000Z,2026-01-05T05:19:00.000Z,340,false
V009864,UBBB,OAKB,2026-01-05T07:37:00.000Z,2026-01-05T09:53:00.000Z,300,false
V009865,OAKB,UBBB,2026-01-05T09:28:00.000Z,2026-01-05T11:44:00.000Z,360,false
V009866,UBBB,OAKB,2026-01-05T10:23:00.000Z,2026-01-05T12:39:00.000Z,300,false
V009867,OAKB,UBBB,2026-01-05T15:48:00.000Z,2026-01-05T18:04:00.000Z,300,false
V009868,UBBB,OAKB,2026-01-05T16:21:00.000Z,2026-01-05T18:37:00.000Z,320,false
V009869,OAKB,OJAI,2026-01-05T01:12:00.000Z,2026-01-05T05:12:00.000Z,340,false
V009870,OJAI,OAKB,2026-01-05T04:47:00.000Z,2026-01-05T08:47:00.000Z,360,false
V009871,OAKB,OJAI,2026-01-05T11:37:00.000Z,2026-01-05T15:37:00.000Z,320,false
V009872,OJAI,OAKB,2026-01-05T07:03:00.000Z,2026-01-05T11:03:00.000Z,320,false
V009873,OAKB,OJAI,2026-01-05T15:13:00.000Z,2026-01-05T19:13:00.000Z,360,false
V009874,OJAI,OAKB,2026-01-05T19:14:00.000Z,2026-01-05T23:14:00.000Z,340,false
V009875,OOMS,OYSN,2026-01-05T10:17:00.000Z,2026-01-05T12:26:00.000Z,340,false
V009876,OYSN,OOMS,2026-01-05T11:28:00.000Z,2026-01-05T13:37:00.000Z,300,false
V009877,OOMS,OPKC,2026-01-04T22:04:00.000Z,2026-01-04T23:13:00.000Z,360,false
V009878,OPKC,OOMS,2026-01-04T19:06:00.000Z,2026-01-04T20:15:00.000Z,360,false
V009879,OOMS,OPKC,2026-01-05T11:57:00.000Z,2026-01-05T13:06:00.000Z,340,false
V009880,OPKC,OOMS,2026-01-05T10:25:00.000Z,2026-01-05T11:34:00.000Z,300,false
V009881,OOMS,OPKC,2026-01-05T17:18:00.000Z,2026-01-05T18:27:00.000Z,340,false
V009882,OPKC,OOMS,2026-01-05T18:18:00.000Z,2026-01-05T19:27:00.000Z,300,false
V009883,OOMS,UBBB,2026-01-04T22:33:00.000Z,2026-01-05T01:06:00.000Z,340,false
V009884,UBBB,OOMS,2026-01-05T03:58:00.000Z,2026-01-05T06:31:00.000Z,360,false
V009885,OOMS,UBBB,2026-01-05T06:37:00.000Z,2026-01-05T09:10:00.000Z,360,false
V009886,UBBB,OOMS,2026-01-05T04:09:00.000Z,2026-01-05T06:42:00.000Z,300,false
V009887,OOMS,UBBB,2026-01-05T12:20:00.000Z,2026-01-05T14:53:00.000Z,340,false
V009888,UBBB,OOMS,2026-01-05T15:23:00.000Z,2026-01-05T17:56:00.000Z,340,false
V009889,OOMS,UBBB,2026-01-05T18:46:00.000Z,2026-01-05T21:19:00.000Z,320,false
V009890,UBBB,OOMS,2026-01-05T20:10:00.000Z,2026-01-05T22:43:00.000Z,360,false
V009891,OOMS,OJAI,2026-01-05T06:18:00.000Z,2026-01-05T09:22:00.000Z,360,false
V009892,OJAI,OOMS,2026-01-05T05:17:00.000Z,2026-01-05T08:21:00.000Z,360,false
V009893,OOMS,OJAI,2026-01-05T08:16:00.000Z,2026-01-05T11:20:00.000Z,360,false
V009894,OJAI,OOMS,2026-01-05T11:49:00.000Z,2026-01-05T14:53:00.000Z,340,false
V009895,OYSN,OPKC,2026-01-04T21:15:00.000Z,2026-01-05T00:31:00.000Z,300,false
V009896,OPKC,OYSN,2026-01-04T22:56:00.000Z,2026-01-05T02:12:00.000Z,300,false
V009897,OYSN,OPKC,2026-01-05T06:10:00.000Z,2026-01-05T09:26:00.000Z,320,false
V009898,OPKC,OYSN,2026-01-05T06:07:00.000Z,2026-01-05T09:23:00.000Z,360,false
V009899,OYSN,OPKC,2026-01-05T14:23:00.000Z,2026-01-05T17:39:00.000Z,340,false
V009900,OPKC,OYSN,2026-01-05T11:46:00.000Z,2026-01-05T15:02:00.000Z,300,false
V009901,OYSN,OPKC,2026-01-05T16:21:00.000Z,2026-01-05T19:37:00.000Z,360,false
V009902,OPKC,OYSN,2026-01-05T18:21:00.000Z,2026-01-05T21:37:00.000Z,300,false
V009903,OYSN,UBBB,2026-01-05T02:53:00.000Z,2026-01-05T06:27:00.000Z,340,false
V009904,UBBB,OYSN,2026-01-04T22:25:00.000Z,2026-01-05T01:59:00.000Z,320,false
V009905,OYSN,UBBB,2026-01-05T03:49:00.000Z,2026-01-05T07:23:00.000Z,360,false
V009906,UBBB,OYSN,2026-01-05T05:35:00.000Z,2026-01-05T09:09:00.000Z,360,false
V009907,OYSN,UBBB,2026-01-05T10:14:00.000Z,2026-01-05T13:48:00.000Z,300,false
V009908,UBBB,OYSN,2026-01-05T12:13:00.000Z,2026-01-05T15:47:00.000Z,340,false
V009909,OYSN,UBBB,2026-01-05T17:27:00.000Z,2026-01-05T21:01:00.000Z,320,false
V009910,UBBB,OYSN,2026-01-05T17:06:00.000Z,2026-01-05T20:40:00.000Z,320,false
V009911,OYSN,OJAI,2026-01-04T22:16:00.000Z,2026-01-05T00:47:00.000Z,320,false
V009912,OJAI,OYSN,2026-01-04T21:13:00.000Z,2026-01-04T23:44:00.000Z,320,false
V009913,OYSN,OJAI,2026-01-05T06:03:00.000Z,2026-01-05T08:34:00.000Z,360,false
V009914,OJAI,OYSN,2026-01-05T03:51:00.000Z,2026-01-05T06:22:00.000Z,340,false
V009915,OYSN,OJAI,2026-01-05T10:48:00.000Z,2026-01-05T13:19:00.000Z,300,false
V009916,OJAI,OYSN,2026-01-05T11:02:00.000Z,2026-01-05T13:33:00.000Z,300,false
V009917,OYSN,OJAI,2026-01-05T20:46:00.000Z,2026-01-05T23:17:00.000Z,320,false
V009918,OJAI,OYSN,2026-01-05T15:58:00.000Z,2026-01-05T18:29:00.000Z,320,false
V009919,OPKC,UBBB,2026-01-04T22:26:00.000Z,2026-01-05T01:26:00.000Z,320,false
V009920,UBBB,OPKC,2026-01-05T01:16:00.000Z,2026-01-05T04:16:00.000Z,340,false
V009921,OPKC,UBBB,2026-01-05T01:39:00.000Z,2026-01-05T04:39:00.000Z,300,false
V009922,UBBB,OPKC,2026-01-05T07:27:00.000Z,2026-01-05T10:27:00.000Z,320,false
V009923,OPKC,UBBB,2026-01-05T12:12:00.000Z,2026-01-05T15:12:00.000Z,360,false
V009924,UBBB,OPKC,2026-01-05T13:30:00.000Z,2026-01-05T16:30:00.000Z,320,false
V009925,OPKC,UBBB,2026-01-05T15:44:00.000Z,2026-01-05T18:44:00.000Z,300,false
V009926,UBBB,OPKC,2026-01-05T21:53:00.000Z,2026-01-06T00:53:00.000Z,340,false
V009927,OPKC,OJAI,2026-01-05T00:45:00.000Z,2026-01-05T04:49:00.000Z,300,false
V009928,OJAI,OPKC,2026-01-04T23:16:00.000Z,2026-01-05T03:20:00.000Z,340,false
V009929,OPKC,OJAI,2026-01-05T06:54:00.000Z,2026-01-05T10:58:00.000Z,340,false
V009930,OJAI,OPKC,2026-01-05T04:51:00.000Z,2026-01-05T08:55:00.000Z,300,false
V009931,OPKC,OJAI,2026-01-05T12:56:00.000Z,2026-01-05T17:00:00.000Z,340,false
V009932,OJAI,OPKC,2026-01-05T14:04:00.000Z,2026-01-05T18:08:00.000Z,300,false
V009933,OPKC,OJAI,2026-01-05T13:32:00.000Z,2026-01-05T17:36:00.000Z,320,false
V009934,OJAI,OPKC,2026-01-05T16:20:00.000Z,2026-01-05T20:24:00.000Z,300,false
V009935,UBBB,OJAI,2026-01-05T13:17:00.000Z,2026-01-05T15:24:00.000Z,300,false
V009936,OJAI,UBBB,2026-01-05T16:48:00.000Z,2026-01-05T18:55:00.000Z,360,false
V009937,SKBO,SEQM,2026-01-06T08:34:00.000Z,2026-01-06T09:21:00.000Z,300,false
V009938,SEQM,SKBO,2026-01-06T09:29:00.000Z,2026-01-06T10:16:00.000Z,340,false
V009939,SKBO,SEQM,2026-01-06T19:22:00.000Z,2026-01-06T20:09:00.000Z,320,false
V009940,SEQM,SKBO,2026-01-06T13:05:00.000Z,2026-01-06T13:52:00.000Z,320,false
V009941,SKBO,SEQM,2026-01-07T00:01:00.000Z,2026-01-07T00:48:00.000Z,340,false
V009942,SEQM,SKBO,2026-01-07T00:55:00.000Z,2026-01-07T01:42:00.000Z,360,false
V009943,SKBO,SVMI,2026-01-06T12:24:00.000Z,2026-01-06T13:47:00.000Z,300,false
V009944,SVMI,SKBO,2026-01-06T10:33:00.000Z,2026-01-06T11:56:00.000Z,340,false
V009945,SKBO,SVMI,2026-01-06T18:56:00.000Z,2026-01-06T20:19:00.000Z,360,false
V009946,SVMI,SKBO,2026-01-06T18:35:00.000Z,2026-01-06T19:58:00.000Z,340,false
V009947,SKBO,SVMI,2026-01-07T00:18:00.000Z,2026-01-07T01:41:00.000Z,360,false
V009948,SVMI,SKBO,2026-01-07T01:52:00.000Z,2026-01-07T03:15:00.000Z,360,false
V009949,SKBO,SBBR,2026-01-06T11:23:00.000Z,2026-01-06T15:58:00.000Z,320,false
V009950,SBBR,SKBO,2026-01-06T06:02:00.000Z,2026-01-06T10:37:00.000Z,320,false
V009951,SKBO,SBBR,2026-01-06T13:21:00.000Z,2026-01-06T17:56:00.000Z,300,false
V009952,SBBR,SKBO,2026-01-06T18:53:00.000Z,2026-01-06T23:28:00.000Z,360,false
V009953,SKBO,SBBR,2026-01-07T01:22:00.000Z,2026-01-07T05:57:00.000Z,360,false
V009954,SBBR,SKBO,2026-01-07T00:57:00.000Z,2026-01-07T05:32:00.000Z,360,false
V009955,SKBO,SPIM,2026-01-06T06:58:00.000Z,2026-01-06T09:14:00.000Z,340,false
V009956,SPIM,SKBO,2026-01-06T09:35:00.000Z,2026-01-06T11:51:00.000Z,340,false
V009957,SKBO,SPIM,2026-01-06T13:46:00.000Z,2026-01-06T16:02:00.000Z,300,false
V009958,SPIM,SKBO,2026-01-06T13:02:00.000Z,2026-01-06T15:18:00.000Z,300,false
V009959,SKBO,SPIM,2026-01-07T03:45:00.000Z,2026-01-07T06:01:00.000Z,340,false
V009960,SPIM,SKBO,2026-01-06T23:09:00.000Z,2026-01-07T01:25:00.000Z,340,false
V009961,SKBO,SLLP,2026-01-07T02:33:00.000Z,2026-01-07T05:28:00.000Z,360,false
V009962,SLLP,SKBO,2026-01-07T00:09:00.000Z,2026-01-07T03:04:00.000Z,300,false
V009963,SKBO,SCEL,2026-01-06T05:20:00.000Z,2026-01-06T10:32:00.000Z,360,false
V009964,SCEL,SKBO,2026-01-06T07:56:00.000Z,2026-01-06T13:08:00.000Z,300,false
V009965,SKBO,SCEL,2026-01-06T11:39:00.000Z,2026-01-06T16:51:00.000Z,320,false
V009966,SCEL,SKBO,2026-01-06T11:43:00.000Z,2026-01-06T16:55:00.000Z,340,false
V009967,SKBO,SCEL,2026-01-06T19:42:00.000Z,2026-01-07T00:54:00.000Z,320,false
V009968,SCEL,SKBO,2026-01-06T18:41:00.000Z,2026-01-06T23:53:00.000Z,360,false
V009969,SKBO,SCEL,2026-01-07T00:18:00.000Z,2026-01-07T05:30:00.000Z,320,false
V009970,SCEL,SKBO,2026-01-06T21:30:00.000Z,2026-01-07T02:42:00.000Z,340,false
V009971,SKBO,SABE,2026-01-06T05:41:00.000Z,2026-01-06T11:24:00.000Z,300,false
V009972,SABE,SKBO,2026-01-06T08:44:00.000Z,2026-01-06T14:27:00.000Z,340,false
V009973,SKBO,SABE,2026-01-06T14:17:00.000Z,2026-01-06T20:00:00.000Z,300,false
V009974,SABE,SKBO,2026-01-06T12:57:00.000Z,2026-01-06T18:40:00.000Z,340,false
V009975,SKBO,SABE,2026-01-06T17:41:00.000Z,2026-01-06T23:24:00.000Z,360,false
V009976,SABE,SKBO,2026-01-06T15:35:00.000Z,2026-01-06T21:18:00.000Z,360,false
V009977,SKBO,SABE,2026-01-07T03:11:00.000Z,2026-01-07T08:54:00.000Z,340,false
V009978,SABE,SKBO,2026-01-07T01:50:00.000Z,2026-01-07T07:33:00.000Z,320,false
V009979,SKBO,SGAS,2026-01-06T11:10:00.000Z,2026-01-06T15:50:00.000Z,360,false
V009980,SGAS,SKBO,2026-01-06T07:11:00.000Z,2026-01-06T11:51:00.000Z,320,false
V009981,SKBO,SGAS,2026-01-06T14:47:00.000Z,2026-01-06T19:27:00.000Z,320,false
V009982,SGAS,SKBO,2026-01-06T13:03:00.000Z,2026-01-06T17:43:00.000Z,320,false
V009983,SKBO,SGAS,2026-01-06T22:38:00.000Z,2026-01-07T03:18:00.000Z,340,false
V009984,SGAS,SKBO,2026-01-07T01:48:00.000Z,2026-01-07T06:28:00.000Z,340,false
V009985,SKBO,SUAA,2026-01-07T03:33:00.000Z,2026-01-07T09:22:00.000Z,360,false
V009986,SUAA,SKBO,2026-01-06T11:00:00.000Z,2026-01-06T16:49:00.000Z,340,false
V009987,SKBO,LATI,2026-01-06T09:59:00.000Z,2026-01-06T22:31:00.000Z,300,false
V009988,LATI,SKBO,2026-01-05T22:17:00.000Z,2026-01-06T10:49:00.000Z,360,false
V009989,SKBO,LATI,2026-01-06T12:21:00.000Z,2026-01-07T00:53:00.000Z,360,false
V009990,LATI,SKBO,2026-01-06T06:50:00.000Z,2026-01-06T19:22:00.000Z,300,false
V009991,SKBO,LATI,2026-01-06T19:40:00.000Z,2026-01-07T08:12:00.000Z,300,false
V009992,LATI,SKBO,2026-01-06T10:21:00.000Z,2026-01-06T22:53:00.000Z,360,false
V009993,SKBO,LATI,2026-01-06T23:04:00.000Z,2026-01-07T11:36:00.000Z,320,false
V009994,LATI,SKBO,2026-01-06T17:54:00.000Z,2026-01-07T06:26:00.000Z,360,false
V009995,SKBO,EDDI,2026-01-06T07:00:00.000Z,2026-01-06T18:53:00.000Z,360,false
V009996,EDDI,SKBO,2026-01-06T06:07:00.000Z,2026-01-06T18:00:00.000Z,300,false
V009997,SKBO,EDDI,2026-01-06T18:48:00.000Z,2026-01-07T06:41:00.000Z,320,false
V009998,EDDI,SKBO,2026-01-06T17:47:00.000Z,2026-01-07T05:40:00.000Z,340,false
V009999,SKBO,LOWW,2026-01-06T06:34:00.000Z,2026-01-06T18:44:00.000Z,360,false
V010000,LOWW,SKBO,2026-01-06T03:56:00.000Z,2026-01-06T16:06:00.000Z,360,false
V010001,SKBO,LOWW,2026-01-07T01:29:00.000Z,2026-01-07T13:39:00.000Z,340,false
V010002,LOWW,SKBO,2026-01-06T17:56:00.000Z,2026-01-07T06:06:00.000Z,360,false
V010003,SKBO,EBCI,2026-01-06T05:24:00.000Z,2026-01-06T16:29:00.000Z,340,false
V010004,EBCI,SKBO,2026-01-05T23:49:00.000Z,2026-01-06T10:54:00.000Z,360,false
V010005,SKBO,EBCI,2026-01-06T18:33:00.000Z,2026-01-07T05:38:00.000Z,360,false
V010006,EBCI,SKBO,2026-01-06T13:43:00.000Z,2026-01-07T00:48:00.000Z,340,false
V010007,SKBO,EBCI,2026-01-07T04:08:00.000Z,2026-01-07T15:13:00.000Z,340,false
V010008,EBCI,SKBO,2026-01-06T14:18:00.000Z,2026-01-07T01:23:00.000Z,300,false
V010009,SKBO,UMMS,2026-01-06T07:41:00.000Z,2026-01-06T20:49:00.000Z,320,false
V010010,UMMS,SKBO,2026-01-06T02:38:00.000Z,2026-01-06T15:46:00.000Z,320,false
V010011,SKBO,UMMS,2026-01-06T11:42:00.000Z,2026-01-07T00:50:00.000Z,340,false
V010012,UMMS,SKBO,2026-01-06T07:52:00.000Z,2026-01-06T21:00:00.000Z,360,false
V010013,SKBO,UMMS,2026-01-06T21:17:00.000Z,2026-01-07T10:25:00.000Z,360,false
V010014,UMMS,SKBO,2026-01-06T11:11:00.000Z,2026-01-07T00:19:00.000Z,300,false
V010015,SKBO,UMMS,2026-01-07T03:51:00.000Z,2026-01-07T16:59:00.000Z,300,false
V010016,UMMS,SKBO,2026-01-06T17:54:00.000Z,2026-01-07T07:02:00.000Z,360,false
V010017,SKBO,LBSF,2026-01-06T11:22:00.000Z,2026-01-07T00:18:00.000Z,320,false
V010018,LBSF,SKBO,2026-01-06T03:35:00.000Z,2026-01-06T16:31:00.000Z,320,false
V010019,SKBO,LBSF,2026-01-06T19:24:00.000Z,2026-01-07T08:20:00.000Z,340,false
V010020,LBSF,SKBO,2026-01-06T05:41:00.000Z,2026-01-06T18:37:00.000Z,340,false
V010021,SKBO,LBSF,2026-01-07T00:01:00.000Z,2026-01-07T12:57:00.000Z,300,false
V010022,LBSF,SKBO,2026-01-06T16:17:00.000Z,2026-01-07T05:13:00.000Z,300,false
V010023,SKBO,LKPR,2026-01-06T10:32:00.000Z,2026-01-06T22:31:00.000Z,360,false
V010024,LKPR,SKBO,2026-01-06T00:50:00.000Z,2026-01-06T12:49:00.000Z,320,false
V010025,SKBO,LKPR,2026-01-06T16:48:00.000Z,2026-01-07T04:47:00.000Z,360,false
V010026,LKPR,SKBO,2026-01-06T07:09:00.000Z,2026-01-06T19:08:00.000Z,360,false
V010027,SKBO,LKPR,2026-01-06T21:25:00.000Z,2026-01-07T09:24:00.000Z,300,false
V010028,LKPR,SKBO,2026-01-06T12:25:00.000Z,2026-01-07T00:24:00.000Z,340,false
V010029,SKBO,LKPR,2026-01-07T02:57:00.000Z,2026-01-07T14:56:00.000Z,320,false
V010030,LKPR,SKBO,2026-01-06T20:32:00.000Z,2026-01-07T08:31:00.000Z,340,false
V010031,SKBO,LDZA,2026-01-06T10:56:00.000Z,2026-01-06T23:07:00.000Z,300,false
V010032,LDZA,SKBO,2026-01-05T23:28:00.000Z,2026-01-06T11:39:00.000Z,320,false
V010033,SKBO,LDZA,2026-01-06T16:14:00.000Z,2026-01-07T04:25:00.000Z,300,false
V010034,LDZA,SKBO,2026-01-06T11:01:00.000Z,2026-01-06T23:12:00.000Z,320,false
V010035,SKBO,LDZA,2026-01-07T01:58:00.000Z,2026-01-07T14:09:00.000Z,360,false
V010036,LDZA,SKBO,2026-01-06T15:59:00.000Z,2026-01-07T04:10:00.000Z,360,false
V010037,SKBO,EKCH,2026-01-06T06:49:00.000Z,2026-01-06T18:37:00.000Z,340,false
V010038,EKCH,SKBO,2026-01-05T23:37:00.000Z,2026-01-06T11:25:00.000Z,320,false
V010039,SKBO,EKCH,2026-01-06T12:35:00.000Z,2026-01-07T00:23:00.000Z,340,false
V010040,EKCH,SKBO,2026-01-06T07:16:00.000Z,2026-01-06T19:04:00.000Z,320,false
V010041,SKBO,EKCH,2026-01-06T19:22:00.000Z,2026-01-07T07:10:00.000Z,340,false
V010042,EKCH,SKBO,2026-01-06T15:54:00.000Z,2026-01-07T03:42:00.000Z,320,false
V010043,SKBO,EKCH,2026-01-07T01:31:00.000Z,2026-01-07T13:19:00.000Z,320,false
V010044,EKCH,SKBO,2026-01-06T18:23:00.000Z,2026-01-07T06:11:00.000Z,360,false
V010045,SKBO,EHAM,2026-01-06T06:12:00.000Z,2026-01-06T17:19:00.000Z,320,false
V010046,EHAM,SKBO,2026-01-06T00:32:00.000Z,2026-01-06T11:39:00.000Z,320,false
V010047,SKBO,EHAM,2026-01-06T11:01:00.000Z,2026-01-06T22:08:00.000Z,340,false
V010048,EHAM,SKBO,2026-01-06T08:06:00.000Z,2026-01-06T19:13:00.000Z,320,false
V010049,SKBO,EHAM,2026-01-06T21:36:00.000Z,2026-01-07T08:43:00.000Z,320,false
V010050,EHAM,SKBO,2026-01-06T12:49:00.000Z,2026-01-06T23:56:00.000Z,360,false
V010051,SKBO,EHAM,2026-01-07T01:13:00.000Z,2026-01-07T12:20:00.000Z,360,false
V010052,EHAM,SKBO,2026-01-06T18:44:00.000Z,2026-01-07T05:51:00.000Z,300,false
V010053,SKBO,VIDP,2026-01-06T10:44:00.000Z,2026-01-07T05:58:00.000Z,320,false
V010054,VIDP,SKBO,2026-01-05T21:50:00.000Z,2026-01-06T17:04:00.000Z,320,false
V010055,SKBO,VIDP,2026-01-06T15:33:00.000Z,2026-01-07T10:47:00.000Z,300,false
V010056,VIDP,SKBO,2026-01-06T05:02:00.000Z,2026-01-07T00:16:00.000Z,340,false
V010057,SKBO,VIDP,2026-01-07T00:05:00.000Z,2026-01-06T19:19:00.000Z,340,false
V010058,VIDP,SKBO,2026-01-06T17:11:00.000Z,2026-01-07T12:25:00.000Z,320,false
V010059,SKBO,OSDI,2026-01-06T09:14:00.000Z,2026-01-06T23:50:00.000Z,340,false
V010060,OSDI,SKBO,2026-01-05T21:54:00.000Z,2026-01-06T12:30:00.000Z,300,false
V010061,SKBO,OSDI,2026-01-06T16:13:00.000Z,2026-01-07T06:49:00.000Z,320,false
V010062,OSDI,SKBO,2026-01-06T05:47:00.000Z,2026-01-06T20:23:00.000Z,340,false
V010063,SKBO,OSDI,2026-01-06T22:13:00.000Z,2026-01-07T12:49:00.000Z,300,false
V010064,OSDI,SKBO,2026-01-06T11:23:00.000Z,2026-01-07T01:59:00.000Z,300,false
V010065,SKBO,OSDI,2026-01-07T04:42:00.000Z,2026-01-07T19:18:00.000Z,360,false
V010066,OSDI,SKBO,2026-01-06T17:53:00.000Z,2026-01-07T08:29:00.000Z,340,false
V010067,SKBO,OAKB,2026-01-06T09:24:00.000Z,2026-01-07T03:22:00.000Z,300,false
V010068,OAKB,SKBO,2026-01-06T01:52:00.000Z,2026-01-06T19:50:00.000Z,360,false
V010069,SKBO,OAKB,2026-01-06T15:06:00.000Z,2026-01-07T09:04:00.000Z,340,false
V010070,OAKB,SKBO,2026-01-06T06:17:00.000Z,2026-01-07T00:15:00.000Z,360,false
V010071,SKBO,OAKB,2026-01-06T17:47:00.000Z,2026-01-07T11:45:00.000Z,300,false
V010072,OAKB,SKBO,2026-01-06T09:18:00.000Z,2026-01-07T03:16:00.000Z,320,false
V010073,SKBO,OAKB,2026-01-07T03:46:00.000Z,2026-01-06T21:44:00.000Z,320,false
V010074,OAKB,SKBO,2026-01-06T17:07:00.000Z,2026-01-07T11:05:00.000Z,340,false
V010075,SKBO,OOMS,2026-01-06T08:49:00.000Z,2026-01-07T02:26:00.000Z,300,false
V010076,OOMS,SKBO,2026-01-05T20:43:00.000Z,2026-01-06T14:20:00.000Z,340,false
V010077,SKBO,OOMS,2026-01-06T15:03:00.000Z,2026-01-07T08:40:00.000Z,320,false
V010078,OOMS,SKBO,2026-01-06T08:17:00.000Z,2026-01-07T01:54:00.000Z,360,false
V010079,SKBO,OOMS,2026-01-07T02:04:00.000Z,2026-01-07T19:41:00.000Z,300,false
V010080,OOMS,SKBO,2026-01-06T16:22:00.000Z,2026-01-07T09:59:00.000Z,340,false
V010081,SKBO,OYSN,2026-01-06T08:51:00.000Z,2026-01-07T01:02:00.000Z,320,false
V010082,OYSN,SKBO,2026-01-06T00:47:00.000Z,2026-01-06T16:58:00.000Z,300,false
V010083,SKBO,OYSN,2026-01-06T19:44:00.000Z,2026-01-07T11:55:00.000Z,300,false
V010084,OYSN,SKBO,2026-01-06T09:43:00.000Z,2026-01-07T01:54:00.000Z,360,false
V010085,SKBO,OYSN,2026-01-07T03:29:00.000Z,2026-01-07T19:40:00.000Z,340,false
V010086,OYSN,SKBO,2026-01-06T17:13:00.000Z,2026-01-07T09:24:00.000Z,340,false
V010087,SKBO,OPKC,2026-01-06T10:17:00.000Z,2026-01-07T04:52:00.000Z,360,false
V010088,OPKC,SKBO,2026-01-05T19:18:00.000Z,2026-01-06T13:53:00.000Z,360,false
V010089,SKBO,OPKC,2026-01-06T15:37:00.000Z,2026-01-07T10:12:00.000Z,300,false
V010090,OPKC,SKBO,2026-01-06T03:57:00.000Z,2026-01-06T22:32:00.000Z,320,false
V010091,SKBO,OPKC,2026-01-06T18:01:00.000Z,2026-01-07T12:36:00.000Z,300,false
V010092,OPKC,SKBO,2026-01-06T09:00:00.000Z,2026-01-07T03:35:00.000Z,320,false
V010093,SKBO,OPKC,2026-01-06T23:25:00.000Z,2026-01-07T18:00:00.000Z,300,false
V010094,OPKC,SKBO,2026-01-06T13:31:00.000Z,2026-01-07T08:06:00.000Z,360,false
V010095,SKBO,UBBB,2026-01-06T05:10:00.000Z,2026-01-06T20:54:00.000Z,300,false
V010096,UBBB,SKBO,2026-01-05T23:25:00.000Z,2026-01-06T15:09:00.000Z,300,false
V010097,SKBO,UBBB,2026-01-06T11:57:00.000Z,2026-01-07T03:41:00.000Z,320,false
V010098,UBBB,SKBO,2026-01-06T04:37:00.000Z,2026-01-06T20:21:00.000Z,360,false
V010099,SKBO,UBBB,2026-01-06T18:21:00.000Z,2026-01-07T10:05:00.000Z,320,false
V010100,UBBB,SKBO,2026-01-06T12:02:00.000Z,2026-01-07T03:46:00.000Z,300,false
V010101,SKBO,UBBB,2026-01-07T02:36:00.000Z,2026-01-07T18:20:00.000Z,360,false
V010102,UBBB,SKBO,2026-01-06T21:41:00.000Z,2026-01-07T13:25:00.000Z,320,false
V010103,SKBO,OJAI,2026-01-06T10:19:00.000Z,2026-01-07T00:52:00.000Z,360,false
V010104,OJAI,SKBO,2026-01-06T01:36:00.000Z,2026-01-06T16:09:00.000Z,320,false
V010105,SKBO,OJAI,2026-01-06T15:44:00.000Z,2026-01-07T06:17:00.000Z,300,false
V010106,OJAI,SKBO,2026-01-06T11:54:00.000Z,2026-01-07T02:27:00.000Z,320,false
V010107,SKBO,OJAI,2026-01-06T22:32:00.000Z,2026-01-07T13:05:00.000Z,360,false
V010108,OJAI,SKBO,2026-01-06T16:27:00.000Z,2026-01-07T07:00:00.000Z,360,false
V010109,SEQM,SVMI,2026-01-06T08:48:00.000Z,2026-01-06T10:58:00.000Z,360,false
V010110,SVMI,SEQM,2026-01-06T07:38:00.000Z,2026-01-06T09:48:00.000Z,340,false
V010111,SEQM,SVMI,2026-01-06T15:31:00.000Z,2026-01-06T17:41:00.000Z,360,false
V010112,SVMI,SEQM,2026-01-06T17:15:00.000Z,2026-01-06T19:25:00.000Z,320,false
V010113,SEQM,SVMI,2026-01-07T02:50:00.000Z,2026-01-07T05:00:00.000Z,320,false
V010114,SVMI,SEQM,2026-01-06T22:14:00.000Z,2026-01-07T00:24:00.000Z,360,false
V010115,SEQM,SBBR,2026-01-06T09:19:00.000Z,2026-01-06T14:05:00.000Z,340,false
V010116,SBBR,SEQM,2026-01-06T06:13:00.000Z,2026-01-06T10:59:00.000Z,320,false
V010117,SEQM,SBBR,2026-01-06T13:36:00.000Z,2026-01-06T18:22:00.000Z,320,false
V010118,SBBR,SEQM,2026-01-06T10:36:00.000Z,2026-01-06T15:22:00.000Z,340,false
V010119,SEQM,SBBR,2026-01-06T17:41:00.000Z,2026-01-06T22:27:00.000Z,320,false
V010120,SBBR,SEQM,2026-01-06T15:13:00.000Z,2026-01-06T19:59:00.000Z,360,false
V010121,SEQM,SBBR,2026-01-07T02:02:00.000Z,2026-01-07T06:48:00.000Z,320,false
V010122,SBBR,SEQM,2026-01-06T23:11:00.000Z,2026-01-07T03:57:00.000Z,300,false
V010123,SEQM,SPIM,2026-01-06T05:23:00.000Z,2026-01-06T07:04:00.000Z,300,false
V010124,SPIM,SEQM,2026-01-06T05:13:00.000Z,2026-01-06T06:54:00.000Z,320,false
V010125,SEQM,SPIM,2026-01-06T16:32:00.000Z,2026-01-06T18:13:00.000Z,320,false
V010126,SPIM,SEQM,2026-01-06T13:10:00.000Z,2026-01-06T14:51:00.000Z,300,false
V010127,SEQM,SPIM,2026-01-06T19:35:00.000Z,2026-01-06T21:16:00.000Z,300,false
V010128,SPIM,SEQM,2026-01-06T22:11:00.000Z,2026-01-06T23:52:00.000Z,300,false
V010129,SEQM,SPIM,2026-01-07T04:10:00.000Z,2026-01-07T05:51:00.000Z,340,false
V010130,SPIM,SEQM,2026-01-07T02:09:00.000Z,2026-01-07T03:50:00.000Z,320,false
V010131,SEQM,SLLP,2026-01-06T05:51:00.000Z,2026-01-06T08:28:00.000Z,340,false
V010132,SLLP,SEQM,2026-01-06T08:24:00.000Z,2026-01-06T11:01:00.000Z,360,false
V010133,SEQM,SLLP,2026-01-06T16:32:00.000Z,2026-01-06T19:09:00.000Z,320,false
V010134,SLLP,SEQM,2026-01-06T13:04:00.000Z,2026-01-06T15:41:00.000Z,360,false
V010135,SEQM,SLLP,2026-01-06T18:15:00.000Z,2026-01-06T20:52:00.000Z,320,false
V010136,SLLP,SEQM,2026-01-06T20:12:00.000Z,2026-01-06T22:49:00.000Z,320,false
V010137,SEQM,SLLP,2026-01-06T23:01:00.000Z,2026-01-07T01:38:00.000Z,320,false
V010138,SLLP,SEQM,2026-01-06T23:47:00.000Z,2026-01-07T02:24:00.000Z,320,false
V010139,SEQM,SCEL,2026-01-06T10:14:00.000Z,2026-01-06T14:58:00.000Z,360,false
V010140,SCEL,SEQM,2026-01-06T04:17:00.000Z,2026-01-06T09:01:00.000Z,360,false
V010141,SEQM,SCEL,2026-01-06T18:52:00.000Z,2026-01-06T23:36:00.000Z,300,false
V010142,SCEL,SEQM,2026-01-06T11:21:00.000Z,2026-01-06T16:05:00.000Z,360,false
V010143,SEQM,SCEL,2026-01-07T03:28:00.000Z,2026-01-07T08:12:00.000Z,360,false
V010144,SCEL,SEQM,2026-01-06T22:04:00.000Z,2026-01-07T02:48:00.000Z,340,false
V010145,SEQM,SABE,2026-01-06T09:47:00.000Z,2026-01-06T15:12:00.000Z,360,false
V010146,SABE,SEQM,2026-01-06T06:24:00.000Z,2026-01-06T11:49:00.000Z,320,false
V010147,SEQM,SABE,2026-01-06T12:06:00.000Z,2026-01-06T17:31:00.000Z,360,false
V010148,SABE,SEQM,2026-01-06T14:10:00.000Z,2026-01-06T19:35:00.000Z,320,false
V010149,SEQM,SABE,2026-01-06T17:44:00.000Z,2026-01-06T23:09:00.000Z,320,false
V010150,SABE,SEQM,2026-01-06T15:59:00.000Z,2026-01-06T21:24:00.000Z,360,false
V010151,SEQM,SABE,2026-01-07T01:18:00.000Z,2026-01-07T06:43:00.000Z,320,false
V010152,SABE,SEQM,2026-01-07T01:30:00.000Z,2026-01-07T06:55:00.000Z,360,false
V010153,SEQM,SGAS,2026-01-06T12:22:00.000Z,2026-01-06T16:52:00.000Z,300,false
V010154,SGAS,SEQM,2026-01-06T06:27:00.000Z,2026-01-06T10:57:00.000Z,300,false
V010155,SEQM,SGAS,2026-01-06T16:44:00.000Z,2026-01-06T21:14:00.000Z,320,false
V010156,SGAS,SEQM,2026-01-06T13:35:00.000Z,2026-01-06T18:05:00.000Z,300,false
V010157,SEQM,SGAS,2026-01-06T23:18:00.000Z,2026-01-07T03:48:00.000Z,360,false
V010158,SGAS,SEQM,2026-01-06T21:22:00.000Z,2026-01-07T01:52:00.000Z,320,false
V010159,SEQM,SUAA,2026-01-06T07:45:00.000Z,2026-01-06T13:18:00.000Z,300,false
V010160,SUAA,SEQM,2026-01-06T03:25:00.000Z,2026-01-06T08:58:00.000Z,340,false
V010161,SEQM,SUAA,2026-01-06T11:01:00.000Z,2026-01-06T16:34:00.000Z,300,false
V010162,SUAA,SEQM,2026-01-06T12:12:00.000Z,2026-01-06T17:45:00.000Z,300,false
V010163,SEQM,SUAA,2026-01-06T18:10:00.000Z,2026-01-06T23:43:00.000Z,360,false
V010164,SUAA,SEQM,2026-01-06T18:21:00.000Z,2026-01-06T23:54:00.000Z,360,false
V010165,SEQM,SUAA,2026-01-07T04:20:00.000Z,2026-01-07T09:53:00.000Z,320,false
V010166,SUAA,SEQM,2026-01-07T02:35:00.000Z,2026-01-07T08:08:00.000Z,300,false
V010167,SEQM,LATI,2026-01-06T08:48:00.000Z,2026-01-06T22:07:00.000Z,320,false
V010168,LATI,SEQM,2026-01-06T05:37:00.000Z,2026-01-06T18:56:00.000Z,360,false
V010169,SEQM,LATI,2026-01-06T14:01:00.000Z,2026-01-07T03:20:00.000Z,300,false
V010170,LATI,SEQM,2026-01-06T10:02:00.000Z,2026-01-06T23:21:00.000Z,300,false
V010171,SEQM,LATI,2026-01-07T02:18:00.000Z,2026-01-07T15:37:00.000Z,340,false
V010172,LATI,SEQM,2026-01-06T16:08:00.000Z,2026-01-07T05:27:00.000Z,340,false
V010173,SEQM,EDDI,2026-01-06T08:10:00.000Z,2026-01-06T20:50:00.000Z,360,false
V010174,EDDI,SEQM,2026-01-05T22:28:00.000Z,2026-01-06T11:08:00.000Z,300,false
V010175,SEQM,EDDI,2026-01-06T16:35:00.000Z,2026-01-07T05:15:00.000Z,340,false
V010176,EDDI,SEQM,2026-01-06T04:05:00.000Z,2026-01-06T16:45:00.000Z,320,false
V010177,SEQM,EDDI,2026-01-06T20:04:00.000Z,2026-01-07T08:44:00.000Z,360,false
V010178,EDDI,SEQM,2026-01-06T14:03:00.000Z,2026-01-07T02:43:00.000Z,320,false
V010179,SEQM,EDDI,2026-01-07T03:24:00.000Z,2026-01-07T16:04:00.000Z,340,false
V010180,EDDI,SEQM,2026-01-06T19:38:00.000Z,2026-01-07T08:18:00.000Z,360,false
V010181,SEQM,LOWW,2026-01-06T08:41:00.000Z,2026-01-06T21:38:00.000Z,300,false
V010182,LOWW,SEQM,2026-01-06T03:16:00.000Z,2026-01-06T16:13:00.000Z,360,false
V010183,SEQM,LOWW,2026-01-06T17:02:00.000Z,2026-01-07T05:59:00.000Z,340,false
V010184,LOWW,SEQM,2026-01-06T09:33:00.000Z,2026-01-06T22:30:00.000Z,300,false
V010185,SEQM,LOWW,2026-01-07T01:52:00.000Z,2026-01-07T14:49:00.000Z,320,false
V010186,LOWW,SEQM,2026-01-06T16:26:00.000Z,2026-01-07T05:23:00.000Z,320,false
V010187,SEQM,EBCI,2026-01-06T14:46:00.000Z,2026-01-07T02:38:00.000Z,320,false
V010188,EBCI,SEQM,2026-01-06T02:55:00.000Z,2026-01-06T14:47:00.000Z,320,false
V010189,SEQM,UMMS,2026-01-06T05:41:00.000Z,2026-01-06T19:36:00.000Z,300,false
V010190,UMMS,SEQM,2026-01-06T03:54:00.000Z,2026-01-06T17:49:00.000Z,300,false
V010191,SEQM,UMMS,2026-01-06T13:58:00.000Z,2026-01-07T03:53:00.000Z,360,false
V010192,UMMS,SEQM,2026-01-06T07:35:00.000Z,2026-01-06T21:30:00.000Z,360,false
V010193,SEQM,UMMS,2026-01-07T03:21:00.000Z,2026-01-07T17:16:00.000Z,320,false
V010194,UMMS,SEQM,2026-01-06T14:31:00.000Z,2026-01-07T04:26:00.000Z,340,false
V010195,SEQM,LBSF,2026-01-06T05:22:00.000Z,2026-01-06T19:05:00.000Z,320,false
V010196,LBSF,SEQM,2026-01-06T01:33:00.000Z,2026-01-06T15:16:00.000Z,300,false
V010197,SEQM,LBSF,2026-01-06T11:28:00.000Z,2026-01-07T01:11:00.000Z,340,false
V010198,LBSF,SEQM,2026-01-06T05:33:00.000Z,2026-01-06T19:16:00.000Z,360,false
V010199,SEQM,LBSF,2026-01-06T19:23:00.000Z,2026-01-07T09:06:00.000Z,300,false
V010200,LBSF,SEQM,2026-01-06T09:28:00.000Z,2026-01-06T23:11:00.000Z,320,false
V010201,SEQM,LBSF,2026-01-07T00:49:00.000Z,2026-01-07T14:32:00.000Z,300,false
V010202,LBSF,SEQM,2026-01-06T19:40:00.000Z,2026-01-07T09:23:00.000Z,340,false
V010203,SEQM,LKPR,2026-01-06T07:35:00.000Z,2026-01-06T20:21:00.000Z,360,false
V010204,LKPR,SEQM,2026-01-06T03:24:00.000Z,2026-01-06T16:10:00.000Z,300,false
V010205,SEQM,LKPR,2026-01-06T14:29:00.000Z,2026-01-07T03:15:00.000Z,320,false
V010206,LKPR,SEQM,2026-01-06T08:21:00.000Z,2026-01-06T21:07:00.000Z,300,false
V010207,SEQM,LKPR,2026-01-06T21:33:00.000Z,2026-01-07T10:19:00.000Z,340,false
V010208,LKPR,SEQM,2026-01-06T12:00:00.000Z,2026-01-07T00:46:00.000Z,360,false
V010209,SEQM,LKPR,2026-01-07T02:49:00.000Z,2026-01-07T15:35:00.000Z,300,false
V010210,LKPR,SEQM,2026-01-06T18:39:00.000Z,2026-01-07T07:25:00.000Z,360,false
V010211,SEQM,LDZA,2026-01-06T08:45:00.000Z,2026-01-06T21:44:00.000Z,300,false
V010212,LDZA,SEQM,2026-01-05T23:44:00.000Z,2026-01-06T12:43:00.000Z,320,false
V010213,SEQM,LDZA,2026-01-06T16:38:00.000Z,2026-01-07T05:37:00.000Z,340,false
V010214,LDZA,SEQM,2026-01-06T07:02:00.000Z,2026-01-06T20:01:00.000Z,320,false
V010215,SEQM,LDZA,2026-01-06T19:21:00.000Z,2026-01-07T08:20:00.000Z,320,false
V010216,LDZA,SEQM,2026-01-06T10:28:00.000Z,2026-01-06T23:27:00.000Z,360,false
V010217,SEQM,LDZA,2026-01-07T00:15:00.000Z,2026-01-07T13:14:00.000Z,320,false
V010218,LDZA,SEQM,2026-01-06T19:37:00.000Z,2026-01-07T08:36:00.000Z,340,false
V010219,SEQM,EKCH,2026-01-06T08:44:00.000Z,2026-01-06T21:19:00.000Z,360,false
V010220,EKCH,SEQM,2026-01-06T19:15:00.000Z,2026-01-07T07:50:00.000Z,360,false
V010221,SEQM,EHAM,2026-01-06T12:32:00.000Z,2026-01-07T00:26:00.000Z,340,false
V010222,EHAM,SEQM,2026-01-05T22:02:00.000Z,2026-01-06T09:56:00.000Z,320,false
V010223,SEQM,EHAM,2026-01-06T19:04:00.000Z,2026-01-07T06:58:00.000Z,360,false
V010224,EHAM,SEQM,2026-01-06T12:40:00.000Z,2026-01-07T00:34:00.000Z,360,false
V010225,SEQM,EHAM,2026-01-07T02:55:00.000Z,2026-01-07T14:49:00.000Z,340,false
V010226,EHAM,SEQM,2026-01-06T21:10:00.000Z,2026-01-07T09:04:00.000Z,320,false
V010227,SEQM,VIDP,2026-01-06T06:12:00.000Z,2026-01-07T02:13:00.000Z,320,false
V010228,VIDP,SEQM,2026-01-05T23:09:00.000Z,2026-01-06T19:10:00.000Z,300,false
V010229,SEQM,VIDP,2026-01-06T16:10:00.000Z,2026-01-07T12:11:00.000Z,300,false
V010230,VIDP,SEQM,2026-01-06T02:03:00.000Z,2026-01-06T22:04:00.000Z,300,false
V010231,SEQM,VIDP,2026-01-06T21:00:00.000Z,2026-01-07T17:01:00.000Z,340,false
V010232,VIDP,SEQM,2026-01-06T08:25:00.000Z,2026-01-07T04:26:00.000Z,360,false
V010233,SEQM,VIDP,2026-01-07T04:07:00.000Z,2026-01-07T00:08:00.000Z,300,false
V010234,VIDP,SEQM,2026-01-06T18:15:00.000Z,2026-01-07T14:16:00.000Z,320,false
V010235,SEQM,OSDI,2026-01-06T10:30:00.000Z,2026-01-07T01:52:00.000Z,320,false
V010236,OSDI,SEQM,2026-01-05T21:09:00.000Z,2026-01-06T12:31:00.000Z,340,false
V010237,SEQM,OSDI,2026-01-06T13:36:00.000Z,2026-01-07T04:58:00.000Z,300,false
V010238,OSDI,SEQM,2026-01-06T06:27:00.000Z,2026-01-06T21:49:00.000Z,360,false
V010239,SEQM,OSDI,2026-01-06T21:21:00.000Z,2026-01-07T12:43:00.000Z,300,false
V010240,OSDI,SEQM,2026-01-06T14:06:00.000Z,2026-01-07T05:28:00.000Z,300,false
V010241,SEQM,OSDI,2026-01-06T23:46:00.000Z,2026-01-07T15:08:00.000Z,300,false
V010242,OSDI,SEQM,2026-01-06T20:21:00.000Z,2026-01-07T11:43:00.000Z,300,false
V010243,SEQM,OAKB,2026-01-06T12:54:00.000Z,2026-01-07T07:39:00.000Z,340,false
V010244,OAKB,SEQM,2026-01-06T07:38:00.000Z,2026-01-07T02:23:00.000Z,300,false
V010245,SEQM,OAKB,2026-01-07T04:32:00.000Z,2026-01-06T23:17:00.000Z,340,false
V010246,OAKB,SEQM,2026-01-06T17:39:00.000Z,2026-01-07T12:24:00.000Z,360,false
V010247,SEQM,OOMS,2026-01-06T11:19:00.000Z,2026-01-07T05:42:00.000Z,300,false
V010248,OOMS,SEQM,2026-01-05T22:46:00.000Z,2026-01-06T17:09:00.000Z,340,false
V010249,SEQM,OOMS,2026-01-06T22:38:00.000Z,2026-01-07T17:01:00.000Z,300,false
V010250,OOMS,SEQM,2026-01-06T18:06:00.000Z,2026-01-07T12:29:00.000Z,320,false
V010251,SEQM,OYSN,2026-01-06T12:58:00.000Z,2026-01-07T05:51:00.000Z,340,false
V010252,OYSN,SEQM,2026-01-05T23:27:00.000Z,2026-01-06T16:20:00.000Z,340,false
V010253,SEQM,OYSN,2026-01-06T17:20:00.000Z,2026-01-07T10:13:00.000Z,300,false
V010254,OYSN,SEQM,2026-01-06T11:39:00.000Z,2026-01-07T04:32:00.000Z,300,false
V010255,SEQM,OYSN,2026-01-06T23:00:00.000Z,2026-01-07T15:53:00.000Z,340,false
V010256,OYSN,SEQM,2026-01-06T16:15:00.000Z,2026-01-07T09:08:00.000Z,360,false
V010257,SEQM,OPKC,2026-01-06T10:38:00.000Z,2026-01-07T06:00:00.000Z,360,false
V010258,OPKC,SEQM,2026-01-05T20:28:00.000Z,2026-01-06T15:50:00.000Z,300,false
V010259,SEQM,OPKC,2026-01-06T19:09:00.000Z,2026-01-07T14:31:00.000Z,320,false
V010260,OPKC,SEQM,2026-01-06T08:58:00.000Z,2026-01-07T04:20:00.000Z,300,false
V010261,SEQM,OPKC,2026-01-07T01:40:00.000Z,2026-01-06T21:02:00.000Z,360,false
V010262,OPKC,SEQM,2026-01-06T14:22:00.000Z,2026-01-07T09:44:00.000Z,360,false
V010263,SEQM,UBBB,2026-01-06T10:14:00.000Z,2026-01-07T02:45:00.000Z,340,false
V010264,UBBB,SEQM,2026-01-05T22:46:00.000Z,2026-01-06T15:17:00.000Z,340,false
V010265,SEQM,UBBB,2026-01-06T13:09:00.000Z,2026-01-07T05:40:00.000Z,360,false
V010266,UBBB,SEQM,2026-01-06T08:03:00.000Z,2026-01-07T00:34:00.000Z,360,false
V010267,SEQM,UBBB,2026-01-06T18:55:00.000Z,2026-01-07T11:26:00.000Z,340,false
V010268,UBBB,SEQM,2026-01-06T13:08:00.000Z,2026-01-07T05:39:00.000Z,340,false
V010269,SEQM,UBBB,2026-01-07T04:44:00.000Z,2026-01-07T21:15:00.000Z,320,false
V010270,UBBB,SEQM,2026-01-06T19:42:00.000Z,2026-01-07T12:13:00.000Z,300,false
V010271,SEQM,OJAI,2026-01-06T08:30:00.000Z,2026-01-06T23:49:00.000Z,320,false
V010272,OJAI,SEQM,2026-01-06T00:30:00.000Z,2026-01-06T15:49:00.000Z,320,false
V010273,SEQM,OJAI,2026-01-06T13:57:00.000Z,2026-01-07T05:16:00.000Z,340,false
V010274,OJAI,SEQM,2026-01-06T07:37:00.000Z,2026-01-06T22:56:00.000Z,320,false
V010275,SEQM,OJAI,2026-01-06T21:54:00.000Z,2026-01-07T13:13:00.000Z,320,false
V010276,OJAI,SEQM,2026-01-06T09:31:00.000Z,2026-01-07T00:50:00.000Z,360,false
V010277,SEQM,OJAI,2026-01-07T02:17:00.000Z,2026-01-07T17:36:00.000Z,360,false
V010278,OJAI,SEQM,2026-01-06T17:17:00.000Z,2026-01-07T08:36:00.000Z,300,false
V010279,SVMI,SBBR,2026-01-06T04:28:00.000Z,2026-01-06T08:50:00.000Z,300,false
V010280,SBBR,SVMI,2026-01-06T06:05:00.000Z,2026-01-06T10:27:00.000Z,320,false
V010281,SVMI,SBBR,2026-01-06T12:34:00.000Z,2026-01-06T16:56:00.000Z,300,false
V010282,SBBR,SVMI,2026-01-06T09:06:00.000Z,2026-01-06T13:28:00.000Z,300,false
V010283,SVMI,SBBR,2026-01-06T19:00:00.000Z,2026-01-06T23:22:00.000Z,360,false
V010284,SBBR,SVMI,2026-01-06T17:39:00.000Z,2026-01-06T22:01:00.000Z,360,false
V010285,SVMI,SBBR,2026-01-07T01:09:00.000Z,2026-01-07T05:31:00.000Z,320,false
V010286,SBBR,SVMI,2026-01-06T22:45:00.000Z,2026-01-07T03:07:00.000Z,320,false
V010287,SVMI,SPIM,2026-01-06T14:55:00.000Z,2026-01-06T18:21:00.000Z,340,false
V010288,SPIM,SVMI,2026-01-06T10:24:00.000Z,2026-01-06T13:50:00.000Z,320,false
V010289,SVMI,SPIM,2026-01-06T22:09:00.000Z,2026-01-07T01:35:00.000Z,320,false
V010290,SPIM,SVMI,2026-01-06T17:15:00.000Z,2026-01-06T20:41:00.000Z,320,false
V010291,SVMI,SLLP,2026-01-06T06:28:00.000Z,2026-01-06T10:06:00.000Z,300,false
V010292,SLLP,SVMI,2026-01-06T08:51:00.000Z,2026-01-06T12:29:00.000Z,340,false
V010293,SVMI,SLLP,2026-01-06T14:42:00.000Z,2026-01-06T18:20:00.000Z,340,false
V010294,SLLP,SVMI,2026-01-06T10:19:00.000Z,2026-01-06T13:57:00.000Z,300,false
V010295,SVMI,SLLP,2026-01-06T16:11:00.000Z,2026-01-06T19:49:00.000Z,340,false
V010296,SLLP,SVMI,2026-01-06T19:04:00.000Z,2026-01-06T22:42:00.000Z,300,false
V010297,SVMI,SLLP,2026-01-07T02:55:00.000Z,2026-01-07T06:33:00.000Z,300,false
V010298,SLLP,SVMI,2026-01-07T00:54:00.000Z,2026-01-07T04:32:00.000Z,320,false
V010299,SVMI,SCEL,2026-01-06T07:37:00.000Z,2026-01-06T13:39:00.000Z,360,false
V010300,SCEL,SVMI,2026-01-06T08:45:00.000Z,2026-01-06T14:47:00.000Z,340,false
V010301,SVMI,SCEL,2026-01-06T18:23:00.000Z,2026-01-07T00:25:00.000Z,300,false
V010302,SCEL,SVMI,2026-01-06T13:21:00.000Z,2026-01-06T19:23:00.000Z,300,false
V010303,SVMI,SCEL,2026-01-07T03:48:00.000Z,2026-01-07T09:50:00.000Z,360,false
V010304,SCEL,SVMI,2026-01-06T19:42:00.000Z,2026-01-07T01:44:00.000Z,300,false
V010305,SVMI,SABE,2026-01-06T04:03:00.000Z,2026-01-06T10:17:00.000Z,300,false
V010306,SABE,SVMI,2026-01-06T14:34:00.000Z,2026-01-06T20:48:00.000Z,340,false
V010307,SVMI,SABE,2026-01-07T03:58:00.000Z,2026-01-07T10:12:00.000Z,340,false
V010308,SABE,SVMI,2026-01-06T20:46:00.000Z,2026-01-07T03:00:00.000Z,300,false
V010309,SVMI,SGAS,2026-01-06T08:07:00.000Z,2026-01-06T13:09:00.000Z,340,false
V010310,SGAS,SVMI,2026-01-06T06:16:00.000Z,2026-01-06T11:18:00.000Z,360,false
V010311,SVMI,SGAS,2026-01-06T15:43:00.000Z,2026-01-06T20:45:00.000Z,300,false
V010312,SGAS,SVMI,2026-01-06T12:51:00.000Z,2026-01-06T17:53:00.000Z,360,false
V010313,SVMI,SGAS,2026-01-06T18:03:00.000Z,2026-01-06T23:05:00.000Z,300,false
V010314,SGAS,SVMI,2026-01-06T16:58:00.000Z,2026-01-06T22:00:00.000Z,300,false
V010315,SVMI,SGAS,2026-01-06T23:22:00.000Z,2026-01-07T04:24:00.000Z,320,false
V010316,SGAS,SVMI,2026-01-06T22:50:00.000Z,2026-01-07T03:52:00.000Z,300,false
V010317,SVMI,SUAA,2026-01-06T07:09:00.000Z,2026-01-06T13:26:00.000Z,320,false
V010318,SUAA,SVMI,2026-01-06T06:34:00.000Z,2026-01-06T12:51:00.000Z,300,false
V010319,SVMI,SUAA,2026-01-06T10:31:00.000Z,2026-01-06T16:48:00.000Z,300,false
V010320,SUAA,SVMI,2026-01-06T09:43:00.000Z,2026-01-06T16:00:00.000Z,360,false
V010321,SVMI,SUAA,2026-01-06T18:31:00.000Z,2026-01-07T00:48:00.000Z,360,false
V010322,SUAA,SVMI,2026-01-06T20:32:00.000Z,2026-01-07T02:49:00.000Z,360,false
V010323,SVMI,SUAA,2026-01-07T00:25:00.000Z,2026-01-07T06:42:00.000Z,340,false
V010324,SUAA,SVMI,2026-01-07T01:45:00.000Z,2026-01-07T08:02:00.000Z,320,false
V010325,SVMI,LATI,2026-01-06T05:01:00.000Z,2026-01-06T16:10:00.000Z,360,false
V010326,LATI,SVMI,2026-01-06T00:48:00.000Z,2026-01-06T11:57:00.000Z,340,false
V010327,SVMI,LATI,2026-01-06T17:32:00.000Z,2026-01-07T04:41:00.000Z,320,false
V010328,LATI,SVMI,2026-01-06T12:29:00.000Z,2026-01-06T23:38:00.000Z,320,false
V010329,SVMI,LATI,2026-01-06T23:13:00.000Z,2026-01-07T10:22:00.000Z,300,false
V010330,LATI,SVMI,2026-01-06T15:34:00.000Z,2026-01-07T02:43:00.000Z,300,false
V010331,SVMI,EDDI,2026-01-06T09:02:00.000Z,2026-01-06T19:34:00.000Z,340,false
V010332,EDDI,SVMI,2026-01-05T23:17:00.000Z,2026-01-06T09:49:00.000Z,340,false
V010333,SVMI,EDDI,2026-01-06T16:01:00.000Z,2026-01-07T02:33:00.000Z,320,false
V010334,EDDI,SVMI,2026-01-06T12:03:00.000Z,2026-01-06T22:35:00.000Z,360,false
V010335,SVMI,EDDI,2026-01-06T23:35:00.000Z,2026-01-07T10:07:00.000Z,340,false
V010336,EDDI,SVMI,2026-01-06T15:47:00.000Z,2026-01-07T02:19:00.000Z,340,false
V010337,SVMI,LOWW,2026-01-06T04:06:00.000Z,2026-01-06T14:54:00.000Z,300,false
V010338,LOWW,SVMI,2026-01-05T23:50:00.000Z,2026-01-06T10:38:00.000Z,360,false
V010339,SVMI,LOWW,2026-01-06T12:13:00.000Z,2026-01-06T23:01:00.000Z,340,false
V010340,LOWW,SVMI,2026-01-06T06:43:00.000Z,2026-01-06T17:31:00.000Z,340,false
V010341,SVMI,LOWW,2026-01-06T16:32:00.000Z,2026-01-07T03:20:00.000Z,320,false
V010342,LOWW,SVMI,2026-01-06T10:14:00.000Z,2026-01-06T21:02:00.000Z,340,false
V010343,SVMI,LOWW,2026-01-07T03:47:00.000Z,2026-01-07T14:35:00.000Z,320,false
V010344,LOWW,SVMI,2026-01-06T17:18:00.000Z,2026-01-07T04:06:00.000Z,320,false
V010345,SVMI,EBCI,2026-01-06T04:58:00.000Z,2026-01-06T14:41:00.000Z,360,false
V010346,EBCI,SVMI,2026-01-05T22:21:00.000Z,2026-01-06T08:04:00.000Z,300,false
V010347,SVMI,EBCI,2026-01-06T15:58:00.000Z,2026-01-07T01:41:00.000Z,320,false
V010348,EBCI,SVMI,2026-01-06T05:55:00.000Z,2026-01-06T15:38:00.000Z,360,false
V010349,SVMI,EBCI,2026-01-06T18:06:00.000Z,2026-01-07T03:49:00.000Z,340,false
V010350,EBCI,SVMI,2026-01-06T13:20:00.000Z,2026-01-06T23:03:00.000Z,300,false
V010351,SVMI,EBCI,2026-01-06T22:32:00.000Z,2026-01-07T08:15:00.000Z,340,false
V010352,EBCI,SVMI,2026-01-06T17:20:00.000Z,2026-01-07T03:03:00.000Z,360,false
V010353,SVMI,UMMS,2026-01-06T11:17:00.000Z,2026-01-06T23:05:00.000Z,300,false
V010354,UMMS,SVMI,2026-01-06T01:02:00.000Z,2026-01-06T12:50:00.000Z,300,false
V010355,SVMI,UMMS,2026-01-06T21:44:00.000Z,2026-01-07T09:32:00.000Z,300,false
V010356,UMMS,SVMI,2026-01-06T11:08:00.000Z,2026-01-06T22:56:00.000Z,360,false
V010357,SVMI,LBSF,2026-01-06T11:08:00.000Z,2026-01-06T22:41:00.000Z,360,false
V010358,LBSF,SVMI,2026-01-05T21:17:00.000Z,2026-01-06T08:50:00.000Z,320,false
V010359,SVMI,LBSF,2026-01-06T19:21:00.000Z,2026-01-07T06:54:00.000Z,300,false
V010360,LBSF,SVMI,2026-01-06T10:20:00.000Z,2026-01-06T21:53:00.000Z,300,false
V010361,SVMI,LBSF,2026-01-06T23:51:00.000Z,2026-01-07T11:24:00.000Z,360,false
V010362,LBSF,SVMI,2026-01-06T15:13:00.000Z,2026-01-07T02:46:00.000Z,300,false
V010363,SVMI,LKPR,2026-01-06T04:17:00.000Z,2026-01-06T14:54:00.000Z,340,false
V010364,LKPR,SVMI,2026-01-06T03:20:00.000Z,2026-01-06T13:57:00.000Z,360,false
V010365,SVMI,LKPR,2026-01-06T10:40:00.000Z,2026-01-06T21:17:00.000Z,320,false
V010366,LKPR,SVMI,2026-01-06T09:59:00.000Z,2026-01-06T20:36:00.000Z,360,false
V010367,SVMI,LKPR,2026-01-06T16:52:00.000Z,2026-01-07T03:29:00.000Z,360,false
V010368,LKPR,SVMI,2026-01-06T11:52:00.000Z,2026-01-06T22:29:00.000Z,300,false
V010369,SVMI,LKPR,2026-01-06T22:40:00.000Z,2026-01-07T09:17:00.000Z,320,false
V010370,LKPR,SVMI,2026-01-06T19:25:00.000Z,2026-01-07T06:02:00.000Z,300,false
V010371,SVMI,LDZA,2026-01-06T19:12:00.000Z,2026-01-07T06:00:00.000Z,340,false
V010372,LDZA,SVMI,2026-01-06T08:49:00.000Z,2026-01-06T19:37:00.000Z,360,false
V010373,SVMI,EKCH,2026-01-06T05:13:00.000Z,2026-01-06T15:42:00.000Z,320,false
V010374,EKCH,SVMI,2026-01-06T01:00:00.000Z,2026-01-06T11:29:00.000Z,340,false
V010375,SVMI,EKCH,2026-01-06T14:50:00.000Z,2026-01-07T01:19:00.000Z,360,false
V010376,EKCH,SVMI,2026-01-06T04:18:00.000Z,2026-01-06T14:47:00.000Z,340,false
V010377,SVMI,EKCH,2026-01-06T21:39:00.000Z,2026-01-07T08:08:00.000Z,300,false
V010378,EKCH,SVMI,2026-01-06T15:24:00.000Z,2026-01-07T01:53:00.000Z,300,false
V010379,SVMI,EKCH,2026-01-07T00:07:00.000Z,2026-01-07T10:36:00.000Z,360,false
V010380,EKCH,SVMI,2026-01-06T18:57:00.000Z,2026-01-07T05:26:00.000Z,340,false
V010381,SVMI,EHAM,2026-01-06T16:14:00.000Z,2026-01-07T02:00:00.000Z,360,false
V010382,EHAM,SVMI,2026-01-06T16:11:00.000Z,2026-01-07T01:57:00.000Z,320,false
V010383,SVMI,VIDP,2026-01-06T06:23:00.000Z,2026-01-07T00:15:00.000Z,300,false
V010384,VIDP,SVMI,2026-01-05T22:36:00.000Z,2026-01-06T16:28:00.000Z,300,false
V010385,SVMI,VIDP,2026-01-06T15:34:00.000Z,2026-01-07T09:26:00.000Z,300,false
V010386,VIDP,SVMI,2026-01-06T04:42:00.000Z,2026-01-06T22:34:00.000Z,300,false
V010387,SVMI,VIDP,2026-01-06T21:44:00.000Z,2026-01-07T15:36:00.000Z,300,false
V010388,VIDP,SVMI,2026-01-06T08:36:00.000Z,2026-01-07T02:28:00.000Z,340,false
V010389,SVMI,VIDP,2026-01-07T00:47:00.000Z,2026-01-07T18:39:00.000Z,320,false
V010390,VIDP,SVMI,2026-01-06T17:40:00.000Z,2026-01-07T11:32:00.000Z,340,false
V010391,SVMI,OSDI,2026-01-06T05:42:00.000Z,2026-01-06T18:54:00.000Z,340,false
V010392,OSDI,SVMI,2026-01-05T22:43:00.000Z,2026-01-06T11:55:00.000Z,320,false
V010393,SVMI,OSDI,2026-01-06T15:55:00.000Z,2026-01-07T05:07:00.000Z,340,false
V010394,OSDI,SVMI,2026-01-06T03:16:00.000Z,2026-01-06T16:28:00.000Z,340,false
V010395,SVMI,OSDI,2026-01-06T17:38:00.000Z,2026-01-07T06:50:00.000Z,360,false
V010396,OSDI,SVMI,2026-01-06T10:30:00.000Z,2026-01-06T23:42:00.000Z,320,false
V010397,SVMI,OSDI,2026-01-07T01:55:00.000Z,2026-01-07T15:07:00.000Z,320,false
V010398,OSDI,SVMI,2026-01-06T17:16:00.000Z,2026-01-07T06:28:00.000Z,360,false
V010399,SVMI,OAKB,2026-01-06T09:23:00.000Z,2026-01-07T01:59:00.000Z,320,false
V010400,OAKB,SVMI,2026-01-05T20:00:00.000Z,2026-01-06T12:36:00.000Z,320,false
V010401,SVMI,OAKB,2026-01-06T15:53:00.000Z,2026-01-07T08:29:00.000Z,340,false
V010402,OAKB,SVMI,2026-01-06T05:38:00.000Z,2026-01-06T22:14:00.000Z,340,false
V010403,SVMI,OAKB,2026-01-06T20:51:00.000Z,2026-01-07T13:27:00.000Z,340,false
V010404,OAKB,SVMI,2026-01-06T11:45:00.000Z,2026-01-07T04:21:00.000Z,360,false
V010405,SVMI,OAKB,2026-01-06T23:30:00.000Z,2026-01-07T16:06:00.000Z,320,false
V010406,OAKB,SVMI,2026-01-06T19:33:00.000Z,2026-01-07T12:09:00.000Z,340,false
V010407,SVMI,OOMS,2026-01-06T05:12:00.000Z,2026-01-06T21:26:00.000Z,340,false
V010408,OOMS,SVMI,2026-01-06T00:47:00.000Z,2026-01-06T17:01:00.000Z,340,false
V010409,SVMI,OOMS,2026-01-06T14:01:00.000Z,2026-01-07T06:15:00.000Z,320,false
V010410,OOMS,SVMI,2026-01-06T03:27:00.000Z,2026-01-06T19:41:00.000Z,360,false
V010411,SVMI,OOMS,2026-01-06T19:58:00.000Z,2026-01-07T12:12:00.000Z,300,false
V010412,OOMS,SVMI,2026-01-06T09:07:00.000Z,2026-01-07T01:21:00.000Z,340,false
V010413,SVMI,OOMS,2026-01-07T02:19:00.000Z,2026-01-07T18:33:00.000Z,340,false
V010414,OOMS,SVMI,2026-01-06T17:02:00.000Z,2026-01-07T09:16:00.000Z,340,false
V010415,SVMI,OYSN,2026-01-06T04:34:00.000Z,2026-01-06T19:26:00.000Z,320,false
V010416,OYSN,SVMI,2026-01-05T21:33:00.000Z,2026-01-06T12:25:00.000Z,300,false
V010417,SVMI,OYSN,2026-01-06T15:01:00.000Z,2026-01-07T05:53:00.000Z,360,false
V010418,OYSN,SVMI,2026-01-06T06:42:00.000Z,2026-01-06T21:34:00.000Z,320,false
V010419,SVMI,OYSN,2026-01-06T18:52:00.000Z,2026-01-07T09:44:00.000Z,320,false
V010420,OYSN,SVMI,2026-01-06T14:16:00.000Z,2026-01-07T05:08:00.000Z,320,false
V010421,SVMI,OYSN,2026-01-07T03:47:00.000Z,2026-01-07T18:39:00.000Z,360,false
V010422,OYSN,SVMI,2026-01-06T19:18:00.000Z,2026-01-07T10:10:00.000Z,300,false
V010423,SVMI,OPKC,2026-01-06T07:38:00.000Z,2026-01-07T00:49:00.000Z,340,false
V010424,OPKC,SVMI,2026-01-05T21:13:00.000Z,2026-01-06T14:24:00.000Z,360,false
V010425,SVMI,OPKC,2026-01-06T15:28:00.000Z,2026-01-07T08:39:00.000Z,360,false
V010426,OPKC,SVMI,2026-01-06T06:32:00.000Z,2026-01-06T23:43:00.000Z,300,false
V010427,SVMI,OPKC,2026-01-06T16:58:00.000Z,2026-01-07T10:09:00.000Z,320,false
V010428,OPKC,SVMI,2026-01-06T07:41:00.000Z,2026-01-07T00:52:00.000Z,360,false
V010429,SVMI,OPKC,2026-01-07T03:23:00.000Z,2026-01-06T20:34:00.000Z,320,false
V010430,OPKC,SVMI,2026-01-06T17:13:00.000Z,2026-01-07T10:24:00.000Z,320,false
V010431,SVMI,UBBB,2026-01-06T06:50:00.000Z,2026-01-06T21:11:00.000Z,360,false
V010432,UBBB,SVMI,2026-01-06T03:41:00.000Z,2026-01-06T18:02:00.000Z,360,false
V010433,SVMI,UBBB,2026-01-06T12:43:00.000Z,2026-01-07T03:04:00.000Z,320,false
V010434,UBBB,SVMI,2026-01-06T09:32:00.000Z,2026-01-06T23:53:00.000Z,320,false
V010435,SVMI,UBBB,2026-01-06T16:36:00.000Z,2026-01-07T06:57:00.000Z,340,false
V010436,UBBB,SVMI,2026-01-06T11:27:00.000Z,2026-01-07T01:48:00.000Z,360,false
V010437,SVMI,UBBB,2026-01-07T01:32:00.000Z,2026-01-07T15:53:00.000Z,300,false
V010438,UBBB,SVMI,2026-01-06T18:29:00.000Z,2026-01-07T08:50:00.000Z,320,false
V010439,SVMI,OJAI,2026-01-06T06:13:00.000Z,2026-01-06T19:23:00.000Z,300,false
V010440,OJAI,SVMI,2026-01-06T03:58:00.000Z,2026-01-06T17:08:00.000Z,340,false
V010441,SVMI,OJAI,2026-01-06T15:46:00.000Z,2026-01-07T04:56:00.000Z,300,false
V010442,OJAI,SVMI,2026-01-06T09:17:00.000Z,2026-01-06T22:27:00.000Z,340,false
V010443,SVMI,OJAI,2026-01-06T21:28:00.000Z,2026-01-07T10:38:00.000Z,320,false
V010444,OJAI,SVMI,2026-01-06T18:44:00.000Z,2026-01-07T07:54:00.000Z,340,false
V010445,SBBR,SPIM,2026-01-06T10:06:00.000Z,2026-01-06T14:11:00.000Z,340,false
V010446,SPIM,SBBR,2026-01-06T05:48:00.000Z,2026-01-06T09:53:00.000Z,300,false
V010447,SBBR,SPIM,2026-01-06T16:38:00.000Z,2026-01-06T20:43:00.000Z,320,false
V010448,SPIM,SBBR,2026-01-06T23:19:00.000Z,2026-01-07T03:24:00.000Z,340,false
V010449,SBBR,SLLP,2026-01-06T03:10:00.000Z,2026-01-06T06:00:00.000Z,360,false
V010450,SLLP,SBBR,2026-01-06T05:33:00.000Z,2026-01-06T08:23:00.000Z,320,false
V010451,SBBR,SLLP,2026-01-06T09:40:00.000Z,2026-01-06T12:30:00.000Z,360,false
V010452,SLLP,SBBR,2026-01-06T15:07:00.000Z,2026-01-06T17:57:00.000Z,300,false
V010453,SBBR,SLLP,2026-01-06T17:47:00.000Z,2026-01-06T20:37:00.000Z,340,false
V010454,SLLP,SBBR,2026-01-06T20:07:00.000Z,2026-01-06T22:57:00.000Z,360,false
V010455,SBBR,SLLP,2026-01-06T21:31:00.000Z,2026-01-07T00:21:00.000Z,320,false
V010456,SLLP,SBBR,2026-01-07T00:13:00.000Z,2026-01-07T03:03:00.000Z,320,false
V010457,SBBR,SCEL,2026-01-06T03:17:00.000Z,2026-01-06T07:08:00.000Z,340,false
V010458,SCEL,SBBR,2026-01-06T13:28:00.000Z,2026-01-06T17:19:00.000Z,320,false
V010459,SBBR,SCEL,2026-01-06T23:02:00.000Z,2026-01-07T02:53:00.000Z,300,false
V010460,SCEL,SBBR,2026-01-06T20:38:00.000Z,2026-01-07T00:29:00.000Z,360,false
V010461,SBBR,SABE,2026-01-06T06:01:00.000Z,2026-01-06T09:00:00.000Z,360,false
V010462,SABE,SBBR,2026-01-06T04:24:00.000Z,2026-01-06T07:23:00.000Z,320,false
V010463,SBBR,SABE,2026-01-06T12:57:00.000Z,2026-01-06T15:56:00.000Z,360,false
V010464,SABE,SBBR,2026-01-06T12:22:00.000Z,2026-01-06T15:21:00.000Z,320,false
V010465,SBBR,SABE,2026-01-06T16:24:00.000Z,2026-01-06T19:23:00.000Z,320,false
V010466,SABE,SBBR,2026-01-06T15:15:00.000Z,2026-01-06T18:14:00.000Z,320,false
V010467,SBBR,SABE,2026-01-07T01:01:00.000Z,2026-01-07T04:00:00.000Z,300,false
V010468,SABE,SBBR,2026-01-06T21:06:00.000Z,2026-01-07T00:05:00.000Z,360,false
V010469,SBBR,SGAS,2026-01-06T05:00:00.000Z,2026-01-06T06:55:00.000Z,320,false
V010470,SGAS,SBBR,2026-01-06T04:51:00.000Z,2026-01-06T06:46:00.000Z,300,false
V010471,SBBR,SGAS,2026-01-06T14:36:00.000Z,2026-01-06T16:31:00.000Z,300,false
V010472,SGAS,SBBR,2026-01-06T11:28:00.000Z,2026-01-06T13:23:00.000Z,360,false
V010473,SBBR,SGAS,2026-01-06T18:19:00.000Z,2026-01-06T20:14:00.000Z,320,false
V010474,SGAS,SBBR,2026-01-06T21:19:00.000Z,2026-01-06T23:14:00.000Z,300,false
V010475,SBBR,SGAS,2026-01-06T22:05:00.000Z,2026-01-07T00:00:00.000Z,360,false
V010476,SGAS,SBBR,2026-01-06T22:40:00.000Z,2026-01-07T00:35:00.000Z,300,false
V010477,SBBR,SUAA,2026-01-06T08:25:00.000Z,2026-01-06T11:18:00.000Z,360,false
V010478,SUAA,SBBR,2026-01-06T06:28:00.000Z,2026-01-06T09:21:00.000Z,300,false
V010479,SBBR,SUAA,2026-01-06T13:12:00.000Z,2026-01-06T16:05:00.000Z,360,false
V010480,SUAA,SBBR,2026-01-06T12:00:00.000Z,2026-01-06T14:53:00.000Z,340,false
V010481,SBBR,SUAA,2026-01-06T16:02:00.000Z,2026-01-06T18:55:00.000Z,320,false
V010482,SUAA,SBBR,2026-01-06T17:36:00.000Z,2026-01-06T20:29:00.000Z,340,false
V010483,SBBR,SUAA,2026-01-06T23:00:00.000Z,2026-01-07T01:53:00.000Z,340,false
V010484,SUAA,SBBR,2026-01-06T21:16:00.000Z,2026-01-07T00:09:00.000Z,320,false
V010485,SBBR,LATI,2026-01-06T05:14:00.000Z,2026-01-06T16:48:00.000Z,300,false
V010486,LATI,SBBR,2026-01-06T03:17:00.000Z,2026-01-06T14:51:00.000Z,360,false
V010487,SBBR,LATI,2026-01-06T11:00:00.000Z,2026-01-06T22:34:00.000Z,340,false
V010488,LATI,SBBR,2026-01-06T09:35:00.000Z,2026-01-06T21:09:00.000Z,320,false
V010489,SBBR,LATI,2026-01-06T23:01:00.000Z,2026-01-07T10:35:00.000Z,300,false
V010490,LATI,SBBR,2026-01-06T14:55:00.000Z,2026-01-07T02:29:00.000Z,320,false
V010491,SBBR,EDDI,2026-01-06T07:16:00.000Z,2026-01-06T19:06:00.000Z,360,false
V010492,EDDI,SBBR,2026-01-06T05:42:00.000Z,2026-01-06T17:32:00.000Z,340,false
V010493,SBBR,EDDI,2026-01-07T00:42:00.000Z,2026-01-07T12:32:00.000Z,340,false
V010494,EDDI,SBBR,2026-01-06T18:08:00.000Z,2026-01-07T05:58:00.000Z,300,false
V010495,SBBR,LOWW,2026-01-06T09:10:00.000Z,2026-01-06T20:56:00.000Z,360,false
V010496,LOWW,SBBR,2026-01-06T04:35:00.000Z,2026-01-06T16:21:00.000Z,320,false
V010497,SBBR,LOWW,2026-01-06T22:23:00.000Z,2026-01-07T10:09:00.000Z,360,false
V010498,LOWW,SBBR,2026-01-06T18:19:00.000Z,2026-01-07T06:05:00.000Z,320,false
V010499,SBBR,EBCI,2026-01-06T04:41:00.000Z,2026-01-06T15:43:00.000Z,320,false
V010500,EBCI,SBBR,2026-01-06T02:53:00.000Z,2026-01-06T13:55:00.000Z,320,false
V010501,SBBR,EBCI,2026-01-06T12:22:00.000Z,2026-01-06T23:24:00.000Z,300,false
V010502,EBCI,SBBR,2026-01-06T07:43:00.000Z,2026-01-06T18:45:00.000Z,340,false
V010503,SBBR,EBCI,2026-01-06T15:04:00.000Z,2026-01-07T02:06:00.000Z,300,false
V010504,EBCI,SBBR,2026-01-06T11:29:00.000Z,2026-01-06T22:31:00.000Z,300,false
V010505,SBBR,EBCI,2026-01-07T02:50:00.000Z,2026-01-07T13:52:00.000Z,340,false
V010506,EBCI,SBBR,2026-01-06T21:47:00.000Z,2026-01-07T08:49:00.000Z,360,false
V010507,SBBR,UMMS,2026-01-06T07:23:00.000Z,2026-01-06T20:25:00.000Z,340,false
V010508,UMMS,SBBR,2026-01-06T01:59:00.000Z,2026-01-06T15:01:00.000Z,300,false
V010509,SBBR,UMMS,2026-01-06T17:51:00.000Z,2026-01-07T06:53:00.000Z,340,false
V010510,UMMS,SBBR,2026-01-06T06:01:00.000Z,2026-01-06T19:03:00.000Z,360,false
V010511,SBBR,UMMS,2026-01-07T00:15:00.000Z,2026-01-07T13:17:00.000Z,340,false
V010512,UMMS,SBBR,2026-01-06T15:59:00.000Z,2026-01-07T05:01:00.000Z,340,false
V010513,SBBR,LBSF,2026-01-06T10:16:00.000Z,2026-01-06T22:16:00.000Z,360,false
V010514,LBSF,SBBR,2026-01-05T22:48:00.000Z,2026-01-06T10:48:00.000Z,360,false
V010515,SBBR,LBSF,2026-01-06T12:30:00.000Z,2026-01-07T00:30:00.000Z,320,false
V010516,LBSF,SBBR,2026-01-06T07:05:00.000Z,2026-01-06T19:05:00.000Z,320,false
V010517,SBBR,LBSF,2026-01-07T02:27:00.000Z,2026-01-07T14:27:00.000Z,360,false
V010518,LBSF,SBBR,2026-01-06T18:14:00.000Z,2026-01-07T06:14:00.000Z,320,false
V010519,SBBR,LKPR,2026-01-06T08:37:00.000Z,2026-01-06T20:23:00.000Z,300,false
V010520,LKPR,SBBR,2026-01-06T02:18:00.000Z,2026-01-06T14:04:00.000Z,300,false
V010521,SBBR,LKPR,2026-01-06T10:28:00.000Z,2026-01-06T22:14:00.000Z,360,false
V010522,LKPR,SBBR,2026-01-06T06:01:00.000Z,2026-01-06T17:47:00.000Z,340,false
V010523,SBBR,LKPR,2026-01-06T17:41:00.000Z,2026-01-07T05:27:00.000Z,300,false
V010524,LKPR,SBBR,2026-01-06T15:37:00.000Z,2026-01-07T03:23:00.000Z,360,false
V010525,SBBR,LKPR,2026-01-07T02:21:00.000Z,2026-01-07T14:07:00.000Z,320,false
V010526,LKPR,SBBR,2026-01-06T17:41:00.000Z,2026-01-07T05:27:00.000Z,320,false
V010527,SBBR,LDZA,2026-01-06T05:15:00.000Z,2026-01-06T16:49:00.000Z,300,false
V010528,LDZA,SBBR,2026-01-06T03:22:00.000Z,2026-01-06T14:56:00.000Z,360,false
V010529,SBBR,LDZA,2026-01-06T18:15:00.000Z,2026-01-07T05:49:00.000Z,360,false
V010530,LDZA,SBBR,2026-01-06T07:38:00.000Z,2026-01-06T19:12:00.000Z,340,false
V010531,SBBR,LDZA,2026-01-06T19:54:00.000Z,2026-01-07T07:28:00.000Z,320,false
V010532,LDZA,SBBR,2026-01-06T20:07:00.000Z,2026-01-07T07:41:00.000Z,340,false
V010533,SBBR,EKCH,2026-01-06T05:19:00.000Z,2026-01-06T17:19:00.000Z,360,false
V010534,EKCH,SBBR,2026-01-06T00:04:00.000Z,2026-01-06T12:04:00.000Z,320,false
V010535,SBBR,EKCH,2026-01-06T17:04:00.000Z,2026-01-07T05:04:00.000Z,320,false
V010536,EKCH,SBBR,2026-01-06T11:50:00.000Z,2026-01-06T23:50:00.000Z,360,false
V010537,SBBR,EKCH,2026-01-06T21:30:00.000Z,2026-01-07T09:30:00.000Z,320,false
V010538,EKCH,SBBR,2026-01-06T20:07:00.000Z,2026-01-07T08:07:00.000Z,320,false
V010539,SBBR,EHAM,2026-01-06T05:29:00.000Z,2026-01-06T16:42:00.000Z,360,false
V010540,EHAM,SBBR,2026-01-06T00:03:00.000Z,2026-01-06T11:16:00.000Z,320,false
V010541,SBBR,EHAM,2026-01-06T16:30:00.000Z,2026-01-07T03:43:00.000Z,320,false
V010542,EHAM,SBBR,2026-01-06T14:48:00.000Z,2026-01-07T02:01:00.000Z,340,false
V010543,SBBR,VIDP,2026-01-06T07:33:00.000Z,2026-01-07T01:17:00.000Z,320,false
V010544,VIDP,SBBR,2026-01-06T02:14:00.000Z,2026-01-06T19:58:00.000Z,300,false
V010545,SBBR,VIDP,2026-01-06T17:24:00.000Z,2026-01-07T11:08:00.000Z,360,false
V010546,VIDP,SBBR,2026-01-06T06:02:00.000Z,2026-01-06T23:46:00.000Z,320,false
V010547,SBBR,VIDP,2026-01-06T19:24:00.000Z,2026-01-07T13:08:00.000Z,360,false
V010548,VIDP,SBBR,2026-01-06T14:39:00.000Z,2026-01-07T08:23:00.000Z,360,false
V010549,SBBR,OSDI,2026-01-06T08:58:00.000Z,2026-01-06T21:53:00.000Z,360,false
V010550,OSDI,SBBR,2026-01-05T22:28:00.000Z,2026-01-06T11:23:00.000Z,320,false
V010551,SBBR,OSDI,2026-01-06T12:51:00.000Z,2026-01-07T01:46:00.000Z,300,false
V010552,OSDI,SBBR,2026-01-06T09:55:00.000Z,2026-01-06T22:50:00.000Z,320,false
V010553,SBBR,OSDI,2026-01-06T20:12:00.000Z,2026-01-07T09:07:00.000Z,360,false
V010554,OSDI,SBBR,2026-01-06T13:20:00.000Z,2026-01-07T02:15:00.000Z,360,false
V010555,SBBR,OAKB,2026-01-06T08:02:00.000Z,2026-01-07T00:47:00.000Z,320,false
V010556,OAKB,SBBR,2026-01-05T23:42:00.000Z,2026-01-06T16:27:00.000Z,360,false
V010557,SBBR,OAKB,2026-01-06T13:51:00.000Z,2026-01-07T06:36:00.000Z,300,false
V010558,OAKB,SBBR,2026-01-06T09:53:00.000Z,2026-01-07T02:38:00.000Z,300,false
V010559,SBBR,OAKB,2026-01-06T21:22:00.000Z,2026-01-07T14:07:00.000Z,340,false
V010560,OAKB,SBBR,2026-01-06T19:26:00.000Z,2026-01-07T12:11:00.000Z,320,false
V010561,SBBR,OOMS,2026-01-06T07:09:00.000Z,2026-01-06T22:26:00.000Z,360,false
V010562,OOMS,SBBR,2026-01-06T01:14:00.000Z,2026-01-06T16:31:00.000Z,340,false
V010563,SBBR,OOMS,2026-01-06T14:06:00.000Z,2026-01-07T05:23:00.000Z,300,false
V010564,OOMS,SBBR,2026-01-06T06:38:00.000Z,2026-01-06T21:55:00.000Z,360,false
V010565,SBBR,OOMS,2026-01-06T18:47:00.000Z,2026-01-07T10:04:00.000Z,320,false
V010566,OOMS,SBBR,2026-01-06T09:47:00.000Z,2026-01-07T01:04:00.000Z,340,false
V010567,SBBR,OOMS,2026-01-06T22:07:00.000Z,2026-01-07T13:24:00.000Z,360,false
V010568,OOMS,SBBR,2026-01-06T18:37:00.000Z,2026-01-07T09:54:00.000Z,360,false
V010569,SBBR,OYSN,2026-01-06T06:48:00.000Z,2026-01-06T20:03:00.000Z,300,false
V010570,OYSN,SBBR,2026-01-06T00:10:00.000Z,2026-01-06T13:25:00.000Z,340,false
V010571,SBBR,OYSN,2026-01-06T18:56:00.000Z,2026-01-07T08:11:00.000Z,340,false
V010572,OYSN,SBBR,2026-01-06T10:11:00.000Z,2026-01-06T23:26:00.000Z,360,false
V010573,SBBR,OYSN,2026-01-07T02:56:00.000Z,2026-01-07T16:11:00.000Z,300,false
V010574,OYSN,SBBR,2026-01-06T16:55:00.000Z,2026-01-07T06:10:00.000Z,360,false
V010575,SBBR,OPKC,2026-01-06T07:15:00.000Z,2026-01-06T23:42:00.000Z,300,false
V010576,OPKC,SBBR,2026-01-06T05:19:00.000Z,2026-01-06T21:46:00.000Z,360,false
V010577,SBBR,UBBB,2026-01-06T08:35:00.000Z,2026-01-06T23:15:00.000Z,300,false
V010578,UBBB,SBBR,2026-01-05T22:49:00.000Z,2026-01-06T13:29:00.000Z,340,false
V010579,SBBR,UBBB,2026-01-06T09:45:00.000Z,2026-01-07T00:25:00.000Z,320,false
V010580,UBBB,SBBR,2026-01-06T05:13:00.000Z,2026-01-06T19:53:00.000Z,340,false
V010581,SBBR,UBBB,2026-01-06T20:10:00.000Z,2026-01-07T10:50:00.000Z,360,false
V010582,UBBB,SBBR,2026-01-06T11:42:00.000Z,2026-01-07T02:22:00.000Z,360,false
V010583,SBBR,UBBB,2026-01-06T21:38:00.000Z,2026-01-07T12:18:00.000Z,360,false
V010584,UBBB,SBBR,2026-01-06T21:38:00.000Z,2026-01-07T12:18:00.000Z,300,false
V010585,SBBR,OJAI,2026-01-06T08:42:00.000Z,2026-01-06T21:26:00.000Z,340,false
V010586,OJAI,SBBR,2026-01-05T22:30:00.000Z,2026-01-06T11:14:00.000Z,300,false
V010587,SBBR,OJAI,2026-01-06T09:35:00.000Z,2026-01-06T22:19:00.000Z,320,false
V010588,OJAI,SBBR,2026-01-06T06:08:00.000Z,2026-01-06T18:52:00.000Z,340,false
V010589,SBBR,OJAI,2026-01-06T15:59:00.000Z,2026-01-07T04:43:00.000Z,340,false
V010590,OJAI,SBBR,2026-01-06T13:18:00.000Z,2026-01-07T02:02:00.000Z,320,false
V010591,SBBR,OJAI,2026-01-06T22:47:00.000Z,2026-01-07T11:31:00.000Z,300,false
V010592,OJAI,SBBR,2026-01-06T20:25:00.000Z,2026-01-07T09:09:00.000Z,320,false
V010593,SPIM,SLLP,2026-01-06T05:21:00.000Z,2026-01-06T06:41:00.000Z,300,false
V010594,SLLP,SPIM,2026-01-06T09:33:00.000Z,2026-01-06T10:53:00.000Z,340,false
V010595,SPIM,SLLP,2026-01-06T14:22:00.000Z,2026-01-06T15:42:00.000Z,320,false
V010596,SLLP,SPIM,2026-01-06T15:54:00.000Z,2026-01-06T17:14:00.000Z,300,false
V010597,SPIM,SLLP,2026-01-06T21:09:00.000Z,2026-01-06T22:29:00.000Z,300,false
V010598,SLLP,SPIM,2026-01-06T20:24:00.000Z,2026-01-06T21:44:00.000Z,320,false
V010599,SPIM,SLLP,2026-01-06T23:05:00.000Z,2026-01-07T00:25:00.000Z,320,false
V010600,SLLP,SPIM,2026-01-07T03:52:00.000Z,2026-01-07T05:12:00.000Z,340,false
V010601,SPIM,SCEL,2026-01-06T08:11:00.000Z,2026-01-06T11:15:00.000Z,340,false
V010602,SCEL,SPIM,2026-01-06T08:58:00.000Z,2026-01-06T12:02:00.000Z,360,false
V010603,SPIM,SCEL,2026-01-06T13:59:00.000Z,2026-01-06T17:03:00.000Z,340,false
V010604,SCEL,SPIM,2026-01-06T16:23:00.000Z,2026-01-06T19:27:00.000Z,300,false
V010605,SPIM,SCEL,2026-01-07T00:34:00.000Z,2026-01-07T03:38:00.000Z,300,false
V010606,SCEL,SPIM,2026-01-06T21:42:00.000Z,2026-01-07T00:46:00.000Z,360,false
V010607,SPIM,SABE,2026-01-06T10:20:00.000Z,2026-01-06T14:14:00.000Z,300,false
V010608,SABE,SPIM,2026-01-06T06:16:00.000Z,2026-01-06T10:10:00.000Z,340,false
V010609,SPIM,SABE,2026-01-06T11:35:00.000Z,2026-01-06T15:29:00.000Z,360,false
V010610,SABE,SPIM,2026-01-06T13:38:00.000Z,2026-01-06T17:32:00.000Z,360,false
V010611,SPIM,SABE,2026-01-06T20:03:00.000Z,2026-01-06T23:57:00.000Z,340,false
V010612,SABE,SPIM,2026-01-06T15:02:00.000Z,2026-01-06T18:56:00.000Z,300,false
V010613,SPIM,SABE,2026-01-06T23:02:00.000Z,2026-01-07T02:56:00.000Z,340,false
V010614,SABE,SPIM,2026-01-07T00:41:00.000Z,2026-01-07T04:35:00.000Z,300,false
V010615,SPIM,SGAS,2026-01-06T06:32:00.000Z,2026-01-06T09:44:00.000Z,320,false
V010616,SGAS,SPIM,2026-01-06T10:47:00.000Z,2026-01-06T13:59:00.000Z,320,false
V010617,SPIM,SGAS,2026-01-07T02:32:00.000Z,2026-01-07T05:44:00.000Z,360,false
V010618,SGAS,SPIM,2026-01-07T03:01:00.000Z,2026-01-07T06:13:00.000Z,340,false
V010619,SPIM,SUAA,2026-01-06T12:09:00.000Z,2026-01-06T16:13:00.000Z,300,false
V010620,SUAA,SPIM,2026-01-06T03:30:00.000Z,2026-01-06T07:34:00.000Z,300,false
V010621,SPIM,SUAA,2026-01-06T20:55:00.000Z,2026-01-07T00:59:00.000Z,340,false
V010622,SUAA,SPIM,2026-01-06T15:41:00.000Z,2026-01-06T19:45:00.000Z,340,false
V010623,SPIM,SUAA,2026-01-06T22:51:00.000Z,2026-01-07T02:55:00.000Z,360,false
V010624,SUAA,SPIM,2026-01-06T23:39:00.000Z,2026-01-07T03:43:00.000Z,300,false
V010625,SPIM,LATI,2026-01-06T10:13:00.000Z,2026-01-07T00:32:00.000Z,320,false
V010626,LATI,SPIM,2026-01-06T04:54:00.000Z,2026-01-06T19:13:00.000Z,340,false
V010627,SPIM,LATI,2026-01-06T16:01:00.000Z,2026-01-07T06:20:00.000Z,360,false
V010628,LATI,SPIM,2026-01-06T08:42:00.000Z,2026-01-06T23:01:00.000Z,320,false
V010629,SPIM,LATI,2026-01-07T04:03:00.000Z,2026-01-07T18:22:00.000Z,300,false
V010630,LATI,SPIM,2026-01-06T16:37:00.000Z,2026-01-07T06:56:00.000Z,360,false
V010631,SPIM,EDDI,2026-01-06T10:21:00.000Z,2026-01-07T00:15:00.000Z,340,false
V010632,EDDI,SPIM,2026-01-06T01:05:00.000Z,2026-01-06T14:59:00.000Z,360,false
V010633,SPIM,EDDI,2026-01-06T16:41:00.000Z,2026-01-07T06:35:00.000Z,320,false
V010634,EDDI,SPIM,2026-01-06T08:49:00.000Z,2026-01-06T22:43:00.000Z,360,false
V010635,SPIM,EDDI,2026-01-06T17:58:00.000Z,2026-01-07T07:52:00.000Z,320,false
V010636,EDDI,SPIM,2026-01-06T13:55:00.000Z,2026-01-07T03:49:00.000Z,360,false
V010637,SPIM,EDDI,2026-01-07T00:27:00.000Z,2026-01-07T14:21:00.000Z,360,false
V010638,EDDI,SPIM,2026-01-06T19:24:00.000Z,2026-01-07T09:18:00.000Z,340,false
V010639,SPIM,LOWW,2026-01-06T07:01:00.000Z,2026-01-06T21:07:00.000Z,300,false
V010640,LOWW,SPIM,2026-01-06T20:25:00.000Z,2026-01-07T10:31:00.000Z,300,false
V010641,SPIM,EBCI,2026-01-06T05:58:00.000Z,2026-01-06T19:02:00.000Z,360,false
V010642,EBCI,SPIM,2026-01-06T02:38:00.000Z,2026-01-06T15:42:00.000Z,320,false
V010643,SPIM,EBCI,2026-01-06T13:07:00.000Z,2026-01-07T02:11:00.000Z,320,false
V010644,EBCI,SPIM,2026-01-06T05:36:00.000Z,2026-01-06T18:40:00.000Z,340,false
V010645,SPIM,EBCI,2026-01-06T19:50:00.000Z,2026-01-07T08:54:00.000Z,360,false
V010646,EBCI,SPIM,2026-01-06T10:56:00.000Z,2026-01-07T00:00:00.000Z,320,false
V010647,SPIM,EBCI,2026-01-07T02:20:00.000Z,2026-01-07T15:24:00.000Z,320,false
V010648,EBCI,SPIM,2026-01-06T20:18:00.000Z,2026-01-07T09:22:00.000Z,360,false
V010649,SPIM,UMMS,2026-01-06T05:01:00.000Z,2026-01-06T20:12:00.000Z,320,false
V010650,UMMS,SPIM,2026-01-06T01:39:00.000Z,2026-01-06T16:50:00.000Z,300,false
V010651,SPIM,UMMS,2026-01-06T14:12:00.000Z,2026-01-07T05:23:00.000Z,320,false
V010652,UMMS,SPIM,2026-01-06T08:33:00.000Z,2026-01-06T23:44:00.000Z,360,false
V010653,SPIM,UMMS,2026-01-06T17:11:00.000Z,2026-01-07T08:22:00.000Z,360,false
V010654,UMMS,SPIM,2026-01-06T11:08:00.000Z,2026-01-07T02:19:00.000Z,340,false
V010655,SPIM,UMMS,2026-01-07T04:08:00.000Z,2026-01-07T19:19:00.000Z,320,false
V010656,UMMS,SPIM,2026-01-06T18:07:00.000Z,2026-01-07T09:18:00.000Z,360,false
V010657,SPIM,LBSF,2026-01-06T10:38:00.000Z,2026-01-07T01:22:00.000Z,360,false
V010658,LBSF,SPIM,2026-01-06T00:56:00.000Z,2026-01-06T15:40:00.000Z,360,false
V010659,SPIM,LBSF,2026-01-06T14:51:00.000Z,2026-01-07T05:35:00.000Z,340,false
V010660,LBSF,SPIM,2026-01-06T07:01:00.000Z,2026-01-06T21:45:00.000Z,320,false
V010661,SPIM,LBSF,2026-01-06T20:16:00.000Z,2026-01-07T11:00:00.000Z,340,false
V010662,LBSF,SPIM,2026-01-06T14:24:00.000Z,2026-01-07T05:08:00.000Z,320,false
V010663,SPIM,LBSF,2026-01-07T01:23:00.000Z,2026-01-07T16:07:00.000Z,360,false
V010664,LBSF,SPIM,2026-01-06T15:12:00.000Z,2026-01-07T05:56:00.000Z,300,false
V010665,SPIM,LKPR,2026-01-06T09:31:00.000Z,2026-01-06T23:28:00.000Z,360,false
V010666,LKPR,SPIM,2026-01-06T00:10:00.000Z,2026-01-06T14:07:00.000Z,360,false
V010667,SPIM,LKPR,2026-01-06T13:39:00.000Z,2026-01-07T03:36:00.000Z,340,false
V010668,LKPR,SPIM,2026-01-06T08:55:00.000Z,2026-01-06T22:52:00.000Z,340,false
V010669,SPIM,LKPR,2026-01-06T20:18:00.000Z,2026-01-07T10:15:00.000Z,360,false
V010670,LKPR,SPIM,2026-01-06T15:09:00.000Z,2026-01-07T05:06:00.000Z,300,false
V010671,SPIM,LKPR,2026-01-07T01:04:00.000Z,2026-01-07T15:01:00.000Z,320,false
V010672,LKPR,SPIM,2026-01-06T21:26:00.000Z,2026-01-07T11:23:00.000Z,360,false
V010673,SPIM,LDZA,2026-01-06T05:00:00.000Z,2026-01-06T19:04:00.000Z,360,false
V010674,LDZA,SPIM,2026-01-05T22:36:00.000Z,2026-01-06T12:40:00.000Z,320,false
V010675,SPIM,LDZA,2026-01-06T15:11:00.000Z,2026-01-07T05:15:00.000Z,360,false
V010676,LDZA,SPIM,2026-01-06T05:27:00.000Z,2026-01-06T19:31:00.000Z,320,false
V010677,SPIM,LDZA,2026-01-06T19:50:00.000Z,2026-01-07T09:54:00.000Z,320,false
V010678,LDZA,SPIM,2026-01-06T12:15:00.000Z,2026-01-07T02:19:00.000Z,300,false
V010679,SPIM,LDZA,2026-01-07T01:37:00.000Z,2026-01-07T15:41:00.000Z,320,false
V010680,LDZA,SPIM,2026-01-06T20:24:00.000Z,2026-01-07T10:28:00.000Z,300,false
V010681,SPIM,EKCH,2026-01-06T10:28:00.000Z,2026-01-07T00:21:00.000Z,340,false
V010682,EKCH,SPIM,2026-01-06T04:09:00.000Z,2026-01-06T18:02:00.000Z,360,false
V010683,SPIM,EKCH,2026-01-06T18:25:00.000Z,2026-01-07T08:18:00.000Z,340,false
V010684,EKCH,SPIM,2026-01-06T10:05:00.000Z,2026-01-06T23:58:00.000Z,320,false
V010685,SPIM,EKCH,2026-01-07T04:00:00.000Z,2026-01-07T17:53:00.000Z,340,false
V010686,EKCH,SPIM,2026-01-06T21:53:00.000Z,2026-01-07T11:46:00.000Z,360,false
V010687,SPIM,EHAM,2026-01-06T09:14:00.000Z,2026-01-06T22:23:00.000Z,340,false
V010688,EHAM,SPIM,2026-01-05T23:37:00.000Z,2026-01-06T12:46:00.000Z,340,false
V010689,SPIM,EHAM,2026-01-06T11:16:00.000Z,2026-01-07T00:25:00.000Z,360,false
V010690,EHAM,SPIM,2026-01-06T07:40:00.000Z,2026-01-06T20:49:00.000Z,320,false
V010691,SPIM,EHAM,2026-01-06T19:25:00.000Z,2026-01-07T08:34:00.000Z,300,false
V010692,EHAM,SPIM,2026-01-06T14:13:00.000Z,2026-01-07T03:22:00.000Z,320,false
V010693,SPIM,EHAM,2026-01-06T23:05:00.000Z,2026-01-07T12:14:00.000Z,300,false
V010694,EHAM,SPIM,2026-01-06T20:37:00.000Z,2026-01-07T09:46:00.000Z,360,false
V010695,SPIM,VIDP,2026-01-06T07:23:00.000Z,2026-01-07T04:29:00.000Z,360,false
V010696,VIDP,SPIM,2026-01-06T02:55:00.000Z,2026-01-07T00:01:00.000Z,340,false
V010697,SPIM,VIDP,2026-01-06T18:05:00.000Z,2026-01-07T15:11:00.000Z,320,false
V010698,VIDP,SPIM,2026-01-06T05:39:00.000Z,2026-01-07T02:45:00.000Z,300,false
V010699,SPIM,VIDP,2026-01-07T00:22:00.000Z,2026-01-06T21:28:00.000Z,300,false
V010700,VIDP,SPIM,2026-01-06T11:33:00.000Z,2026-01-07T08:39:00.000Z,340,false
V010701,SPIM,OSDI,2026-01-06T07:28:00.000Z,2026-01-06T23:39:00.000Z,320,false
V010702,OSDI,SPIM,2026-01-06T00:57:00.000Z,2026-01-06T17:08:00.000Z,340,false
V010703,SPIM,OSDI,2026-01-06T14:18:00.000Z,2026-01-07T06:29:00.000Z,300,false
V010704,OSDI,SPIM,2026-01-06T07:09:00.000Z,2026-01-06T23:20:00.000Z,340,false
V010705,SPIM,OSDI,2026-01-06T22:18:00.000Z,2026-01-07T14:29:00.000Z,360,false
V010706,OSDI,SPIM,2026-01-06T10:46:00.000Z,2026-01-07T02:57:00.000Z,320,false
V010707,SPIM,OSDI,2026-01-07T04:04:00.000Z,2026-01-07T20:15:00.000Z,320,false
V010708,OSDI,SPIM,2026-01-06T16:40:00.000Z,2026-01-07T08:51:00.000Z,340,false
V010709,SPIM,OAKB,2026-01-06T10:01:00.000Z,2026-01-07T05:53:00.000Z,360,false
V010710,OAKB,SPIM,2026-01-05T23:28:00.000Z,2026-01-06T19:20:00.000Z,340,false
V010711,SPIM,OAKB,2026-01-06T11:04:00.000Z,2026-01-07T06:56:00.000Z,320,false
V010712,OAKB,SPIM,2026-01-06T06:13:00.000Z,2026-01-07T02:05:00.000Z,340,false
V010713,SPIM,OAKB,2026-01-06T19:22:00.000Z,2026-01-07T15:14:00.000Z,320,false
V010714,OAKB,SPIM,2026-01-06T09:44:00.000Z,2026-01-07T05:36:00.000Z,340,false
V010715,SPIM,OAKB,2026-01-07T04:25:00.000Z,2026-01-07T00:17:00.000Z,320,false
V010716,OAKB,SPIM,2026-01-06T14:44:00.000Z,2026-01-07T10:36:00.000Z,320,false
V010717,SPIM,OOMS,2026-01-06T14:07:00.000Z,2026-01-07T09:07:00.000Z,300,false
V010718,OOMS,SPIM,2026-01-06T07:57:00.000Z,2026-01-07T02:57:00.000Z,300,false
V010719,SPIM,OOMS,2026-01-06T23:54:00.000Z,2026-01-07T18:54:00.000Z,320,false
V010720,OOMS,SPIM,2026-01-06T15:21:00.000Z,2026-01-07T10:21:00.000Z,340,false
V010721,SPIM,OYSN,2026-01-06T09:58:00.000Z,2026-01-07T03:08:00.000Z,320,false
V010722,OYSN,SPIM,2026-01-05T21:38:00.000Z,2026-01-06T14:48:00.000Z,300,false
V010723,SPIM,OYSN,2026-01-06T12:16:00.000Z,2026-01-07T05:26:00.000Z,300,false
V010724,OYSN,SPIM,2026-01-06T05:29:00.000Z,2026-01-06T22:39:00.000Z,360,false
V010725,SPIM,OYSN,2026-01-06T18:28:00.000Z,2026-01-07T11:38:00.000Z,340,false
V010726,OYSN,SPIM,2026-01-06T09:42:00.000Z,2026-01-07T02:52:00.000Z,300,false
V010727,SPIM,OYSN,2026-01-07T00:38:00.000Z,2026-01-07T17:48:00.000Z,360,false
V010728,OYSN,SPIM,2026-01-06T19:44:00.000Z,2026-01-07T12:54:00.000Z,300,false
V010729,SPIM,OPKC,2026-01-06T05:58:00.000Z,2026-01-07T02:05:00.000Z,360,false
V010730,OPKC,SPIM,2026-01-06T01:47:00.000Z,2026-01-06T21:54:00.000Z,340,false
V010731,SPIM,UBBB,2026-01-06T08:34:00.000Z,2026-01-07T02:09:00.000Z,340,false
V010732,UBBB,SPIM,2026-01-06T02:01:00.000Z,2026-01-06T19:36:00.000Z,340,false
V010733,SPIM,UBBB,2026-01-06T15:01:00.000Z,2026-01-07T08:36:00.000Z,300,false
V010734,UBBB,SPIM,2026-01-06T06:26:00.000Z,2026-01-07T00:01:00.000Z,320,false
V010735,SPIM,UBBB,2026-01-06T22:08:00.000Z,2026-01-07T15:43:00.000Z,340,false
V010736,UBBB,SPIM,2026-01-06T15:53:00.000Z,2026-01-07T09:28:00.000Z,300,false
V010737,SPIM,OJAI,2026-01-06T07:02:00.000Z,2026-01-06T23:06:00.000Z,300,false
V010738,OJAI,SPIM,2026-01-06T01:21:00.000Z,2026-01-06T17:25:00.000Z,360,false
V010739,SPIM,OJAI,2026-01-06T13:47:00.000Z,2026-01-07T05:51:00.000Z,360,false
V010740,OJAI,SPIM,2026-01-06T08:43:00.000Z,2026-01-07T00:47:00.000Z,340,false
V010741,SPIM,OJAI,2026-01-06T20:56:00.000Z,2026-01-07T13:00:00.000Z,360,false
V010742,OJAI,SPIM,2026-01-06T10:52:00.000Z,2026-01-07T02:56:00.000Z,360,false
V010743,SPIM,OJAI,2026-01-07T02:18:00.000Z,2026-01-07T18:22:00.000Z,360,false
V010744,OJAI,SPIM,2026-01-06T17:24:00.000Z,2026-01-07T09:28:00.000Z,360,false
V010745,SLLP,SCEL,2026-01-06T05:01:00.000Z,2026-01-06T07:24:00.000Z,320,false
V010746,SCEL,SLLP,2026-01-06T08:58:00.000Z,2026-01-06T11:21:00.000Z,340,false
V010747,SLLP,SCEL,2026-01-06T13:52:00.000Z,2026-01-06T16:15:00.000Z,320,false
V010748,SCEL,SLLP,2026-01-06T14:00:00.000Z,2026-01-06T16:23:00.000Z,300,false
V010749,SLLP,SCEL,2026-01-06T20:36:00.000Z,2026-01-06T22:59:00.000Z,340,false
V010750,SCEL,SLLP,2026-01-06T16:53:00.000Z,2026-01-06T19:16:00.000Z,360,false
V010751,SLLP,SCEL,2026-01-07T03:48:00.000Z,2026-01-07T06:11:00.000Z,320,false
V010752,SCEL,SLLP,2026-01-07T01:21:00.000Z,2026-01-07T03:44:00.000Z,360,false
V010753,SLLP,SABE,2026-01-06T07:52:00.000Z,2026-01-06T10:40:00.000Z,300,false
V010754,SABE,SLLP,2026-01-06T06:13:00.000Z,2026-01-06T09:01:00.000Z,340,false
V010755,SLLP,SABE,2026-01-06T19:32:00.000Z,2026-01-06T22:20:00.000Z,320,false
V010756,SABE,SLLP,2026-01-06T18:54:00.000Z,2026-01-06T21:42:00.000Z,300,false
V010757,SLLP,SABE,2026-01-07T03:42:00.000Z,2026-01-07T06:30:00.000Z,340,false
V010758,SABE,SLLP,2026-01-06T20:47:00.000Z,2026-01-06T23:35:00.000Z,300,false
V010759,SLLP,SGAS,2026-01-06T09:14:00.000Z,2026-01-06T11:08:00.000Z,360,false
V010760,SGAS,SLLP,2026-01-06T05:54:00.000Z,2026-01-06T07:48:00.000Z,320,false
V010761,SLLP,SGAS,2026-01-06T13:46:00.000Z,2026-01-06T15:40:00.000Z,300,false
V010762,SGAS,SLLP,2026-01-06T11:56:00.000Z,2026-01-06T13:50:00.000Z,340,false
V010763,SLLP,SGAS,2026-01-06T21:26:00.000Z,2026-01-06T23:20:00.000Z,300,false
V010764,SGAS,SLLP,2026-01-06T18:23:00.000Z,2026-01-06T20:17:00.000Z,320,false
V010765,SLLP,SGAS,2026-01-07T01:31:00.000Z,2026-01-07T03:25:00.000Z,360,false
V010766,SGAS,SLLP,2026-01-07T03:06:00.000Z,2026-01-07T05:00:00.000Z,320,false
V010767,SLLP,SUAA,2026-01-06T09:25:00.000Z,2026-01-06T12:21:00.000Z,300,false
V010768,SUAA,SLLP,2026-01-06T07:08:00.000Z,2026-01-06T10:04:00.000Z,340,false
V010769,SLLP,SUAA,2026-01-06T14:13:00.000Z,2026-01-06T17:09:00.000Z,360,false
V010770,SUAA,SLLP,2026-01-06T11:39:00.000Z,2026-01-06T14:35:00.000Z,340,false
V010771,SLLP,SUAA,2026-01-06T23:36:00.000Z,2026-01-07T02:32:00.000Z,300,false
V010772,SUAA,SLLP,2026-01-06T21:14:00.000Z,2026-01-07T00:10:00.000Z,320,false
V010773,SLLP,LATI,2026-01-06T09:36:00.000Z,2026-01-06T23:20:00.000Z,360,false
V010774,LATI,SLLP,2026-01-06T00:42:00.000Z,2026-01-06T14:26:00.000Z,360,false
V010775,SLLP,EDDI,2026-01-06T09:53:00.000Z,2026-01-06T23:28:00.000Z,360,false
V010776,EDDI,SLLP,2026-01-06T02:57:00.000Z,2026-01-06T16:32:00.000Z,300,false
V010777,SLLP,EDDI,2026-01-06T10:06:00.000Z,2026-01-06T23:41:00.000Z,300,false
V010778,EDDI,SLLP,2026-01-06T09:14:00.000Z,2026-01-06T22:49:00.000Z,360,false
V010779,SLLP,EDDI,2026-01-06T18:24:00.000Z,2026-01-07T07:59:00.000Z,320,false
V010780,EDDI,SLLP,2026-01-06T12:26:00.000Z,2026-01-07T02:01:00.000Z,300,false
V010781,SLLP,EDDI,2026-01-07T01:40:00.000Z,2026-01-07T15:15:00.000Z,360,false
V010782,EDDI,SLLP,2026-01-06T18:40:00.000Z,2026-01-07T08:15:00.000Z,300,false
V010783,SLLP,LOWW,2026-01-06T09:57:00.000Z,2026-01-06T23:38:00.000Z,320,false
V010784,LOWW,SLLP,2026-01-06T01:01:00.000Z,2026-01-06T14:42:00.000Z,300,false
V010785,SLLP,LOWW,2026-01-06T14:24:00.000Z,2026-01-07T04:05:00.000Z,300,false
V010786,LOWW,SLLP,2026-01-06T09:03:00.000Z,2026-01-06T22:44:00.000Z,340,false
V010787,SLLP,LOWW,2026-01-06T18:28:00.000Z,2026-01-07T08:09:00.000Z,360,false
V010788,LOWW,SLLP,2026-01-06T11:50:00.000Z,2026-01-07T01:31:00.000Z,300,false
V010789,SLLP,LOWW,2026-01-06T22:26:00.000Z,2026-01-07T12:07:00.000Z,340,false
V010790,LOWW,SLLP,2026-01-06T17:01:00.000Z,2026-01-07T06:42:00.000Z,360,false
V010791,SLLP,EBCI,2026-01-06T09:52:00.000Z,2026-01-06T22:37:00.000Z,360,false
V010792,EBCI,SLLP,2026-01-06T01:41:00.000Z,2026-01-06T14:26:00.000Z,320,false
V010793,SLLP,EBCI,2026-01-06T10:58:00.000Z,2026-01-06T23:43:00.000Z,300,false
V010794,EBCI,SLLP,2026-01-06T09:11:00.000Z,2026-01-06T21:56:00.000Z,360,false
V010795,SLLP,EBCI,2026-01-06T19:37:00.000Z,2026-01-07T08:22:00.000Z,320,false
V010796,EBCI,SLLP,2026-01-06T10:35:00.000Z,2026-01-06T23:20:00.000Z,300,false
V010797,SLLP,EBCI,2026-01-07T01:08:00.000Z,2026-01-07T13:53:00.000Z,320,false
V010798,EBCI,SLLP,2026-01-06T17:09:00.000Z,2026-01-07T05:54:00.000Z,320,false
V010799,SLLP,UMMS,2026-01-06T05:36:00.000Z,2026-01-06T20:28:00.000Z,320,false
V010800,UMMS,SLLP,2026-01-06T08:47:00.000Z,2026-01-06T23:39:00.000Z,340,false
V010801,SLLP,LBSF,2026-01-06T09:01:00.000Z,2026-01-06T23:11:00.000Z,340,false
V010802,LBSF,SLLP,2026-01-06T04:30:00.000Z,2026-01-06T18:40:00.000Z,360,false
V010803,SLLP,LBSF,2026-01-06T15:57:00.000Z,2026-01-07T06:07:00.000Z,340,false
V010804,LBSF,SLLP,2026-01-06T10:04:00.000Z,2026-01-07T00:14:00.000Z,360,false
V010805,SLLP,LBSF,2026-01-07T03:15:00.000Z,2026-01-07T17:25:00.000Z,320,false
V010806,LBSF,SLLP,2026-01-06T13:11:00.000Z,2026-01-07T03:21:00.000Z,320,false
V010807,SLLP,LKPR,2026-01-06T05:00:00.000Z,2026-01-06T18:35:00.000Z,360,false
V010808,LKPR,SLLP,2026-01-05T22:30:00.000Z,2026-01-06T12:05:00.000Z,300,false
V010809,SLLP,LKPR,2026-01-06T12:57:00.000Z,2026-01-07T02:32:00.000Z,300,false
V010810,LKPR,SLLP,2026-01-06T04:26:00.000Z,2026-01-06T18:01:00.000Z,320,false
V010811,SLLP,LKPR,2026-01-06T21:44:00.000Z,2026-01-07T11:19:00.000Z,340,false
V010812,LKPR,SLLP,2026-01-06T10:30:00.000Z,2026-01-07T00:05:00.000Z,360,false
V010813,SLLP,LKPR,2026-01-06T23:47:00.000Z,2026-01-07T13:22:00.000Z,360,false
V010814,LKPR,SLLP,2026-01-06T21:39:00.000Z,2026-01-07T11:14:00.000Z,300,false
V010815,SLLP,LDZA,2026-01-06T16:53:00.000Z,2026-01-07T06:28:00.000Z,320,false
V010816,LDZA,SLLP,2026-01-06T08:10:00.000Z,2026-01-06T21:45:00.000Z,340,false
V010817,SLLP,EKCH,2026-01-06T08:32:00.000Z,2026-01-06T22:10:00.000Z,340,false
V010818,EKCH,SLLP,2026-01-05T22:54:00.000Z,2026-01-06T12:32:00.000Z,320,false
V010819,SLLP,EKCH,2026-01-06T12:29:00.000Z,2026-01-07T02:07:00.000Z,360,false
V010820,EKCH,SLLP,2026-01-06T05:48:00.000Z,2026-01-06T19:26:00.000Z,320,false
V010821,SLLP,EKCH,2026-01-06T19:08:00.000Z,2026-01-07T08:46:00.000Z,320,false
V010822,EKCH,SLLP,2026-01-06T14:33:00.000Z,2026-01-07T04:11:00.000Z,340,false
V010823,SLLP,EKCH,2026-01-07T01:41:00.000Z,2026-01-07T15:19:00.000Z,340,false
V010824,EKCH,SLLP,2026-01-06T16:48:00.000Z,2026-01-07T06:26:00.000Z,340,false
V010825,SLLP,EHAM,2026-01-06T18:39:00.000Z,2026-01-07T07:31:00.000Z,340,false
V010826,EHAM,SLLP,2026-01-05T23:27:00.000Z,2026-01-06T12:19:00.000Z,320,false
V010827,SLLP,VIDP,2026-01-06T06:55:00.000Z,2026-01-07T03:16:00.000Z,320,false
V010828,VIDP,SLLP,2026-01-05T19:33:00.000Z,2026-01-06T15:54:00.000Z,320,false
V010829,SLLP,VIDP,2026-01-06T11:34:00.000Z,2026-01-07T07:55:00.000Z,340,false
V010830,VIDP,SLLP,2026-01-06T02:15:00.000Z,2026-01-06T22:36:00.000Z,320,false
V010831,SLLP,VIDP,2026-01-06T21:33:00.000Z,2026-01-07T17:54:00.000Z,300,false
V010832,VIDP,SLLP,2026-01-06T09:31:00.000Z,2026-01-07T05:52:00.000Z,340,false
V010833,SLLP,VIDP,2026-01-06T23:14:00.000Z,2026-01-06T19:35:00.000Z,360,false
V010834,VIDP,SLLP,2026-01-06T17:37:00.000Z,2026-01-07T13:58:00.000Z,360,false
V010835,SLLP,OSDI,2026-01-06T12:52:00.000Z,2026-01-07T04:17:00.000Z,320,false
V010836,OSDI,SLLP,2026-01-06T02:50:00.000Z,2026-01-06T18:15:00.000Z,300,false
V010837,SLLP,OSDI,2026-01-06T18:49:00.000Z,2026-01-07T10:14:00.000Z,340,false
V010838,OSDI,SLLP,2026-01-06T09:49:00.000Z,2026-01-07T01:14:00.000Z,300,false
V010839,SLLP,OAKB,2026-01-06T11:55:00.000Z,2026-01-07T07:09:00.000Z,340,false
V010840,OAKB,SLLP,2026-01-05T21:23:00.000Z,2026-01-06T16:37:00.000Z,360,false
V010841,SLLP,OAKB,2026-01-06T17:31:00.000Z,2026-01-07T12:45:00.000Z,300,false
V010842,OAKB,SLLP,2026-01-06T07:54:00.000Z,2026-01-07T03:08:00.000Z,320,false
V010843,SLLP,OAKB,2026-01-07T01:21:00.000Z,2026-01-06T20:35:00.000Z,360,false
V010844,OAKB,SLLP,2026-01-06T13:08:00.000Z,2026-01-07T08:22:00.000Z,300,false
V010845,SLLP,OOMS,2026-01-06T09:30:00.000Z,2026-01-07T03:31:00.000Z,360,false
V010846,OOMS,SLLP,2026-01-05T20:15:00.000Z,2026-01-06T14:16:00.000Z,300,false
V010847,SLLP,OOMS,2026-01-06T10:40:00.000Z,2026-01-07T04:41:00.000Z,300,false
V010848,OOMS,SLLP,2026-01-06T02:34:00.000Z,2026-01-06T20:35:00.000Z,360,false
V010849,SLLP,OOMS,2026-01-06T17:16:00.000Z,2026-01-07T11:17:00.000Z,300,false
V010850,OOMS,SLLP,2026-01-06T12:02:00.000Z,2026-01-07T06:03:00.000Z,360,false
V010851,SLLP,OOMS,2026-01-07T03:44:00.000Z,2026-01-06T21:45:00.000Z,300,false
V010852,OOMS,SLLP,2026-01-06T15:28:00.000Z,2026-01-07T09:29:00.000Z,340,false
V010853,SLLP,OYSN,2026-01-06T06:41:00.000Z,2026-01-06T22:44:00.000Z,300,false
V010854,OYSN,SLLP,2026-01-06T00:39:00.000Z,2026-01-06T16:42:00.000Z,300,false
V010855,SLLP,OYSN,2026-01-06T13:15:00.000Z,2026-01-07T05:18:00.000Z,340,false
V010856,OYSN,SLLP,2026-01-06T05:30:00.000Z,2026-01-06T21:33:00.000Z,340,false
V010857,SLLP,OYSN,2026-01-06T18:01:00.000Z,2026-01-07T10:04:00.000Z,320,false
V010858,OYSN,SLLP,2026-01-06T12:43:00.000Z,2026-01-07T04:46:00.000Z,300,false
V010859,SLLP,OYSN,2026-01-07T01:58:00.000Z,2026-01-07T18:01:00.000Z,300,false
V010860,OYSN,SLLP,2026-01-06T20:43:00.000Z,2026-01-07T12:46:00.000Z,320,false
V010861,SLLP,OPKC,2026-01-06T04:33:00.000Z,2026-01-06T23:44:00.000Z,340,false
V010862,OPKC,SLLP,2026-01-05T20:29:00.000Z,2026-01-06T15:40:00.000Z,360,false
V010863,SLLP,OPKC,2026-01-06T11:57:00.000Z,2026-01-07T07:08:00.000Z,300,false
V010864,OPKC,SLLP,2026-01-06T01:15:00.000Z,2026-01-06T20:26:00.000Z,360,false
V010865,SLLP,OPKC,2026-01-06T20:48:00.000Z,2026-01-07T15:59:00.000Z,300,false
V010866,OPKC,SLLP,2026-01-06T12:53:00.000Z,2026-01-07T08:04:00.000Z,360,false
V010867,SLLP,OPKC,2026-01-07T01:08:00.000Z,2026-01-06T20:19:00.000Z,320,false
V010868,OPKC,SLLP,2026-01-06T13:11:00.000Z,2026-01-07T08:22:00.000Z,320,false
V010869,SLLP,UBBB,2026-01-06T08:30:00.000Z,2026-01-07T01:30:00.000Z,320,false
V010870,UBBB,SLLP,2026-01-05T22:16:00.000Z,2026-01-06T15:16:00.000Z,320,false
V010871,SLLP,UBBB,2026-01-06T15:09:00.000Z,2026-01-07T08:09:00.000Z,320,false
V010872,UBBB,SLLP,2026-01-06T07:33:00.000Z,2026-01-07T00:33:00.000Z,300,false
V010873,SLLP,UBBB,2026-01-06T16:45:00.000Z,2026-01-07T09:45:00.000Z,320,false
V010874,UBBB,SLLP,2026-01-06T10:53:00.000Z,2026-01-07T03:53:00.000Z,300,false
V010875,SLLP,UBBB,2026-01-06T22:54:00.000Z,2026-01-07T15:54:00.000Z,300,false
V010876,UBBB,SLLP,2026-01-06T17:25:00.000Z,2026-01-07T10:25:00.000Z,320,false
V010877,SLLP,OJAI,2026-01-06T04:30:00.000Z,2026-01-06T19:45:00.000Z,320,false
V010878,OJAI,SLLP,2026-01-05T21:42:00.000Z,2026-01-06T12:57:00.000Z,340,false
V010879,SLLP,OJAI,2026-01-06T15:40:00.000Z,2026-01-07T06:55:00.000Z,320,false
V010880,OJAI,SLLP,2026-01-06T12:07:00.000Z,2026-01-07T03:22:00.000Z,360,false
V010881,SLLP,OJAI,2026-01-06T20:33:00.000Z,2026-01-07T11:48:00.000Z,360,false
V010882,OJAI,SLLP,2026-01-06T16:11:00.000Z,2026-01-07T07:26:00.000Z,340,false
V010883,SCEL,SABE,2026-01-06T10:14:00.000Z,2026-01-06T11:38:00.000Z,340,false
V010884,SABE,SCEL,2026-01-06T07:53:00.000Z,2026-01-06T09:17:00.000Z,320,false
V010885,SCEL,SABE,2026-01-06T17:58:00.000Z,2026-01-06T19:22:00.000Z,360,false
V010886,SABE,SCEL,2026-01-06T17:26:00.000Z,2026-01-06T18:50:00.000Z,360,false
V010887,SCEL,SGAS,2026-01-06T08:19:00.000Z,2026-01-06T10:15:00.000Z,320,false
V010888,SGAS,SCEL,2026-01-06T04:04:00.000Z,2026-01-06T06:00:00.000Z,360,false
V010889,SCEL,SGAS,2026-01-06T09:14:00.000Z,2026-01-06T11:10:00.000Z,360,false
V010890,SGAS,SCEL,2026-01-06T10:47:00.000Z,2026-01-06T12:43:00.000Z,320,false
V010891,SCEL,SGAS,2026-01-06T19:46:00.000Z,2026-01-06T21:42:00.000Z,320,false
V010892,SGAS,SCEL,2026-01-06T21:20:00.000Z,2026-01-06T23:16:00.000Z,340,false
V010893,SCEL,SGAS,2026-01-07T00:38:00.000Z,2026-01-07T02:34:00.000Z,360,false
V010894,SGAS,SCEL,2026-01-06T22:37:00.000Z,2026-01-07T00:33:00.000Z,340,false
V010895,SCEL,SUAA,2026-01-06T22:05:00.000Z,2026-01-06T23:43:00.000Z,300,false
V010896,SUAA,SCEL,2026-01-07T02:55:00.000Z,2026-01-07T04:33:00.000Z,360,false
V010897,SCEL,LATI,2026-01-06T09:48:00.000Z,2026-01-07T01:13:00.000Z,340,false
V010898,LATI,SCEL,2026-01-06T07:35:00.000Z,2026-01-06T23:00:00.000Z,320,false
V010899,SCEL,EDDI,2026-01-06T06:52:00.000Z,2026-01-06T22:27:00.000Z,300,false
V010900,EDDI,SCEL,2026-01-06T04:37:00.000Z,2026-01-06T20:12:00.000Z,360,false
V010901,SCEL,EDDI,2026-01-06T17:54:00.000Z,2026-01-07T09:29:00.000Z,340,false
V010902,EDDI,SCEL,2026-01-06T20:43:00.000Z,2026-01-07T12:18:00.000Z,360,false
V010903,SCEL,LOWW,2026-01-06T04:18:00.000Z,2026-01-06T19:53:00.000Z,340,false
V010904,LOWW,SCEL,2026-01-06T01:10:00.000Z,2026-01-06T16:45:00.000Z,320,false
V010905,SCEL,LOWW,2026-01-06T10:53:00.000Z,2026-01-07T02:28:00.000Z,300,false
V010906,LOWW,SCEL,2026-01-06T08:36:00.000Z,2026-01-07T00:11:00.000Z,340,false
V010907,SCEL,LOWW,2026-01-06T18:21:00.000Z,2026-01-07T09:56:00.000Z,320,false
V010908,LOWW,SCEL,2026-01-06T10:05:00.000Z,2026-01-07T01:40:00.000Z,300,false
V010909,SCEL,LOWW,2026-01-06T22:55:00.000Z,2026-01-07T14:30:00.000Z,320,false
V010910,LOWW,SCEL,2026-01-06T21:54:00.000Z,2026-01-07T13:29:00.000Z,360,false
V010911,SCEL,EBCI,2026-01-06T05:59:00.000Z,2026-01-06T20:45:00.000Z,340,false
V010912,EBCI,SCEL,2026-01-06T01:05:00.000Z,2026-01-06T15:51:00.000Z,300,false
V010913,SCEL,EBCI,2026-01-06T11:47:00.000Z,2026-01-07T02:33:00.000Z,320,false
V010914,EBCI,SCEL,2026-01-06T09:32:00.000Z,2026-01-07T00:18:00.000Z,320,false
V010915,SCEL,EBCI,2026-01-06T16:03:00.000Z,2026-01-07T06:49:00.000Z,360,false
V010916,EBCI,SCEL,2026-01-06T11:13:00.000Z,2026-01-07T01:59:00.000Z,360,false
V010917,SCEL,EBCI,2026-01-07T00:28:00.000Z,2026-01-07T15:14:00.000Z,340,false
V010918,EBCI,SCEL,2026-01-06T20:08:00.000Z,2026-01-07T10:54:00.000Z,300,false
V010919,SCEL,UMMS,2026-01-06T09:43:00.000Z,2026-01-07T02:33:00.000Z,360,false
V010920,UMMS,SCEL,2026-01-05T22:36:00.000Z,2026-01-06T15:26:00.000Z,340,false
V010921,SCEL,UMMS,2026-01-06T13:41:00.000Z,2026-01-07T06:31:00.000Z,360,false
V010922,UMMS,SCEL,2026-01-06T05:38:00.000Z,2026-01-06T22:28:00.000Z,340,false
V010923,SCEL,UMMS,2026-01-07T00:19:00.000Z,2026-01-07T17:09:00.000Z,360,false
V010924,UMMS,SCEL,2026-01-06T13:28:00.000Z,2026-01-07T06:18:00.000Z,360,false
V010925,SCEL,LBSF,2026-01-06T10:46:00.000Z,2026-01-07T02:37:00.000Z,320,false
V010926,LBSF,SCEL,2026-01-06T02:46:00.000Z,2026-01-06T18:37:00.000Z,360,false
V010927,SCEL,LBSF,2026-01-06T16:52:00.000Z,2026-01-07T08:43:00.000Z,300,false
V010928,LBSF,SCEL,2026-01-06T08:39:00.000Z,2026-01-07T00:30:00.000Z,320,false
V010929,SCEL,LBSF,2026-01-06T20:28:00.000Z,2026-01-07T12:19:00.000Z,300,false
V010930,LBSF,SCEL,2026-01-06T19:24:00.000Z,2026-01-07T11:15:00.000Z,300,false
V010931,SCEL,LKPR,2026-01-06T03:42:00.000Z,2026-01-06T19:15:00.000Z,340,false
V010932,LKPR,SCEL,2026-01-05T22:04:00.000Z,2026-01-06T13:37:00.000Z,320,false
V010933,SCEL,LKPR,2026-01-06T14:04:00.000Z,2026-01-07T05:37:00.000Z,360,false
V010934,LKPR,SCEL,2026-01-06T12:04:00.000Z,2026-01-07T03:37:00.000Z,320,false
V010935,SCEL,LKPR,2026-01-07T01:55:00.000Z,2026-01-07T17:28:00.000Z,360,false
V010936,LKPR,SCEL,2026-01-06T21:52:00.000Z,2026-01-07T13:25:00.000Z,320,false
V010937,SCEL,LDZA,2026-01-06T14:31:00.000Z,2026-01-07T05:55:00.000Z,320,false
V010938,LDZA,SCEL,2026-01-06T05:50:00.000Z,2026-01-06T21:14:00.000Z,360,false
V010939,SCEL,LDZA,2026-01-07T01:04:00.000Z,2026-01-07T16:28:00.000Z,320,false
V010940,LDZA,SCEL,2026-01-06T10:46:00.000Z,2026-01-07T02:10:00.000Z,300,false
V010941,SCEL,EKCH,2026-01-06T08:04:00.000Z,2026-01-06T23:46:00.000Z,300,false
V010942,EKCH,SCEL,2026-01-05T22:47:00.000Z,2026-01-06T14:29:00.000Z,320,false
V010943,SCEL,EKCH,2026-01-06T17:51:00.000Z,2026-01-07T09:33:00.000Z,320,false
V010944,EKCH,SCEL,2026-01-06T11:53:00.000Z,2026-01-07T03:35:00.000Z,340,false
V010945,SCEL,EKCH,2026-01-06T19:04:00.000Z,2026-01-07T10:46:00.000Z,360,false
V010946,EKCH,SCEL,2026-01-06T21:35:00.000Z,2026-01-07T13:17:00.000Z,320,false
V010947,SCEL,EHAM,2026-01-06T03:10:00.000Z,2026-01-06T18:05:00.000Z,320,false
V010948,EHAM,SCEL,2026-01-05T23:10:00.000Z,2026-01-06T14:05:00.000Z,340,false
V010949,SCEL,EHAM,2026-01-06T10:34:00.000Z,2026-01-07T01:29:00.000Z,320,false
V010950,EHAM,SCEL,2026-01-06T06:13:00.000Z,2026-01-06T21:08:00.000Z,340,false
V010951,SCEL,EHAM,2026-01-06T18:33:00.000Z,2026-01-07T09:28:00.000Z,300,false
V010952,EHAM,SCEL,2026-01-06T14:51:00.000Z,2026-01-07T05:46:00.000Z,360,false
V010953,SCEL,EHAM,2026-01-07T01:09:00.000Z,2026-01-07T16:04:00.000Z,360,false
V010954,EHAM,SCEL,2026-01-06T16:05:00.000Z,2026-01-07T07:00:00.000Z,300,false
V010955,SCEL,VIDP,2026-01-07T02:08:00.000Z,2026-01-06T23:17:00.000Z,320,false
V010956,VIDP,SCEL,2026-01-06T08:18:00.000Z,2026-01-07T05:27:00.000Z,360,false
V010957,SCEL,OSDI,2026-01-06T07:02:00.000Z,2026-01-06T23:44:00.000Z,340,false
V010958,OSDI,SCEL,2026-01-06T02:06:00.000Z,2026-01-06T18:48:00.000Z,320,false
V010959,SCEL,OSDI,2026-01-06T11:45:00.000Z,2026-01-07T04:27:00.000Z,340,false
V010960,OSDI,SCEL,2026-01-06T06:23:00.000Z,2026-01-06T23:05:00.000Z,340,false
V010961,SCEL,OSDI,2026-01-06T18:16:00.000Z,2026-01-07T10:58:00.000Z,340,false
V010962,OSDI,SCEL,2026-01-06T10:26:00.000Z,2026-01-07T03:08:00.000Z,320,false
V010963,SCEL,OSDI,2026-01-07T02:20:00.000Z,2026-01-07T19:02:00.000Z,320,false
V010964,OSDI,SCEL,2026-01-06T19:23:00.000Z,2026-01-07T12:05:00.000Z,320,false
V010965,SCEL,OAKB,2026-01-06T03:39:00.000Z,2026-01-07T00:04:00.000Z,340,false
V010966,OAKB,SCEL,2026-01-05T20:36:00.000Z,2026-01-06T17:01:00.000Z,340,false
V010967,SCEL,OAKB,2026-01-06T17:48:00.000Z,2026-01-07T14:13:00.000Z,300,false
V010968,OAKB,SCEL,2026-01-06T09:26:00.000Z,2026-01-07T05:51:00.000Z,320,false
V010969,SCEL,OAKB,2026-01-06T23:19:00.000Z,2026-01-07T19:44:00.000Z,300,false
V010970,OAKB,SCEL,2026-01-06T15:09:00.000Z,2026-01-07T11:34:00.000Z,320,false
V010971,SCEL,OOMS,2026-01-06T09:46:00.000Z,2026-01-07T04:26:00.000Z,360,false
V010972,OOMS,SCEL,2026-01-06T03:57:00.000Z,2026-01-06T22:37:00.000Z,360,false
V010973,SCEL,OOMS,2026-01-06T12:11:00.000Z,2026-01-07T06:51:00.000Z,340,false
V010974,OOMS,SCEL,2026-01-06T10:44:00.000Z,2026-01-07T05:24:00.000Z,320,false
V010975,SCEL,OOMS,2026-01-07T00:56:00.000Z,2026-01-07T19:36:00.000Z,320,false
V010976,OOMS,SCEL,2026-01-06T17:45:00.000Z,2026-01-07T12:25:00.000Z,300,false
V010977,SCEL,OYSN,2026-01-06T06:35:00.000Z,2026-01-06T23:06:00.000Z,320,false
V010978,OYSN,SCEL,2026-01-05T21:37:00.000Z,2026-01-06T14:08:00.000Z,320,false
V010979,SCEL,OYSN,2026-01-06T11:48:00.000Z,2026-01-07T04:19:00.000Z,320,false
V010980,OYSN,SCEL,2026-01-06T06:03:00.000Z,2026-01-06T22:34:00.000Z,340,false
V010981,SCEL,OYSN,2026-01-06T20:35:00.000Z,2026-01-07T13:06:00.000Z,300,false
V010982,OYSN,SCEL,2026-01-06T09:53:00.000Z,2026-01-07T02:24:00.000Z,340,false
V010983,SCEL,OYSN,2026-01-06T22:28:00.000Z,2026-01-07T14:59:00.000Z,340,false
V010984,OYSN,SCEL,2026-01-06T18:08:00.000Z,2026-01-07T10:39:00.000Z,300,false
V010985,SCEL,OPKC,2026-01-06T06:47:00.000Z,2026-01-07T02:34:00.000Z,320,false
V010986,OPKC,SCEL,2026-01-05T19:04:00.000Z,2026-01-06T14:51:00.000Z,320,false
V010987,SCEL,OPKC,2026-01-06T10:12:00.000Z,2026-01-07T05:59:00.000Z,340,false
V010988,OPKC,SCEL,2026-01-06T04:32:00.000Z,2026-01-07T00:19:00.000Z,360,false
V010989,SCEL,OPKC,2026-01-06T18:49:00.000Z,2026-01-07T14:36:00.000Z,300,false
V010990,OPKC,SCEL,2026-01-06T08:53:00.000Z,2026-01-07T04:40:00.000Z,300,false
V010991,SCEL,OPKC,2026-01-06T22:37:00.000Z,2026-01-07T18:24:00.000Z,300,false
V010992,OPKC,SCEL,2026-01-06T17:30:00.000Z,2026-01-07T13:17:00.000Z,300,false
V010993,SCEL,UBBB,2026-01-06T07:17:00.000Z,2026-01-07T01:46:00.000Z,320,false
V010994,UBBB,SCEL,2026-01-06T02:39:00.000Z,2026-01-06T21:08:00.000Z,320,false
V010995,SCEL,UBBB,2026-01-06T18:36:00.000Z,2026-01-07T13:05:00.000Z,360,false
V010996,UBBB,SCEL,2026-01-06T10:20:00.000Z,2026-01-07T04:49:00.000Z,300,false
V010997,SCEL,UBBB,2026-01-06T21:00:00.000Z,2026-01-07T15:29:00.000Z,360,false
V010998,UBBB,SCEL,2026-01-06T17:43:00.000Z,2026-01-07T12:12:00.000Z,320,false
V010999,SCEL,OJAI,2026-01-06T05:54:00.000Z,2026-01-06T22:22:00.000Z,340,false
V011000,OJAI,SCEL,2026-01-05T22:33:00.000Z,2026-01-06T15:01:00.000Z,340,false
V011001,SCEL,OJAI,2026-01-06T13:34:00.000Z,2026-01-07T06:02:00.000Z,300,false
V011002,OJAI,SCEL,2026-01-06T06:49:00.000Z,2026-01-06T23:17:00.000Z,300,false
V011003,SCEL,OJAI,2026-01-06T15:12:00.000Z,2026-01-07T07:40:00.000Z,360,false
V011004,OJAI,SCEL,2026-01-06T09:22:00.000Z,2026-01-07T01:50:00.000Z,320,false
V011005,SCEL,OJAI,2026-01-06T21:53:00.000Z,2026-01-07T14:21:00.000Z,340,false
V011006,OJAI,SCEL,2026-01-06T17:40:00.000Z,2026-01-07T10:08:00.000Z,320,false
V011007,SABE,SGAS,2026-01-06T05:10:00.000Z,2026-01-06T06:25:00.000Z,340,false
V011008,SGAS,SABE,2026-01-06T05:57:00.000Z,2026-01-06T07:12:00.000Z,360,false
V011009,SABE,SGAS,2026-01-06T12:25:00.000Z,2026-01-06T13:40:00.000Z,360,false
V011010,SGAS,SABE,2026-01-06T14:37:00.000Z,2026-01-06T15:52:00.000Z,340,false
V011011,SABE,SGAS,2026-01-06T17:25:00.000Z,2026-01-06T18:40:00.000Z,300,false
V011012,SGAS,SABE,2026-01-06T19:04:00.000Z,2026-01-06T20:19:00.000Z,320,false
V011013,SABE,SGAS,2026-01-06T23:35:00.000Z,2026-01-07T00:50:00.000Z,340,false
V011014,SGAS,SABE,2026-01-06T22:38:00.000Z,2026-01-06T23:53:00.000Z,300,false
V011015,SABE,SUAA,2026-01-06T07:37:00.000Z,2026-01-06T07:50:00.000Z,320,false
V011016,SUAA,SABE,2026-01-06T07:47:00.000Z,2026-01-06T08:00:00.000Z,320,false
V011017,SABE,SUAA,2026-01-06T14:26:00.000Z,2026-01-06T14:39:00.000Z,340,false
V011018,SUAA,SABE,2026-01-06T12:04:00.000Z,2026-01-06T12:17:00.000Z,320,false
V011019,SABE,SUAA,2026-01-06T20:46:00.000Z,2026-01-06T20:59:00.000Z,360,false
V011020,SUAA,SABE,2026-01-06T20:12:00.000Z,2026-01-06T20:25:00.000Z,360,false
V011021,SABE,SUAA,2026-01-07T01:21:00.000Z,2026-01-07T01:34:00.000Z,320,false
V011022,SUAA,SABE,2026-01-07T00:18:00.000Z,2026-01-07T00:31:00.000Z,360,false
V011023,SABE,LATI,2026-01-06T11:09:00.000Z,2026-01-07T01:34:00.000Z,340,false
V011024,LATI,SABE,2026-01-05T23:30:00.000Z,2026-01-06T13:55:00.000Z,340,false
V011025,SABE,LATI,2026-01-06T22:46:00.000Z,2026-01-07T13:11:00.000Z,300,false
V011026,LATI,SABE,2026-01-06T17:26:00.000Z,2026-01-07T07:51:00.000Z,300,false
V011027,SABE,EDDI,2026-01-06T03:13:00.000Z,2026-01-06T18:02:00.000Z,300,false
V011028,EDDI,SABE,2026-01-06T03:11:00.000Z,2026-01-06T18:00:00.000Z,320,false
V011029,SABE,EDDI,2026-01-06T16:40:00.000Z,2026-01-07T07:29:00.000Z,320,false
V011030,EDDI,SABE,2026-01-06T12:25:00.000Z,2026-01-07T03:14:00.000Z,340,false
V011031,SABE,EDDI,2026-01-06T23:46:00.000Z,2026-01-07T14:35:00.000Z,320,false
V011032,EDDI,SABE,2026-01-06T15:08:00.000Z,2026-01-07T05:57:00.000Z,320,false
V011033,SABE,LOWW,2026-01-06T07:56:00.000Z,2026-01-06T22:39:00.000Z,360,false
V011034,LOWW,SABE,2026-01-06T04:24:00.000Z,2026-01-06T19:07:00.000Z,300,false
V011035,SABE,LOWW,2026-01-06T11:24:00.000Z,2026-01-07T02:07:00.000Z,300,false
V011036,LOWW,SABE,2026-01-06T10:23:00.000Z,2026-01-07T01:06:00.000Z,360,false
V011037,SABE,LOWW,2026-01-06T19:10:00.000Z,2026-01-07T09:53:00.000Z,340,false
V011038,LOWW,SABE,2026-01-06T14:23:00.000Z,2026-01-07T05:06:00.000Z,320,false
V011039,SABE,EBCI,2026-01-06T06:06:00.000Z,2026-01-06T20:07:00.000Z,360,false
V011040,EBCI,SABE,2026-01-06T02:36:00.000Z,2026-01-06T16:37:00.000Z,340,false
V011041,SABE,EBCI,2026-01-06T10:58:00.000Z,2026-01-07T00:59:00.000Z,360,false
V011042,EBCI,SABE,2026-01-06T07:14:00.000Z,2026-01-06T21:15:00.000Z,360,false
V011043,SABE,EBCI,2026-01-06T17:12:00.000Z,2026-01-07T07:13:00.000Z,320,false
V011044,EBCI,SABE,2026-01-06T10:16:00.000Z,2026-01-07T00:17:00.000Z,340,false
V011045,SABE,EBCI,2026-01-06T22:27:00.000Z,2026-01-07T12:28:00.000Z,340,false
V011046,EBCI,SABE,2026-01-06T18:46:00.000Z,2026-01-07T08:47:00.000Z,340,false
V011047,SABE,UMMS,2026-01-06T05:15:00.000Z,2026-01-06T21:14:00.000Z,340,false
V011048,UMMS,SABE,2026-01-05T23:34:00.000Z,2026-01-06T15:33:00.000Z,340,false
V011049,SABE,UMMS,2026-01-06T18:16:00.000Z,2026-01-07T10:15:00.000Z,320,false
V011050,UMMS,SABE,2026-01-06T11:39:00.000Z,2026-01-07T03:38:00.000Z,300,false
V011051,SABE,UMMS,2026-01-06T23:44:00.000Z,2026-01-07T15:43:00.000Z,340,false
V011052,UMMS,SABE,2026-01-06T18:50:00.000Z,2026-01-07T10:49:00.000Z,300,false
V011053,SABE,LBSF,2026-01-06T04:40:00.000Z,2026-01-06T19:30:00.000Z,300,false
V011054,LBSF,SABE,2026-01-05T21:43:00.000Z,2026-01-06T12:33:00.000Z,320,false
V011055,SABE,LBSF,2026-01-06T18:59:00.000Z,2026-01-07T09:49:00.000Z,300,false
V011056,LBSF,SABE,2026-01-06T05:50:00.000Z,2026-01-06T20:40:00.000Z,360,false
V011057,SABE,LBSF,2026-01-06T21:59:00.000Z,2026-01-07T12:49:00.000Z,360,false
V011058,LBSF,SABE,2026-01-06T20:24:00.000Z,2026-01-07T11:14:00.000Z,320,false
V011059,SABE,LKPR,2026-01-06T04:49:00.000Z,2026-01-06T19:32:00.000Z,360,false
V011060,LKPR,SABE,2026-01-06T01:22:00.000Z,2026-01-06T16:05:00.000Z,300,false
V011061,SABE,LKPR,2026-01-06T14:21:00.000Z,2026-01-07T05:04:00.000Z,340,false
V011062,LKPR,SABE,2026-01-06T04:09:00.000Z,2026-01-06T18:52:00.000Z,300,false
V011063,SABE,LKPR,2026-01-06T20:37:00.000Z,2026-01-07T11:20:00.000Z,340,false
V011064,LKPR,SABE,2026-01-06T14:58:00.000Z,2026-01-07T05:41:00.000Z,320,false
V011065,SABE,LKPR,2026-01-06T23:32:00.000Z,2026-01-07T14:15:00.000Z,320,false
V011066,LKPR,SABE,2026-01-06T17:36:00.000Z,2026-01-07T08:19:00.000Z,360,false
V011067,SABE,LDZA,2026-01-06T10:31:00.000Z,2026-01-07T01:00:00.000Z,300,false
V011068,LDZA,SABE,2026-01-05T23:02:00.000Z,2026-01-06T13:31:00.000Z,300,false
V011069,SABE,LDZA,2026-01-06T11:19:00.000Z,2026-01-07T01:48:00.000Z,360,false
V011070,LDZA,SABE,2026-01-06T11:53:00.000Z,2026-01-07T02:22:00.000Z,360,false
V011071,SABE,LDZA,2026-01-07T02:03:00.000Z,2026-01-07T16:32:00.000Z,300,false
V011072,LDZA,SABE,2026-01-06T18:38:00.000Z,2026-01-07T09:07:00.000Z,300,false
V011073,SABE,EKCH,2026-01-06T08:34:00.000Z,2026-01-06T23:33:00.000Z,340,false
V011074,EKCH,SABE,2026-01-06T03:19:00.000Z,2026-01-06T18:18:00.000Z,320,false
V011075,SABE,EKCH,2026-01-06T10:22:00.000Z,2026-01-07T01:21:00.000Z,320,false
V011076,EKCH,SABE,2026-01-06T05:16:00.000Z,2026-01-06T20:15:00.000Z,300,false
V011077,SABE,EKCH,2026-01-06T16:31:00.000Z,2026-01-07T07:30:00.000Z,360,false
V011078,EKCH,SABE,2026-01-06T10:50:00.000Z,2026-01-07T01:49:00.000Z,360,false
V011079,SABE,EKCH,2026-01-07T02:44:00.000Z,2026-01-07T17:43:00.000Z,320,false
V011080,EKCH,SABE,2026-01-06T16:59:00.000Z,2026-01-07T07:58:00.000Z,300,false
V011081,SABE,EHAM,2026-01-06T21:48:00.000Z,2026-01-07T12:00:00.000Z,300,false
V011082,EHAM,SABE,2026-01-05T23:52:00.000Z,2026-01-06T14:04:00.000Z,340,false
V011083,SABE,VIDP,2026-01-06T04:53:00.000Z,2026-01-07T00:38:00.000Z,340,false
V011084,VIDP,SABE,2026-01-05T20:45:00.000Z,2026-01-06T16:30:00.000Z,360,false
V011085,SABE,VIDP,2026-01-06T09:52:00.000Z,2026-01-07T05:37:00.000Z,300,false
V011086,VIDP,SABE,2026-01-06T01:16:00.000Z,2026-01-06T21:01:00.000Z,340,false
V011087,SABE,VIDP,2026-01-06T20:44:00.000Z,2026-01-07T16:29:00.000Z,300,false
V011088,VIDP,SABE,2026-01-06T09:54:00.000Z,2026-01-07T05:39:00.000Z,300,false
V011089,SABE,VIDP,2026-01-06T22:05:00.000Z,2026-01-07T17:50:00.000Z,320,false
V011090,VIDP,SABE,2026-01-06T15:31:00.000Z,2026-01-07T11:16:00.000Z,320,false
V011091,SABE,OSDI,2026-01-06T04:19:00.000Z,2026-01-06T19:48:00.000Z,300,false
V011092,OSDI,SABE,2026-01-05T21:57:00.000Z,2026-01-06T13:26:00.000Z,360,false
V011093,SABE,OSDI,2026-01-06T11:24:00.000Z,2026-01-07T02:53:00.000Z,340,false
V011094,OSDI,SABE,2026-01-06T08:17:00.000Z,2026-01-06T23:46:00.000Z,340,false
V011095,SABE,OSDI,2026-01-06T20:06:00.000Z,2026-01-07T11:35:00.000Z,340,false
V011096,OSDI,SABE,2026-01-06T13:29:00.000Z,2026-01-07T04:58:00.000Z,320,false
V011097,SABE,OSDI,2026-01-07T00:12:00.000Z,2026-01-07T15:41:00.000Z,320,false
V011098,OSDI,SABE,2026-01-06T20:46:00.000Z,2026-01-07T12:15:00.000Z,300,false
V011099,SABE,OAKB,2026-01-06T07:27:00.000Z,2026-01-07T02:33:00.000Z,360,false
V011100,OAKB,SABE,2026-01-05T22:25:00.000Z,2026-01-06T17:31:00.000Z,320,false
V011101,SABE,OAKB,2026-01-06T09:53:00.000Z,2026-01-07T04:59:00.000Z,320,false
V011102,OAKB,SABE,2026-01-06T06:12:00.000Z,2026-01-07T01:18:00.000Z,360,false
V011103,SABE,OAKB,2026-01-06T20:17:00.000Z,2026-01-07T15:23:00.000Z,360,false
V011104,OAKB,SABE,2026-01-06T09:33:00.000Z,2026-01-07T04:39:00.000Z,320,false
V011105,SABE,OAKB,2026-01-07T01:32:00.000Z,2026-01-06T20:38:00.000Z,360,false
V011106,OAKB,SABE,2026-01-06T15:01:00.000Z,2026-01-07T10:07:00.000Z,340,false
V011107,SABE,OOMS,2026-01-06T04:27:00.000Z,2026-01-06T21:44:00.000Z,320,false
V011108,OOMS,SABE,2026-01-06T00:36:00.000Z,2026-01-06T17:53:00.000Z,360,false
V011109,SABE,OOMS,2026-01-06T10:44:00.000Z,2026-01-07T04:01:00.000Z,340,false
V011110,OOMS,SABE,2026-01-06T02:31:00.000Z,2026-01-06T19:48:00.000Z,340,false
V011111,SABE,OOMS,2026-01-06T19:15:00.000Z,2026-01-07T12:32:00.000Z,340,false
V011112,OOMS,SABE,2026-01-06T13:17:00.000Z,2026-01-07T06:34:00.000Z,300,false
V011113,SABE,OOMS,2026-01-07T01:50:00.000Z,2026-01-07T19:07:00.000Z,300,false
V011114,OOMS,SABE,2026-01-06T18:45:00.000Z,2026-01-07T12:02:00.000Z,320,false
V011115,SABE,OYSN,2026-01-06T07:57:00.000Z,2026-01-06T23:04:00.000Z,340,false
V011116,OYSN,SABE,2026-01-05T23:04:00.000Z,2026-01-06T14:11:00.000Z,300,false
V011117,SABE,OYSN,2026-01-06T17:15:00.000Z,2026-01-07T08:22:00.000Z,340,false
V011118,OYSN,SABE,2026-01-06T05:06:00.000Z,2026-01-06T20:13:00.000Z,340,false
V011119,SABE,OYSN,2026-01-06T19:13:00.000Z,2026-01-07T10:20:00.000Z,360,false
V011120,OYSN,SABE,2026-01-06T16:47:00.000Z,2026-01-07T07:54:00.000Z,320,false
V011121,SABE,OPKC,2026-01-06T03:48:00.000Z,2026-01-06T22:11:00.000Z,300,false
V011122,OPKC,SABE,2026-01-05T20:59:00.000Z,2026-01-06T15:22:00.000Z,320,false
V011123,SABE,OPKC,2026-01-06T11:37:00.000Z,2026-01-07T06:00:00.000Z,300,false
V011124,OPKC,SABE,2026-01-06T04:09:00.000Z,2026-01-06T22:32:00.000Z,360,false
V011125,SABE,OPKC,2026-01-06T19:22:00.000Z,2026-01-07T13:45:00.000Z,360,false
V011126,OPKC,SABE,2026-01-06T10:17:00.000Z,2026-01-07T04:40:00.000Z,360,false
V011127,SABE,OPKC,2026-01-07T01:00:00.000Z,2026-01-06T19:23:00.000Z,300,false
V011128,OPKC,SABE,2026-01-06T15:04:00.000Z,2026-01-07T09:27:00.000Z,360,false
V011129,SABE,UBBB,2026-01-06T06:41:00.000Z,2026-01-06T23:59:00.000Z,300,false
V011130,UBBB,SABE,2026-01-06T03:47:00.000Z,2026-01-06T21:05:00.000Z,300,false
V011131,SABE,UBBB,2026-01-06T10:41:00.000Z,2026-01-07T03:59:00.000Z,360,false
V011132,UBBB,SABE,2026-01-06T05:48:00.000Z,2026-01-06T23:06:00.000Z,360,false
V011133,SABE,UBBB,2026-01-06T17:29:00.000Z,2026-01-07T10:47:00.000Z,300,false
V011134,UBBB,SABE,2026-01-06T13:06:00.000Z,2026-01-07T06:24:00.000Z,360,false
V011135,SABE,UBBB,2026-01-06T23:04:00.000Z,2026-01-07T16:22:00.000Z,320,false
V011136,UBBB,SABE,2026-01-06T20:06:00.000Z,2026-01-07T13:24:00.000Z,320,false
V011137,SABE,OJAI,2026-01-06T04:48:00.000Z,2026-01-06T20:02:00.000Z,320,false
V011138,OJAI,SABE,2026-01-06T03:27:00.000Z,2026-01-06T18:41:00.000Z,300,false
V011139,SABE,OJAI,2026-01-06T16:17:00.000Z,2026-01-07T07:31:00.000Z,320,false
V011140,OJAI,SABE,2026-01-06T10:55:00.000Z,2026-01-07T02:09:00.000Z,360,false
V011141,SGAS,SUAA,2026-01-06T05:19:00.000Z,2026-01-06T06:34:00.000Z,320,false
V011142,SUAA,SGAS,2026-01-06T03:55:00.000Z,2026-01-06T05:10:00.000Z,340,false
V011143,SGAS,SUAA,2026-01-06T14:52:00.000Z,2026-01-06T16:07:00.000Z,300,false
V011144,SUAA,SGAS,2026-01-06T11:59:00.000Z,2026-01-06T13:14:00.000Z,340,false
V011145,SGAS,SUAA,2026-01-06T22:32:00.000Z,2026-01-06T23:47:00.000Z,360,false
V011146,SUAA,SGAS,2026-01-06T19:01:00.000Z,2026-01-06T20:16:00.000Z,340,false
V011147,SGAS,LATI,2026-01-06T04:55:00.000Z,2026-01-06T18:24:00.000Z,340,false
V011148,LATI,SGAS,2026-01-06T02:54:00.000Z,2026-01-06T16:23:00.000Z,320,false
V011149,SGAS,LATI,2026-01-06T18:58:00.000Z,2026-01-07T08:27:00.000Z,340,false
V011150,LATI,SGAS,2026-01-06T11:27:00.000Z,2026-01-07T00:56:00.000Z,340,false
V011151,SGAS,LATI,2026-01-07T02:11:00.000Z,2026-01-07T15:40:00.000Z,320,false
V011152,LATI,SGAS,2026-01-06T19:39:00.000Z,2026-01-07T09:08:00.000Z,340,false
V011153,SGAS,EDDI,2026-01-06T04:03:00.000Z,2026-01-06T17:47:00.000Z,300,false
V011154,EDDI,SGAS,2026-01-06T04:22:00.000Z,2026-01-06T18:06:00.000Z,320,false
V011155,SGAS,EDDI,2026-01-06T14:07:00.000Z,2026-01-07T03:51:00.000Z,340,false
V011156,EDDI,SGAS,2026-01-06T07:26:00.000Z,2026-01-06T21:10:00.000Z,340,false
V011157,SGAS,EDDI,2026-01-06T22:57:00.000Z,2026-01-07T12:41:00.000Z,360,false
V011158,EDDI,SGAS,2026-01-06T18:23:00.000Z,2026-01-07T08:07:00.000Z,300,false
V011159,SGAS,LOWW,2026-01-06T04:43:00.000Z,2026-01-06T18:24:00.000Z,300,false
V011160,LOWW,SGAS,2026-01-06T01:33:00.000Z,2026-01-06T15:14:00.000Z,340,false
V011161,SGAS,LOWW,2026-01-06T13:26:00.000Z,2026-01-07T03:07:00.000Z,300,false
V011162,LOWW,SGAS,2026-01-06T08:12:00.000Z,2026-01-06T21:53:00.000Z,340,false
V011163,SGAS,LOWW,2026-01-06T17:22:00.000Z,2026-01-07T07:03:00.000Z,340,false
V011164,LOWW,SGAS,2026-01-06T10:06:00.000Z,2026-01-06T23:47:00.000Z,300,false
V011165,SGAS,LOWW,2026-01-07T03:30:00.000Z,2026-01-07T17:11:00.000Z,360,false
V011166,LOWW,SGAS,2026-01-06T18:30:00.000Z,2026-01-07T08:11:00.000Z,360,false
V011167,SGAS,EBCI,2026-01-06T05:28:00.000Z,2026-01-06T18:23:00.000Z,360,false
V011168,EBCI,SGAS,2026-01-05T22:01:00.000Z,2026-01-06T10:56:00.000Z,340,false
V011169,SGAS,EBCI,2026-01-06T14:08:00.000Z,2026-01-07T03:03:00.000Z,360,false
V011170,EBCI,SGAS,2026-01-06T08:05:00.000Z,2026-01-06T21:00:00.000Z,340,false
V011171,SGAS,EBCI,2026-01-06T21:18:00.000Z,2026-01-07T10:13:00.000Z,300,false
V011172,EBCI,SGAS,2026-01-06T15:51:00.000Z,2026-01-07T04:46:00.000Z,300,false
V011173,SGAS,EBCI,2026-01-07T00:21:00.000Z,2026-01-07T13:16:00.000Z,360,false
V011174,EBCI,SGAS,2026-01-06T17:08:00.000Z,2026-01-07T06:03:00.000Z,300,false
V011175,SGAS,UMMS,2026-01-06T14:39:00.000Z,2026-01-07T05:36:00.000Z,320,false
V011176,UMMS,SGAS,2026-01-06T08:25:00.000Z,2026-01-06T23:22:00.000Z,340,false
V011177,SGAS,UMMS,2026-01-07T01:35:00.000Z,2026-01-07T16:32:00.000Z,300,false
V011178,UMMS,SGAS,2026-01-06T14:27:00.000Z,2026-01-07T05:24:00.000Z,340,false
V011179,SGAS,LBSF,2026-01-06T11:49:00.000Z,2026-01-07T01:44:00.000Z,320,false
V011180,LBSF,SGAS,2026-01-06T02:00:00.000Z,2026-01-06T15:55:00.000Z,320,false
V011181,SGAS,LBSF,2026-01-06T14:41:00.000Z,2026-01-07T04:36:00.000Z,320,false
V011182,LBSF,SGAS,2026-01-06T06:42:00.000Z,2026-01-06T20:37:00.000Z,360,false
V011183,SGAS,LBSF,2026-01-07T01:53:00.000Z,2026-01-07T15:48:00.000Z,360,false
V011184,LBSF,SGAS,2026-01-06T20:55:00.000Z,2026-01-07T10:50:00.000Z,340,false
V011185,SGAS,LKPR,2026-01-06T06:45:00.000Z,2026-01-06T20:25:00.000Z,300,false
V011186,LKPR,SGAS,2026-01-06T02:41:00.000Z,2026-01-06T16:21:00.000Z,340,false
V011187,SGAS,LKPR,2026-01-06T10:08:00.000Z,2026-01-06T23:48:00.000Z,300,false
V011188,LKPR,SGAS,2026-01-06T09:16:00.000Z,2026-01-06T22:56:00.000Z,320,false
V011189,SGAS,LKPR,2026-01-06T16:58:00.000Z,2026-01-07T06:38:00.000Z,360,false
V011190,LKPR,SGAS,2026-01-06T12:46:00.000Z,2026-01-07T02:26:00.000Z,300,false
V011191,SGAS,LKPR,2026-01-07T03:01:00.000Z,2026-01-07T16:41:00.000Z,340,false
V011192,LKPR,SGAS,2026-01-06T16:45:00.000Z,2026-01-07T06:25:00.000Z,300,false
V011193,SGAS,LDZA,2026-01-06T08:37:00.000Z,2026-01-06T22:06:00.000Z,340,false
V011194,LDZA,SGAS,2026-01-06T00:20:00.000Z,2026-01-06T13:49:00.000Z,360,false
V011195,SGAS,LDZA,2026-01-06T12:38:00.000Z,2026-01-07T02:07:00.000Z,340,false
V011196,LDZA,SGAS,2026-01-06T13:20:00.000Z,2026-01-07T02:49:00.000Z,360,false
V011197,SGAS,LDZA,2026-01-06T23:13:00.000Z,2026-01-07T12:42:00.000Z,360,false
V011198,LDZA,SGAS,2026-01-06T17:16:00.000Z,2026-01-07T06:45:00.000Z,360,false
V011199,SGAS,EKCH,2026-01-06T04:56:00.000Z,2026-01-06T18:48:00.000Z,340,false
V011200,EKCH,SGAS,2026-01-06T02:03:00.000Z,2026-01-06T15:55:00.000Z,360,false
V011201,SGAS,EKCH,2026-01-06T15:22:00.000Z,2026-01-07T05:14:00.000Z,300,false
V011202,EKCH,SGAS,2026-01-06T09:26:00.000Z,2026-01-06T23:18:00.000Z,340,false
V011203,SGAS,EKCH,2026-01-06T17:58:00.000Z,2026-01-07T07:50:00.000Z,320,false
V011204,EKCH,SGAS,2026-01-06T12:04:00.000Z,2026-01-07T01:56:00.000Z,320,false
V011205,SGAS,EKCH,2026-01-07T00:00:00.000Z,2026-01-07T13:52:00.000Z,340,false
V011206,EKCH,SGAS,2026-01-06T20:54:00.000Z,2026-01-07T10:46:00.000Z,300,false
V011207,SGAS,EHAM,2026-01-06T06:06:00.000Z,2026-01-06T19:11:00.000Z,320,false
V011208,EHAM,SGAS,2026-01-06T01:30:00.000Z,2026-01-06T14:35:00.000Z,360,false
V011209,SGAS,EHAM,2026-01-06T11:33:00.000Z,2026-01-07T00:38:00.000Z,320,false
V011210,EHAM,SGAS,2026-01-06T06:57:00.000Z,2026-01-06T20:02:00.000Z,320,false
V011211,SGAS,EHAM,2026-01-06T19:49:00.000Z,2026-01-07T08:54:00.000Z,320,false
V011212,EHAM,SGAS,2026-01-06T15:08:00.000Z,2026-01-07T04:13:00.000Z,340,false
V011213,SGAS,EHAM,2026-01-07T01:41:00.000Z,2026-01-07T14:46:00.000Z,320,false
V011214,EHAM,SGAS,2026-01-06T20:47:00.000Z,2026-01-07T09:52:00.000Z,300,false
V011215,SGAS,VIDP,2026-01-06T15:49:00.000Z,2026-01-07T11:15:00.000Z,360,false
V011216,VIDP,SGAS,2026-01-06T05:29:00.000Z,2026-01-07T00:55:00.000Z,360,false
V011217,SGAS,OSDI,2026-01-06T07:31:00.000Z,2026-01-06T22:17:00.000Z,340,false
V011218,OSDI,SGAS,2026-01-06T01:54:00.000Z,2026-01-06T16:40:00.000Z,300,false
V011219,SGAS,OSDI,2026-01-06T14:28:00.000Z,2026-01-07T05:14:00.000Z,340,false
V011220,OSDI,SGAS,2026-01-06T12:55:00.000Z,2026-01-07T03:41:00.000Z,300,false
V011221,SGAS,OSDI,2026-01-06T20:18:00.000Z,2026-01-07T11:04:00.000Z,320,false
V011222,OSDI,SGAS,2026-01-06T19:27:00.000Z,2026-01-07T10:13:00.000Z,360,false
V011223,SGAS,OAKB,2026-01-06T06:09:00.000Z,2026-01-07T00:42:00.000Z,360,false
V011224,OAKB,SGAS,2026-01-05T23:06:00.000Z,2026-01-06T17:39:00.000Z,360,false
V011225,SGAS,OAKB,2026-01-06T15:35:00.000Z,2026-01-07T10:08:00.000Z,300,false
V011226,OAKB,SGAS,2026-01-06T04:21:00.000Z,2026-01-06T22:54:00.000Z,320,false
V011227,SGAS,OAKB,2026-01-06T16:11:00.000Z,2026-01-07T10:44:00.000Z,360,false
V011228,OAKB,SGAS,2026-01-06T08:34:00.000Z,2026-01-07T03:07:00.000Z,360,false
V011229,SGAS,OAKB,2026-01-07T00:56:00.000Z,2026-01-07T19:29:00.000Z,320,false
V011230,OAKB,SGAS,2026-01-06T14:31:00.000Z,2026-01-07T09:04:00.000Z,340,false
V011231,SGAS,OOMS,2026-01-06T05:55:00.000Z,2026-01-06T22:52:00.000Z,360,false
V011232,OOMS,SGAS,2026-01-05T22:58:00.000Z,2026-01-06T15:55:00.000Z,340,false
V011233,SGAS,OOMS,2026-01-06T13:42:00.000Z,2026-01-07T06:39:00.000Z,360,false
V011234,OOMS,SGAS,2026-01-06T05:51:00.000Z,2026-01-06T22:48:00.000Z,300,false
V011235,SGAS,OOMS,2026-01-06T16:50:00.000Z,2026-01-07T09:47:00.000Z,320,false
V011236,OOMS,SGAS,2026-01-06T08:08:00.000Z,2026-01-07T01:05:00.000Z,340,false
V011237,SGAS,OOMS,2026-01-07T02:38:00.000Z,2026-01-07T19:35:00.000Z,300,false
V011238,OOMS,SGAS,2026-01-06T17:21:00.000Z,2026-01-07T10:18:00.000Z,300,false
V011239,SGAS,OYSN,2026-01-06T07:32:00.000Z,2026-01-06T22:22:00.000Z,360,false
V011240,OYSN,SGAS,2026-01-06T01:22:00.000Z,2026-01-06T16:12:00.000Z,300,false
V011241,SGAS,OYSN,2026-01-06T12:14:00.000Z,2026-01-07T03:04:00.000Z,360,false
V011242,OYSN,SGAS,2026-01-06T06:34:00.000Z,2026-01-06T21:24:00.000Z,300,false
V011243,SGAS,OYSN,2026-01-06T16:34:00.000Z,2026-01-07T07:24:00.000Z,320,false
V011244,OYSN,SGAS,2026-01-06T13:30:00.000Z,2026-01-07T04:20:00.000Z,360,false
V011245,SGAS,OYSN,2026-01-07T03:27:00.000Z,2026-01-07T18:17:00.000Z,360,false
V011246,OYSN,SGAS,2026-01-06T17:11:00.000Z,2026-01-07T08:01:00.000Z,300,false
V011247,SGAS,OPKC,2026-01-06T04:28:00.000Z,2026-01-06T22:34:00.000Z,360,false
V011248,OPKC,SGAS,2026-01-05T23:19:00.000Z,2026-01-06T17:25:00.000Z,340,false
V011249,SGAS,OPKC,2026-01-07T03:48:00.000Z,2026-01-06T21:54:00.000Z,360,false
V011250,OPKC,SGAS,2026-01-06T13:05:00.000Z,2026-01-07T07:11:00.000Z,340,false
V011251,SGAS,UBBB,2026-01-06T07:54:00.000Z,2026-01-07T00:27:00.000Z,300,false
V011252,UBBB,SGAS,2026-01-05T22:27:00.000Z,2026-01-06T15:00:00.000Z,340,false
V011253,SGAS,UBBB,2026-01-06T12:31:00.000Z,2026-01-07T05:04:00.000Z,340,false
V011254,UBBB,SGAS,2026-01-06T06:38:00.000Z,2026-01-06T23:11:00.000Z,320,false
V011255,SGAS,UBBB,2026-01-07T00:56:00.000Z,2026-01-07T17:29:00.000Z,320,false
V011256,UBBB,SGAS,2026-01-06T20:10:00.000Z,2026-01-07T12:43:00.000Z,300,false
V011257,SGAS,OJAI,2026-01-06T09:42:00.000Z,2026-01-07T00:16:00.000Z,360,false
V011258,OJAI,SGAS,2026-01-06T01:03:00.000Z,2026-01-06T15:37:00.000Z,320,false
V011259,SGAS,OJAI,2026-01-06T15:37:00.000Z,2026-01-07T06:11:00.000Z,360,false
V011260,OJAI,SGAS,2026-01-06T07:56:00.000Z,2026-01-06T22:30:00.000Z,320,false
V011261,SGAS,OJAI,2026-01-07T03:19:00.000Z,2026-01-07T17:53:00.000Z,300,false
V011262,OJAI,SGAS,2026-01-06T15:35:00.000Z,2026-01-07T06:09:00.000Z,300,false
V011263,SUAA,LATI,2026-01-06T07:56:00.000Z,2026-01-06T22:10:00.000Z,340,false
V011264,LATI,SUAA,2026-01-06T00:32:00.000Z,2026-01-06T14:46:00.000Z,320,false
V011265,SUAA,LATI,2026-01-06T14:08:00.000Z,2026-01-07T04:22:00.000Z,340,false
V011266,LATI,SUAA,2026-01-06T08:28:00.000Z,2026-01-06T22:42:00.000Z,340,false
V011267,SUAA,LATI,2026-01-06T20:15:00.000Z,2026-01-07T10:29:00.000Z,340,false
V011268,LATI,SUAA,2026-01-06T14:36:00.000Z,2026-01-07T04:50:00.000Z,300,false
V011269,SUAA,LATI,2026-01-06T23:09:00.000Z,2026-01-07T13:23:00.000Z,300,false
V011270,LATI,SUAA,2026-01-06T20:04:00.000Z,2026-01-07T10:18:00.000Z,320,false
V011271,SUAA,EDDI,2026-01-06T05:02:00.000Z,2026-01-06T19:42:00.000Z,300,false
V011272,EDDI,SUAA,2026-01-06T00:55:00.000Z,2026-01-06T15:35:00.000Z,320,false
V011273,SUAA,EDDI,2026-01-06T11:39:00.000Z,2026-01-07T02:19:00.000Z,300,false
V011274,EDDI,SUAA,2026-01-06T09:17:00.000Z,2026-01-06T23:57:00.000Z,340,false
V011275,SUAA,EDDI,2026-01-06T18:44:00.000Z,2026-01-07T09:24:00.000Z,320,false
V011276,EDDI,SUAA,2026-01-06T11:42:00.000Z,2026-01-07T02:22:00.000Z,320,false
V011277,SUAA,EDDI,2026-01-07T00:57:00.000Z,2026-01-07T15:37:00.000Z,300,false
V011278,EDDI,SUAA,2026-01-06T17:33:00.000Z,2026-01-07T08:13:00.000Z,360,false
V011279,SUAA,LOWW,2026-01-06T06:41:00.000Z,2026-01-06T21:15:00.000Z,360,false
V011280,LOWW,SUAA,2026-01-06T00:08:00.000Z,2026-01-06T14:42:00.000Z,340,false
V011281,SUAA,LOWW,2026-01-06T11:11:00.000Z,2026-01-07T01:45:00.000Z,300,false
V011282,LOWW,SUAA,2026-01-06T06:09:00.000Z,2026-01-06T20:43:00.000Z,320,false
V011283,SUAA,LOWW,2026-01-06T20:08:00.000Z,2026-01-07T10:42:00.000Z,300,false
V011284,LOWW,SUAA,2026-01-06T12:22:00.000Z,2026-01-07T02:56:00.000Z,320,false
V011285,SUAA,LOWW,2026-01-06T21:03:00.000Z,2026-01-07T11:37:00.000Z,320,false
V011286,LOWW,SUAA,2026-01-06T16:52:00.000Z,2026-01-07T07:26:00.000Z,320,false
V011287,SUAA,EBCI,2026-01-06T06:22:00.000Z,2026-01-06T20:15:00.000Z,320,false
V011288,EBCI,SUAA,2026-01-05T22:02:00.000Z,2026-01-06T11:55:00.000Z,340,false
V011289,SUAA,EBCI,2026-01-06T12:14:00.000Z,2026-01-07T02:07:00.000Z,340,false
V011290,EBCI,SUAA,2026-01-06T04:34:00.000Z,2026-01-06T18:27:00.000Z,360,false
V011291,SUAA,EBCI,2026-01-06T15:52:00.000Z,2026-01-07T05:45:00.000Z,360,false
V011292,EBCI,SUAA,2026-01-06T10:13:00.000Z,2026-01-07T00:06:00.000Z,360,false
V011293,SUAA,EBCI,2026-01-06T21:33:00.000Z,2026-01-07T11:26:00.000Z,360,false
V011294,EBCI,SUAA,2026-01-06T21:55:00.000Z,2026-01-07T11:48:00.000Z,320,false
V011295,SUAA,UMMS,2026-01-06T06:41:00.000Z,2026-01-06T22:31:00.000Z,300,false
V011296,UMMS,SUAA,2026-01-06T00:36:00.000Z,2026-01-06T16:26:00.000Z,320,false
V011297,SUAA,UMMS,2026-01-06T11:52:00.000Z,2026-01-07T03:42:00.000Z,360,false
V011298,UMMS,SUAA,2026-01-06T09:16:00.000Z,2026-01-07T01:06:00.000Z,360,false
V011299,SUAA,UMMS,2026-01-06T22:29:00.000Z,2026-01-07T14:19:00.000Z,300,false
V011300,UMMS,SUAA,2026-01-06T17:12:00.000Z,2026-01-07T09:02:00.000Z,340,false
V011301,SUAA,LBSF,2026-01-06T05:16:00.000Z,2026-01-06T19:56:00.000Z,340,false
V011302,LBSF,SUAA,2026-01-05T23:40:00.000Z,2026-01-06T14:20:00.000Z,340,false
V011303,SUAA,LBSF,2026-01-06T10:25:00.000Z,2026-01-07T01:05:00.000Z,300,false
V011304,LBSF,SUAA,2026-01-06T07:31:00.000Z,2026-01-06T22:11:00.000Z,340,false
V011305,SUAA,LBSF,2026-01-06T15:44:00.000Z,2026-01-07T06:24:00.000Z,340,false
V011306,LBSF,SUAA,2026-01-06T12:13:00.000Z,2026-01-07T02:53:00.000Z,300,false
V011307,SUAA,LBSF,2026-01-07T02:32:00.000Z,2026-01-07T17:12:00.000Z,340,false
V011308,LBSF,SUAA,2026-01-06T16:31:00.000Z,2026-01-07T07:11:00.000Z,300,false
V011309,SUAA,LKPR,2026-01-06T08:30:00.000Z,2026-01-06T23:05:00.000Z,360,false
V011310,LKPR,SUAA,2026-01-05T22:08:00.000Z,2026-01-06T12:43:00.000Z,300,false
V011311,SUAA,LKPR,2026-01-06T10:49:00.000Z,2026-01-07T01:24:00.000Z,340,false
V011312,LKPR,SUAA,2026-01-06T05:59:00.000Z,2026-01-06T20:34:00.000Z,360,false
V011313,SUAA,LKPR,2026-01-06T17:32:00.000Z,2026-01-07T08:07:00.000Z,320,false
V011314,LKPR,SUAA,2026-01-06T12:59:00.000Z,2026-01-07T03:34:00.000Z,360,false
V011315,SUAA,LKPR,2026-01-06T22:50:00.000Z,2026-01-07T13:25:00.000Z,300,false
V011316,LKPR,SUAA,2026-01-06T17:19:00.000Z,2026-01-07T07:54:00.000Z,360,false
V011317,SUAA,LDZA,2026-01-06T07:11:00.000Z,2026-01-06T21:30:00.000Z,300,false
V011318,LDZA,SUAA,2026-01-06T00:20:00.000Z,2026-01-06T14:39:00.000Z,300,false
V011319,SUAA,LDZA,2026-01-06T15:25:00.000Z,2026-01-07T05:44:00.000Z,340,false
V011320,LDZA,SUAA,2026-01-06T11:10:00.000Z,2026-01-07T01:29:00.000Z,300,false
V011321,SUAA,LDZA,2026-01-06T23:35:00.000Z,2026-01-07T13:54:00.000Z,300,false
V011322,LDZA,SUAA,2026-01-06T14:26:00.000Z,2026-01-07T04:45:00.000Z,360,false
V011323,SUAA,EKCH,2026-01-06T07:05:00.000Z,2026-01-06T21:56:00.000Z,320,false
V011324,EKCH,SUAA,2026-01-06T00:33:00.000Z,2026-01-06T15:24:00.000Z,360,false
V011325,SUAA,EKCH,2026-01-06T09:38:00.000Z,2026-01-07T00:29:00.000Z,340,false
V011326,EKCH,SUAA,2026-01-06T05:44:00.000Z,2026-01-06T20:35:00.000Z,360,false
V011327,SUAA,EKCH,2026-01-06T19:48:00.000Z,2026-01-07T10:39:00.000Z,340,false
V011328,EKCH,SUAA,2026-01-06T10:58:00.000Z,2026-01-07T01:49:00.000Z,340,false
V011329,SUAA,EKCH,2026-01-06T22:39:00.000Z,2026-01-07T13:30:00.000Z,340,false
V011330,EKCH,SUAA,2026-01-06T17:24:00.000Z,2026-01-07T08:15:00.000Z,320,false
V011331,SUAA,EHAM,2026-01-06T07:27:00.000Z,2026-01-06T21:32:00.000Z,320,false
V011332,EHAM,SUAA,2026-01-06T02:43:00.000Z,2026-01-06T16:48:00.000Z,360,false
V011333,SUAA,EHAM,2026-01-06T13:46:00.000Z,2026-01-07T03:51:00.000Z,300,false
V011334,EHAM,SUAA,2026-01-06T06:03:00.000Z,2026-01-06T20:08:00.000Z,300,false
V011335,SUAA,EHAM,2026-01-06T19:03:00.000Z,2026-01-07T09:08:00.000Z,340,false
V011336,EHAM,SUAA,2026-01-06T13:56:00.000Z,2026-01-07T04:01:00.000Z,340,false
V011337,SUAA,EHAM,2026-01-07T02:52:00.000Z,2026-01-07T16:57:00.000Z,320,false
V011338,EHAM,SUAA,2026-01-06T18:17:00.000Z,2026-01-07T08:22:00.000Z,340,false
V011339,SUAA,VIDP,2026-01-06T04:19:00.000Z,2026-01-06T23:51:00.000Z,300,false
V011340,VIDP,SUAA,2026-01-05T23:28:00.000Z,2026-01-06T19:00:00.000Z,340,false
V011341,SUAA,VIDP,2026-01-06T10:47:00.000Z,2026-01-07T06:19:00.000Z,300,false
V011342,VIDP,SUAA,2026-01-06T05:14:00.000Z,2026-01-07T00:46:00.000Z,320,false
V011343,SUAA,VIDP,2026-01-06T15:10:00.000Z,2026-01-07T10:42:00.000Z,340,false
V011344,VIDP,SUAA,2026-01-06T10:15:00.000Z,2026-01-07T05:47:00.000Z,360,false
V011345,SUAA,VIDP,2026-01-06T21:10:00.000Z,2026-01-07T16:42:00.000Z,360,false
V011346,VIDP,SUAA,2026-01-06T17:45:00.000Z,2026-01-07T13:17:00.000Z,340,false
V011347,SUAA,OSDI,2026-01-06T06:25:00.000Z,2026-01-06T21:41:00.000Z,320,false
V011348,OSDI,SUAA,2026-01-05T23:48:00.000Z,2026-01-06T15:04:00.000Z,360,false
V011349,SUAA,OSDI,2026-01-06T12:57:00.000Z,2026-01-07T04:13:00.000Z,340,false
V011350,OSDI,SUAA,2026-01-06T07:09:00.000Z,2026-01-06T22:25:00.000Z,340,false
V011351,SUAA,OSDI,2026-01-06T18:20:00.000Z,2026-01-07T09:36:00.000Z,320,false
V011352,OSDI,SUAA,2026-01-06T10:19:00.000Z,2026-01-07T01:35:00.000Z,340,false
V011353,SUAA,OSDI,2026-01-06T21:31:00.000Z,2026-01-07T12:47:00.000Z,300,false
V011354,OSDI,SUAA,2026-01-06T15:33:00.000Z,2026-01-07T06:49:00.000Z,320,false
V011355,SUAA,OAKB,2026-01-06T07:22:00.000Z,2026-01-07T02:15:00.000Z,360,false
V011356,OAKB,SUAA,2026-01-05T23:56:00.000Z,2026-01-06T18:49:00.000Z,340,false
V011357,SUAA,OAKB,2026-01-06T14:19:00.000Z,2026-01-07T09:12:00.000Z,340,false
V011358,OAKB,SUAA,2026-01-06T03:17:00.000Z,2026-01-06T22:10:00.000Z,360,false
V011359,SUAA,OAKB,2026-01-06T19:20:00.000Z,2026-01-07T14:13:00.000Z,360,false
V011360,OAKB,SUAA,2026-01-06T13:46:00.000Z,2026-01-07T08:39:00.000Z,340,false
V011361,SUAA,OAKB,2026-01-07T00:32:00.000Z,2026-01-07T19:25:00.000Z,320,false
V011362,OAKB,SUAA,2026-01-06T18:55:00.000Z,2026-01-07T13:48:00.000Z,300,false
V011363,SUAA,OOMS,2026-01-06T07:41:00.000Z,2026-01-07T00:44:00.000Z,320,false
V011364,OOMS,SUAA,2026-01-05T23:24:00.000Z,2026-01-06T16:27:00.000Z,340,false
V011365,SUAA,OOMS,2026-01-06T12:37:00.000Z,2026-01-07T05:40:00.000Z,320,false
V011366,OOMS,SUAA,2026-01-06T07:38:00.000Z,2026-01-07T00:41:00.000Z,300,false
V011367,SUAA,OOMS,2026-01-06T16:53:00.000Z,2026-01-07T09:56:00.000Z,360,false
V011368,OOMS,SUAA,2026-01-06T10:33:00.000Z,2026-01-07T03:36:00.000Z,320,false
V011369,SUAA,OOMS,2026-01-06T21:41:00.000Z,2026-01-07T14:44:00.000Z,300,false
V011370,OOMS,SUAA,2026-01-06T17:59:00.000Z,2026-01-07T11:02:00.000Z,360,false
V011371,SUAA,OYSN,2026-01-06T06:29:00.000Z,2026-01-06T21:22:00.000Z,340,false
V011372,OYSN,SUAA,2026-01-05T23:26:00.000Z,2026-01-06T14:19:00.000Z,360,false
V011373,SUAA,OYSN,2026-01-06T09:29:00.000Z,2026-01-07T00:22:00.000Z,360,false
V011374,OYSN,SUAA,2026-01-06T04:28:00.000Z,2026-01-06T19:21:00.000Z,360,false
V011375,SUAA,OYSN,2026-01-06T19:58:00.000Z,2026-01-07T10:51:00.000Z,360,false
V011376,OYSN,SUAA,2026-01-06T09:18:00.000Z,2026-01-07T00:11:00.000Z,300,false
V011377,SUAA,OYSN,2026-01-06T21:38:00.000Z,2026-01-07T12:31:00.000Z,320,false
V011378,OYSN,SUAA,2026-01-06T20:23:00.000Z,2026-01-07T11:16:00.000Z,340,false
V011379,SUAA,OPKC,2026-01-06T07:15:00.000Z,2026-01-07T01:24:00.000Z,300,false
V011380,OPKC,SUAA,2026-01-05T23:03:00.000Z,2026-01-06T17:12:00.000Z,360,false
V011381,SUAA,OPKC,2026-01-06T09:30:00.000Z,2026-01-07T03:39:00.000Z,360,false
V011382,OPKC,SUAA,2026-01-06T02:09:00.000Z,2026-01-06T20:18:00.000Z,320,false
V011383,SUAA,OPKC,2026-01-06T16:25:00.000Z,2026-01-07T10:34:00.000Z,340,false
V011384,OPKC,SUAA,2026-01-06T11:18:00.000Z,2026-01-07T05:27:00.000Z,340,false
V011385,SUAA,OPKC,2026-01-06T22:21:00.000Z,2026-01-07T16:30:00.000Z,300,false
V011386,OPKC,SUAA,2026-01-06T16:40:00.000Z,2026-01-07T10:49:00.000Z,360,false
V011387,SUAA,UBBB,2026-01-06T09:58:00.000Z,2026-01-07T03:04:00.000Z,320,false
V011388,UBBB,SUAA,2026-01-06T02:25:00.000Z,2026-01-06T19:31:00.000Z,300,false
V011389,SUAA,UBBB,2026-01-06T16:27:00.000Z,2026-01-07T09:33:00.000Z,340,false
V011390,UBBB,SUAA,2026-01-06T11:26:00.000Z,2026-01-07T04:32:00.000Z,300,false
V011391,SUAA,UBBB,2026-01-06T20:30:00.000Z,2026-01-07T13:36:00.000Z,320,false
V011392,UBBB,SUAA,2026-01-06T19:28:00.000Z,2026-01-07T12:34:00.000Z,360,false
V011393,SUAA,OJAI,2026-01-06T08:57:00.000Z,2026-01-06T23:59:00.000Z,320,false
V011394,OJAI,SUAA,2026-01-06T04:51:00.000Z,2026-01-06T19:53:00.000Z,320,false
V011395,SUAA,OJAI,2026-01-06T14:16:00.000Z,2026-01-07T05:18:00.000Z,300,false
V011396,OJAI,SUAA,2026-01-06T06:31:00.000Z,2026-01-06T21:33:00.000Z,340,false
V011397,SUAA,OJAI,2026-01-06T22:00:00.000Z,2026-01-07T13:02:00.000Z,340,false
V011398,OJAI,SUAA,2026-01-06T13:16:00.000Z,2026-01-07T04:18:00.000Z,360,false
V011399,LATI,EDDI,2026-01-06T00:41:00.000Z,2026-01-06T02:19:00.000Z,360,false
V011400,EDDI,LATI,2026-01-06T01:41:00.000Z,2026-01-06T03:19:00.000Z,320,false
V011401,LATI,EDDI,2026-01-06T07:59:00.000Z,2026-01-06T09:37:00.000Z,360,false
V011402,EDDI,LATI,2026-01-06T07:19:00.000Z,2026-01-06T08:57:00.000Z,320,false
V011403,LATI,EDDI,2026-01-06T12:21:00.000Z,2026-01-06T13:59:00.000Z,320,false
V011404,EDDI,LATI,2026-01-06T14:23:00.000Z,2026-01-06T16:01:00.000Z,360,false
V011405,LATI,EDDI,2026-01-06T20:55:00.000Z,2026-01-06T22:33:00.000Z,360,false
V011406,EDDI,LATI,2026-01-06T21:50:00.000Z,2026-01-06T23:28:00.000Z,320,false
V011407,LATI,LOWW,2026-01-05T22:44:00.000Z,2026-01-05T23:45:00.000Z,360,false
V011408,LOWW,LATI,2026-01-06T01:20:00.000Z,2026-01-06T02:21:00.000Z,300,false
V011409,LATI,LOWW,2026-01-06T06:43:00.000Z,2026-01-06T07:44:00.000Z,320,false
V011410,LOWW,LATI,2026-01-06T08:36:00.000Z,2026-01-06T09:37:00.000Z,340,false
V011411,LATI,LOWW,2026-01-06T14:18:00.000Z,2026-01-06T15:19:00.000Z,300,false
V011412,LOWW,LATI,2026-01-06T14:24:00.000Z,2026-01-06T15:25:00.000Z,360,false
V011413,LATI,LOWW,2026-01-06T17:57:00.000Z,2026-01-06T18:58:00.000Z,360,false
V011414,LOWW,LATI,2026-01-06T20:10:00.000Z,2026-01-06T21:11:00.000Z,300,false
V011415,LATI,EBCI,2026-01-06T00:32:00.000Z,2026-01-06T02:27:00.000Z,360,false
V011416,EBCI,LATI,2026-01-06T00:04:00.000Z,2026-01-06T01:59:00.000Z,300,false
V011417,LATI,EBCI,2026-01-06T06:31:00.000Z,2026-01-06T08:26:00.000Z,300,false
V011418,EBCI,LATI,2026-01-06T04:28:00.000Z,2026-01-06T06:23:00.000Z,340,false
V011419,LATI,EBCI,2026-01-06T12:26:00.000Z,2026-01-06T14:21:00.000Z,340,false
V011420,EBCI,LATI,2026-01-06T10:28:00.000Z,2026-01-06T12:23:00.000Z,320,false
V011421,LATI,EBCI,2026-01-06T18:07:00.000Z,2026-01-06T20:02:00.000Z,300,false
V011422,EBCI,LATI,2026-01-06T16:39:00.000Z,2026-01-06T18:34:00.000Z,360,false
V011423,LATI,UMMS,2026-01-06T02:17:00.000Z,2026-01-06T04:09:00.000Z,340,false
V011424,UMMS,LATI,2026-01-06T01:30:00.000Z,2026-01-06T03:22:00.000Z,320,false
V011425,LATI,UMMS,2026-01-06T05:08:00.000Z,2026-01-06T07:00:00.000Z,360,false
V011426,UMMS,LATI,2026-01-06T03:34:00.000Z,2026-01-06T05:26:00.000Z,320,false
V011427,LATI,UMMS,2026-01-06T14:43:00.000Z,2026-01-06T16:35:00.000Z,340,false
V011428,UMMS,LATI,2026-01-06T09:18:00.000Z,2026-01-06T11:10:00.000Z,320,false
V011429,LATI,UMMS,2026-01-06T19:15:00.000Z,2026-01-06T21:07:00.000Z,340,false
V011430,UMMS,LATI,2026-01-06T20:54:00.000Z,2026-01-06T22:46:00.000Z,360,false
V011431,LATI,LBSF,2026-01-06T00:20:00.000Z,2026-01-06T00:46:00.000Z,300,false
V011432,LBSF,LATI,2026-01-06T00:17:00.000Z,2026-01-06T00:43:00.000Z,300,false
V011433,LATI,LBSF,2026-01-06T06:24:00.000Z,2026-01-06T06:50:00.000Z,320,false
V011434,LBSF,LATI,2026-01-06T08:55:00.000Z,2026-01-06T09:21:00.000Z,320,false
V011435,LATI,LBSF,2026-01-06T13:28:00.000Z,2026-01-06T13:54:00.000Z,340,false
V011436,LBSF,LATI,2026-01-06T11:04:00.000Z,2026-01-06T11:30:00.000Z,360,false
V011437,LATI,LBSF,2026-01-06T19:10:00.000Z,2026-01-06T19:36:00.000Z,360,false
V011438,LBSF,LATI,2026-01-06T15:59:00.000Z,2026-01-06T16:25:00.000Z,360,false
V011439,LATI,LKPR,2026-01-05T23:05:00.000Z,2026-01-06T00:26:00.000Z,300,false
V011440,LKPR,LATI,2026-01-06T00:38:00.000Z,2026-01-06T01:59:00.000Z,300,false
V011441,LATI,LKPR,2026-01-06T04:46:00.000Z,2026-01-06T06:07:00.000Z,320,false
V011442,LKPR,LATI,2026-01-06T04:37:00.000Z,2026-01-06T05:58:00.000Z,360,false
V011443,LATI,LKPR,2026-01-06T11:29:00.000Z,2026-01-06T12:50:00.000Z,300,false
V011444,LKPR,LATI,2026-01-06T11:49:00.000Z,2026-01-06T13:10:00.000Z,360,false
V011445,LATI,LKPR,2026-01-06T19:54:00.000Z,2026-01-06T21:15:00.000Z,340,false
V011446,LKPR,LATI,2026-01-06T16:08:00.000Z,2026-01-06T17:29:00.000Z,320,false
V011447,LATI,LDZA,2026-01-06T02:18:00.000Z,2026-01-06T02:56:00.000Z,340,false
V011448,LDZA,LATI,2026-01-06T02:56:00.000Z,2026-01-06T03:34:00.000Z,340,false
V011449,LATI,LDZA,2026-01-06T05:39:00.000Z,2026-01-06T06:17:00.000Z,360,false
V011450,LDZA,LATI,2026-01-06T05:13:00.000Z,2026-01-06T05:51:00.000Z,320,false
V011451,LATI,LDZA,2026-01-06T13:33:00.000Z,2026-01-06T14:11:00.000Z,360,false
V011452,LDZA,LATI,2026-01-06T11:52:00.000Z,2026-01-06T12:30:00.000Z,340,false
V011453,LATI,LDZA,2026-01-06T20:00:00.000Z,2026-01-06T20:38:00.000Z,320,false
V011454,LDZA,LATI,2026-01-06T20:41:00.000Z,2026-01-06T21:19:00.000Z,360,false
V011455,LATI,EKCH,2026-01-06T03:26:00.000Z,2026-01-06T05:29:00.000Z,340,false
V011456,EKCH,LATI,2026-01-05T23:02:00.000Z,2026-01-06T01:05:00.000Z,340,false
V011457,LATI,EKCH,2026-01-06T09:10:00.000Z,2026-01-06T11:13:00.000Z,360,false
V011458,EKCH,LATI,2026-01-06T13:55:00.000Z,2026-01-06T15:58:00.000Z,360,false
V011459,LATI,EKCH,2026-01-06T17:12:00.000Z,2026-01-06T19:15:00.000Z,300,false
V011460,EKCH,LATI,2026-01-06T21:17:00.000Z,2026-01-06T23:20:00.000Z,320,false
V011461,LATI,EHAM,2026-01-06T01:32:00.000Z,2026-01-06T03:38:00.000Z,340,false
V011462,EHAM,LATI,2026-01-05T22:28:00.000Z,2026-01-06T00:34:00.000Z,320,false
V011463,LATI,EHAM,2026-01-06T08:59:00.000Z,2026-01-06T11:05:00.000Z,340,false
V011464,EHAM,LATI,2026-01-06T09:11:00.000Z,2026-01-06T11:17:00.000Z,320,false
V011465,LATI,EHAM,2026-01-06T10:43:00.000Z,2026-01-06T12:49:00.000Z,300,false
V011466,EHAM,LATI,2026-01-06T12:24:00.000Z,2026-01-06T14:30:00.000Z,320,false
V011467,LATI,EHAM,2026-01-06T19:42:00.000Z,2026-01-06T21:48:00.000Z,320,false
V011468,EHAM,LATI,2026-01-06T16:02:00.000Z,2026-01-06T18:08:00.000Z,320,false
V011469,LATI,VIDP,2026-01-06T01:50:00.000Z,2026-01-06T08:38:00.000Z,360,false
V011470,VIDP,LATI,2026-01-05T21:43:00.000Z,2026-01-06T04:31:00.000Z,320,false
V011471,LATI,VIDP,2026-01-06T07:38:00.000Z,2026-01-06T14:26:00.000Z,320,false
V011472,VIDP,LATI,2026-01-06T04:47:00.000Z,2026-01-06T11:35:00.000Z,340,false
V011473,LATI,VIDP,2026-01-06T14:29:00.000Z,2026-01-06T21:17:00.000Z,360,false
V011474,VIDP,LATI,2026-01-06T07:35:00.000Z,2026-01-06T14:23:00.000Z,360,false
V011475,LATI,VIDP,2026-01-06T16:02:00.000Z,2026-01-06T22:50:00.000Z,360,false
V011476,VIDP,LATI,2026-01-06T13:31:00.000Z,2026-01-06T20:19:00.000Z,320,false
V011477,LATI,OSDI,2026-01-06T00:02:00.000Z,2026-01-06T02:13:00.000Z,360,false
V011478,OSDI,LATI,2026-01-05T21:50:00.000Z,2026-01-06T00:01:00.000Z,300,false
V011479,LATI,OSDI,2026-01-06T08:02:00.000Z,2026-01-06T10:13:00.000Z,360,false
V011480,OSDI,LATI,2026-01-06T10:48:00.000Z,2026-01-06T12:59:00.000Z,300,false
V011481,LATI,OSDI,2026-01-06T15:23:00.000Z,2026-01-06T17:34:00.000Z,360,false
V011482,OSDI,LATI,2026-01-06T19:19:00.000Z,2026-01-06T21:30:00.000Z,360,false
V011483,LATI,OAKB,2026-01-06T02:52:00.000Z,2026-01-06T08:25:00.000Z,360,false
V011484,OAKB,LATI,2026-01-06T06:01:00.000Z,2026-01-06T11:34:00.000Z,300,false
V011485,LATI,OAKB,2026-01-06T19:49:00.000Z,2026-01-07T01:22:00.000Z,320,false
V011486,OAKB,LATI,2026-01-06T15:22:00.000Z,2026-01-06T20:55:00.000Z,340,false
V011487,LATI,OOMS,2026-01-06T05:40:00.000Z,2026-01-06T10:52:00.000Z,320,false
V011488,OOMS,LATI,2026-01-05T22:12:00.000Z,2026-01-06T03:24:00.000Z,340,false
V011489,LATI,OOMS,2026-01-06T09:01:00.000Z,2026-01-06T14:13:00.000Z,340,false
V011490,OOMS,LATI,2026-01-06T04:41:00.000Z,2026-01-06T09:53:00.000Z,300,false
V011491,LATI,OOMS,2026-01-06T14:21:00.000Z,2026-01-06T19:33:00.000Z,320,false
V011492,OOMS,LATI,2026-01-06T14:33:00.000Z,2026-01-06T19:45:00.000Z,320,false
V011493,LATI,OYSN,2026-01-06T00:28:00.000Z,2026-01-06T05:12:00.000Z,300,false
V011494,OYSN,LATI,2026-01-05T23:21:00.000Z,2026-01-06T04:05:00.000Z,300,false
V011495,LATI,OYSN,2026-01-06T08:39:00.000Z,2026-01-06T13:23:00.000Z,300,false
V011496,OYSN,LATI,2026-01-06T07:09:00.000Z,2026-01-06T11:53:00.000Z,360,false
V011497,LATI,OYSN,2026-01-06T21:24:00.000Z,2026-01-07T02:08:00.000Z,320,false
V011498,OYSN,LATI,2026-01-06T19:22:00.000Z,2026-01-07T00:06:00.000Z,360,false
V011499,LATI,OPKC,2026-01-06T00:23:00.000Z,2026-01-06T06:26:00.000Z,300,false
V011500,OPKC,LATI,2026-01-05T19:58:00.000Z,2026-01-06T02:01:00.000Z,360,false
V011501,LATI,OPKC,2026-01-06T06:14:00.000Z,2026-01-06T12:17:00.000Z,320,false
V011502,OPKC,LATI,2026-01-06T01:04:00.000Z,2026-01-06T07:07:00.000Z,300,false
V011503,LATI,OPKC,2026-01-06T11:41:00.000Z,2026-01-06T17:44:00.000Z,320,false
V011504,OPKC,LATI,2026-01-06T12:30:00.000Z,2026-01-06T18:33:00.000Z,360,false
V011505,LATI,OPKC,2026-01-06T19:42:00.000Z,2026-01-07T01:45:00.000Z,320,false
V011506,OPKC,LATI,2026-01-06T18:47:00.000Z,2026-01-07T00:50:00.000Z,340,false
V011507,LATI,UBBB,2026-01-06T02:14:00.000Z,2026-01-06T05:31:00.000Z,360,false
V011508,UBBB,LATI,2026-01-06T00:49:00.000Z,2026-01-06T04:06:00.000Z,300,false
V011509,LATI,UBBB,2026-01-06T07:31:00.000Z,2026-01-06T10:48:00.000Z,340,false
V011510,UBBB,LATI,2026-01-06T06:44:00.000Z,2026-01-06T10:01:00.000Z,300,false
V011511,LATI,UBBB,2026-01-06T12:01:00.000Z,2026-01-06T15:18:00.000Z,360,false
V011512,UBBB,LATI,2026-01-06T13:29:00.000Z,2026-01-06T16:46:00.000Z,360,false
V011513,LATI,UBBB,2026-01-06T20:45:00.000Z,2026-01-07T00:02:00.000Z,300,false
V011514,UBBB,LATI,2026-01-06T16:00:00.000Z,2026-01-06T19:17:00.000Z,360,false
V011515,LATI,OJAI,2026-01-05T23:31:00.000Z,2026-01-06T01:47:00.000Z,300,false
V011516,OJAI,LATI,2026-01-06T13:22:00.000Z,2026-01-06T15:38:00.000Z,360,false
V011517,EDDI,LOWW,2026-01-06T03:45:00.000Z,2026-01-06T04:22:00.000Z,320,false
V011518,LOWW,EDDI,2026-01-06T03:09:00.000Z,2026-01-06T03:46:00.000Z,360,false
V011519,EDDI,LOWW,2026-01-06T06:07:00.000Z,2026-01-06T06:44:00.000Z,360,false
V011520,LOWW,EDDI,2026-01-06T09:41:00.000Z,2026-01-06T10:18:00.000Z,320,false
V011521,EDDI,LOWW,2026-01-06T12:44:00.000Z,2026-01-06T13:21:00.000Z,340,false
V011522,LOWW,EDDI,2026-01-06T11:04:00.000Z,2026-01-06T11:41:00.000Z,340,false
V011523,EDDI,LOWW,2026-01-06T17:17:00.000Z,2026-01-06T17:54:00.000Z,360,false
V011524,LOWW,EDDI,2026-01-06T16:51:00.000Z,2026-01-06T17:28:00.000Z,320,false
V011525,EDDI,EBCI,2026-01-06T01:55:00.000Z,2026-01-06T02:45:00.000Z,300,false
V011526,EBCI,EDDI,2026-01-06T02:41:00.000Z,2026-01-06T03:31:00.000Z,360,false
V011527,EDDI,EBCI,2026-01-06T06:59:00.000Z,2026-01-06T07:49:00.000Z,300,false
V011528,EBCI,EDDI,2026-01-06T08:37:00.000Z,2026-01-06T09:27:00.000Z,300,false
V011529,EDDI,EBCI,2026-01-06T18:28:00.000Z,2026-01-06T19:18:00.000Z,320,false
V011530,EBCI,EDDI,2026-01-06T19:21:00.000Z,2026-01-06T20:11:00.000Z,360,false
V011531,EDDI,UMMS,2026-01-06T00:27:00.000Z,2026-01-06T01:43:00.000Z,300,false
V011532,UMMS,EDDI,2026-01-05T23:14:00.000Z,2026-01-06T00:30:00.000Z,340,false
V011533,EDDI,UMMS,2026-01-06T08:41:00.000Z,2026-01-06T09:57:00.000Z,340,false
V011534,UMMS,EDDI,2026-01-06T05:08:00.000Z,2026-01-06T06:24:00.000Z,300,false
V011535,EDDI,UMMS,2026-01-06T14:00:00.000Z,2026-01-06T15:16:00.000Z,320,false
V011536,UMMS,EDDI,2026-01-06T18:57:00.000Z,2026-01-06T20:13:00.000Z,320,false
V011537,EDDI,LBSF,2026-01-06T02:01:00.000Z,2026-01-06T03:42:00.000Z,360,false
V011538,LBSF,EDDI,2026-01-05T21:20:00.000Z,2026-01-05T23:01:00.000Z,300,false
V011539,EDDI,LBSF,2026-01-06T10:22:00.000Z,2026-01-06T12:03:00.000Z,300,false
V011540,LBSF,EDDI,2026-01-06T05:06:00.000Z,2026-01-06T06:47:00.000Z,320,false
V011541,EDDI,LBSF,2026-01-06T20:39:00.000Z,2026-01-06T22:20:00.000Z,360,false
V011542,LBSF,EDDI,2026-01-06T20:47:00.000Z,2026-01-06T22:28:00.000Z,320,false
V011543,EDDI,LKPR,2026-01-06T02:21:00.000Z,2026-01-06T02:38:00.000Z,360,false
V011544,LKPR,EDDI,2026-01-05T23:00:00.000Z,2026-01-05T23:17:00.000Z,300,false
V011545,EDDI,LKPR,2026-01-06T06:12:00.000Z,2026-01-06T06:29:00.000Z,320,false
V011546,LKPR,EDDI,2026-01-06T07:24:00.000Z,2026-01-06T07:41:00.000Z,320,false
V011547,EDDI,LKPR,2026-01-06T15:32:00.000Z,2026-01-06T15:49:00.000Z,340,false
V011548,LKPR,EDDI,2026-01-06T14:27:00.000Z,2026-01-06T14:44:00.000Z,340,false
V011549,EDDI,LKPR,2026-01-06T20:46:00.000Z,2026-01-06T21:03:00.000Z,300,false
V011550,LKPR,EDDI,2026-01-06T20:59:00.000Z,2026-01-06T21:16:00.000Z,360,false
V011551,EDDI,LDZA,2026-01-06T03:03:00.000Z,2026-01-06T04:04:00.000Z,360,false
V011552,LDZA,EDDI,2026-01-06T00:00:00.000Z,2026-01-06T01:01:00.000Z,340,false
V011553,EDDI,LDZA,2026-01-06T09:42:00.000Z,2026-01-06T10:43:00.000Z,360,false
V011554,LDZA,EDDI,2026-01-06T09:27:00.000Z,2026-01-06T10:28:00.000Z,320,false
V011555,EDDI,LDZA,2026-01-06T13:39:00.000Z,2026-01-06T14:40:00.000Z,320,false
V011556,LDZA,EDDI,2026-01-06T13:18:00.000Z,2026-01-06T14:19:00.000Z,340,false
V011557,EDDI,LDZA,2026-01-06T21:58:00.000Z,2026-01-06T22:59:00.000Z,300,false
V011558,LDZA,EDDI,2026-01-06T20:38:00.000Z,2026-01-06T21:39:00.000Z,320,false
V011559,EDDI,EKCH,2026-01-06T01:02:00.000Z,2026-01-06T01:27:00.000Z,300,false
V011560,EKCH,EDDI,2026-01-06T02:07:00.000Z,2026-01-06T02:32:00.000Z,340,false
V011561,EDDI,EKCH,2026-01-06T09:14:00.000Z,2026-01-06T09:39:00.000Z,300,false
V011562,EKCH,EDDI,2026-01-06T07:19:00.000Z,2026-01-06T07:44:00.000Z,340,false
V011563,EDDI,EKCH,2026-01-06T15:11:00.000Z,2026-01-06T15:36:00.000Z,320,false
V011564,EKCH,EDDI,2026-01-06T11:05:00.000Z,2026-01-06T11:30:00.000Z,360,false
V011565,EDDI,EKCH,2026-01-06T18:18:00.000Z,2026-01-06T18:43:00.000Z,340,false
V011566,EKCH,EDDI,2026-01-06T17:02:00.000Z,2026-01-06T17:27:00.000Z,300,false
V011567,EDDI,EHAM,2026-01-06T02:35:00.000Z,2026-01-06T03:21:00.000Z,340,false
V011568,EHAM,EDDI,2026-01-06T01:43:00.000Z,2026-01-06T02:29:00.000Z,300,false
V011569,EDDI,EHAM,2026-01-06T09:50:00.000Z,2026-01-06T10:36:00.000Z,300,false
V011570,EHAM,EDDI,2026-01-06T07:52:00.000Z,2026-01-06T08:38:00.000Z,340,false
V011571,EDDI,EHAM,2026-01-06T21:19:00.000Z,2026-01-06T22:05:00.000Z,360,false
V011572,EHAM,EDDI,2026-01-06T14:49:00.000Z,2026-01-06T15:35:00.000Z,360,false
V011573,EDDI,VIDP,2026-01-06T01:37:00.000Z,2026-01-06T08:58:00.000Z,360,false
V011574,VIDP,EDDI,2026-01-06T00:20:00.000Z,2026-01-06T07:41:00.000Z,340,false
V011575,EDDI,VIDP,2026-01-06T06:17:00.000Z,2026-01-06T13:38:00.000Z,300,false
V011576,VIDP,EDDI,2026-01-06T05:01:00.000Z,2026-01-06T12:22:00.000Z,300,false
V011577,EDDI,VIDP,2026-01-06T12:57:00.000Z,2026-01-06T20:18:00.000Z,300,false
V011578,VIDP,EDDI,2026-01-06T12:51:00.000Z,2026-01-06T20:12:00.000Z,320,false
V011579,EDDI,VIDP,2026-01-06T18:25:00.000Z,2026-01-07T01:46:00.000Z,340,false
V011580,VIDP,EDDI,2026-01-06T13:34:00.000Z,2026-01-06T20:55:00.000Z,340,false
V011581,EDDI,OSDI,2026-01-05T22:05:00.000Z,2026-01-06T01:36:00.000Z,300,false
V011582,OSDI,EDDI,2026-01-06T02:17:00.000Z,2026-01-06T05:48:00.000Z,320,false
V011583,EDDI,OSDI,2026-01-06T13:07:00.000Z,2026-01-06T16:38:00.000Z,360,false
V011584,OSDI,EDDI,2026-01-06T09:33:00.000Z,2026-01-06T13:04:00.000Z,340,false
V011585,EDDI,OSDI,2026-01-06T21:29:00.000Z,2026-01-07T01:00:00.000Z,340,false
V011586,OSDI,EDDI,2026-01-06T13:35:00.000Z,2026-01-06T17:06:00.000Z,300,false
V011587,EDDI,OAKB,2026-01-06T21:14:00.000Z,2026-01-07T03:18:00.000Z,320,false
V011588,OAKB,EDDI,2026-01-06T15:07:00.000Z,2026-01-06T21:11:00.000Z,360,false
V011589,EDDI,OOMS,2026-01-05T23:05:00.000Z,2026-01-06T05:21:00.000Z,300,false
V011590,OOMS,EDDI,2026-01-05T23:52:00.000Z,2026-01-06T06:08:00.000Z,300,false
V011591,EDDI,OOMS,2026-01-06T09:43:00.000Z,2026-01-06T15:59:00.000Z,340,false
V011592,OOMS,EDDI,2026-01-06T03:59:00.000Z,2026-01-06T10:15:00.000Z,360,false
V011593,EDDI,OOMS,2026-01-06T10:14:00.000Z,2026-01-06T16:30:00.000Z,320,false
V011594,OOMS,EDDI,2026-01-06T11:33:00.000Z,2026-01-06T17:49:00.000Z,340,false
V011595,EDDI,OOMS,2026-01-06T16:51:00.000Z,2026-01-06T23:07:00.000Z,360,false
V011596,OOMS,EDDI,2026-01-06T17:46:00.000Z,2026-01-07T00:02:00.000Z,360,false
V011597,EDDI,OYSN,2026-01-06T02:36:00.000Z,2026-01-06T08:49:00.000Z,320,false
V011598,OYSN,EDDI,2026-01-05T21:27:00.000Z,2026-01-06T03:40:00.000Z,360,false
V011599,EDDI,OYSN,2026-01-06T07:42:00.000Z,2026-01-06T13:55:00.000Z,320,false
V011600,OYSN,EDDI,2026-01-06T06:27:00.000Z,2026-01-06T12:40:00.000Z,300,false
V011601,EDDI,OYSN,2026-01-06T10:06:00.000Z,2026-01-06T16:19:00.000Z,340,false
V011602,OYSN,EDDI,2026-01-06T12:57:00.000Z,2026-01-06T19:10:00.000Z,300,false
V011603,EDDI,OYSN,2026-01-06T16:05:00.000Z,2026-01-06T22:18:00.000Z,320,false
V011604,OYSN,EDDI,2026-01-06T19:24:00.000Z,2026-01-07T01:37:00.000Z,360,false
V011605,EDDI,OPKC,2026-01-05T22:23:00.000Z,2026-01-06T05:17:00.000Z,340,false
V011606,OPKC,EDDI,2026-01-05T21:09:00.000Z,2026-01-06T04:03:00.000Z,320,false
V011607,EDDI,OPKC,2026-01-06T11:59:00.000Z,2026-01-06T18:53:00.000Z,340,false
V011608,OPKC,EDDI,2026-01-06T06:59:00.000Z,2026-01-06T13:53:00.000Z,300,false
V011609,EDDI,OPKC,2026-01-06T21:30:00.000Z,2026-01-07T04:24:00.000Z,320,false
V011610,OPKC,EDDI,2026-01-06T15:25:00.000Z,2026-01-06T22:19:00.000Z,360,false
V011611,EDDI,UBBB,2026-01-05T22:44:00.000Z,2026-01-06T02:38:00.000Z,360,false
V011612,UBBB,EDDI,2026-01-06T03:25:00.000Z,2026-01-06T07:19:00.000Z,340,false
V011613,EDDI,UBBB,2026-01-06T04:08:00.000Z,2026-01-06T08:02:00.000Z,320,false
V011614,UBBB,EDDI,2026-01-06T08:28:00.000Z,2026-01-06T12:22:00.000Z,340,false
V011615,EDDI,UBBB,2026-01-06T12:51:00.000Z,2026-01-06T16:45:00.000Z,360,false
V011616,UBBB,EDDI,2026-01-06T12:37:00.000Z,2026-01-06T16:31:00.000Z,320,false
V011617,EDDI,UBBB,2026-01-06T21:54:00.000Z,2026-01-07T01:48:00.000Z,340,false
V011618,UBBB,EDDI,2026-01-06T17:30:00.000Z,2026-01-06T21:24:00.000Z,300,false
V011619,EDDI,OJAI,2026-01-05T23:01:00.000Z,2026-01-06T02:43:00.000Z,340,false
V011620,OJAI,EDDI,2026-01-05T22:38:00.000Z,2026-01-06T02:20:00.000Z,340,false
V011621,EDDI,OJAI,2026-01-06T13:21:00.000Z,2026-01-06T17:03:00.000Z,340,false
V011622,OJAI,EDDI,2026-01-06T11:58:00.000Z,2026-01-06T15:40:00.000Z,360,false
V011623,EDDI,OJAI,2026-01-06T15:02:00.000Z,2026-01-06T18:44:00.000Z,340,false
V011624,OJAI,EDDI,2026-01-06T19:20:00.000Z,2026-01-06T23:02:00.000Z,320,false
V011625,LOWW,EBCI,2026-01-06T02:39:00.000Z,2026-01-06T03:47:00.000Z,320,false
V011626,EBCI,LOWW,2026-01-05T23:56:00.000Z,2026-01-06T01:04:00.000Z,360,false
V011627,LOWW,EBCI,2026-01-06T06:38:00.000Z,2026-01-06T07:46:00.000Z,300,false
V011628,EBCI,LOWW,2026-01-06T05:10:00.000Z,2026-01-06T06:18:00.000Z,320,false
V011629,LOWW,EBCI,2026-01-06T12:04:00.000Z,2026-01-06T13:12:00.000Z,360,false
V011630,EBCI,LOWW,2026-01-06T10:22:00.000Z,2026-01-06T11:30:00.000Z,320,false
V011631,LOWW,EBCI,2026-01-06T20:41:00.000Z,2026-01-06T21:49:00.000Z,300,false
V011632,EBCI,LOWW,2026-01-06T21:46:00.000Z,2026-01-06T22:54:00.000Z,320,false
V011633,LOWW,UMMS,2026-01-05T23:34:00.000Z,2026-01-06T00:50:00.000Z,300,false
V011634,UMMS,LOWW,2026-01-05T22:37:00.000Z,2026-01-05T23:53:00.000Z,320,false
V011635,LOWW,UMMS,2026-01-06T04:25:00.000Z,2026-01-06T05:41:00.000Z,300,false
V011636,UMMS,LOWW,2026-01-06T03:02:00.000Z,2026-01-06T04:18:00.000Z,340,false
V011637,LOWW,UMMS,2026-01-06T14:28:00.000Z,2026-01-06T15:44:00.000Z,340,false
V011638,UMMS,LOWW,2026-01-06T12:18:00.000Z,2026-01-06T13:34:00.000Z,320,false
V011639,LOWW,UMMS,2026-01-06T18:52:00.000Z,2026-01-06T20:08:00.000Z,360,false
V011640,UMMS,LOWW,2026-01-06T17:03:00.000Z,2026-01-06T18:19:00.000Z,320,false
V011641,LOWW,LBSF,2026-01-06T01:45:00.000Z,2026-01-06T02:50:00.000Z,320,false
V011642,LBSF,LOWW,2026-01-06T01:54:00.000Z,2026-01-06T02:59:00.000Z,360,false
V011643,LOWW,LBSF,2026-01-06T07:22:00.000Z,2026-01-06T08:27:00.000Z,340,false
V011644,LBSF,LOWW,2026-01-06T07:59:00.000Z,2026-01-06T09:04:00.000Z,320,false
V011645,LOWW,LBSF,2026-01-06T15:16:00.000Z,2026-01-06T16:21:00.000Z,360,false
V011646,LBSF,LOWW,2026-01-06T09:08:00.000Z,2026-01-06T10:13:00.000Z,320,false
V011647,LOWW,LBSF,2026-01-06T20:49:00.000Z,2026-01-06T21:54:00.000Z,340,false
V011648,LBSF,LOWW,2026-01-06T20:34:00.000Z,2026-01-06T21:39:00.000Z,340,false
V011649,LOWW,LKPR,2026-01-06T04:57:00.000Z,2026-01-06T05:17:00.000Z,300,false
V011650,LKPR,LOWW,2026-01-06T04:11:00.000Z,2026-01-06T04:31:00.000Z,360,false
V011651,LOWW,LKPR,2026-01-06T11:25:00.000Z,2026-01-06T11:45:00.000Z,340,false
V011652,LKPR,LOWW,2026-01-06T11:27:00.000Z,2026-01-06T11:47:00.000Z,360,false
V011653,LOWW,LKPR,2026-01-06T15:35:00.000Z,2026-01-06T15:55:00.000Z,340,false
V011654,LKPR,LOWW,2026-01-06T16:52:00.000Z,2026-01-06T17:12:00.000Z,340,false
V011655,LOWW,LDZA,2026-01-05T23:05:00.000Z,2026-01-05T23:30:00.000Z,320,false
V011656,LDZA,LOWW,2026-01-06T01:23:00.000Z,2026-01-06T01:48:00.000Z,340,false
V011657,LOWW,LDZA,2026-01-06T13:17:00.000Z,2026-01-06T13:42:00.000Z,300,false
V011658,LDZA,LOWW,2026-01-06T13:59:00.000Z,2026-01-06T14:24:00.000Z,340,false
V011659,LOWW,LDZA,2026-01-06T18:31:00.000Z,2026-01-06T18:56:00.000Z,340,false
V011660,LDZA,LOWW,2026-01-06T16:29:00.000Z,2026-01-06T16:54:00.000Z,300,false
V011661,LOWW,EKCH,2026-01-06T09:12:00.000Z,2026-01-06T10:14:00.000Z,300,false
V011662,EKCH,LOWW,2026-01-06T00:01:00.000Z,2026-01-06T01:03:00.000Z,300,false
V011663,LOWW,EKCH,2026-01-06T16:49:00.000Z,2026-01-06T17:51:00.000Z,300,false
V011664,EKCH,LOWW,2026-01-06T11:26:00.000Z,2026-01-06T12:28:00.000Z,340,false
V011665,LOWW,EHAM,2026-01-05T22:55:00.000Z,2026-01-06T00:07:00.000Z,360,false
V011666,EHAM,LOWW,2026-01-06T00:05:00.000Z,2026-01-06T01:17:00.000Z,320,false
V011667,LOWW,EHAM,2026-01-06T08:40:00.000Z,2026-01-06T09:52:00.000Z,300,false
V011668,EHAM,LOWW,2026-01-06T08:41:00.000Z,2026-01-06T09:53:00.000Z,360,false
V011669,LOWW,EHAM,2026-01-06T13:07:00.000Z,2026-01-06T14:19:00.000Z,320,false
V011670,EHAM,LOWW,2026-01-06T13:50:00.000Z,2026-01-06T15:02:00.000Z,320,false
V011671,LOWW,EHAM,2026-01-06T17:43:00.000Z,2026-01-06T18:55:00.000Z,360,false
V011672,EHAM,LOWW,2026-01-06T16:40:00.000Z,2026-01-06T17:52:00.000Z,340,false
V011673,LOWW,VIDP,2026-01-06T01:26:00.000Z,2026-01-06T08:30:00.000Z,300,false
V011674,VIDP,LOWW,2026-01-05T20:39:00.000Z,2026-01-06T03:43:00.000Z,340,false
V011675,LOWW,VIDP,2026-01-06T07:18:00.000Z,2026-01-06T14:22:00.000Z,320,false
V011676,VIDP,LOWW,2026-01-06T05:04:00.000Z,2026-01-06T12:08:00.000Z,360,false
V011677,LOWW,VIDP,2026-01-06T12:03:00.000Z,2026-01-06T19:07:00.000Z,340,false
V011678,VIDP,LOWW,2026-01-06T12:42:00.000Z,2026-01-06T19:46:00.000Z,360,false
V011679,LOWW,VIDP,2026-01-06T16:28:00.000Z,2026-01-06T23:32:00.000Z,360,false
V011680,VIDP,LOWW,2026-01-06T13:39:00.000Z,2026-01-06T20:43:00.000Z,320,false
V011681,LOWW,OSDI,2026-01-05T23:05:00.000Z,2026-01-06T02:03:00.000Z,300,false
V011682,OSDI,LOWW,2026-01-06T02:43:00.000Z,2026-01-06T05:41:00.000Z,300,false
V011683,LOWW,OSDI,2026-01-06T09:49:00.000Z,2026-01-06T12:47:00.000Z,360,false
V011684,OSDI,LOWW,2026-01-06T04:09:00.000Z,2026-01-06T07:07:00.000Z,360,false
V011685,LOWW,OSDI,2026-01-06T15:50:00.000Z,2026-01-06T18:48:00.000Z,340,false
V011686,OSDI,LOWW,2026-01-06T12:09:00.000Z,2026-01-06T15:07:00.000Z,300,false
V011687,LOWW,OSDI,2026-01-06T16:52:00.000Z,2026-01-06T19:50:00.000Z,320,false
V011688,OSDI,LOWW,2026-01-06T20:33:00.000Z,2026-01-06T23:31:00.000Z,300,false
V011689,LOWW,OAKB,2026-01-06T04:54:00.000Z,2026-01-06T10:42:00.000Z,360,false
V011690,OAKB,LOWW,2026-01-06T13:20:00.000Z,2026-01-06T19:08:00.000Z,340,false
V011691,LOWW,OOMS,2026-01-05T23:43:00.000Z,2026-01-06T05:32:00.000Z,320,false
V011692,OOMS,LOWW,2026-01-05T20:43:00.000Z,2026-01-06T02:32:00.000Z,340,false
V011693,LOWW,OOMS,2026-01-06T10:57:00.000Z,2026-01-06T16:46:00.000Z,340,false
V011694,OOMS,LOWW,2026-01-06T10:39:00.000Z,2026-01-06T16:28:00.000Z,300,false
V011695,LOWW,OYSN,2026-01-06T02:17:00.000Z,2026-01-06T07:55:00.000Z,300,false
V011696,OYSN,LOWW,2026-01-06T00:19:00.000Z,2026-01-06T05:57:00.000Z,340,false
V011697,LOWW,OYSN,2026-01-06T13:46:00.000Z,2026-01-06T19:24:00.000Z,300,false
V011698,OYSN,LOWW,2026-01-06T10:35:00.000Z,2026-01-06T16:13:00.000Z,300,false
V011699,LOWW,OYSN,2026-01-06T19:47:00.000Z,2026-01-07T01:25:00.000Z,360,false
V011700,OYSN,LOWW,2026-01-06T15:24:00.000Z,2026-01-06T21:02:00.000Z,320,false
V011701,LOWW,OPKC,2026-01-06T03:02:00.000Z,2026-01-06T09:33:00.000Z,340,false
V011702,OPKC,LOWW,2026-01-06T00:23:00.000Z,2026-01-06T06:54:00.000Z,340,false
V011703,LOWW,OPKC,2026-01-06T04:36:00.000Z,2026-01-06T11:07:00.000Z,300,false
V011704,OPKC,LOWW,2026-01-06T01:49:00.000Z,2026-01-06T08:20:00.000Z,360,false
V011705,LOWW,OPKC,2026-01-06T11:16:00.000Z,2026-01-06T17:47:00.000Z,320,false
V011706,OPKC,LOWW,2026-01-06T08:54:00.000Z,2026-01-06T15:25:00.000Z,340,false
V011707,LOWW,OPKC,2026-01-06T19:22:00.000Z,2026-01-07T01:53:00.000Z,320,false
V011708,OPKC,LOWW,2026-01-06T18:29:00.000Z,2026-01-07T01:00:00.000Z,320,false
V011709,LOWW,UBBB,2026-01-06T00:13:00.000Z,2026-01-06T03:47:00.000Z,360,false
V011710,UBBB,LOWW,2026-01-06T03:17:00.000Z,2026-01-06T06:51:00.000Z,320,false
V011711,LOWW,UBBB,2026-01-06T05:02:00.000Z,2026-01-06T08:36:00.000Z,340,false
V011712,UBBB,LOWW,2026-01-06T07:20:00.000Z,2026-01-06T10:54:00.000Z,320,false
V011713,LOWW,UBBB,2026-01-06T13:09:00.000Z,2026-01-06T16:43:00.000Z,340,false
V011714,UBBB,LOWW,2026-01-06T12:24:00.000Z,2026-01-06T15:58:00.000Z,340,false
V011715,LOWW,UBBB,2026-01-06T21:15:00.000Z,2026-01-07T00:49:00.000Z,300,false
V011716,UBBB,LOWW,2026-01-06T19:26:00.000Z,2026-01-06T23:00:00.000Z,300,false
V011717,LOWW,OJAI,2026-01-06T03:12:00.000Z,2026-01-06T06:19:00.000Z,320,false
V011718,OJAI,LOWW,2026-01-05T23:46:00.000Z,2026-01-06T02:53:00.000Z,360,false
V011719,LOWW,OJAI,2026-01-06T06:13:00.000Z,2026-01-06T09:20:00.000Z,340,false
V011720,OJAI,LOWW,2026-01-06T07:16:00.000Z,2026-01-06T10:23:00.000Z,300,false
V011721,LOWW,OJAI,2026-01-06T11:48:00.000Z,2026-01-06T14:55:00.000Z,300,false
V011722,OJAI,LOWW,2026-01-06T11:37:00.000Z,2026-01-06T14:44:00.000Z,300,false
V011723,LOWW,OJAI,2026-01-06T20:26:00.000Z,2026-01-06T23:33:00.000Z,300,false
V011724,OJAI,LOWW,2026-01-06T17:13:00.000Z,2026-01-06T20:20:00.000Z,340,false
V011725,EBCI,UMMS,2026-01-06T03:51:00.000Z,2026-01-06T05:58:00.000Z,300,false
V011726,UMMS,EBCI,2026-01-05T21:29:00.000Z,2026-01-05T23:36:00.000Z,360,false
V011727,EBCI,UMMS,2026-01-06T04:51:00.000Z,2026-01-06T06:58:00.000Z,320,false
V011728,UMMS,EBCI,2026-01-06T08:51:00.000Z,2026-01-06T10:58:00.000Z,300,false
V011729,EBCI,UMMS,2026-01-06T13:14:00.000Z,2026-01-06T15:21:00.000Z,340,false
V011730,UMMS,EBCI,2026-01-06T10:10:00.000Z,2026-01-06T12:17:00.000Z,360,false
V011731,EBCI,UMMS,2026-01-06T21:13:00.000Z,2026-01-06T23:20:00.000Z,340,false
V011732,UMMS,EBCI,2026-01-06T15:27:00.000Z,2026-01-06T17:34:00.000Z,320,false
V011733,EBCI,LBSF,2026-01-06T01:36:00.000Z,2026-01-06T03:45:00.000Z,340,false
V011734,LBSF,EBCI,2026-01-06T00:49:00.000Z,2026-01-06T02:58:00.000Z,300,false
V011735,EBCI,LBSF,2026-01-06T09:48:00.000Z,2026-01-06T11:57:00.000Z,320,false
V011736,LBSF,EBCI,2026-01-06T06:05:00.000Z,2026-01-06T08:14:00.000Z,360,false
V011737,EBCI,LBSF,2026-01-06T10:40:00.000Z,2026-01-06T12:49:00.000Z,340,false
V011738,LBSF,EBCI,2026-01-06T14:01:00.000Z,2026-01-06T16:10:00.000Z,340,false
V011739,EBCI,LBSF,2026-01-06T17:24:00.000Z,2026-01-06T19:33:00.000Z,340,false
V011740,LBSF,EBCI,2026-01-06T20:00:00.000Z,2026-01-06T22:09:00.000Z,300,false
V011741,EBCI,LKPR,2026-01-06T03:23:00.000Z,2026-01-06T04:16:00.000Z,300,false
V011742,LKPR,EBCI,2026-01-06T01:31:00.000Z,2026-01-06T02:24:00.000Z,300,false
V011743,EBCI,LKPR,2026-01-06T07:10:00.000Z,2026-01-06T08:03:00.000Z,300,false
V011744,LKPR,EBCI,2026-01-06T05:49:00.000Z,2026-01-06T06:42:00.000Z,300,false
V011745,EBCI,LKPR,2026-01-06T11:26:00.000Z,2026-01-06T12:19:00.000Z,300,false
V011746,LKPR,EBCI,2026-01-06T10:43:00.000Z,2026-01-06T11:36:00.000Z,340,false
V011747,EBCI,LKPR,2026-01-06T16:38:00.000Z,2026-01-06T17:31:00.000Z,320,false
V011748,LKPR,EBCI,2026-01-06T18:03:00.000Z,2026-01-06T18:56:00.000Z,360,false
V011749,EBCI,LDZA,2026-01-06T03:43:00.000Z,2026-01-06T05:02:00.000Z,340,false
V011750,LDZA,EBCI,2026-01-06T01:14:00.000Z,2026-01-06T02:33:00.000Z,300,false
V011751,EBCI,LDZA,2026-01-06T09:39:00.000Z,2026-01-06T10:58:00.000Z,300,false
V011752,LDZA,EBCI,2026-01-06T06:16:00.000Z,2026-01-06T07:35:00.000Z,340,false
V011753,EBCI,LDZA,2026-01-06T13:40:00.000Z,2026-01-06T14:59:00.000Z,360,false
V011754,LDZA,EBCI,2026-01-06T15:23:00.000Z,2026-01-06T16:42:00.000Z,300,false
V011755,EBCI,LDZA,2026-01-06T19:17:00.000Z,2026-01-06T20:36:00.000Z,360,false
V011756,LDZA,EBCI,2026-01-06T20:17:00.000Z,2026-01-06T21:36:00.000Z,340,false
V011757,EBCI,EKCH,2026-01-06T01:00:00.000Z,2026-01-06T01:58:00.000Z,300,false
V011758,EKCH,EBCI,2026-01-06T02:22:00.000Z,2026-01-06T03:20:00.000Z,340,false
V011759,EBCI,EKCH,2026-01-06T08:47:00.000Z,2026-01-06T09:45:00.000Z,340,false
V011760,EKCH,EBCI,2026-01-06T08:31:00.000Z,2026-01-06T09:29:00.000Z,320,false
V011761,EBCI,EKCH,2026-01-06T13:54:00.000Z,2026-01-06T14:52:00.000Z,360,false
V011762,EKCH,EBCI,2026-01-06T10:15:00.000Z,2026-01-06T11:13:00.000Z,360,false
V011763,EBCI,EKCH,2026-01-06T18:55:00.000Z,2026-01-06T19:53:00.000Z,340,false
V011764,EKCH,EBCI,2026-01-06T17:19:00.000Z,2026-01-06T18:17:00.000Z,300,false
V011765,EBCI,EHAM,2026-01-06T01:48:00.000Z,2026-01-06T02:04:00.000Z,360,false
V011766,EHAM,EBCI,2026-01-06T00:00:00.000Z,2026-01-06T00:16:00.000Z,300,false
V011767,EBCI,EHAM,2026-01-06T05:13:00.000Z,2026-01-06T05:29:00.000Z,340,false
V011768,EHAM,EBCI,2026-01-06T06:50:00.000Z,2026-01-06T07:06:00.000Z,340,false
V011769,EBCI,EHAM,2026-01-06T12:56:00.000Z,2026-01-06T13:12:00.000Z,320,false
V011770,EHAM,EBCI,2026-01-06T15:57:00.000Z,2026-01-06T16:13:00.000Z,320,false
V011771,EBCI,EHAM,2026-01-06T17:32:00.000Z,2026-01-06T17:48:00.000Z,340,false
V011772,EHAM,EBCI,2026-01-06T19:25:00.000Z,2026-01-06T19:41:00.000Z,320,false
V011773,EBCI,VIDP,2026-01-06T00:55:00.000Z,2026-01-06T09:04:00.000Z,340,false
V011774,VIDP,EBCI,2026-01-05T19:26:00.000Z,2026-01-06T03:35:00.000Z,360,false
V011775,EBCI,VIDP,2026-01-06T09:36:00.000Z,2026-01-06T17:45:00.000Z,300,false
V011776,VIDP,EBCI,2026-01-06T01:58:00.000Z,2026-01-06T10:07:00.000Z,360,false
V011777,EBCI,VIDP,2026-01-06T14:39:00.000Z,2026-01-06T22:48:00.000Z,340,false
V011778,VIDP,EBCI,2026-01-06T12:25:00.000Z,2026-01-06T20:34:00.000Z,300,false
V011779,EBCI,VIDP,2026-01-06T16:43:00.000Z,2026-01-07T00:52:00.000Z,320,false
V011780,VIDP,EBCI,2026-01-06T16:56:00.000Z,2026-01-07T01:05:00.000Z,340,false
V011781,EBCI,OSDI,2026-01-06T00:03:00.000Z,2026-01-06T04:06:00.000Z,320,false
V011782,OSDI,EBCI,2026-01-06T01:32:00.000Z,2026-01-06T05:35:00.000Z,320,false
V011783,EBCI,OSDI,2026-01-06T13:59:00.000Z,2026-01-06T18:02:00.000Z,360,false
V011784,OSDI,EBCI,2026-01-06T05:41:00.000Z,2026-01-06T09:44:00.000Z,300,false
V011785,EBCI,OSDI,2026-01-06T15:06:00.000Z,2026-01-06T19:09:00.000Z,320,false
V011786,OSDI,EBCI,2026-01-06T19:06:00.000Z,2026-01-06T23:09:00.000Z,340,false
V011787,EBCI,OAKB,2026-01-05T22:23:00.000Z,2026-01-06T05:15:00.000Z,360,false
V011788,OAKB,EBCI,2026-01-05T20:28:00.000Z,2026-01-06T03:20:00.000Z,320,false
V011789,EBCI,OAKB,2026-01-06T16:40:00.000Z,2026-01-06T23:32:00.000Z,300,false
V011790,OAKB,EBCI,2026-01-06T12:11:00.000Z,2026-01-06T19:03:00.000Z,320,false
V011791,EBCI,OOMS,2026-01-05T22:44:00.000Z,2026-01-06T05:41:00.000Z,360,false
V011792,OOMS,EBCI,2026-01-06T01:54:00.000Z,2026-01-06T08:51:00.000Z,340,false
V011793,EBCI,OOMS,2026-01-06T08:45:00.000Z,2026-01-06T15:42:00.000Z,340,false
V011794,OOMS,EBCI,2026-01-06T06:00:00.000Z,2026-01-06T12:57:00.000Z,340,false
V011795,EBCI,OOMS,2026-01-06T19:54:00.000Z,2026-01-07T02:51:00.000Z,300,false
V011796,OOMS,EBCI,2026-01-06T14:03:00.000Z,2026-01-06T21:00:00.000Z,300,false
V011797,EBCI,OYSN,2026-01-06T01:39:00.000Z,2026-01-06T08:18:00.000Z,300,false
V011798,OYSN,EBCI,2026-01-06T00:22:00.000Z,2026-01-06T07:01:00.000Z,300,false
V011799,EBCI,OYSN,2026-01-06T06:38:00.000Z,2026-01-06T13:17:00.000Z,320,false
V011800,OYSN,EBCI,2026-01-06T03:50:00.000Z,2026-01-06T10:29:00.000Z,360,false
V011801,EBCI,OYSN,2026-01-06T10:24:00.000Z,2026-01-06T17:03:00.000Z,360,false
V011802,OYSN,EBCI,2026-01-06T10:45:00.000Z,2026-01-06T17:24:00.000Z,300,false
V011803,EBCI,OYSN,2026-01-06T17:38:00.000Z,2026-01-07T00:17:00.000Z,300,false
V011804,OYSN,EBCI,2026-01-06T17:09:00.000Z,2026-01-06T23:48:00.000Z,300,false
V011805,EBCI,OPKC,2026-01-06T01:04:00.000Z,2026-01-06T08:43:00.000Z,320,false
V011806,OPKC,EBCI,2026-01-06T01:16:00.000Z,2026-01-06T08:55:00.000Z,340,false
V011807,EBCI,OPKC,2026-01-06T11:56:00.000Z,2026-01-06T19:35:00.000Z,340,false
V011808,OPKC,EBCI,2026-01-06T06:11:00.000Z,2026-01-06T13:50:00.000Z,360,false
V011809,EBCI,OPKC,2026-01-06T16:19:00.000Z,2026-01-06T23:58:00.000Z,300,false
V011810,OPKC,EBCI,2026-01-06T13:16:00.000Z,2026-01-06T20:55:00.000Z,320,false
V011811,EBCI,UBBB,2026-01-06T01:45:00.000Z,2026-01-06T06:25:00.000Z,360,false
V011812,UBBB,EBCI,2026-01-05T22:10:00.000Z,2026-01-06T02:50:00.000Z,340,false
V011813,EBCI,UBBB,2026-01-06T04:39:00.000Z,2026-01-06T09:19:00.000Z,320,false
V011814,UBBB,EBCI,2026-01-06T08:55:00.000Z,2026-01-06T13:35:00.000Z,320,false
V011815,EBCI,UBBB,2026-01-06T12:32:00.000Z,2026-01-06T17:12:00.000Z,340,false
V011816,UBBB,EBCI,2026-01-06T14:26:00.000Z,2026-01-06T19:06:00.000Z,360,false
V011817,EBCI,UBBB,2026-01-06T21:27:00.000Z,2026-01-07T02:07:00.000Z,300,false
V011818,UBBB,EBCI,2026-01-06T18:17:00.000Z,2026-01-06T22:57:00.000Z,360,false
V011819,EBCI,OJAI,2026-01-06T02:55:00.000Z,2026-01-06T07:06:00.000Z,340,false
V011820,OJAI,EBCI,2026-01-05T22:10:00.000Z,2026-01-06T02:21:00.000Z,360,false
V011821,EBCI,OJAI,2026-01-06T05:45:00.000Z,2026-01-06T09:56:00.000Z,300,false
V011822,OJAI,EBCI,2026-01-06T06:07:00.000Z,2026-01-06T10:18:00.000Z,300,false
V011823,EBCI,OJAI,2026-01-06T15:29:00.000Z,2026-01-06T19:40:00.000Z,360,false
V011824,OJAI,EBCI,2026-01-06T09:28:00.000Z,2026-01-06T13:39:00.000Z,300,false
V011825,EBCI,OJAI,2026-01-06T20:01:00.000Z,2026-01-07T00:12:00.000Z,340,false
V011826,OJAI,EBCI,2026-01-06T17:03:00.000Z,2026-01-06T21:14:00.000Z,340,false
V011827,UMMS,LBSF,2026-01-06T07:46:00.000Z,2026-01-06T09:22:00.000Z,340,false
V011828,LBSF,UMMS,2026-01-05T22:44:00.000Z,2026-01-06T00:20:00.000Z,340,false
V011829,UMMS,LBSF,2026-01-06T09:19:00.000Z,2026-01-06T10:55:00.000Z,320,false
V011830,LBSF,UMMS,2026-01-06T17:22:00.000Z,2026-01-06T18:58:00.000Z,340,false
V011831,UMMS,LKPR,2026-01-06T03:02:00.000Z,2026-01-06T04:19:00.000Z,340,false
V011832,LKPR,UMMS,2026-01-06T16:52:00.000Z,2026-01-06T18:09:00.000Z,300,false
V011833,UMMS,LDZA,2026-01-06T03:02:00.000Z,2026-01-06T04:35:00.000Z,320,false
V011834,LDZA,UMMS,2026-01-05T23:41:00.000Z,2026-01-06T01:14:00.000Z,320,false
V011835,UMMS,LDZA,2026-01-06T12:42:00.000Z,2026-01-06T14:15:00.000Z,360,false
V011836,LDZA,UMMS,2026-01-06T07:41:00.000Z,2026-01-06T09:14:00.000Z,340,false
V011837,UMMS,LDZA,2026-01-06T17:29:00.000Z,2026-01-06T19:02:00.000Z,320,false
V011838,LDZA,UMMS,2026-01-06T16:44:00.000Z,2026-01-06T18:17:00.000Z,340,false
V011839,UMMS,EKCH,2026-01-06T02:51:00.000Z,2026-01-06T04:11:00.000Z,340,false
V011840,EKCH,UMMS,2026-01-05T22:12:00.000Z,2026-01-05T23:32:00.000Z,320,false
V011841,UMMS,EKCH,2026-01-06T04:21:00.000Z,2026-01-06T05:41:00.000Z,320,false
V011842,EKCH,UMMS,2026-01-06T08:36:00.000Z,2026-01-06T09:56:00.000Z,360,false
V011843,UMMS,EKCH,2026-01-06T12:44:00.000Z,2026-01-06T14:04:00.000Z,300,false
V011844,EKCH,UMMS,2026-01-06T13:53:00.000Z,2026-01-06T15:13:00.000Z,300,false
V011845,UMMS,EKCH,2026-01-06T18:53:00.000Z,2026-01-06T20:13:00.000Z,300,false
V011846,EKCH,UMMS,2026-01-06T18:13:00.000Z,2026-01-06T19:33:00.000Z,320,false
V011847,UMMS,EHAM,2026-01-05T23:57:00.000Z,2026-01-06T01:59:00.000Z,320,false
V011848,EHAM,UMMS,2026-01-05T22:09:00.000Z,2026-01-06T00:11:00.000Z,300,false
V011849,UMMS,EHAM,2026-01-06T08:01:00.000Z,2026-01-06T10:03:00.000Z,360,false
V011850,EHAM,UMMS,2026-01-06T13:56:00.000Z,2026-01-06T15:58:00.000Z,300,false
V011851,UMMS,EHAM,2026-01-06T13:53:00.000Z,2026-01-06T15:55:00.000Z,320,false
V011852,EHAM,UMMS,2026-01-06T19:31:00.000Z,2026-01-06T21:33:00.000Z,300,false
V011853,UMMS,VIDP,2026-01-05T23:39:00.000Z,2026-01-06T05:45:00.000Z,340,false
V011854,VIDP,UMMS,2026-01-05T19:52:00.000Z,2026-01-06T01:58:00.000Z,320,false
V011855,UMMS,VIDP,2026-01-06T05:32:00.000Z,2026-01-06T11:38:00.000Z,340,false
V011856,VIDP,UMMS,2026-01-06T02:49:00.000Z,2026-01-06T08:55:00.000Z,300,false
V011857,UMMS,VIDP,2026-01-06T10:55:00.000Z,2026-01-06T17:01:00.000Z,360,false
V011858,VIDP,UMMS,2026-01-06T09:25:00.000Z,2026-01-06T15:31:00.000Z,320,false
V011859,UMMS,VIDP,2026-01-06T16:43:00.000Z,2026-01-06T22:49:00.000Z,320,false
V011860,VIDP,UMMS,2026-01-06T14:26:00.000Z,2026-01-06T20:32:00.000Z,360,false
V011861,UMMS,OSDI,2026-01-06T00:04:00.000Z,2026-01-06T02:58:00.000Z,320,false
V011862,OSDI,UMMS,2026-01-05T21:24:00.000Z,2026-01-06T00:18:00.000Z,300,false
V011863,UMMS,OSDI,2026-01-06T07:25:00.000Z,2026-01-06T10:19:00.000Z,360,false
V011864,OSDI,UMMS,2026-01-06T04:13:00.000Z,2026-01-06T07:07:00.000Z,340,false
V011865,UMMS,OSDI,2026-01-06T10:09:00.000Z,2026-01-06T13:03:00.000Z,360,false
V011866,OSDI,UMMS,2026-01-06T12:10:00.000Z,2026-01-06T15:04:00.000Z,300,false
V011867,UMMS,OSDI,2026-01-06T18:59:00.000Z,2026-01-06T21:53:00.000Z,300,false
V011868,OSDI,UMMS,2026-01-06T19:35:00.000Z,2026-01-06T22:29:00.000Z,340,false
V011869,UMMS,OAKB,2026-01-05T23:29:00.000Z,2026-01-06T04:19:00.000Z,320,false
V011870,OAKB,UMMS,2026-01-05T23:40:00.000Z,2026-01-06T04:30:00.000Z,320,false
V011871,UMMS,OAKB,2026-01-06T08:23:00.000Z,2026-01-06T13:13:00.000Z,320,false
V011872,OAKB,UMMS,2026-01-06T02:21:00.000Z,2026-01-06T07:11:00.000Z,360,false
V011873,UMMS,OAKB,2026-01-06T12:14:00.000Z,2026-01-06T17:04:00.000Z,360,false
V011874,OAKB,UMMS,2026-01-06T09:57:00.000Z,2026-01-06T14:47:00.000Z,300,false
V011875,UMMS,OAKB,2026-01-06T15:51:00.000Z,2026-01-06T20:41:00.000Z,360,false
V011876,OAKB,UMMS,2026-01-06T15:06:00.000Z,2026-01-06T19:56:00.000Z,320,false
V011877,UMMS,OOMS,2026-01-06T04:11:00.000Z,2026-01-06T09:27:00.000Z,300,false
V011878,OOMS,UMMS,2026-01-06T03:30:00.000Z,2026-01-06T08:46:00.000Z,360,false
V011879,UMMS,OOMS,2026-01-06T09:01:00.000Z,2026-01-06T14:17:00.000Z,320,false
V011880,OOMS,UMMS,2026-01-06T04:07:00.000Z,2026-01-06T09:23:00.000Z,340,false
V011881,UMMS,OOMS,2026-01-06T18:51:00.000Z,2026-01-07T00:07:00.000Z,360,false
V011882,OOMS,UMMS,2026-01-06T17:18:00.000Z,2026-01-06T22:34:00.000Z,360,false
V011883,UMMS,OYSN,2026-01-06T12:49:00.000Z,2026-01-06T18:25:00.000Z,300,false
V011884,OYSN,UMMS,2026-01-05T21:41:00.000Z,2026-01-06T03:17:00.000Z,340,false
V011885,UMMS,OPKC,2026-01-05T21:17:00.000Z,2026-01-06T03:03:00.000Z,360,false
V011886,OPKC,UMMS,2026-01-05T21:50:00.000Z,2026-01-06T03:36:00.000Z,340,false
V011887,UMMS,OPKC,2026-01-06T08:21:00.000Z,2026-01-06T14:07:00.000Z,340,false
V011888,OPKC,UMMS,2026-01-06T08:18:00.000Z,2026-01-06T14:04:00.000Z,360,false
V011889,UMMS,OPKC,2026-01-06T18:55:00.000Z,2026-01-07T00:41:00.000Z,300,false
V011890,OPKC,UMMS,2026-01-06T16:12:00.000Z,2026-01-06T21:58:00.000Z,360,false
V011891,UMMS,UBBB,2026-01-06T02:49:00.000Z,2026-01-06T05:35:00.000Z,340,false
V011892,UBBB,UMMS,2026-01-06T00:26:00.000Z,2026-01-06T03:12:00.000Z,300,false
V011893,UMMS,UBBB,2026-01-06T08:59:00.000Z,2026-01-06T11:45:00.000Z,320,false
V011894,UBBB,UMMS,2026-01-06T04:05:00.000Z,2026-01-06T06:51:00.000Z,300,false
V011895,UMMS,UBBB,2026-01-06T10:26:00.000Z,2026-01-06T13:12:00.000Z,320,false
V011896,UBBB,UMMS,2026-01-06T11:15:00.000Z,2026-01-06T14:01:00.000Z,300,false
V011897,UMMS,UBBB,2026-01-06T20:31:00.000Z,2026-01-06T23:17:00.000Z,300,false
V011898,UBBB,UMMS,2026-01-06T16:25:00.000Z,2026-01-06T19:11:00.000Z,340,false
V011899,UMMS,OJAI,2026-01-06T03:51:00.000Z,2026-01-06T07:00:00.000Z,300,false
V011900,OJAI,UMMS,2026-01-06T10:37:00.000Z,2026-01-06T13:46:00.000Z,300,false
V011901,LBSF,LKPR,2026-01-06T01:12:00.000Z,2026-01-06T02:37:00.000Z,360,false
V011902,LKPR,LBSF,2026-01-06T05:10:00.000Z,2026-01-06T06:35:00.000Z,360,false
V011903,LBSF,LKPR,2026-01-06T11:07:00.000Z,2026-01-06T12:32:00.000Z,300,false
V011904,LKPR,LBSF,2026-01-06T20:25:00.000Z,2026-01-06T21:50:00.000Z,300,false
V011905,LBSF,LDZA,2026-01-06T01:25:00.000Z,2026-01-06T02:14:00.000Z,340,false
V011906,LDZA,LBSF,2026-01-06T03:01:00.000Z,2026-01-06T03:50:00.000Z,320,false
V011907,LBSF,LDZA,2026-01-06T07:13:00.000Z,2026-01-06T08:02:00.000Z,360,false
V011908,LDZA,LBSF,2026-01-06T09:52:00.000Z,2026-01-06T10:41:00.000Z,320,false
V011909,LBSF,LDZA,2026-01-06T13:19:00.000Z,2026-01-06T14:08:00.000Z,320,false
V011910,LDZA,LBSF,2026-01-06T15:45:00.000Z,2026-01-06T16:34:00.000Z,340,false
V011911,LBSF,LDZA,2026-01-06T19:11:00.000Z,2026-01-06T20:00:00.000Z,360,false
V011912,LDZA,LBSF,2026-01-06T21:53:00.000Z,2026-01-06T22:42:00.000Z,340,false
V011913,LBSF,EKCH,2026-01-06T01:04:00.000Z,2026-01-06T03:08:00.000Z,340,false
V011914,EKCH,LBSF,2026-01-05T22:18:00.000Z,2026-01-06T00:22:00.000Z,360,false
V011915,LBSF,EKCH,2026-01-06T05:18:00.000Z,2026-01-06T07:22:00.000Z,340,false
V011916,EKCH,LBSF,2026-01-06T09:59:00.000Z,2026-01-06T12:03:00.000Z,360,false
V011917,LBSF,EKCH,2026-01-06T14:18:00.000Z,2026-01-06T16:22:00.000Z,360,false
V011918,EKCH,LBSF,2026-01-06T11:45:00.000Z,2026-01-06T13:49:00.000Z,340,false
V011919,LBSF,EKCH,2026-01-06T17:25:00.000Z,2026-01-06T19:29:00.000Z,320,false
V011920,EKCH,LBSF,2026-01-06T20:01:00.000Z,2026-01-06T22:05:00.000Z,360,false
V011921,LBSF,EHAM,2026-01-05T22:27:00.000Z,2026-01-06T00:43:00.000Z,300,false
V011922,EHAM,LBSF,2026-01-05T22:04:00.000Z,2026-01-06T00:20:00.000Z,340,false
V011923,LBSF,EHAM,2026-01-06T05:24:00.000Z,2026-01-06T07:40:00.000Z,360,false
V011924,EHAM,LBSF,2026-01-06T09:26:00.000Z,2026-01-06T11:42:00.000Z,300,false
V011925,LBSF,EHAM,2026-01-06T12:17:00.000Z,2026-01-06T14:33:00.000Z,360,false
V011926,EHAM,LBSF,2026-01-06T12:41:00.000Z,2026-01-06T14:57:00.000Z,360,false
V011927,LBSF,EHAM,2026-01-06T16:42:00.000Z,2026-01-06T18:58:00.000Z,300,false
V011928,EHAM,LBSF,2026-01-06T21:11:00.000Z,2026-01-06T23:27:00.000Z,360,false
V011929,LBSF,VIDP,2026-01-06T02:56:00.000Z,2026-01-06T09:18:00.000Z,320,false
V011930,VIDP,LBSF,2026-01-05T23:01:00.000Z,2026-01-06T05:23:00.000Z,360,false
V011931,LBSF,VIDP,2026-01-06T09:28:00.000Z,2026-01-06T15:50:00.000Z,300,false
V011932,VIDP,LBSF,2026-01-06T06:53:00.000Z,2026-01-06T13:15:00.000Z,340,false
V011933,LBSF,VIDP,2026-01-06T17:37:00.000Z,2026-01-06T23:59:00.000Z,360,false
V011934,VIDP,LBSF,2026-01-06T12:52:00.000Z,2026-01-06T19:14:00.000Z,300,false
V011935,LBSF,OSDI,2026-01-06T01:51:00.000Z,2026-01-06T03:45:00.000Z,340,false
V011936,OSDI,LBSF,2026-01-05T21:00:00.000Z,2026-01-05T22:54:00.000Z,300,false
V011937,LBSF,OSDI,2026-01-06T05:25:00.000Z,2026-01-06T07:19:00.000Z,320,false
V011938,OSDI,LBSF,2026-01-06T08:48:00.000Z,2026-01-06T10:42:00.000Z,340,false
V011939,LBSF,OSDI,2026-01-06T11:13:00.000Z,2026-01-06T13:07:00.000Z,300,false
V011940,OSDI,LBSF,2026-01-06T11:42:00.000Z,2026-01-06T13:36:00.000Z,300,false
V011941,LBSF,OSDI,2026-01-06T17:21:00.000Z,2026-01-06T19:15:00.000Z,320,false
V011942,OSDI,LBSF,2026-01-06T16:36:00.000Z,2026-01-06T18:30:00.000Z,320,false
V011943,LBSF,OAKB,2026-01-05T22:08:00.000Z,2026-01-06T03:15:00.000Z,300,false
V011944,OAKB,LBSF,2026-01-05T23:35:00.000Z,2026-01-06T04:42:00.000Z,320,false
V011945,LBSF,OAKB,2026-01-06T06:07:00.000Z,2026-01-06T11:14:00.000Z,300,false
V011946,OAKB,LBSF,2026-01-06T02:39:00.000Z,2026-01-06T07:46:00.000Z,360,false
V011947,LBSF,OAKB,2026-01-06T14:21:00.000Z,2026-01-06T19:28:00.000Z,320,false
V011948,OAKB,LBSF,2026-01-06T13:24:00.000Z,2026-01-06T18:31:00.000Z,360,false
V011949,LBSF,OAKB,2026-01-06T16:50:00.000Z,2026-01-06T21:57:00.000Z,360,false
V011950,OAKB,LBSF,2026-01-06T16:23:00.000Z,2026-01-06T21:30:00.000Z,300,false
V011951,LBSF,OOMS,2026-01-05T23:58:00.000Z,2026-01-06T04:49:00.000Z,340,false
V011952,OOMS,LBSF,2026-01-05T21:43:00.000Z,2026-01-06T02:34:00.000Z,300,false
V011953,LBSF,OOMS,2026-01-06T11:49:00.000Z,2026-01-06T16:40:00.000Z,340,false
V011954,OOMS,LBSF,2026-01-06T09:24:00.000Z,2026-01-06T14:15:00.000Z,360,false
V011955,LBSF,OOMS,2026-01-06T13:29:00.000Z,2026-01-06T18:20:00.000Z,320,false
V011956,OOMS,LBSF,2026-01-06T15:38:00.000Z,2026-01-06T20:29:00.000Z,340,false
V011957,LBSF,OYSN,2026-01-05T23:41:00.000Z,2026-01-06T04:13:00.000Z,360,false
V011958,OYSN,LBSF,2026-01-06T02:03:00.000Z,2026-01-06T06:35:00.000Z,340,false
V011959,LBSF,OYSN,2026-01-06T20:43:00.000Z,2026-01-07T01:15:00.000Z,340,false
V011960,OYSN,LBSF,2026-01-06T15:45:00.000Z,2026-01-06T20:17:00.000Z,340,false
V011961,LBSF,OPKC,2026-01-06T00:10:00.000Z,2026-01-06T05:49:00.000Z,340,false
V011962,OPKC,LBSF,2026-01-05T23:16:00.000Z,2026-01-06T04:55:00.000Z,300,false
V011963,LBSF,OPKC,2026-01-06T06:26:00.000Z,2026-01-06T12:05:00.000Z,360,false
V011964,OPKC,LBSF,2026-01-06T04:04:00.000Z,2026-01-06T09:43:00.000Z,320,false
V011965,LBSF,OPKC,2026-01-06T16:37:00.000Z,2026-01-06T22:16:00.000Z,300,false
V011966,OPKC,LBSF,2026-01-06T13:18:00.000Z,2026-01-06T18:57:00.000Z,340,false
V011967,LBSF,UBBB,2026-01-06T00:28:00.000Z,2026-01-06T03:19:00.000Z,320,false
V011968,UBBB,LBSF,2026-01-05T23:43:00.000Z,2026-01-06T02:34:00.000Z,320,false
V011969,LBSF,UBBB,2026-01-06T07:29:00.000Z,2026-01-06T10:20:00.000Z,320,false
V011970,UBBB,LBSF,2026-01-06T07:43:00.000Z,2026-01-06T10:34:00.000Z,360,false
V011971,LBSF,UBBB,2026-01-06T12:26:00.000Z,2026-01-06T15:17:00.000Z,340,false
V011972,UBBB,LBSF,2026-01-06T12:09:00.000Z,2026-01-06T15:00:00.000Z,300,false
V011973,LBSF,UBBB,2026-01-06T17:59:00.000Z,2026-01-06T20:50:00.000Z,300,false
V011974,UBBB,LBSF,2026-01-06T17:28:00.000Z,2026-01-06T20:19:00.000Z,320,false
V011975,LBSF,OJAI,2026-01-05T23:53:00.000Z,2026-01-06T01:55:00.000Z,360,false
V011976,OJAI,LBSF,2026-01-06T02:43:00.000Z,2026-01-06T04:45:00.000Z,360,false
V011977,LBSF,OJAI,2026-01-06T04:10:00.000Z,2026-01-06T06:12:00.000Z,360,false
V011978,OJAI,LBSF,2026-01-06T08:40:00.000Z,2026-01-06T10:42:00.000Z,320,false
V011979,LBSF,OJAI,2026-01-06T13:45:00.000Z,2026-01-06T15:47:00.000Z,300,false
V011980,OJAI,LBSF,2026-01-06T10:09:00.000Z,2026-01-06T12:11:00.000Z,320,false
V011981,LBSF,OJAI,2026-01-06T20:39:00.000Z,2026-01-06T22:41:00.000Z,360,false
V011982,OJAI,LBSF,2026-01-06T20:47:00.000Z,2026-01-06T22:49:00.000Z,360,false
V011983,LKPR,LDZA,2026-01-06T01:15:00.000Z,2026-01-06T01:58:00.000Z,300,false
V011984,LDZA,LKPR,2026-01-05T22:53:00.000Z,2026-01-05T23:36:00.000Z,300,false
V011985,LKPR,LDZA,2026-01-06T07:08:00.000Z,2026-01-06T07:51:00.000Z,320,false
V011986,LDZA,LKPR,2026-01-06T08:35:00.000Z,2026-01-06T09:18:00.000Z,300,false
V011987,LKPR,LDZA,2026-01-06T14:03:00.000Z,2026-01-06T14:46:00.000Z,360,false
V011988,LDZA,LKPR,2026-01-06T11:57:00.000Z,2026-01-06T12:40:00.000Z,360,false
V011989,LKPR,LDZA,2026-01-06T21:10:00.000Z,2026-01-06T21:53:00.000Z,360,false
V011990,LDZA,LKPR,2026-01-06T20:58:00.000Z,2026-01-06T21:41:00.000Z,340,false
V011991,LKPR,EKCH,2026-01-06T06:59:00.000Z,2026-01-06T07:42:00.000Z,360,false
V011992,EKCH,LKPR,2026-01-05T23:47:00.000Z,2026-01-06T00:30:00.000Z,340,false
V011993,LKPR,EKCH,2026-01-06T11:19:00.000Z,2026-01-06T12:02:00.000Z,340,false
V011994,EKCH,LKPR,2026-01-06T20:34:00.000Z,2026-01-06T21:17:00.000Z,360,false
V011995,LKPR,EHAM,2026-01-06T03:18:00.000Z,2026-01-06T04:13:00.000Z,300,false
V011996,EHAM,LKPR,2026-01-05T22:37:00.000Z,2026-01-05T23:32:00.000Z,320,false
V011997,LKPR,EHAM,2026-01-06T13:24:00.000Z,2026-01-06T14:19:00.000Z,320,false
V011998,EHAM,LKPR,2026-01-06T08:01:00.000Z,2026-01-06T08:56:00.000Z,300,false
V011999,LKPR,EHAM,2026-01-06T17:41:00.000Z,2026-01-06T18:36:00.000Z,300,false
V012000,EHAM,LKPR,2026-01-06T20:16:00.000Z,2026-01-06T21:11:00.000Z,360,false
V012001,LKPR,VIDP,2026-01-06T00:51:00.000Z,2026-01-06T08:06:00.000Z,360,false
V012002,VIDP,LKPR,2026-01-05T23:54:00.000Z,2026-01-06T07:09:00.000Z,360,false
V012003,LKPR,VIDP,2026-01-06T09:09:00.000Z,2026-01-06T16:24:00.000Z,320,false
V012004,VIDP,LKPR,2026-01-06T01:52:00.000Z,2026-01-06T09:07:00.000Z,340,false
V012005,LKPR,VIDP,2026-01-06T14:12:00.000Z,2026-01-06T21:27:00.000Z,320,false
V012006,VIDP,LKPR,2026-01-06T08:30:00.000Z,2026-01-06T15:45:00.000Z,300,false
V012007,LKPR,VIDP,2026-01-06T21:37:00.000Z,2026-01-07T04:52:00.000Z,340,false
V012008,VIDP,LKPR,2026-01-06T18:21:00.000Z,2026-01-07T01:36:00.000Z,320,false
V012009,LKPR,OSDI,2026-01-05T23:06:00.000Z,2026-01-06T02:23:00.000Z,340,false
V012010,OSDI,LKPR,2026-01-05T23:08:00.000Z,2026-01-06T02:25:00.000Z,300,false
V012011,LKPR,OSDI,2026-01-06T09:15:00.000Z,2026-01-06T12:32:00.000Z,320,false
V012012,OSDI,LKPR,2026-01-06T06:35:00.000Z,2026-01-06T09:52:00.000Z,340,false
V012013,LKPR,OSDI,2026-01-06T16:54:00.000Z,2026-01-06T20:11:00.000Z,300,false
V012014,OSDI,LKPR,2026-01-06T19:10:00.000Z,2026-01-06T22:27:00.000Z,360,false
V012015,LKPR,OAKB,2026-01-05T22:25:00.000Z,2026-01-06T04:24:00.000Z,360,false
V012016,OAKB,LKPR,2026-01-06T00:04:00.000Z,2026-01-06T06:03:00.000Z,340,false
V012017,LKPR,OAKB,2026-01-06T08:48:00.000Z,2026-01-06T14:47:00.000Z,320,false
V012018,OAKB,LKPR,2026-01-06T06:51:00.000Z,2026-01-06T12:50:00.000Z,340,false
V012019,LKPR,OAKB,2026-01-06T10:23:00.000Z,2026-01-06T16:22:00.000Z,360,false
V012020,OAKB,LKPR,2026-01-06T10:19:00.000Z,2026-01-06T16:18:00.000Z,320,false
V012021,LKPR,OAKB,2026-01-06T17:56:00.000Z,2026-01-06T23:55:00.000Z,340,false
V012022,OAKB,LKPR,2026-01-06T14:01:00.000Z,2026-01-06T20:00:00.000Z,360,false
V012023,LKPR,OOMS,2026-01-06T05:59:00.000Z,2026-01-06T12:04:00.000Z,340,false
V012024,OOMS,LKPR,2026-01-05T20:10:00.000Z,2026-01-06T02:15:00.000Z,320,false
V012025,LKPR,OOMS,2026-01-06T12:58:00.000Z,2026-01-06T19:03:00.000Z,340,false
V012026,OOMS,LKPR,2026-01-06T08:00:00.000Z,2026-01-06T14:05:00.000Z,340,false
V012027,LKPR,OOMS,2026-01-06T14:10:00.000Z,2026-01-06T20:15:00.000Z,300,false
V012028,OOMS,LKPR,2026-01-06T15:59:00.000Z,2026-01-06T22:04:00.000Z,320,false
V012029,LKPR,OYSN,2026-01-06T05:44:00.000Z,2026-01-06T11:41:00.000Z,300,false
V012030,OYSN,LKPR,2026-01-06T01:48:00.000Z,2026-01-06T07:45:00.000Z,360,false
V012031,LKPR,OYSN,2026-01-06T12:29:00.000Z,2026-01-06T18:26:00.000Z,360,false
V012032,OYSN,LKPR,2026-01-06T08:20:00.000Z,2026-01-06T14:17:00.000Z,300,false
V012033,LKPR,OYSN,2026-01-06T18:19:00.000Z,2026-01-07T00:16:00.000Z,300,false
V012034,OYSN,LKPR,2026-01-06T17:00:00.000Z,2026-01-06T22:57:00.000Z,340,false
V012035,LKPR,OPKC,2026-01-05T23:20:00.000Z,2026-01-06T06:05:00.000Z,300,false
V012036,OPKC,LKPR,2026-01-05T19:25:00.000Z,2026-01-06T02:10:00.000Z,360,false
V012037,LKPR,OPKC,2026-01-06T08:22:00.000Z,2026-01-06T15:07:00.000Z,340,false
V012038,OPKC,LKPR,2026-01-06T04:19:00.000Z,2026-01-06T11:04:00.000Z,340,false
V012039,LKPR,OPKC,2026-01-06T12:44:00.000Z,2026-01-06T19:29:00.000Z,360,false
V012040,OPKC,LKPR,2026-01-06T12:25:00.000Z,2026-01-06T19:10:00.000Z,340,false
V012041,LKPR,OPKC,2026-01-06T21:47:00.000Z,2026-01-07T04:32:00.000Z,360,false
V012042,OPKC,LKPR,2026-01-06T17:16:00.000Z,2026-01-07T00:01:00.000Z,300,false
V012043,LKPR,UBBB,2026-01-06T00:17:00.000Z,2026-01-06T04:03:00.000Z,320,false
V012044,UBBB,LKPR,2026-01-06T00:06:00.000Z,2026-01-06T03:52:00.000Z,360,false
V012045,LKPR,UBBB,2026-01-06T04:14:00.000Z,2026-01-06T08:00:00.000Z,320,false
V012046,UBBB,LKPR,2026-01-06T08:11:00.000Z,2026-01-06T11:57:00.000Z,320,false
V012047,LKPR,UBBB,2026-01-06T15:40:00.000Z,2026-01-06T19:26:00.000Z,320,false
V012048,UBBB,LKPR,2026-01-06T10:47:00.000Z,2026-01-06T14:33:00.000Z,320,false
V012049,LKPR,UBBB,2026-01-06T21:08:00.000Z,2026-01-07T00:54:00.000Z,360,false
V012050,UBBB,LKPR,2026-01-06T17:57:00.000Z,2026-01-06T21:43:00.000Z,320,false
V012051,LKPR,OJAI,2026-01-06T04:11:00.000Z,2026-01-06T07:37:00.000Z,340,false
V012052,OJAI,LKPR,2026-01-05T23:53:00.000Z,2026-01-06T03:19:00.000Z,320,false
V012053,LKPR,OJAI,2026-01-06T08:26:00.000Z,2026-01-06T11:52:00.000Z,340,false
V012054,OJAI,LKPR,2026-01-06T12:13:00.000Z,2026-01-06T15:39:00.000Z,320,false
V012055,LKPR,OJAI,2026-01-06T20:28:00.000Z,2026-01-06T23:54:00.000Z,360,false
V012056,OJAI,LKPR,2026-01-06T19:37:00.000Z,2026-01-06T23:03:00.000Z,360,false
V012057,LDZA,EKCH,2026-01-06T01:34:00.000Z,2026-01-06T03:00:00.000Z,320,false
V012058,EKCH,LDZA,2026-01-06T00:44:00.000Z,2026-01-06T02:10:00.000Z,320,false
V012059,LDZA,EKCH,2026-01-06T06:17:00.000Z,2026-01-06T07:43:00.000Z,360,false
V012060,EKCH,LDZA,2026-01-06T04:40:00.000Z,2026-01-06T06:06:00.000Z,320,false
V012061,LDZA,EKCH,2026-01-06T11:25:00.000Z,2026-01-06T12:51:00.000Z,300,false
V012062,EKCH,LDZA,2026-01-06T14:38:00.000Z,2026-01-06T16:04:00.000Z,340,false
V012063,LDZA,EKCH,2026-01-06T18:44:00.000Z,2026-01-06T20:10:00.000Z,320,false
V012064,EKCH,LDZA,2026-01-06T16:35:00.000Z,2026-01-06T18:01:00.000Z,360,false
V012065,LDZA,EHAM,2026-01-06T00:18:00.000Z,2026-01-06T01:46:00.000Z,340,false
V012066,EHAM,LDZA,2026-01-05T23:52:00.000Z,2026-01-06T01:20:00.000Z,320,false
V012067,LDZA,EHAM,2026-01-06T05:45:00.000Z,2026-01-06T07:13:00.000Z,320,false
V012068,EHAM,LDZA,2026-01-06T05:54:00.000Z,2026-01-06T07:22:00.000Z,360,false
V012069,LDZA,EHAM,2026-01-06T12:49:00.000Z,2026-01-06T14:17:00.000Z,340,false
V012070,EHAM,LDZA,2026-01-06T12:21:00.000Z,2026-01-06T13:49:00.000Z,320,false
V012071,LDZA,EHAM,2026-01-06T17:52:00.000Z,2026-01-06T19:20:00.000Z,340,false
V012072,EHAM,LDZA,2026-01-06T19:28:00.000Z,2026-01-06T20:56:00.000Z,320,false
V012073,LDZA,VIDP,2026-01-06T01:15:00.000Z,2026-01-06T08:19:00.000Z,340,false
V012074,VIDP,LDZA,2026-01-05T22:11:00.000Z,2026-01-06T05:15:00.000Z,320,false
V012075,LDZA,VIDP,2026-01-06T08:39:00.000Z,2026-01-06T15:43:00.000Z,300,false
V012076,VIDP,LDZA,2026-01-06T03:22:00.000Z,2026-01-06T10:26:00.000Z,300,false
V012077,LDZA,VIDP,2026-01-06T13:23:00.000Z,2026-01-06T20:27:00.000Z,340,false
V012078,VIDP,LDZA,2026-01-06T11:23:00.000Z,2026-01-06T18:27:00.000Z,360,false
V012079,LDZA,VIDP,2026-01-06T18:00:00.000Z,2026-01-07T01:04:00.000Z,340,false
V012080,VIDP,LDZA,2026-01-06T16:16:00.000Z,2026-01-06T23:20:00.000Z,320,false
V012081,LDZA,OSDI,2026-01-05T23:26:00.000Z,2026-01-06T02:10:00.000Z,300,false
V012082,OSDI,LDZA,2026-01-06T00:08:00.000Z,2026-01-06T02:52:00.000Z,360,false
V012083,LDZA,OSDI,2026-01-06T10:15:00.000Z,2026-01-06T12:59:00.000Z,320,false
V012084,OSDI,LDZA,2026-01-06T11:50:00.000Z,2026-01-06T14:34:00.000Z,360,false
V012085,LDZA,OSDI,2026-01-06T19:38:00.000Z,2026-01-06T22:22:00.000Z,320,false
V012086,OSDI,LDZA,2026-01-06T18:55:00.000Z,2026-01-06T21:39:00.000Z,300,false
V012087,LDZA,OAKB,2026-01-06T04:31:00.000Z,2026-01-06T10:19:00.000Z,340,false
V012088,OAKB,LDZA,2026-01-05T20:22:00.000Z,2026-01-06T02:10:00.000Z,320,false
V012089,LDZA,OAKB,2026-01-06T12:11:00.000Z,2026-01-06T17:59:00.000Z,360,false
V012090,OAKB,LDZA,2026-01-06T16:58:00.000Z,2026-01-06T22:46:00.000Z,300,false
V012091,LDZA,OOMS,2026-01-06T20:05:00.000Z,2026-01-07T01:45:00.000Z,300,false
V012092,OOMS,LDZA,2026-01-06T10:52:00.000Z,2026-01-06T16:32:00.000Z,300,false
V012093,LDZA,OYSN,2026-01-06T08:45:00.000Z,2026-01-06T14:05:00.000Z,360,false
V012094,OYSN,LDZA,2026-01-06T07:46:00.000Z,2026-01-06T13:06:00.000Z,300,false
V012095,LDZA,OYSN,2026-01-06T14:01:00.000Z,2026-01-06T19:21:00.000Z,360,false
V012096,OYSN,LDZA,2026-01-06T11:26:00.000Z,2026-01-06T16:46:00.000Z,320,false
V012097,LDZA,OPKC,2026-01-06T00:36:00.000Z,2026-01-06T07:02:00.000Z,360,false
V012098,OPKC,LDZA,2026-01-05T23:59:00.000Z,2026-01-06T06:25:00.000Z,300,false
V012099,LDZA,OPKC,2026-01-06T09:07:00.000Z,2026-01-06T15:33:00.000Z,300,false
V012100,OPKC,LDZA,2026-01-06T04:27:00.000Z,2026-01-06T10:53:00.000Z,320,false
V012101,LDZA,OPKC,2026-01-06T13:57:00.000Z,2026-01-06T20:23:00.000Z,360,false
V012102,OPKC,LDZA,2026-01-06T11:23:00.000Z,2026-01-06T17:49:00.000Z,320,false
V012103,LDZA,OPKC,2026-01-06T21:41:00.000Z,2026-01-07T04:07:00.000Z,320,false
V012104,OPKC,LDZA,2026-01-06T14:01:00.000Z,2026-01-06T20:27:00.000Z,340,false
V012105,LDZA,UBBB,2026-01-05T22:31:00.000Z,2026-01-06T02:03:00.000Z,340,false
V012106,UBBB,LDZA,2026-01-06T03:33:00.000Z,2026-01-06T07:05:00.000Z,300,false
V012107,LDZA,UBBB,2026-01-06T04:08:00.000Z,2026-01-06T07:40:00.000Z,340,false
V012108,UBBB,LDZA,2026-01-06T06:01:00.000Z,2026-01-06T09:33:00.000Z,300,false
V012109,LDZA,UBBB,2026-01-06T13:18:00.000Z,2026-01-06T16:50:00.000Z,320,false
V012110,UBBB,LDZA,2026-01-06T15:04:00.000Z,2026-01-06T18:36:00.000Z,340,false
V012111,LDZA,UBBB,2026-01-06T17:45:00.000Z,2026-01-06T21:17:00.000Z,300,false
V012112,UBBB,LDZA,2026-01-06T20:00:00.000Z,2026-01-06T23:32:00.000Z,320,false
V012113,LDZA,OJAI,2026-01-06T03:11:00.000Z,2026-01-06T06:02:00.000Z,300,false
V012114,OJAI,LDZA,2026-01-06T00:41:00.000Z,2026-01-06T03:32:00.000Z,300,false
V012115,LDZA,OJAI,2026-01-06T05:31:00.000Z,2026-01-06T08:22:00.000Z,320,false
V012116,OJAI,LDZA,2026-01-06T08:30:00.000Z,2026-01-06T11:21:00.000Z,300,false
V012117,LDZA,OJAI,2026-01-06T14:07:00.000Z,2026-01-06T16:58:00.000Z,300,false
V012118,OJAI,LDZA,2026-01-06T09:08:00.000Z,2026-01-06T11:59:00.000Z,320,false
V012119,LDZA,OJAI,2026-01-06T17:15:00.000Z,2026-01-06T20:06:00.000Z,340,false
V012120,OJAI,LDZA,2026-01-06T17:31:00.000Z,2026-01-06T20:22:00.000Z,320,false
V012121,EKCH,EHAM,2026-01-06T01:53:00.000Z,2026-01-06T02:40:00.000Z,360,false
V012122,EHAM,EKCH,2026-01-06T01:08:00.000Z,2026-01-06T01:55:00.000Z,340,false
V012123,EKCH,EHAM,2026-01-06T07:25:00.000Z,2026-01-06T08:12:00.000Z,360,false
V012124,EHAM,EKCH,2026-01-06T06:39:00.000Z,2026-01-06T07:26:00.000Z,340,false
V012125,EKCH,EHAM,2026-01-06T13:38:00.000Z,2026-01-06T14:25:00.000Z,360,false
V012126,EHAM,EKCH,2026-01-06T13:47:00.000Z,2026-01-06T14:34:00.000Z,340,false
V012127,EKCH,EHAM,2026-01-06T20:06:00.000Z,2026-01-06T20:53:00.000Z,300,false
V012128,EHAM,EKCH,2026-01-06T21:02:00.000Z,2026-01-06T21:49:00.000Z,300,false
V012129,EKCH,VIDP,2026-01-06T03:00:00.000Z,2026-01-06T10:26:00.000Z,320,false
V012130,VIDP,EKCH,2026-01-05T21:18:00.000Z,2026-01-06T04:44:00.000Z,300,false
V012131,EKCH,VIDP,2026-01-06T07:53:00.000Z,2026-01-06T15:19:00.000Z,340,false
V012132,VIDP,EKCH,2026-01-06T05:17:00.000Z,2026-01-06T12:43:00.000Z,360,false
V012133,EKCH,VIDP,2026-01-06T15:21:00.000Z,2026-01-06T22:47:00.000Z,300,false
V012134,VIDP,EKCH,2026-01-06T16:16:00.000Z,2026-01-06T23:42:00.000Z,360,false
V012135,EKCH,OSDI,2026-01-06T03:32:00.000Z,2026-01-06T07:24:00.000Z,300,false
V012136,OSDI,EKCH,2026-01-05T23:21:00.000Z,2026-01-06T03:13:00.000Z,340,false
V012137,EKCH,OSDI,2026-01-06T13:08:00.000Z,2026-01-06T17:00:00.000Z,320,false
V012138,OSDI,EKCH,2026-01-06T07:30:00.000Z,2026-01-06T11:22:00.000Z,340,false
V012139,EKCH,OSDI,2026-01-06T21:49:00.000Z,2026-01-07T01:41:00.000Z,320,false
V012140,OSDI,EKCH,2026-01-06T20:53:00.000Z,2026-01-07T00:45:00.000Z,300,false
V012141,EKCH,OAKB,2026-01-05T23:06:00.000Z,2026-01-06T05:16:00.000Z,300,false
V012142,OAKB,EKCH,2026-01-05T21:32:00.000Z,2026-01-06T03:42:00.000Z,300,false
V012143,EKCH,OAKB,2026-01-06T05:16:00.000Z,2026-01-06T11:26:00.000Z,320,false
V012144,OAKB,EKCH,2026-01-06T03:45:00.000Z,2026-01-06T09:55:00.000Z,360,false
V012145,EKCH,OAKB,2026-01-06T10:34:00.000Z,2026-01-06T16:44:00.000Z,300,false
V012146,OAKB,EKCH,2026-01-06T12:17:00.000Z,2026-01-06T18:27:00.000Z,300,false
V012147,EKCH,OAKB,2026-01-06T16:56:00.000Z,2026-01-06T23:06:00.000Z,340,false
V012148,OAKB,EKCH,2026-01-06T17:12:00.000Z,2026-01-06T23:22:00.000Z,300,false
V012149,EKCH,OOMS,2026-01-06T02:50:00.000Z,2026-01-06T09:21:00.000Z,360,false
V012150,OOMS,EKCH,2026-01-06T03:49:00.000Z,2026-01-06T10:20:00.000Z,300,false
V012151,EKCH,OOMS,2026-01-06T12:41:00.000Z,2026-01-06T19:12:00.000Z,340,false
V012152,OOMS,EKCH,2026-01-06T05:55:00.000Z,2026-01-06T12:26:00.000Z,360,false
V012153,EKCH,OOMS,2026-01-06T15:02:00.000Z,2026-01-06T21:33:00.000Z,300,false
V012154,OOMS,EKCH,2026-01-06T16:18:00.000Z,2026-01-06T22:49:00.000Z,320,false
V012155,EKCH,OYSN,2026-01-06T07:23:00.000Z,2026-01-06T13:57:00.000Z,300,false
V012156,OYSN,EKCH,2026-01-05T21:11:00.000Z,2026-01-06T03:45:00.000Z,360,false
V012157,EKCH,OYSN,2026-01-06T13:32:00.000Z,2026-01-06T20:06:00.000Z,340,false
V012158,OYSN,EKCH,2026-01-06T19:02:00.000Z,2026-01-07T01:36:00.000Z,300,false
V012159,EKCH,OPKC,2026-01-06T01:01:00.000Z,2026-01-06T08:06:00.000Z,320,false
V012160,OPKC,EKCH,2026-01-05T19:33:00.000Z,2026-01-06T02:38:00.000Z,340,false
V012161,EKCH,OPKC,2026-01-06T07:06:00.000Z,2026-01-06T14:11:00.000Z,340,false
V012162,OPKC,EKCH,2026-01-06T06:53:00.000Z,2026-01-06T13:58:00.000Z,300,false
V012163,EKCH,OPKC,2026-01-06T10:25:00.000Z,2026-01-06T17:30:00.000Z,300,false
V012164,OPKC,EKCH,2026-01-06T11:12:00.000Z,2026-01-06T18:17:00.000Z,320,false
V012165,EKCH,OPKC,2026-01-06T16:02:00.000Z,2026-01-06T23:07:00.000Z,320,false
V012166,OPKC,EKCH,2026-01-06T14:58:00.000Z,2026-01-06T22:03:00.000Z,320,false
V012167,EKCH,UBBB,2026-01-06T01:01:00.000Z,2026-01-06T05:06:00.000Z,300,false
V012168,UBBB,EKCH,2026-01-06T02:50:00.000Z,2026-01-06T06:55:00.000Z,320,false
V012169,EKCH,UBBB,2026-01-06T09:19:00.000Z,2026-01-06T13:24:00.000Z,340,false
V012170,UBBB,EKCH,2026-01-06T04:37:00.000Z,2026-01-06T08:42:00.000Z,340,false
V012171,EKCH,UBBB,2026-01-06T13:41:00.000Z,2026-01-06T17:46:00.000Z,320,false
V012172,UBBB,EKCH,2026-01-06T13:52:00.000Z,2026-01-06T17:57:00.000Z,360,false
V012173,EKCH,UBBB,2026-01-06T20:46:00.000Z,2026-01-07T00:51:00.000Z,320,false
V012174,UBBB,EKCH,2026-01-06T16:02:00.000Z,2026-01-06T20:07:00.000Z,320,false
V012175,EKCH,OJAI,2026-01-06T02:48:00.000Z,2026-01-06T06:51:00.000Z,300,false
V012176,OJAI,EKCH,2026-01-06T01:48:00.000Z,2026-01-06T05:51:00.000Z,300,false
V012177,EKCH,OJAI,2026-01-06T06:57:00.000Z,2026-01-06T11:00:00.000Z,320,false
V012178,OJAI,EKCH,2026-01-06T04:24:00.000Z,2026-01-06T08:27:00.000Z,340,false
V012179,EKCH,OJAI,2026-01-06T14:01:00.000Z,2026-01-06T18:04:00.000Z,340,false
V012180,OJAI,EKCH,2026-01-06T13:07:00.000Z,2026-01-06T17:10:00.000Z,360,false
V012181,EKCH,OJAI,2026-01-06T19:41:00.000Z,2026-01-06T23:44:00.000Z,320,false
V012182,OJAI,EKCH,2026-01-06T17:14:00.000Z,2026-01-06T21:17:00.000Z,300,false
V012183,EHAM,VIDP,2026-01-06T03:45:00.000Z,2026-01-06T11:52:00.000Z,360,false
V012184,VIDP,EHAM,2026-01-05T22:19:00.000Z,2026-01-06T06:26:00.000Z,300,false
V012185,EHAM,VIDP,2026-01-06T04:24:00.000Z,2026-01-06T12:31:00.000Z,300,false
V012186,VIDP,EHAM,2026-01-06T04:05:00.000Z,2026-01-06T12:12:00.000Z,320,false
V012187,EHAM,VIDP,2026-01-06T14:49:00.000Z,2026-01-06T22:56:00.000Z,320,false
V012188,VIDP,EHAM,2026-01-06T11:14:00.000Z,2026-01-06T19:21:00.000Z,320,false
V012189,EHAM,VIDP,2026-01-06T19:58:00.000Z,2026-01-07T04:05:00.000Z,340,false
V012190,VIDP,EHAM,2026-01-06T18:10:00.000Z,2026-01-07T02:17:00.000Z,360,false
V012191,EHAM,OSDI,2026-01-06T04:22:00.000Z,2026-01-06T08:32:00.000Z,320,false
V012192,OSDI,EHAM,2026-01-06T04:28:00.000Z,2026-01-06T08:38:00.000Z,300,false
V012193,EHAM,OSDI,2026-01-06T06:16:00.000Z,2026-01-06T10:26:00.000Z,360,false
V012194,OSDI,EHAM,2026-01-06T09:38:00.000Z,2026-01-06T13:48:00.000Z,360,false
V012195,EHAM,OSDI,2026-01-06T14:22:00.000Z,2026-01-06T18:32:00.000Z,340,false
V012196,OSDI,EHAM,2026-01-06T15:50:00.000Z,2026-01-06T20:00:00.000Z,300,false
V012197,EHAM,OAKB,2026-01-06T04:55:00.000Z,2026-01-06T11:46:00.000Z,320,false
V012198,OAKB,EHAM,2026-01-06T03:17:00.000Z,2026-01-06T10:08:00.000Z,360,false
V012199,EHAM,OAKB,2026-01-06T13:03:00.000Z,2026-01-06T19:54:00.000Z,340,false
V012200,OAKB,EHAM,2026-01-06T06:02:00.000Z,2026-01-06T12:53:00.000Z,360,false
V012201,EHAM,OAKB,2026-01-06T18:12:00.000Z,2026-01-07T01:03:00.000Z,340,false
V012202,OAKB,EHAM,2026-01-06T14:17:00.000Z,2026-01-06T21:08:00.000Z,360,false
V012203,EHAM,OOMS,2026-01-06T04:51:00.000Z,2026-01-06T11:51:00.000Z,300,false
V012204,OOMS,EHAM,2026-01-06T01:03:00.000Z,2026-01-06T08:03:00.000Z,360,false
V012205,EHAM,OYSN,2026-01-06T03:21:00.000Z,2026-01-06T10:10:00.000Z,300,false
V012206,OYSN,EHAM,2026-01-06T04:27:00.000Z,2026-01-06T11:16:00.000Z,320,false
V012207,EHAM,OYSN,2026-01-06T07:47:00.000Z,2026-01-06T14:36:00.000Z,300,false
V012208,OYSN,EHAM,2026-01-06T12:27:00.000Z,2026-01-06T19:16:00.000Z,320,false
V012209,EHAM,OYSN,2026-01-06T16:06:00.000Z,2026-01-06T22:55:00.000Z,360,false
V012210,OYSN,EHAM,2026-01-06T16:22:00.000Z,2026-01-06T23:11:00.000Z,360,false
V012211,EHAM,OPKC,2026-01-05T23:27:00.000Z,2026-01-06T07:07:00.000Z,300,false
V012212,OPKC,EHAM,2026-01-05T21:46:00.000Z,2026-01-06T05:26:00.000Z,300,false
V012213,EHAM,OPKC,2026-01-06T07:21:00.000Z,2026-01-06T15:01:00.000Z,320,false
V012214,OPKC,EHAM,2026-01-06T03:20:00.000Z,2026-01-06T11:00:00.000Z,340,false
V012215,EHAM,OPKC,2026-01-06T17:18:00.000Z,2026-01-07T00:58:00.000Z,320,false
V012216,OPKC,EHAM,2026-01-06T15:31:00.000Z,2026-01-06T23:11:00.000Z,300,false
V012217,EHAM,UBBB,2026-01-06T01:42:00.000Z,2026-01-06T06:23:00.000Z,300,false
V012218,UBBB,EHAM,2026-01-05T22:53:00.000Z,2026-01-06T03:34:00.000Z,340,false
V012219,EHAM,UBBB,2026-01-06T09:06:00.000Z,2026-01-06T13:47:00.000Z,360,false
V012220,UBBB,EHAM,2026-01-06T04:47:00.000Z,2026-01-06T09:28:00.000Z,360,false
V012221,EHAM,UBBB,2026-01-06T10:42:00.000Z,2026-01-06T15:23:00.000Z,300,false
V012222,UBBB,EHAM,2026-01-06T11:27:00.000Z,2026-01-06T16:08:00.000Z,340,false
V012223,EHAM,UBBB,2026-01-06T21:49:00.000Z,2026-01-07T02:30:00.000Z,360,false
V012224,UBBB,EHAM,2026-01-06T20:30:00.000Z,2026-01-07T01:11:00.000Z,360,false
V012225,EHAM,OJAI,2026-01-06T01:34:00.000Z,2026-01-06T05:53:00.000Z,300,false
V012226,OJAI,EHAM,2026-01-06T00:43:00.000Z,2026-01-06T05:02:00.000Z,360,false
V012227,EHAM,OJAI,2026-01-06T09:06:00.000Z,2026-01-06T13:25:00.000Z,320,false
V012228,OJAI,EHAM,2026-01-06T03:07:00.000Z,2026-01-06T07:26:00.000Z,340,false
V012229,EHAM,OJAI,2026-01-06T15:05:00.000Z,2026-01-06T19:24:00.000Z,360,false
V012230,OJAI,EHAM,2026-01-06T13:08:00.000Z,2026-01-06T17:27:00.000Z,340,false
V012231,EHAM,OJAI,2026-01-06T21:53:00.000Z,2026-01-07T02:12:00.000Z,300,false
V012232,OJAI,EHAM,2026-01-06T19:36:00.000Z,2026-01-06T23:55:00.000Z,320,false
V012233,VIDP,OSDI,2026-01-05T20:50:00.000Z,2026-01-06T01:47:00.000Z,300,false
V012234,OSDI,VIDP,2026-01-05T22:27:00.000Z,2026-01-06T03:24:00.000Z,360,false
V012235,VIDP,OSDI,2026-01-06T03:15:00.000Z,2026-01-06T08:12:00.000Z,340,false
V012236,OSDI,VIDP,2026-01-06T03:26:00.000Z,2026-01-06T08:23:00.000Z,300,false
V012237,VIDP,OSDI,2026-01-06T10:45:00.000Z,2026-01-06T15:42:00.000Z,340,false
V012238,OSDI,VIDP,2026-01-06T14:38:00.000Z,2026-01-06T19:35:00.000Z,320,false
V012239,VIDP,OSDI,2026-01-06T17:59:00.000Z,2026-01-06T22:56:00.000Z,320,false
V012240,OSDI,VIDP,2026-01-06T19:52:00.000Z,2026-01-07T00:49:00.000Z,300,false
V012241,VIDP,OAKB,2026-01-05T20:20:00.000Z,2026-01-05T21:36:00.000Z,360,false
V012242,OAKB,VIDP,2026-01-05T23:26:00.000Z,2026-01-06T00:42:00.000Z,300,false
V012243,VIDP,OAKB,2026-01-06T06:06:00.000Z,2026-01-06T07:22:00.000Z,360,false
V012244,OAKB,VIDP,2026-01-06T06:59:00.000Z,2026-01-06T08:15:00.000Z,300,false
V012245,VIDP,OAKB,2026-01-06T11:34:00.000Z,2026-01-06T12:50:00.000Z,340,false
V012246,OAKB,VIDP,2026-01-06T10:26:00.000Z,2026-01-06T11:42:00.000Z,340,false
V012247,VIDP,OAKB,2026-01-06T14:33:00.000Z,2026-01-06T15:49:00.000Z,300,false
V012248,OAKB,VIDP,2026-01-06T15:26:00.000Z,2026-01-06T16:42:00.000Z,340,false
V012249,VIDP,OOMS,2026-01-05T23:00:00.000Z,2026-01-06T01:29:00.000Z,340,false
V012250,OOMS,VIDP,2026-01-06T01:33:00.000Z,2026-01-06T04:02:00.000Z,340,false
V012251,VIDP,OOMS,2026-01-06T03:14:00.000Z,2026-01-06T05:43:00.000Z,340,false
V012252,OOMS,VIDP,2026-01-06T06:46:00.000Z,2026-01-06T09:15:00.000Z,300,false
V012253,VIDP,OOMS,2026-01-06T07:49:00.000Z,2026-01-06T10:18:00.000Z,340,false
V012254,OOMS,VIDP,2026-01-06T08:07:00.000Z,2026-01-06T10:36:00.000Z,300,false
V012255,VIDP,OOMS,2026-01-06T16:47:00.000Z,2026-01-06T19:16:00.000Z,320,false
V012256,OOMS,VIDP,2026-01-06T16:10:00.000Z,2026-01-06T18:39:00.000Z,360,false
V012257,VIDP,OYSN,2026-01-05T22:04:00.000Z,2026-01-06T02:42:00.000Z,300,false
V012258,OYSN,VIDP,2026-01-05T22:27:00.000Z,2026-01-06T03:05:00.000Z,360,false
V012259,VIDP,OYSN,2026-01-06T01:47:00.000Z,2026-01-06T06:25:00.000Z,340,false
V012260,OYSN,VIDP,2026-01-06T07:45:00.000Z,2026-01-06T12:23:00.000Z,340,false
V012261,VIDP,OYSN,2026-01-06T08:20:00.000Z,2026-01-06T12:58:00.000Z,320,false
V012262,OYSN,VIDP,2026-01-06T14:35:00.000Z,2026-01-06T19:13:00.000Z,340,false
V012263,VIDP,OYSN,2026-01-06T18:03:00.000Z,2026-01-06T22:41:00.000Z,340,false
V012264,OYSN,VIDP,2026-01-06T20:46:00.000Z,2026-01-07T01:24:00.000Z,320,false
V012265,VIDP,OPKC,2026-01-06T05:06:00.000Z,2026-01-06T06:28:00.000Z,340,false
V012266,OPKC,VIDP,2026-01-06T03:03:00.000Z,2026-01-06T04:25:00.000Z,340,false
V012267,VIDP,OPKC,2026-01-06T12:03:00.000Z,2026-01-06T13:25:00.000Z,360,false
V012268,OPKC,VIDP,2026-01-06T09:37:00.000Z,2026-01-06T10:59:00.000Z,320,false
V012269,VIDP,UBBB,2026-01-06T00:15:00.000Z,2026-01-06T03:46:00.000Z,360,false
V012270,UBBB,VIDP,2026-01-06T00:12:00.000Z,2026-01-06T03:43:00.000Z,300,false
V012271,VIDP,UBBB,2026-01-06T02:55:00.000Z,2026-01-06T06:26:00.000Z,300,false
V012272,UBBB,VIDP,2026-01-06T07:12:00.000Z,2026-01-06T10:43:00.000Z,320,false
V012273,VIDP,UBBB,2026-01-06T07:57:00.000Z,2026-01-06T11:28:00.000Z,320,false
V012274,UBBB,VIDP,2026-01-06T12:49:00.000Z,2026-01-06T16:20:00.000Z,320,false
V012275,VIDP,UBBB,2026-01-06T18:07:00.000Z,2026-01-06T21:38:00.000Z,300,false
V012276,UBBB,VIDP,2026-01-06T19:03:00.000Z,2026-01-06T22:34:00.000Z,320,false
V012277,VIDP,OJAI,2026-01-05T21:41:00.000Z,2026-01-06T02:47:00.000Z,360,false
V012278,OJAI,VIDP,2026-01-05T22:15:00.000Z,2026-01-06T03:21:00.000Z,300,false
V012279,VIDP,OJAI,2026-01-06T05:01:00.000Z,2026-01-06T10:07:00.000Z,300,false
V012280,OJAI,VIDP,2026-01-06T04:13:00.000Z,2026-01-06T09:19:00.000Z,300,false
V012281,VIDP,OJAI,2026-01-06T12:04:00.000Z,2026-01-06T17:10:00.000Z,300,false
V012282,OJAI,VIDP,2026-01-06T11:14:00.000Z,2026-01-06T16:20:00.000Z,360,false
V012283,VIDP,OJAI,2026-01-06T17:15:00.000Z,2026-01-06T22:21:00.000Z,320,false
V012284,OJAI,VIDP,2026-01-06T16:46:00.000Z,2026-01-06T21:52:00.000Z,300,false
V012285,OSDI,OAKB,2026-01-06T04:08:00.000Z,2026-01-06T07:58:00.000Z,340,false
V012286,OAKB,OSDI,2026-01-06T03:19:00.000Z,2026-01-06T07:09:00.000Z,340,false
V012287,OSDI,OAKB,2026-01-06T10:30:00.000Z,2026-01-06T14:20:00.000Z,320,false
V012288,OAKB,OSDI,2026-01-06T08:41:00.000Z,2026-01-06T12:31:00.000Z,300,false
V012289,OSDI,OAKB,2026-01-06T19:58:00.000Z,2026-01-06T23:48:00.000Z,320,false
V012290,OAKB,OSDI,2026-01-06T16:32:00.000Z,2026-01-06T20:22:00.000Z,360,false
V012291,OSDI,OOMS,2026-01-06T00:34:00.000Z,2026-01-06T03:36:00.000Z,320,false
V012292,OOMS,OSDI,2026-01-05T22:10:00.000Z,2026-01-06T01:12:00.000Z,300,false
V012293,OSDI,OOMS,2026-01-06T10:17:00.000Z,2026-01-06T13:19:00.000Z,340,false
V012294,OOMS,OSDI,2026-01-06T04:45:00.000Z,2026-01-06T07:47:00.000Z,320,false
V012295,OSDI,OOMS,2026-01-06T20:33:00.000Z,2026-01-06T23:35:00.000Z,320,false
V012296,OOMS,OSDI,2026-01-06T17:46:00.000Z,2026-01-06T20:48:00.000Z,320,false
V012297,OSDI,OYSN,2026-01-06T04:00:00.000Z,2026-01-06T06:42:00.000Z,360,false
V012298,OYSN,OSDI,2026-01-06T04:40:00.000Z,2026-01-06T07:22:00.000Z,360,false
V012299,OSDI,OYSN,2026-01-06T08:41:00.000Z,2026-01-06T11:23:00.000Z,320,false
V012300,OYSN,OSDI,2026-01-06T12:44:00.000Z,2026-01-06T15:26:00.000Z,340,false
V012301,OSDI,OYSN,2026-01-06T13:42:00.000Z,2026-01-06T16:24:00.000Z,340,false
V012302,OYSN,OSDI,2026-01-06T16:29:00.000Z,2026-01-06T19:11:00.000Z,340,false
V012303,OSDI,OPKC,2026-01-06T02:45:00.000Z,2026-01-06T06:44:00.000Z,300,false
V012304,OPKC,OSDI,2026-01-05T19:49:00.000Z,2026-01-05T23:48:00.000Z,360,false
V012305,OSDI,OPKC,2026-01-06T04:42:00.000Z,2026-01-06T08:41:00.000Z,360,false
V012306,OPKC,OSDI,2026-01-06T02:22:00.000Z,2026-01-06T06:21:00.000Z,360,false
V012307,OSDI,OPKC,2026-01-06T14:47:00.000Z,2026-01-06T18:46:00.000Z,360,false
V012308,OPKC,OSDI,2026-01-06T12:30:00.000Z,2026-01-06T16:29:00.000Z,360,false
V012309,OSDI,OPKC,2026-01-06T17:44:00.000Z,2026-01-06T21:43:00.000Z,320,false
V012310,OPKC,OSDI,2026-01-06T16:49:00.000Z,2026-01-06T20:48:00.000Z,300,false
V012311,OSDI,UBBB,2026-01-05T22:16:00.000Z,2026-01-06T00:07:00.000Z,300,false
V012312,UBBB,OSDI,2026-01-05T22:00:00.000Z,2026-01-05T23:51:00.000Z,340,false
V012313,OSDI,UBBB,2026-01-06T05:06:00.000Z,2026-01-06T06:57:00.000Z,320,false
V012314,UBBB,OSDI,2026-01-06T09:58:00.000Z,2026-01-06T11:49:00.000Z,360,false
V012315,OSDI,UBBB,2026-01-06T13:52:00.000Z,2026-01-06T15:43:00.000Z,340,false
V012316,UBBB,OSDI,2026-01-06T14:43:00.000Z,2026-01-06T16:34:00.000Z,360,false
V012317,OSDI,OJAI,2026-01-06T06:00:00.000Z,2026-01-06T06:18:00.000Z,360,false
V012318,OJAI,OSDI,2026-01-06T07:01:00.000Z,2026-01-06T07:19:00.000Z,320,false
V012319,OSDI,OJAI,2026-01-06T14:25:00.000Z,2026-01-06T14:43:00.000Z,320,false
V012320,OJAI,OSDI,2026-01-06T19:51:00.000Z,2026-01-06T20:09:00.000Z,300,false
V012321,OAKB,OOMS,2026-01-05T20:03:00.000Z,2026-01-05T22:05:00.000Z,340,false
V012322,OOMS,OAKB,2026-01-06T00:58:00.000Z,2026-01-06T03:00:00.000Z,300,false
V012323,OAKB,OOMS,2026-01-06T07:53:00.000Z,2026-01-06T09:55:00.000Z,300,false
V012324,OOMS,OAKB,2026-01-06T02:58:00.000Z,2026-01-06T05:00:00.000Z,360,false
V012325,OAKB,OOMS,2026-01-06T10:48:00.000Z,2026-01-06T12:50:00.000Z,300,false
V012326,OOMS,OAKB,2026-01-06T08:01:00.000Z,2026-01-06T10:03:00.000Z,360,false
V012327,OAKB,OOMS,2026-01-06T18:26:00.000Z,2026-01-06T20:28:00.000Z,340,false
V012328,OOMS,OAKB,2026-01-06T16:26:00.000Z,2026-01-06T18:28:00.000Z,300,false
V012329,OAKB,OYSN,2026-01-06T00:42:00.000Z,2026-01-06T04:49:00.000Z,320,false
V012330,OYSN,OAKB,2026-01-05T23:01:00.000Z,2026-01-06T03:08:00.000Z,300,false
V012331,OAKB,OYSN,2026-01-06T04:17:00.000Z,2026-01-06T08:24:00.000Z,360,false
V012332,OYSN,OAKB,2026-01-06T05:35:00.000Z,2026-01-06T09:42:00.000Z,360,false
V012333,OAKB,OYSN,2026-01-06T11:21:00.000Z,2026-01-06T15:28:00.000Z,340,false
V012334,OYSN,OAKB,2026-01-06T12:44:00.000Z,2026-01-06T16:51:00.000Z,300,false
V012335,OAKB,OYSN,2026-01-06T18:46:00.000Z,2026-01-06T22:53:00.000Z,320,false
V012336,OYSN,OAKB,2026-01-06T17:31:00.000Z,2026-01-06T21:38:00.000Z,300,false
V012337,OAKB,OPKC,2026-01-05T21:26:00.000Z,2026-01-05T22:51:00.000Z,300,false
V012338,OPKC,OAKB,2026-01-05T20:00:00.000Z,2026-01-05T21:25:00.000Z,320,false
V012339,OAKB,OPKC,2026-01-06T06:31:00.000Z,2026-01-06T07:56:00.000Z,360,false
V012340,OPKC,OAKB,2026-01-06T06:07:00.000Z,2026-01-06T07:32:00.000Z,360,false
V012341,OAKB,OPKC,2026-01-06T08:23:00.000Z,2026-01-06T09:48:00.000Z,360,false
V012342,OPKC,OAKB,2026-01-06T08:52:00.000Z,2026-01-06T10:17:00.000Z,320,false
V012343,OAKB,OPKC,2026-01-06T17:06:00.000Z,2026-01-06T18:31:00.000Z,340,false
V012344,OPKC,OAKB,2026-01-06T14:15:00.000Z,2026-01-06T15:40:00.000Z,360,false
V012345,OAKB,UBBB,2026-01-06T01:48:00.000Z,2026-01-06T04:04:00.000Z,320,false
V012346,UBBB,OAKB,2026-01-05T22:24:00.000Z,2026-01-06T00:40:00.000Z,320,false
V012347,OAKB,UBBB,2026-01-06T03:03:00.000Z,2026-01-06T05:19:00.000Z,340,false
V012348,UBBB,OAKB,2026-01-06T07:37:00.000Z,2026-01-06T09:53:00.000Z,300,false
V012349,OAKB,UBBB,2026-01-06T09:28:00.000Z,2026-01-06T11:44:00.000Z,360,false
V012350,UBBB,OAKB,2026-01-06T10:23:00.000Z,2026-01-06T12:39:00.000Z,300,false
V012351,OAKB,UBBB,2026-01-06T15:48:00.000Z,2026-01-06T18:04:00.000Z,300,false
V012352,UBBB,OAKB,2026-01-06T16:21:00.000Z,2026-01-06T18:37:00.000Z,320,false
V012353,OAKB,OJAI,2026-01-06T01:12:00.000Z,2026-01-06T05:12:00.000Z,340,false
V012354,OJAI,OAKB,2026-01-06T04:47:00.000Z,2026-01-06T08:47:00.000Z,360,false
V012355,OAKB,OJAI,2026-01-06T11:37:00.000Z,2026-01-06T15:37:00.000Z,320,false
V012356,OJAI,OAKB,2026-01-06T07:03:00.000Z,2026-01-06T11:03:00.000Z,320,false
V012357,OAKB,OJAI,2026-01-06T15:13:00.000Z,2026-01-06T19:13:00.000Z,360,false
V012358,OJAI,OAKB,2026-01-06T19:14:00.000Z,2026-01-06T23:14:00.000Z,340,false
V012359,OOMS,OYSN,2026-01-06T10:17:00.000Z,2026-01-06T12:26:00.000Z,340,false
V012360,OYSN,OOMS,2026-01-06T11:28:00.000Z,2026-01-06T13:37:00.000Z,300,false
V012361,OOMS,OPKC,2026-01-05T22:04:00.000Z,2026-01-05T23:13:00.000Z,360,false
V012362,OPKC,OOMS,2026-01-05T19:06:00.000Z,2026-01-05T20:15:00.000Z,360,false
V012363,OOMS,OPKC,2026-01-06T11:57:00.000Z,2026-01-06T13:06:00.000Z,340,false
V012364,OPKC,OOMS,2026-01-06T10:25:00.000Z,2026-01-06T11:34:00.000Z,300,false
V012365,OOMS,OPKC,2026-01-06T17:18:00.000Z,2026-01-06T18:27:00.000Z,340,false
V012366,OPKC,OOMS,2026-01-06T18:18:00.000Z,2026-01-06T19:27:00.000Z,300,false
V012367,OOMS,UBBB,2026-01-05T22:33:00.000Z,2026-01-06T01:06:00.000Z,340,false
V012368,UBBB,OOMS,2026-01-06T03:58:00.000Z,2026-01-06T06:31:00.000Z,360,false
V012369,OOMS,UBBB,2026-01-06T06:37:00.000Z,2026-01-06T09:10:00.000Z,360,false
V012370,UBBB,OOMS,2026-01-06T04:09:00.000Z,2026-01-06T06:42:00.000Z,300,false
V012371,OOMS,UBBB,2026-01-06T12:20:00.000Z,2026-01-06T14:53:00.000Z,340,false
V012372,UBBB,OOMS,2026-01-06T15:23:00.000Z,2026-01-06T17:56:00.000Z,340,false
V012373,OOMS,UBBB,2026-01-06T18:46:00.000Z,2026-01-06T21:19:00.000Z,320,false
V012374,UBBB,OOMS,2026-01-06T20:10:00.000Z,2026-01-06T22:43:00.000Z,360,false
V012375,OOMS,OJAI,2026-01-06T06:18:00.000Z,2026-01-06T09:22:00.000Z,360,false
V012376,OJAI,OOMS,2026-01-06T05:17:00.000Z,2026-01-06T08:21:00.000Z,360,false
V012377,OOMS,OJAI,2026-01-06T08:16:00.000Z,2026-01-06T11:20:00.000Z,360,false
V012378,OJAI,OOMS,2026-01-06T11:49:00.000Z,2026-01-06T14:53:00.000Z,340,false
V012379,OYSN,OPKC,2026-01-05T21:15:00.000Z,2026-01-06T00:31:00.000Z,300,false
V012380,OPKC,OYSN,2026-01-05T22:56:00.000Z,2026-01-06T02:12:00.000Z,300,false
V012381,OYSN,OPKC,2026-01-06T06:10:00.000Z,2026-01-06T09:26:00.000Z,320,false
V012382,OPKC,OYSN,2026-01-06T06:07:00.000Z,2026-01-06T09:23:00.000Z,360,false
V012383,OYSN,OPKC,2026-01-06T14:23:00.000Z,2026-01-06T17:39:00.000Z,340,false
V012384,OPKC,OYSN,2026-01-06T11:46:00.000Z,2026-01-06T15:02:00.000Z,300,false
V012385,OYSN,OPKC,2026-01-06T16:21:00.000Z,2026-01-06T19:37:00.000Z,360,false
V012386,OPKC,OYSN,2026-01-06T18:21:00.000Z,2026-01-06T21:37:00.000Z,300,false
V012387,OYSN,UBBB,2026-01-06T02:53:00.000Z,2026-01-06T06:27:00.000Z,340,false
V012388,UBBB,OYSN,2026-01-05T22:25:00.000Z,2026-01-06T01:59:00.000Z,320,false
V012389,OYSN,UBBB,2026-01-06T03:49:00.000Z,2026-01-06T07:23:00.000Z,360,false
V012390,UBBB,OYSN,2026-01-06T05:35:00.000Z,2026-01-06T09:09:00.000Z,360,false
V012391,OYSN,UBBB,2026-01-06T10:14:00.000Z,2026-01-06T13:48:00.000Z,300,false
V012392,UBBB,OYSN,2026-01-06T12:13:00.000Z,2026-01-06T15:47:00.000Z,340,false
V012393,OYSN,UBBB,2026-01-06T17:27:00.000Z,2026-01-06T21:01:00.000Z,320,false
V012394,UBBB,OYSN,2026-01-06T17:06:00.000Z,2026-01-06T20:40:00.000Z,320,false
V012395,OYSN,OJAI,2026-01-05T22:16:00.000Z,2026-01-06T00:47:00.000Z,320,false
V012396,OJAI,OYSN,2026-01-05T21:13:00.000Z,2026-01-05T23:44:00.000Z,320,false
V012397,OYSN,OJAI,2026-01-06T06:03:00.000Z,2026-01-06T08:34:00.000Z,360,false
V012398,OJAI,OYSN,2026-01-06T03:51:00.000Z,2026-01-06T06:22:00.000Z,340,false
V012399,OYSN,OJAI,2026-01-06T10:48:00.000Z,2026-01-06T13:19:00.000Z,300,false
V012400,OJAI,OYSN,2026-01-06T11:02:00.000Z,2026-01-06T13:33:00.000Z,300,false
V012401,OYSN,OJAI,2026-01-06T20:46:00.000Z,2026-01-06T23:17:00.000Z,320,false
V012402,OJAI,OYSN,2026-01-06T15:58:00.000Z,2026-01-06T18:29:00.000Z,320,false
V012403,OPKC,UBBB,2026-01-05T22:26:00.000Z,2026-01-06T01:26:00.000Z,320,false
V012404,UBBB,OPKC,2026-01-06T01:16:00.000Z,2026-01-06T04:16:00.000Z,340,false
V012405,OPKC,UBBB,2026-01-06T01:39:00.000Z,2026-01-06T04:39:00.000Z,300,false
V012406,UBBB,OPKC,2026-01-06T07:27:00.000Z,2026-01-06T10:27:00.000Z,320,false
V012407,OPKC,UBBB,2026-01-06T12:12:00.000Z,2026-01-06T15:12:00.000Z,360,false
V012408,UBBB,OPKC,2026-01-06T13:30:00.000Z,2026-01-06T16:30:00.000Z,320,false
V012409,OPKC,UBBB,2026-01-06T15:44:00.000Z,2026-01-06T18:44:00.000Z,300,false
V012410,UBBB,OPKC,2026-01-06T21:53:00.000Z,2026-01-07T00:53:00.000Z,340,false
V012411,OPKC,OJAI,2026-01-06T00:45:00.000Z,2026-01-06T04:49:00.000Z,300,false
V012412,OJAI,OPKC,2026-01-05T23:16:00.000Z,2026-01-06T03:20:00.000Z,340,false
V012413,OPKC,OJAI,2026-01-06T06:54:00.000Z,2026-01-06T10:58:00.000Z,340,false
V012414,OJAI,OPKC,2026-01-06T04:51:00.000Z,2026-01-06T08:55:00.000Z,300,false
V012415,OPKC,OJAI,2026-01-06T12:56:00.000Z,2026-01-06T17:00:00.000Z,340,false
V012416,OJAI,OPKC,2026-01-06T14:04:00.000Z,2026-01-06T18:08:00.000Z,300,false
V012417,OPKC,OJAI,2026-01-06T13:32:00.000Z,2026-01-06T17:36:00.000Z,320,false
V012418,OJAI,OPKC,2026-01-06T16:20:00.000Z,2026-01-06T20:24:00.000Z,300,false
V012419,UBBB,OJAI,2026-01-06T13:17:00.000Z,2026-01-06T15:24:00.000Z,300,false
V012420,OJAI,UBBB,2026-01-06T16:48:00.000Z,2026-01-06T18:55:00.000Z,360,false
