idEnvio,iataOrigen,iataDestino,tipoPaquete,cantidadMaletas,horaDisponibilidadUtc
000035816,EBCI,OPKC,NORMAL,2,2027-01-08T00:08:00.000Z
000035817,EBCI,SABE,NORMAL,2,2027-01-08T00:11:00.000Z
000035818,EBCI,SKBO,NORMAL,1,2027-01-08T00:21:00.000Z
000035819,EBCI,LATI,NORMAL,1,2027-01-08T00:25:00.000Z
000035820,EBCI,OJAI,NORMAL,1,2027-01-08T00:26:00.000Z
000035821,EBCI,SPIM,NORMAL,1,2027-01-08T00:26:00.000Z
000035822,EBCI,LOWW,NORMAL,1,2027-01-08T00:28:00.000Z
000035823,EBCI,OMDB,NORMAL,1,2027-01-08T00:38:00.000Z
000035824,EBCI,SCEL,NORMAL,1,2027-01-08T00:43:00.000Z
000035825,EBCI,OERK,NORMAL,1,2027-01-08T00:42:00.000Z
000035826,EBCI,SABE,NORMAL,1,2027-01-08T00:53:00.000Z
000035827,EBCI,SPIM,NORMAL,1,2027-01-08T00:56:00.000Z
000035828,EBCI,SLLP,NORMAL,1,2027-01-08T00:52:00.000Z
000035829,EBCI,SBBR,NORMAL,1,2027-01-08T00:57:00.000Z
000035830,EBCI,UBBB,NORMAL,1,2027-01-08T01:00:00.000Z
000035831,EBCI,OYSN,NORMAL,1,2027-01-08T01:08:00.000Z
000035832,EBCI,OSDI,NORMAL,1,2027-01-08T01:17:00.000Z
000035833,EBCI,OERK,NORMAL,1,2027-01-08T01:13:00.000Z
000035834,EBCI,SBBR,NORMAL,1,2027-01-08T01:25:00.000Z
000035835,EBCI,SVMI,NORMAL,1,2027-01-08T01:28:00.000Z
000035836,EBCI,LATI,NORMAL,1,2027-01-08T01:25:00.000Z
000035837,EBCI,SPIM,NORMAL,1,2027-01-08T01:30:00.000Z
000035838,EBCI,OAKB,NORMAL,1,2027-01-08T01:37:00.000Z
000035839,EBCI,SLLP,NORMAL,1,2027-01-08T01:41:00.000Z
000035840,EBCI,OERK,NORMAL,1,2027-01-08T01:45:00.000Z
000035841,EBCI,SLLP,NORMAL,1,2027-01-08T01:44:00.000Z
000035842,EBCI,LBSF,NORMAL,1,2027-01-08T01:53:00.000Z
000035843,EBCI,SKBO,NORMAL,1,2027-01-08T01:57:00.000Z
000035844,EBCI,UBBB,NORMAL,1,2027-01-08T01:04:00.000Z
000035845,EBCI,LBSF,NORMAL,1,2027-01-08T02:01:00.000Z
000035846,EBCI,SABE,NORMAL,1,2027-01-08T02:12:00.000Z
000035847,EBCI,VIDP,NORMAL,1,2027-01-08T02:13:00.000Z
000035848,EBCI,LBSF,NORMAL,1,2027-01-08T02:17:00.000Z
000035849,EBCI,SEQM,NORMAL,1,2027-01-08T02:22:00.000Z
000035850,EBCI,SVMI,NORMAL,1,2027-01-08T02:26:00.000Z
000035851,EBCI,OSDI,NORMAL,1,2027-01-08T02:32:00.000Z
000035852,EBCI,UBBB,NORMAL,1,2027-01-08T02:30:00.000Z
000035853,EBCI,SCEL,NORMAL,1,2027-01-08T02:36:00.000Z
000035854,EBCI,LDZA,NORMAL,1,2027-01-08T02:40:00.000Z
000035855,EBCI,EDDI,NORMAL,1,2027-01-08T02:44:00.000Z
000035856,EBCI,EDDI,NORMAL,1,2027-01-08T02:52:00.000Z
000035857,EBCI,UMMS,NORMAL,1,2027-01-08T02:55:00.000Z
000035858,EBCI,LDZA,NORMAL,1,2027-01-08T02:01:00.000Z
000035859,EBCI,SBBR,NORMAL,1,2027-01-08T02:03:00.000Z
000035860,EBCI,OOMS,NORMAL,1,2027-01-08T03:07:00.000Z
000035861,EBCI,UMMS,NORMAL,1,2027-01-08T03:11:00.000Z
000035862,EBCI,OMDB,NORMAL,1,2027-01-08T03:17:00.000Z
000035863,EBCI,EDDI,NORMAL,1,2027-01-08T03:20:00.000Z
000035864,EBCI,VIDP,NORMAL,1,2027-01-08T03:25:00.000Z
000035865,EBCI,OPKC,NORMAL,1,2027-01-08T03:23:00.000Z
000035866,EBCI,OERK,NORMAL,1,2027-01-08T03:27:00.000Z
000035867,EBCI,SEQM,NORMAL,1,2027-01-08T03:33:00.000Z
000035868,EBCI,UBBB,NORMAL,1,2027-01-08T03:39:00.000Z
000035869,EBCI,SABE,NORMAL,1,2027-01-08T03:40:00.000Z
000035870,EBCI,OERK,NORMAL,1,2027-01-08T03:40:00.000Z
000035871,EBCI,UBBB,NORMAL,1,2027-01-08T03:49:00.000Z
000035872,EBCI,OPKC,NORMAL,1,2027-01-08T03:48:00.000Z
000035873,EBCI,SUAA,NORMAL,1,2027-01-08T03:52:00.000Z
000035874,EBCI,SGAS,NORMAL,1,2027-01-08T03:03:00.000Z
000035875,EBCI,SUAA,NORMAL,1,2027-01-08T04:07:00.000Z
000035876,EBCI,EKCH,NORMAL,1,2027-01-08T04:05:00.000Z
000035877,EBCI,SGAS,NORMAL,1,2027-01-08T04:09:00.000Z
000035878,EBCI,OPKC,NORMAL,1,2027-01-08T04:18:00.000Z
000035879,EBCI,SABE,NORMAL,1,2027-01-08T04:16:00.000Z
000035880,EBCI,OYSN,NORMAL,1,2027-01-08T04:26:00.000Z
000035881,EBCI,LKPR,NORMAL,1,2027-01-08T04:27:00.000Z
000035882,EBCI,UBBB,NORMAL,1,2027-01-08T04:32:00.000Z
000035883,EBCI,SBBR,NORMAL,1,2027-01-08T04:36:00.000Z
000035884,EBCI,LOWW,NORMAL,1,2027-01-08T04:37:00.000Z
000035885,EBCI,SGAS,NORMAL,1,2027-01-08T04:41:00.000Z
000035886,EBCI,EDDI,NORMAL,1,2027-01-08T04:53:00.000Z
000035887,EBCI,SEQM,NORMAL,1,2027-01-08T04:49:00.000Z
000035888,EBCI,OPKC,NORMAL,1,2027-01-08T04:53:00.000Z
000035889,EBCI,SVMI,NORMAL,1,2027-01-08T04:02:00.000Z
000035890,EBCI,SPIM,NORMAL,1,2027-01-08T05:02:00.000Z
000035891,EBCI,OAKB,NORMAL,1,2027-01-08T05:04:00.000Z
000035892,EBCI,OMDB,NORMAL,1,2027-01-08T05:09:00.000Z
000035893,EBCI,UBBB,NORMAL,1,2027-01-08T05:12:00.000Z
000035894,EBCI,OOMS,NORMAL,1,2027-01-08T05:16:00.000Z
000035895,EBCI,EDDI,NORMAL,1,2027-01-08T05:29:00.000Z
000035896,EBCI,OSDI,NORMAL,1,2027-01-08T05:28:00.000Z
000035897,EBCI,UBBB,NORMAL,1,2027-01-08T05:35:00.000Z
000035898,EBCI,SGAS,NORMAL,1,2027-01-08T05:32:00.000Z
000035899,EBCI,SPIM,NORMAL,1,2027-01-08T05:41:00.000Z
000035900,EBCI,SUAA,NORMAL,1,2027-01-08T05:42:00.000Z
000035901,EBCI,SLLP,NORMAL,1,2027-01-08T05:45:00.000Z
000035902,EBCI,SEQM,NORMAL,1,2027-01-08T05:48:00.000Z
000035903,EBCI,SUAA,NORMAL,1,2027-01-08T05:56:00.000Z
000035904,EBCI,SKBO,NORMAL,1,2027-01-08T05:03:00.000Z
000035905,EBCI,LBSF,NORMAL,1,2027-01-08T06:01:00.000Z
000035906,EBCI,SKBO,NORMAL,1,2027-01-08T06:08:00.000Z
000035907,EBCI,SABE,NORMAL,1,2027-01-08T06:11:00.000Z
000035908,EBCI,LOWW,NORMAL,1,2027-01-08T06:16:00.000Z
000035909,EBCI,SLLP,NORMAL,1,2027-01-08T06:20:00.000Z
000035910,EBCI,OERK,NORMAL,1,2027-01-08T06:23:00.000Z
000035911,EBCI,LATI,NORMAL,1,2027-01-08T06:31:00.000Z
000035912,EBCI,OJAI,NORMAL,1,2027-01-08T06:28:00.000Z
000035913,EBCI,SGAS,NORMAL,1,2027-01-08T06:41:00.000Z
000035914,EBCI,SBBR,NORMAL,1,2027-01-08T06:38:00.000Z
000035915,EBCI,OYSN,NORMAL,1,2027-01-08T06:41:00.000Z
000035916,EBCI,OMDB,NORMAL,1,2027-01-08T06:47:00.000Z
000035917,EBCI,VIDP,NORMAL,1,2027-01-08T06:53:00.000Z
000035918,EBCI,OOMS,NORMAL,1,2027-01-08T06:57:00.000Z
000035919,EBCI,LKPR,NORMAL,1,2027-01-08T06:58:00.000Z
000035920,EBCI,OERK,NORMAL,1,2027-01-08T07:01:00.000Z
000035921,EBCI,SABE,NORMAL,1,2027-01-08T07:05:00.000Z
000035922,EBCI,SABE,NORMAL,1,2027-01-08T07:15:00.000Z
000035923,EBCI,SKBO,NORMAL,1,2027-01-08T07:20:00.000Z
000035924,EBCI,VIDP,NORMAL,1,2027-01-08T07:16:00.000Z
000035925,EBCI,VIDP,NORMAL,1,2027-01-08T07:21:00.000Z
000035926,EBCI,SKBO,NORMAL,1,2027-01-08T07:32:00.000Z
000035927,EBCI,SGAS,NORMAL,1,2027-01-08T07:32:00.000Z
000035928,EBCI,VIDP,NORMAL,1,2027-01-08T07:39:00.000Z
000035929,EBCI,OMDB,NORMAL,1,2027-01-08T07:36:00.000Z
000035930,EBCI,EKCH,NORMAL,1,2027-01-08T07:40:00.000Z
000035931,EBCI,UBBB,NORMAL,1,2027-01-08T07:46:00.000Z
000035932,EBCI,EDDI,NORMAL,1,2027-01-08T07:48:00.000Z
000035933,EBCI,SGAS,NORMAL,1,2027-01-08T07:55:00.000Z
000035934,EBCI,SVMI,NORMAL,1,2027-01-08T07:05:00.000Z
000035935,EBCI,EKCH,NORMAL,1,2027-01-08T08:00:00.000Z
000035936,EBCI,SLLP,NORMAL,1,2027-01-08T08:07:00.000Z
000035937,EBCI,OMDB,NORMAL,1,2027-01-08T08:16:00.000Z
000035938,EBCI,SLLP,NORMAL,1,2027-01-08T08:18:00.000Z
000035939,EBCI,OERK,NORMAL,1,2027-01-08T08:19:00.000Z
000035940,EBCI,OYSN,NORMAL,1,2027-01-08T08:22:00.000Z
000035941,EBCI,EHAM,NORMAL,1,2027-01-08T08:27:00.000Z
000035942,EBCI,SCEL,NORMAL,1,2027-01-08T08:37:00.000Z
000035943,EBCI,SUAA,NORMAL,1,2027-01-08T08:38:00.000Z
000035944,EBCI,SBBR,NORMAL,1,2027-01-08T08:40:00.000Z
000035945,EBCI,OOMS,NORMAL,1,2027-01-08T08:41:00.000Z
000035946,EBCI,SCEL,NORMAL,1,2027-01-08T08:46:00.000Z
000035947,EBCI,LKPR,NORMAL,1,2027-01-08T08:49:00.000Z
000035948,EBCI,SUAA,NORMAL,1,2027-01-08T08:58:00.000Z
000035949,EBCI,SGAS,NORMAL,1,2027-01-08T08:58:00.000Z
000035950,EBCI,OYSN,NORMAL,1,2027-01-08T09:04:00.000Z
000035951,EBCI,UMMS,NORMAL,1,2027-01-08T09:07:00.000Z
000035952,EBCI,LOWW,NORMAL,1,2027-01-08T09:17:00.000Z
000035953,EBCI,OYSN,NORMAL,1,2027-01-08T09:17:00.000Z
000035954,EBCI,SLLP,NORMAL,1,2027-01-08T09:22:00.000Z
000035955,EBCI,SVMI,NORMAL,1,2027-01-08T09:24:00.000Z
000035956,EBCI,SCEL,NORMAL,1,2027-01-08T09:31:00.000Z
000035957,EBCI,OYSN,NORMAL,1,2027-01-08T09:35:00.000Z
000035958,EBCI,LATI,NORMAL,1,2027-01-08T09:40:00.000Z
000035959,EBCI,SBBR,NORMAL,1,2027-01-08T09:41:00.000Z
000035960,EBCI,LATI,NORMAL,1,2027-01-08T09:46:00.000Z
000035961,EBCI,OMDB,NORMAL,1,2027-01-08T09:50:00.000Z
000035962,EBCI,SPIM,NORMAL,1,2027-01-08T09:52:00.000Z
000035963,EBCI,LOWW,NORMAL,1,2027-01-08T09:54:00.000Z
000035964,EBCI,LOWW,NORMAL,1,2027-01-08T09:03:00.000Z
000035965,EBCI,OERK,NORMAL,1,2027-01-08T10:07:00.000Z
000035966,EBCI,SKBO,NORMAL,1,2027-01-08T10:06:00.000Z
000035967,EBCI,EKCH,NORMAL,1,2027-01-08T10:15:00.000Z
000035968,EBCI,SVMI,NORMAL,1,2027-01-08T10:16:00.000Z
000035969,EBCI,OMDB,NORMAL,1,2027-01-08T10:16:00.000Z
000035970,EBCI,SCEL,NORMAL,1,2027-01-08T10:24:00.000Z
000035971,EBCI,SKBO,NORMAL,1,2027-01-08T10:30:00.000Z
000035972,EBCI,OERK,NORMAL,1,2027-01-08T10:34:00.000Z
000035973,EBCI,EDDI,NORMAL,1,2027-01-08T10:41:00.000Z
000035974,EBCI,OYSN,NORMAL,1,2027-01-08T10:44:00.000Z
000035975,EBCI,SBBR,NORMAL,1,2027-01-08T10:43:00.000Z
000035976,EBCI,EHAM,NORMAL,1,2027-01-08T10:44:00.000Z
000035977,EBCI,SPIM,NORMAL,1,2027-01-08T10:54:00.000Z
000035978,EBCI,SGAS,NORMAL,1,2027-01-08T10:59:00.000Z
000035979,EBCI,OPKC,NORMAL,1,2027-01-08T10:02:00.000Z
000035980,EBCI,UBBB,NORMAL,1,2027-01-08T11:09:00.000Z
000035981,EBCI,OMDB,NORMAL,1,2027-01-08T11:04:00.000Z
000035982,EBCI,EDDI,NORMAL,1,2027-01-08T11:16:00.000Z
000035983,EBCI,SVMI,NORMAL,1,2027-01-08T11:18:00.000Z
000035984,EBCI,OMDB,NORMAL,1,2027-01-08T11:22:00.000Z
000035985,EBCI,OJAI,NORMAL,1,2027-01-08T11:27:00.000Z
000035986,EBCI,SLLP,NORMAL,1,2027-01-08T11:24:00.000Z
000035987,EBCI,LDZA,NORMAL,1,2027-01-08T11:35:00.000Z
000035988,EBCI,LDZA,NORMAL,1,2027-01-08T11:41:00.000Z
000035989,EBCI,OSDI,NORMAL,1,2027-01-08T11:39:00.000Z
000035990,EBCI,SKBO,NORMAL,1,2027-01-08T11:45:00.000Z
000035991,EBCI,EDDI,NORMAL,1,2027-01-08T11:46:00.000Z
000035992,EBCI,SUAA,NORMAL,1,2027-01-08T11:55:00.000Z
000035993,EBCI,SCEL,NORMAL,1,2027-01-08T11:56:00.000Z
000035994,EBCI,LDZA,NORMAL,1,2027-01-08T11:04:00.000Z
000035995,EBCI,LKPR,NORMAL,1,2027-01-08T12:04:00.000Z
000035996,EBCI,LKPR,NORMAL,1,2027-01-08T12:06:00.000Z
000035997,EBCI,OOMS,NORMAL,1,2027-01-08T12:09:00.000Z
000035998,EBCI,SPIM,NORMAL,1,2027-01-08T12:15:00.000Z
000035999,EBCI,UBBB,NORMAL,1,2027-01-08T12:19:00.000Z
000036000,EBCI,OPKC,NORMAL,1,2027-01-08T12:27:00.000Z
000036001,EBCI,SBBR,NORMAL,1,2027-01-08T12:25:00.000Z
000036002,EBCI,LATI,NORMAL,1,2027-01-08T12:28:00.000Z
000036003,EBCI,LKPR,NORMAL,1,2027-01-08T12:36:00.000Z
000036004,EBCI,EDDI,NORMAL,1,2027-01-08T12:39:00.000Z
000036005,EBCI,SBBR,NORMAL,1,2027-01-08T12:47:00.000Z
000036006,EBCI,SEQM,NORMAL,1,2027-01-08T12:48:00.000Z
000036007,EBCI,OYSN,NORMAL,1,2027-01-08T12:53:00.000Z
000036008,EBCI,SABE,NORMAL,1,2027-01-08T12:01:00.000Z
000036009,EBCI,SKBO,NORMAL,1,2027-01-08T12:03:00.000Z
000036010,EBCI,SCEL,NORMAL,1,2027-01-08T13:04:00.000Z
000036011,EBCI,LBSF,NORMAL,1,2027-01-08T13:11:00.000Z
000036012,EBCI,OSDI,NORMAL,1,2027-01-08T13:10:00.000Z
000036013,EBCI,SGAS,NORMAL,1,2027-01-08T13:16:00.000Z
000036014,EBCI,SGAS,NORMAL,1,2027-01-08T13:22:00.000Z
000036015,EBCI,OMDB,NORMAL,1,2027-01-08T13:26:00.000Z
000036016,EBCI,EKCH,NORMAL,1,2027-01-08T13:25:00.000Z
000036017,EBCI,OAKB,NORMAL,1,2027-01-08T13:31:00.000Z
000036018,EBCI,OAKB,NORMAL,1,2027-01-08T13:39:00.000Z
000036019,EBCI,UMMS,NORMAL,1,2027-01-08T13:43:00.000Z
000036020,EBCI,VIDP,NORMAL,1,2027-01-08T13:49:00.000Z
000036021,EBCI,UMMS,NORMAL,1,2027-01-08T13:48:00.000Z
000036022,EBCI,SBBR,NORMAL,1,2027-01-08T13:50:00.000Z
000036023,EBCI,SGAS,NORMAL,1,2027-01-08T13:56:00.000Z
000036024,EBCI,OPKC,NORMAL,1,2027-01-08T13:59:00.000Z
000036025,EBCI,LDZA,NORMAL,1,2027-01-08T14:01:00.000Z
000036026,EBCI,OAKB,NORMAL,1,2027-01-08T14:13:00.000Z
000036027,EBCI,OSDI,NORMAL,1,2027-01-08T14:12:00.000Z
000036028,EBCI,EKCH,NORMAL,1,2027-01-08T14:16:00.000Z
000036029,EBCI,VIDP,NORMAL,1,2027-01-08T14:25:00.000Z
000036030,EBCI,SLLP,NORMAL,1,2027-01-08T14:26:00.000Z
000036031,EBCI,OERK,NORMAL,1,2027-01-08T14:32:00.000Z
000036032,EBCI,LATI,NORMAL,1,2027-01-08T14:31:00.000Z
000036033,EBCI,VIDP,NORMAL,1,2027-01-08T14:37:00.000Z
000036034,EBCI,SVMI,NORMAL,1,2027-01-08T14:45:00.000Z
000036035,EBCI,EDDI,NORMAL,1,2027-01-08T14:40:00.000Z
000036036,EBCI,SEQM,NORMAL,1,2027-01-08T14:45:00.000Z
000036037,EBCI,SKBO,NORMAL,1,2027-01-08T14:55:00.000Z
000036038,EBCI,EDDI,NORMAL,1,2027-01-08T14:00:00.000Z
000036039,EBCI,SEQM,NORMAL,1,2027-01-08T14:04:00.000Z
000036040,EBCI,SUAA,NORMAL,1,2027-01-08T15:09:00.000Z
000036041,EBCI,OAKB,NORMAL,1,2027-01-08T15:07:00.000Z
000036042,EBCI,OOMS,NORMAL,1,2027-01-08T15:13:00.000Z
000036043,EBCI,UMMS,NORMAL,1,2027-01-08T15:21:00.000Z
000036044,EBCI,OOMS,NORMAL,1,2027-01-08T15:22:00.000Z
000036045,EBCI,OYSN,NORMAL,1,2027-01-08T15:27:00.000Z
000036046,EBCI,LOWW,NORMAL,1,2027-01-08T15:25:00.000Z
000036047,EBCI,SKBO,NORMAL,1,2027-01-08T15:36:00.000Z
000036048,EBCI,OPKC,NORMAL,1,2027-01-08T15:38:00.000Z
000036049,EBCI,OJAI,NORMAL,1,2027-01-08T15:43:00.000Z
000036050,EBCI,EHAM,NORMAL,1,2027-01-08T15:43:00.000Z
000036051,EBCI,SKBO,NORMAL,1,2027-01-08T15:52:00.000Z
000036052,EBCI,SEQM,NORMAL,1,2027-01-08T15:48:00.000Z
000036053,EBCI,OPKC,NORMAL,1,2027-01-08T15:01:00.000Z
000036054,EBCI,OAKB,NORMAL,1,2027-01-08T15:58:00.000Z
000036055,EBCI,LOWW,NORMAL,1,2027-01-08T16:05:00.000Z
000036056,EBCI,SVMI,NORMAL,1,2027-01-08T16:05:00.000Z
000036057,EBCI,SUAA,NORMAL,1,2027-01-08T16:10:00.000Z
000036058,EBCI,LKPR,NORMAL,1,2027-01-08T16:16:00.000Z
000036059,EBCI,LDZA,NORMAL,1,2027-01-08T16:25:00.000Z
000036060,EBCI,OSDI,NORMAL,1,2027-01-08T16:21:00.000Z
000036061,EBCI,OMDB,NORMAL,1,2027-01-08T16:31:00.000Z
000036062,EBCI,OAKB,NORMAL,1,2027-01-08T16:32:00.000Z
000036063,EBCI,OMDB,NORMAL,1,2027-01-08T16:33:00.000Z
000036064,EBCI,OYSN,NORMAL,1,2027-01-08T16:38:00.000Z
000036065,EBCI,EKCH,NORMAL,1,2027-01-08T16:47:00.000Z
000036066,EBCI,UBBB,NORMAL,1,2027-01-08T16:44:00.000Z
000036067,EBCI,OMDB,NORMAL,1,2027-01-08T16:56:00.000Z
000036068,EBCI,SPIM,NORMAL,1,2027-01-08T16:59:00.000Z
000036069,EBCI,OPKC,NORMAL,1,2027-01-08T16:05:00.000Z
000036070,EBCI,SEQM,NORMAL,1,2027-01-08T17:03:00.000Z
000036071,EBCI,OYSN,NORMAL,1,2027-01-08T17:09:00.000Z
000036072,EBCI,OOMS,NORMAL,1,2027-01-08T17:12:00.000Z
000036073,EBCI,OJAI,NORMAL,1,2027-01-08T17:20:00.000Z
000036074,EBCI,OAKB,NORMAL,1,2027-01-08T17:22:00.000Z
000036075,EBCI,SGAS,NORMAL,1,2027-01-08T17:24:00.000Z
000036076,EBCI,OOMS,NORMAL,1,2027-01-08T17:32:00.000Z
000036077,EBCI,EHAM,NORMAL,1,2027-01-08T17:29:00.000Z
000036078,EBCI,LBSF,NORMAL,1,2027-01-08T17:34:00.000Z
000036079,EBCI,OJAI,NORMAL,1,2027-01-08T17:36:00.000Z
000036080,EBCI,LDZA,NORMAL,1,2027-01-08T17:46:00.000Z
000036081,EBCI,EKCH,NORMAL,1,2027-01-08T17:51:00.000Z
000036082,EBCI,OYSN,NORMAL,1,2027-01-08T17:57:00.000Z
000036083,EBCI,VIDP,NORMAL,1,2027-01-08T17:52:00.000Z
000036084,EBCI,LBSF,NORMAL,1,2027-01-08T17:04:00.000Z
000036085,EBCI,UBBB,NORMAL,1,2027-01-08T18:05:00.000Z
000036086,EBCI,OYSN,NORMAL,1,2027-01-08T18:06:00.000Z
000036087,EBCI,SVMI,NORMAL,1,2027-01-08T18:15:00.000Z
000036088,EBCI,OMDB,NORMAL,1,2027-01-08T18:20:00.000Z
000036089,EBCI,LATI,NORMAL,1,2027-01-08T18:17:00.000Z
000036090,EBCI,VIDP,NORMAL,1,2027-01-08T18:27:00.000Z
000036091,EBCI,OSDI,NORMAL,1,2027-01-08T18:29:00.000Z
000036092,EBCI,OMDB,NORMAL,1,2027-01-08T18:32:00.000Z
000036093,EBCI,SCEL,NORMAL,1,2027-01-08T18:38:00.000Z
000036094,EBCI,LBSF,NORMAL,1,2027-01-08T18:45:00.000Z
000036095,EBCI,SGAS,NORMAL,1,2027-01-08T18:46:00.000Z
000036096,EBCI,SLLP,NORMAL,1,2027-01-08T18:49:00.000Z
000036097,EBCI,EHAM,NORMAL,1,2027-01-08T18:56:00.000Z
000036098,EBCI,SCEL,NORMAL,1,2027-01-08T18:53:00.000Z
000036099,EBCI,EKCH,NORMAL,1,2027-01-08T18:05:00.000Z
000036100,EBCI,SLLP,NORMAL,1,2027-01-08T19:03:00.000Z
000036101,EBCI,LBSF,NORMAL,1,2027-01-08T19:05:00.000Z
000036102,EBCI,UMMS,NORMAL,1,2027-01-08T19:13:00.000Z
000036103,EBCI,LDZA,NORMAL,1,2027-01-08T19:19:00.000Z
000036104,EBCI,OJAI,NORMAL,1,2027-01-08T19:24:00.000Z
000036105,EBCI,UMMS,NORMAL,1,2027-01-08T19:24:00.000Z
000036106,EBCI,OPKC,NORMAL,1,2027-01-08T19:28:00.000Z
000036107,EBCI,OERK,NORMAL,1,2027-01-08T19:28:00.000Z
000036108,EBCI,OYSN,NORMAL,1,2027-01-08T19:33:00.000Z
000036109,EBCI,SVMI,NORMAL,1,2027-01-08T19:41:00.000Z
000036110,EBCI,UMMS,NORMAL,1,2027-01-08T19:49:00.000Z
000036111,EBCI,UMMS,NORMAL,1,2027-01-08T19:51:00.000Z
000036112,EBCI,VIDP,NORMAL,1,2027-01-08T19:54:00.000Z
000036113,EBCI,SVMI,NORMAL,1,2027-01-08T19:53:00.000Z
000036114,EBCI,SVMI,NORMAL,1,2027-01-08T19:05:00.000Z
000036115,EBCI,SUAA,NORMAL,1,2027-01-08T20:03:00.000Z
000036116,EBCI,OMDB,NORMAL,1,2027-01-08T20:07:00.000Z
000036117,EBCI,LBSF,NORMAL,1,2027-01-08T20:08:00.000Z
000036118,EBCI,OOMS,NORMAL,1,2027-01-08T20:13:00.000Z
000036119,EBCI,LATI,NORMAL,1,2027-01-08T20:20:00.000Z
000036120,EBCI,LDZA,NORMAL,1,2027-01-08T20:22:00.000Z
000036121,EBCI,VIDP,NORMAL,1,2027-01-08T20:32:00.000Z
000036122,EBCI,SVMI,NORMAL,1,2027-01-08T20:35:00.000Z
000036123,EBCI,SVMI,NORMAL,1,2027-01-08T20:38:00.000Z
000036124,EBCI,SABE,NORMAL,1,2027-01-08T20:43:00.000Z
000036125,EBCI,SGAS,NORMAL,1,2027-01-08T20:48:00.000Z
000036126,EBCI,OAKB,NORMAL,1,2027-01-08T20:49:00.000Z
000036127,EBCI,UMMS,NORMAL,1,2027-01-08T20:49:00.000Z
000036128,EBCI,OOMS,NORMAL,1,2027-01-08T20:57:00.000Z
000036129,EBCI,OSDI,NORMAL,1,2027-01-08T20:57:00.000Z
000036130,EBCI,LBSF,NORMAL,1,2027-01-08T21:07:00.000Z
000036131,EBCI,EKCH,NORMAL,1,2027-01-08T21:13:00.000Z
000036132,EBCI,SUAA,NORMAL,1,2027-01-08T21:12:00.000Z
000036133,EBCI,LBSF,NORMAL,1,2027-01-08T21:21:00.000Z
000036134,EBCI,OJAI,NORMAL,1,2027-01-08T21:18:00.000Z
000036135,EBCI,EKCH,NORMAL,1,2027-01-08T21:26:00.000Z
000036136,EBCI,UMMS,NORMAL,1,2027-01-08T21:28:00.000Z
000036137,EBCI,UMMS,NORMAL,1,2027-01-08T21:34:00.000Z
000036138,EBCI,LOWW,NORMAL,1,2027-01-08T21:34:00.000Z
000036139,EBCI,SBBR,NORMAL,1,2027-01-08T21:41:00.000Z
000036140,EBCI,EDDI,NORMAL,1,2027-01-08T21:47:00.000Z
000036141,EBCI,OOMS,NORMAL,1,2027-01-08T21:51:00.000Z
000036142,EBCI,OJAI,NORMAL,1,2027-01-08T21:50:00.000Z
000036143,EBCI,SEQM,NORMAL,1,2027-01-08T21:59:00.000Z
000036144,EBCI,EDDI,NORMAL,1,2027-01-08T21:03:00.000Z
000036145,EBCI,LATI,NORMAL,1,2027-01-08T22:06:00.000Z
000036146,EBCI,EDDI,NORMAL,1,2027-01-08T22:07:00.000Z
000036147,EBCI,LBSF,NORMAL,1,2027-01-08T22:15:00.000Z
000036148,EBCI,SGAS,NORMAL,1,2027-01-08T22:15:00.000Z
000036149,EBCI,LDZA,NORMAL,1,2027-01-08T22:23:00.000Z
000036150,EBCI,LATI,NORMAL,1,2027-01-08T22:27:00.000Z
000036151,EBCI,SEQM,NORMAL,1,2027-01-08T22:33:00.000Z
000036152,EBCI,OERK,NORMAL,1,2027-01-08T22:30:00.000Z
000036153,EBCI,OAKB,NORMAL,1,2027-01-08T22:32:00.000Z
000036154,EBCI,LOWW,NORMAL,1,2027-01-08T22:41:00.000Z
000036155,EBCI,LOWW,NORMAL,1,2027-01-08T22:41:00.000Z
000036156,EBCI,SGAS,NORMAL,1,2027-01-08T22:49:00.000Z
000036157,EBCI,LKPR,NORMAL,1,2027-01-08T22:57:00.000Z
000036158,EBCI,OOMS,NORMAL,1,2027-01-08T22:55:00.000Z
000036159,EBCI,SKBO,NORMAL,1,2027-01-08T22:04:00.000Z
000036160,EBCI,OJAI,NORMAL,1,2027-01-08T23:08:00.000Z
000036161,EBCI,OYSN,NORMAL,1,2027-01-08T23:05:00.000Z
000036607,EDDI,VIDP,NORMAL,6,2027-01-08T00:24:00.000Z
000036608,EDDI,EBCI,NORMAL,6,2027-01-08T00:39:00.000Z
000036609,EDDI,OYSN,NORMAL,6,2027-01-08T00:57:00.000Z
000036610,EDDI,OPKC,NORMAL,6,2027-01-08T01:17:00.000Z
000036611,EDDI,SBBR,NORMAL,6,2027-01-08T01:40:00.000Z
000036612,EDDI,OOMS,NORMAL,6,2027-01-08T01:02:00.000Z
000036613,EDDI,OPKC,NORMAL,6,2027-01-08T02:13:00.000Z
000036614,EDDI,SKBO,NORMAL,6,2027-01-08T02:36:00.000Z
000036615,EDDI,SBBR,NORMAL,6,2027-01-08T02:58:00.000Z
000036616,EDDI,LBSF,NORMAL,6,2027-01-08T03:10:00.000Z
000036617,EDDI,OJAI,NORMAL,6,2027-01-08T03:30:00.000Z
000036618,EDDI,LDZA,NORMAL,6,2027-01-08T03:51:00.000Z
000036619,EDDI,EBCI,NORMAL,6,2027-01-08T04:12:00.000Z
000036620,EDDI,LKPR,NORMAL,6,2027-01-08T04:35:00.000Z
000036621,EDDI,UBBB,NORMAL,6,2027-01-08T04:54:00.000Z
000036622,EDDI,OERK,NORMAL,6,2027-01-08T05:13:00.000Z
000036623,EDDI,OPKC,NORMAL,6,2027-01-08T05:23:00.000Z
000036624,EDDI,OPKC,NORMAL,6,2027-01-08T05:47:00.000Z
000036625,EDDI,EKCH,NORMAL,6,2027-01-08T06:06:00.000Z
000036626,EDDI,LKPR,NORMAL,6,2027-01-08T06:25:00.000Z
000036627,EDDI,SCEL,NORMAL,6,2027-01-08T06:46:00.000Z
000036628,EDDI,OPKC,NORMAL,6,2027-01-08T06:00:00.000Z
000036629,EDDI,LATI,NORMAL,6,2027-01-08T07:20:00.000Z
000036630,EDDI,OERK,NORMAL,6,2027-01-08T07:42:00.000Z
000036631,EDDI,EBCI,NORMAL,6,2027-01-08T07:59:00.000Z
000036632,EDDI,OAKB,NORMAL,6,2027-01-08T08:23:00.000Z
000036633,EDDI,SPIM,NORMAL,6,2027-01-08T08:33:00.000Z
000036634,EDDI,SBBR,NORMAL,6,2027-01-08T08:57:00.000Z
000036635,EDDI,UBBB,NORMAL,6,2027-01-08T09:18:00.000Z
000036636,EDDI,LKPR,NORMAL,6,2027-01-08T09:38:00.000Z
000036637,EDDI,UMMS,NORMAL,6,2027-01-08T09:58:00.000Z
000036638,EDDI,OOMS,NORMAL,6,2027-01-08T10:10:00.000Z
000036639,EDDI,VIDP,NORMAL,6,2027-01-08T10:36:00.000Z
000036640,EDDI,OPKC,NORMAL,6,2027-01-08T10:46:00.000Z
000036641,EDDI,OMDB,NORMAL,6,2027-01-08T11:07:00.000Z
000036642,EDDI,SABE,NORMAL,6,2027-01-08T11:25:00.000Z
000036643,EDDI,LKPR,NORMAL,6,2027-01-08T11:49:00.000Z
000036644,EDDI,SGAS,NORMAL,6,2027-01-08T12:11:00.000Z
000036645,EDDI,LATI,NORMAL,6,2027-01-08T12:24:00.000Z
000036646,EDDI,OAKB,NORMAL,6,2027-01-08T12:49:00.000Z
000036647,EDDI,OYSN,NORMAL,6,2027-01-08T12:02:00.000Z
000036648,EDDI,SABE,NORMAL,6,2027-01-08T13:20:00.000Z
000036649,EDDI,SUAA,NORMAL,6,2027-01-08T13:46:00.000Z
000036650,EDDI,LATI,NORMAL,5,2027-01-08T13:59:00.000Z
000036651,EDDI,SUAA,NORMAL,5,2027-01-08T14:17:00.000Z
000036652,EDDI,UMMS,NORMAL,5,2027-01-08T14:43:00.000Z
000036653,EDDI,OPKC,NORMAL,5,2027-01-08T14:54:00.000Z
000036654,EDDI,LBSF,NORMAL,5,2027-01-08T15:19:00.000Z
000036655,EDDI,SABE,NORMAL,5,2027-01-08T15:39:00.000Z
000036656,EDDI,UMMS,NORMAL,5,2027-01-08T15:52:00.000Z
000036657,EDDI,UBBB,NORMAL,5,2027-01-08T16:11:00.000Z
000036658,EDDI,LOWW,NORMAL,5,2027-01-08T16:32:00.000Z
000036659,EDDI,LBSF,NORMAL,5,2027-01-08T16:54:00.000Z
000036660,EDDI,SUAA,NORMAL,5,2027-01-08T17:08:00.000Z
000036661,EDDI,UBBB,NORMAL,5,2027-01-08T17:25:00.000Z
000036662,EDDI,UBBB,NORMAL,5,2027-01-08T17:47:00.000Z
000036663,EDDI,SLLP,NORMAL,5,2027-01-08T18:08:00.000Z
000036664,EDDI,LOWW,NORMAL,5,2027-01-08T18:28:00.000Z
000036665,EDDI,SEQM,NORMAL,5,2027-01-08T18:44:00.000Z
000036666,EDDI,LATI,NORMAL,5,2027-01-08T19:05:00.000Z
000036667,EDDI,VIDP,NORMAL,5,2027-01-08T19:20:00.000Z
000036668,EDDI,SPIM,NORMAL,5,2027-01-08T19:43:00.000Z
000036669,EDDI,SLLP,NORMAL,5,2027-01-08T19:03:00.000Z
000036670,EDDI,OOMS,NORMAL,5,2027-01-08T20:24:00.000Z
000036671,EDDI,OPKC,NORMAL,1,2027-01-08T20:40:00.000Z
000029041,EHAM,UMMS,NORMAL,3,2027-01-08T00:23:00.000Z
000029042,EHAM,SABE,NORMAL,3,2027-01-08T00:32:00.000Z
000029043,EHAM,VIDP,NORMAL,3,2027-01-08T00:42:00.000Z
000029044,EHAM,OSDI,NORMAL,3,2027-01-08T00:05:00.000Z
000029045,EHAM,LATI,NORMAL,3,2027-01-08T01:14:00.000Z
000029046,EHAM,LATI,NORMAL,3,2027-01-08T01:27:00.000Z
000029047,EHAM,SGAS,NORMAL,3,2027-01-08T01:39:00.000Z
000029048,EHAM,LBSF,NORMAL,3,2027-01-08T01:57:00.000Z
000029049,EHAM,UBBB,NORMAL,3,2027-01-08T02:08:00.000Z
000029050,EHAM,OOMS,NORMAL,3,2027-01-08T02:27:00.000Z
000029051,EHAM,SKBO,NORMAL,3,2027-01-08T02:35:00.000Z
000029052,EHAM,SCEL,NORMAL,3,2027-01-08T02:51:00.000Z
000029053,EHAM,LOWW,NORMAL,3,2027-01-08T03:08:00.000Z
000029054,EHAM,OERK,NORMAL,3,2027-01-08T03:23:00.000Z
000029055,EHAM,OYSN,NORMAL,3,2027-01-08T03:30:00.000Z
000029056,EHAM,SPIM,NORMAL,3,2027-01-08T03:52:00.000Z
000029057,EHAM,LATI,NORMAL,3,2027-01-08T03:04:00.000Z
000029058,EHAM,EKCH,NORMAL,3,2027-01-08T04:12:00.000Z
000029059,EHAM,UBBB,NORMAL,3,2027-01-08T04:30:00.000Z
000029060,EHAM,SVMI,NORMAL,3,2027-01-08T04:49:00.000Z
000029061,EHAM,EKCH,NORMAL,3,2027-01-08T04:03:00.000Z
000029062,EHAM,SABE,NORMAL,3,2027-01-08T05:14:00.000Z
000029063,EHAM,LKPR,NORMAL,3,2027-01-08T05:30:00.000Z
000029064,EHAM,OOMS,NORMAL,3,2027-01-08T05:38:00.000Z
000029065,EHAM,SEQM,NORMAL,3,2027-01-08T05:55:00.000Z
000029066,EHAM,SPIM,NORMAL,3,2027-01-08T06:05:00.000Z
000029067,EHAM,SCEL,NORMAL,3,2027-01-08T06:19:00.000Z
000029068,EHAM,EBCI,NORMAL,3,2027-01-08T06:38:00.000Z
000029069,EHAM,EBCI,NORMAL,3,2027-01-08T06:48:00.000Z
000029070,EHAM,OSDI,NORMAL,3,2027-01-08T07:01:00.000Z
000029071,EHAM,SLLP,NORMAL,3,2027-01-08T07:20:00.000Z
000029072,EHAM,VIDP,NORMAL,3,2027-01-08T07:28:00.000Z
000029073,EHAM,LOWW,NORMAL,3,2027-01-08T07:46:00.000Z
000029074,EHAM,OYSN,NORMAL,3,2027-01-08T07:58:00.000Z
000029075,EHAM,SPIM,NORMAL,3,2027-01-08T08:15:00.000Z
000029076,EHAM,SVMI,NORMAL,3,2027-01-08T08:30:00.000Z
000029077,EHAM,LATI,NORMAL,3,2027-01-08T08:45:00.000Z
000029078,EHAM,SUAA,NORMAL,3,2027-01-08T08:54:00.000Z
000029079,EHAM,LKPR,NORMAL,3,2027-01-08T09:13:00.000Z
000029080,EHAM,SGAS,NORMAL,3,2027-01-08T09:29:00.000Z
000029081,EHAM,LOWW,NORMAL,3,2027-01-08T09:35:00.000Z
000029082,EHAM,SUAA,NORMAL,3,2027-01-08T09:49:00.000Z
000029083,EHAM,LKPR,NORMAL,3,2027-01-08T10:07:00.000Z
000029084,EHAM,SCEL,NORMAL,3,2027-01-08T10:17:00.000Z
000029085,EHAM,SEQM,NORMAL,3,2027-01-08T10:38:00.000Z
000029086,EHAM,LKPR,NORMAL,3,2027-01-08T10:49:00.000Z
000029087,EHAM,LOWW,NORMAL,3,2027-01-08T10:01:00.000Z
000029088,EHAM,SEQM,NORMAL,3,2027-01-08T11:13:00.000Z
000029089,EHAM,SCEL,NORMAL,3,2027-01-08T11:31:00.000Z
000029090,EHAM,OPKC,NORMAL,3,2027-01-08T11:42:00.000Z
000029091,EHAM,LOWW,NORMAL,3,2027-01-08T11:57:00.000Z
000029092,EHAM,SPIM,NORMAL,3,2027-01-08T12:12:00.000Z
000029093,EHAM,OYSN,NORMAL,3,2027-01-08T12:22:00.000Z
000029094,EHAM,SLLP,NORMAL,3,2027-01-08T12:37:00.000Z
000029095,EHAM,OSDI,NORMAL,3,2027-01-08T12:52:00.000Z
000029096,EHAM,VIDP,NORMAL,3,2027-01-08T13:11:00.000Z
000029097,EHAM,EBCI,NORMAL,3,2027-01-08T13:24:00.000Z
000029098,EHAM,VIDP,NORMAL,3,2027-01-08T13:32:00.000Z
000029099,EHAM,EKCH,NORMAL,3,2027-01-08T13:54:00.000Z
000029100,EHAM,UBBB,NORMAL,3,2027-01-08T14:07:00.000Z
000029101,EHAM,SGAS,NORMAL,3,2027-01-08T14:16:00.000Z
000029102,EHAM,SABE,NORMAL,3,2027-01-08T14:36:00.000Z
000029103,EHAM,LBSF,NORMAL,3,2027-01-08T14:44:00.000Z
000029104,EHAM,LOWW,NORMAL,3,2027-01-08T14:01:00.000Z
000029105,EHAM,LDZA,NORMAL,3,2027-01-08T15:16:00.000Z
000029106,EHAM,SKBO,NORMAL,3,2027-01-08T15:28:00.000Z
000029107,EHAM,OERK,NORMAL,3,2027-01-08T15:41:00.000Z
000029108,EHAM,SBBR,NORMAL,3,2027-01-08T15:01:00.000Z
000029109,EHAM,SEQM,NORMAL,3,2027-01-08T16:13:00.000Z
000029110,EHAM,SGAS,NORMAL,3,2027-01-08T16:26:00.000Z
000029111,EHAM,EKCH,NORMAL,3,2027-01-08T16:34:00.000Z
000029112,EHAM,UMMS,NORMAL,3,2027-01-08T16:48:00.000Z
000029113,EHAM,SEQM,NORMAL,3,2027-01-08T17:08:00.000Z
000029114,EHAM,OYSN,NORMAL,3,2027-01-08T17:23:00.000Z
000029115,EHAM,LATI,NORMAL,3,2027-01-08T17:35:00.000Z
000029116,EHAM,OPKC,NORMAL,3,2027-01-08T17:45:00.000Z
000029117,EHAM,LKPR,NORMAL,3,2027-01-08T17:03:00.000Z
000029118,EHAM,SABE,NORMAL,3,2027-01-08T18:13:00.000Z
000029119,EHAM,OOMS,NORMAL,3,2027-01-08T18:27:00.000Z
000029120,EHAM,UMMS,NORMAL,3,2027-01-08T18:49:00.000Z
000029121,EHAM,SUAA,NORMAL,3,2027-01-08T18:58:00.000Z
000029122,EHAM,SEQM,NORMAL,3,2027-01-08T19:10:00.000Z
000029123,EHAM,OAKB,NORMAL,2,2027-01-08T19:24:00.000Z
000029124,EHAM,SCEL,NORMAL,2,2027-01-08T19:38:00.000Z
000029125,EHAM,UBBB,NORMAL,2,2027-01-08T19:57:00.000Z
000029126,EHAM,UBBB,NORMAL,2,2027-01-08T20:12:00.000Z
000029127,EHAM,OERK,NORMAL,1,2027-01-08T20:18:00.000Z
000029178,EKCH,LBSF,NORMAL,2,2027-01-08T00:12:00.000Z
000029179,EKCH,SEQM,NORMAL,2,2027-01-08T00:17:00.000Z
000029180,EKCH,SABE,NORMAL,2,2027-01-08T00:26:00.000Z
000029181,EKCH,LATI,NORMAL,2,2027-01-08T00:31:00.000Z
000029182,EKCH,SABE,NORMAL,2,2027-01-08T00:34:00.000Z
000029183,EKCH,SKBO,NORMAL,2,2027-01-08T00:36:00.000Z
000029184,EKCH,UBBB,NORMAL,2,2027-01-08T00:47:00.000Z
000029185,EKCH,EBCI,NORMAL,2,2027-01-08T00:54:00.000Z
000029186,EKCH,SBBR,NORMAL,2,2027-01-08T00:59:00.000Z
000029187,EKCH,EBCI,NORMAL,2,2027-01-08T01:06:00.000Z
000029188,EKCH,OYSN,NORMAL,2,2027-01-08T01:08:00.000Z
000029189,EKCH,SBBR,NORMAL,2,2027-01-08T01:13:00.000Z
000029190,EKCH,SGAS,NORMAL,2,2027-01-08T01:22:00.000Z
000029191,EKCH,OJAI,NORMAL,2,2027-01-08T01:25:00.000Z
000029192,EKCH,LOWW,NORMAL,2,2027-01-08T01:33:00.000Z
000029193,EKCH,VIDP,NORMAL,2,2027-01-08T01:41:00.000Z
000029194,EKCH,EBCI,NORMAL,2,2027-01-08T01:46:00.000Z
000029195,EKCH,SCEL,NORMAL,2,2027-01-08T01:51:00.000Z
000029196,EKCH,SKBO,NORMAL,2,2027-01-08T01:55:00.000Z
000029197,EKCH,OERK,NORMAL,2,2027-01-08T02:07:00.000Z
000029198,EKCH,SGAS,NORMAL,2,2027-01-08T02:12:00.000Z
000029199,EKCH,SLLP,NORMAL,2,2027-01-08T02:16:00.000Z
000029200,EKCH,SLLP,NORMAL,2,2027-01-08T02:25:00.000Z
000029201,EKCH,UMMS,NORMAL,2,2027-01-08T02:24:00.000Z
000029202,EKCH,OERK,NORMAL,2,2027-01-08T02:39:00.000Z
000029203,EKCH,LKPR,NORMAL,2,2027-01-08T02:45:00.000Z
000029204,EKCH,SUAA,NORMAL,2,2027-01-08T02:49:00.000Z
000029205,EKCH,EBCI,NORMAL,2,2027-01-08T02:52:00.000Z
000029206,EKCH,SLLP,NORMAL,2,2027-01-08T02:00:00.000Z
000029207,EKCH,SPIM,NORMAL,2,2027-01-08T03:08:00.000Z
000029208,EKCH,LBSF,NORMAL,2,2027-01-08T03:08:00.000Z
000029209,EKCH,SGAS,NORMAL,2,2027-01-08T03:12:00.000Z
000029210,EKCH,SVMI,NORMAL,2,2027-01-08T03:26:00.000Z
000029211,EKCH,LATI,NORMAL,2,2027-01-08T03:32:00.000Z
000029212,EKCH,OOMS,NORMAL,2,2027-01-08T03:36:00.000Z
000029213,EKCH,SUAA,NORMAL,2,2027-01-08T03:36:00.000Z
000029214,EKCH,LDZA,NORMAL,2,2027-01-08T03:45:00.000Z
000029215,EKCH,EDDI,NORMAL,2,2027-01-08T03:50:00.000Z
000029216,EKCH,SEQM,NORMAL,2,2027-01-08T03:01:00.000Z
000029217,EKCH,EHAM,NORMAL,2,2027-01-08T04:03:00.000Z
000029218,EKCH,UMMS,NORMAL,2,2027-01-08T04:08:00.000Z
000029219,EKCH,VIDP,NORMAL,2,2027-01-08T04:18:00.000Z
000029220,EKCH,UBBB,NORMAL,2,2027-01-08T04:23:00.000Z
000029221,EKCH,VIDP,NORMAL,2,2027-01-08T04:24:00.000Z
000029222,EKCH,SUAA,NORMAL,2,2027-01-08T04:38:00.000Z
000029223,EKCH,SEQM,NORMAL,2,2027-01-08T04:43:00.000Z
000029224,EKCH,UMMS,NORMAL,2,2027-01-08T04:46:00.000Z
000029225,EKCH,LOWW,NORMAL,2,2027-01-08T04:48:00.000Z
000029226,EKCH,EDDI,NORMAL,2,2027-01-08T04:02:00.000Z
000029227,EKCH,SCEL,NORMAL,2,2027-01-08T05:03:00.000Z
000029228,EKCH,UMMS,NORMAL,2,2027-01-08T05:15:00.000Z
000029229,EKCH,SGAS,NORMAL,2,2027-01-08T05:16:00.000Z
000029230,EKCH,SPIM,NORMAL,2,2027-01-08T05:24:00.000Z
000029231,EKCH,VIDP,NORMAL,2,2027-01-08T05:25:00.000Z
000029232,EKCH,OOMS,NORMAL,2,2027-01-08T05:35:00.000Z
000029233,EKCH,SBBR,NORMAL,2,2027-01-08T05:38:00.000Z
000029234,EKCH,EDDI,NORMAL,2,2027-01-08T05:42:00.000Z
000029235,EKCH,SUAA,NORMAL,2,2027-01-08T05:49:00.000Z
000029236,EKCH,SKBO,NORMAL,2,2027-01-08T05:59:00.000Z
000029237,EKCH,LATI,NORMAL,2,2027-01-08T06:06:00.000Z
000029238,EKCH,SKBO,NORMAL,2,2027-01-08T06:10:00.000Z
000029239,EKCH,SEQM,NORMAL,2,2027-01-08T06:20:00.000Z
000029240,EKCH,SUAA,NORMAL,2,2027-01-08T06:27:00.000Z
000029241,EKCH,SPIM,NORMAL,2,2027-01-08T06:33:00.000Z
000029242,EKCH,UBBB,NORMAL,2,2027-01-08T06:38:00.000Z
000029243,EKCH,UMMS,NORMAL,2,2027-01-08T06:42:00.000Z
000029244,EKCH,LDZA,NORMAL,2,2027-01-08T06:46:00.000Z
000029245,EKCH,SEQM,NORMAL,2,2027-01-08T06:50:00.000Z
000029246,EKCH,SKBO,NORMAL,2,2027-01-08T06:03:00.000Z
000029247,EKCH,SLLP,NORMAL,2,2027-01-08T07:08:00.000Z
000029248,EKCH,SABE,NORMAL,2,2027-01-08T07:11:00.000Z
000029249,EKCH,SVMI,NORMAL,2,2027-01-08T07:19:00.000Z
000029250,EKCH,OJAI,NORMAL,2,2027-01-08T07:21:00.000Z
000029251,EKCH,SUAA,NORMAL,2,2027-01-08T07:32:00.000Z
000029252,EKCH,VIDP,NORMAL,2,2027-01-08T07:34:00.000Z
000029253,EKCH,SBBR,NORMAL,2,2027-01-08T07:36:00.000Z
000029254,EKCH,UMMS,NORMAL,1,2027-01-08T07:50:00.000Z
000029255,EKCH,SCEL,NORMAL,1,2027-01-08T07:55:00.000Z
000029256,EKCH,LATI,NORMAL,1,2027-01-08T07:58:00.000Z
000029257,EKCH,EDDI,NORMAL,1,2027-01-08T08:00:00.000Z
000029258,EKCH,LOWW,NORMAL,1,2027-01-08T08:07:00.000Z
000029259,EKCH,LOWW,NORMAL,1,2027-01-08T08:14:00.000Z
000029260,EKCH,EBCI,NORMAL,1,2027-01-08T08:25:00.000Z
000029261,EKCH,SKBO,NORMAL,1,2027-01-08T08:25:00.000Z
000029262,EKCH,SGAS,NORMAL,1,2027-01-08T08:33:00.000Z
000029263,EKCH,UMMS,NORMAL,1,2027-01-08T08:38:00.000Z
000029264,EKCH,LBSF,NORMAL,1,2027-01-08T08:46:00.000Z
000029265,EKCH,OPKC,NORMAL,1,2027-01-08T08:53:00.000Z
000029266,EKCH,OOMS,NORMAL,1,2027-01-08T08:59:00.000Z
000029267,EKCH,LATI,NORMAL,1,2027-01-08T09:07:00.000Z
000029268,EKCH,UBBB,NORMAL,1,2027-01-08T09:06:00.000Z
000029269,EKCH,SCEL,NORMAL,1,2027-01-08T09:13:00.000Z
000029270,EKCH,EBCI,NORMAL,1,2027-01-08T09:18:00.000Z
000029271,EKCH,OPKC,NORMAL,1,2027-01-08T09:24:00.000Z
000029272,EKCH,OMDB,NORMAL,1,2027-01-08T09:34:00.000Z
000029273,EKCH,SVMI,NORMAL,1,2027-01-08T09:37:00.000Z
000029274,EKCH,LATI,NORMAL,1,2027-01-08T09:51:00.000Z
000029275,EKCH,EBCI,NORMAL,1,2027-01-08T09:55:00.000Z
000029276,EKCH,LATI,NORMAL,1,2027-01-08T09:01:00.000Z
000029277,EKCH,LOWW,NORMAL,1,2027-01-08T10:03:00.000Z
000029278,EKCH,SCEL,NORMAL,1,2027-01-08T10:14:00.000Z
000029279,EKCH,SGAS,NORMAL,1,2027-01-08T10:13:00.000Z
000029280,EKCH,SPIM,NORMAL,1,2027-01-08T10:23:00.000Z
000029281,EKCH,LOWW,NORMAL,1,2027-01-08T10:29:00.000Z
000029282,EKCH,EHAM,NORMAL,1,2027-01-08T10:30:00.000Z
000029283,EKCH,SCEL,NORMAL,1,2027-01-08T10:40:00.000Z
000029284,EKCH,OAKB,NORMAL,1,2027-01-08T10:50:00.000Z
000029285,EKCH,SLLP,NORMAL,1,2027-01-08T10:52:00.000Z
000029286,EKCH,OMDB,NORMAL,1,2027-01-08T10:00:00.000Z
000029287,EKCH,SCEL,NORMAL,1,2027-01-08T11:05:00.000Z
000029288,EKCH,SPIM,NORMAL,1,2027-01-08T11:08:00.000Z
000029289,EKCH,LKPR,NORMAL,1,2027-01-08T11:19:00.000Z
000029290,EKCH,SLLP,NORMAL,1,2027-01-08T11:21:00.000Z
000029291,EKCH,SGAS,NORMAL,1,2027-01-08T11:25:00.000Z
000029292,EKCH,OSDI,NORMAL,1,2027-01-08T11:34:00.000Z
000029293,EKCH,SUAA,NORMAL,1,2027-01-08T11:38:00.000Z
000029294,EKCH,LKPR,NORMAL,1,2027-01-08T11:48:00.000Z
000029295,EKCH,SPIM,NORMAL,1,2027-01-08T11:49:00.000Z
000029296,EKCH,SLLP,NORMAL,1,2027-01-08T11:56:00.000Z
000029297,EKCH,SPIM,NORMAL,1,2027-01-08T12:08:00.000Z
000029298,EKCH,UBBB,NORMAL,1,2027-01-08T12:09:00.000Z
000029299,EKCH,SKBO,NORMAL,1,2027-01-08T12:13:00.000Z
000029300,EKCH,OMDB,NORMAL,1,2027-01-08T12:23:00.000Z
000029301,EKCH,LDZA,NORMAL,1,2027-01-08T12:24:00.000Z
000029302,EKCH,SGAS,NORMAL,1,2027-01-08T12:30:00.000Z
000029303,EKCH,SBBR,NORMAL,1,2027-01-08T12:44:00.000Z
000029304,EKCH,UMMS,NORMAL,1,2027-01-08T12:44:00.000Z
000029305,EKCH,SEQM,NORMAL,1,2027-01-08T12:52:00.000Z
000029306,EKCH,EBCI,NORMAL,1,2027-01-08T12:00:00.000Z
000029307,EKCH,OJAI,NORMAL,1,2027-01-08T13:02:00.000Z
000029308,EKCH,SBBR,NORMAL,1,2027-01-08T13:14:00.000Z
000029309,EKCH,OYSN,NORMAL,1,2027-01-08T13:13:00.000Z
000029310,EKCH,OMDB,NORMAL,1,2027-01-08T13:21:00.000Z
000029311,EKCH,EHAM,NORMAL,1,2027-01-08T13:32:00.000Z
000029312,EKCH,UMMS,NORMAL,1,2027-01-08T13:30:00.000Z
000029313,EKCH,VIDP,NORMAL,1,2027-01-08T13:36:00.000Z
000029314,EKCH,LATI,NORMAL,1,2027-01-08T13:45:00.000Z
000029315,EKCH,SUAA,NORMAL,1,2027-01-08T13:56:00.000Z
000029316,EKCH,EBCI,NORMAL,1,2027-01-08T13:03:00.000Z
000029317,EKCH,OYSN,NORMAL,1,2027-01-08T14:01:00.000Z
000029318,EKCH,SABE,NORMAL,1,2027-01-08T14:11:00.000Z
000029319,EKCH,SLLP,NORMAL,1,2027-01-08T14:15:00.000Z
000029320,EKCH,SKBO,NORMAL,1,2027-01-08T14:26:00.000Z
000029321,EKCH,EDDI,NORMAL,1,2027-01-08T14:28:00.000Z
000029322,EKCH,OMDB,NORMAL,1,2027-01-08T14:39:00.000Z
000029323,EKCH,OYSN,NORMAL,1,2027-01-08T14:36:00.000Z
000029324,EKCH,SBBR,NORMAL,1,2027-01-08T14:48:00.000Z
000029325,EKCH,SEQM,NORMAL,1,2027-01-08T14:53:00.000Z
000029326,EKCH,OJAI,NORMAL,1,2027-01-08T14:02:00.000Z
000029327,EKCH,SBBR,NORMAL,1,2027-01-08T15:09:00.000Z
000029328,EKCH,SCEL,NORMAL,1,2027-01-08T15:15:00.000Z
000029329,EKCH,SVMI,NORMAL,1,2027-01-08T15:19:00.000Z
000029330,EKCH,OAKB,NORMAL,1,2027-01-08T15:22:00.000Z
000029331,EKCH,LOWW,NORMAL,1,2027-01-08T15:25:00.000Z
000029332,EKCH,SCEL,NORMAL,1,2027-01-08T15:30:00.000Z
000029333,EKCH,UBBB,NORMAL,1,2027-01-08T15:36:00.000Z
000029334,EKCH,OPKC,NORMAL,1,2027-01-08T15:47:00.000Z
000029335,EKCH,SCEL,NORMAL,1,2027-01-08T15:49:00.000Z
000029336,EKCH,SGAS,NORMAL,1,2027-01-08T15:59:00.000Z
000029337,EKCH,UBBB,NORMAL,1,2027-01-08T16:04:00.000Z
000029338,EKCH,OOMS,NORMAL,1,2027-01-08T16:10:00.000Z
000029339,EKCH,LBSF,NORMAL,1,2027-01-08T16:21:00.000Z
000029340,EKCH,LBSF,NORMAL,1,2027-01-08T16:19:00.000Z
000029341,EKCH,OOMS,NORMAL,1,2027-01-08T16:27:00.000Z
000029342,EKCH,SEQM,NORMAL,1,2027-01-08T16:36:00.000Z
000029343,EKCH,OSDI,NORMAL,1,2027-01-08T16:40:00.000Z
000029344,EKCH,LOWW,NORMAL,1,2027-01-08T16:45:00.000Z
000029345,EKCH,SCEL,NORMAL,1,2027-01-08T16:55:00.000Z
000029346,EKCH,SCEL,NORMAL,1,2027-01-08T16:59:00.000Z
000029347,EKCH,VIDP,NORMAL,1,2027-01-08T17:02:00.000Z
000029348,EKCH,SPIM,NORMAL,1,2027-01-08T17:15:00.000Z
000029349,EKCH,SPIM,NORMAL,1,2027-01-08T17:13:00.000Z
000029350,EKCH,OPKC,NORMAL,1,2027-01-08T17:25:00.000Z
000029351,EKCH,SCEL,NORMAL,1,2027-01-08T17:27:00.000Z
000029352,EKCH,SLLP,NORMAL,1,2027-01-08T17:32:00.000Z
000029353,EKCH,EBCI,NORMAL,1,2027-01-08T17:42:00.000Z
000029354,EKCH,SPIM,NORMAL,1,2027-01-08T17:44:00.000Z
000029355,EKCH,LBSF,NORMAL,1,2027-01-08T17:49:00.000Z
000029356,EKCH,OAKB,NORMAL,1,2027-01-08T17:00:00.000Z
000029357,EKCH,LOWW,NORMAL,1,2027-01-08T18:02:00.000Z
000029358,EKCH,LATI,NORMAL,1,2027-01-08T18:15:00.000Z
000029359,EKCH,OJAI,NORMAL,1,2027-01-08T18:15:00.000Z
000029360,EKCH,OPKC,NORMAL,1,2027-01-08T18:21:00.000Z
000029361,EKCH,OMDB,NORMAL,1,2027-01-08T18:32:00.000Z
000029362,EKCH,EHAM,NORMAL,1,2027-01-08T18:31:00.000Z
000029363,EKCH,OAKB,NORMAL,1,2027-01-08T18:44:00.000Z
000029364,EKCH,OJAI,NORMAL,1,2027-01-08T18:44:00.000Z
000029365,EKCH,OERK,NORMAL,1,2027-01-08T18:48:00.000Z
000029366,EKCH,SGAS,NORMAL,1,2027-01-08T18:56:00.000Z
000029367,EKCH,UMMS,NORMAL,1,2027-01-08T19:01:00.000Z
000029368,EKCH,SKBO,NORMAL,1,2027-01-08T19:11:00.000Z
000029369,EKCH,OJAI,NORMAL,1,2027-01-08T19:13:00.000Z
000029370,EKCH,EBCI,NORMAL,1,2027-01-08T19:25:00.000Z
000029371,EKCH,EHAM,NORMAL,1,2027-01-08T19:33:00.000Z
000029372,EKCH,SVMI,NORMAL,1,2027-01-08T19:34:00.000Z
000029373,EKCH,SUAA,NORMAL,1,2027-01-08T19:44:00.000Z
000029374,EKCH,SEQM,NORMAL,1,2027-01-08T19:51:00.000Z
000029375,EKCH,SKBO,NORMAL,1,2027-01-08T19:48:00.000Z
000029376,EKCH,VIDP,NORMAL,1,2027-01-08T19:56:00.000Z
000029377,EKCH,VIDP,NORMAL,1,2027-01-08T20:05:00.000Z
000029378,EKCH,SEQM,NORMAL,1,2027-01-08T20:07:00.000Z
000029379,EKCH,LDZA,NORMAL,1,2027-01-08T20:14:00.000Z
000033135,LATI,LOWW,NORMAL,8,2027-01-08T00:30:00.000Z
000033136,LATI,LKPR,NORMAL,8,2027-01-08T00:55:00.000Z
000033137,LATI,LBSF,NORMAL,8,2027-01-08T01:22:00.000Z
000033138,LATI,SPIM,NORMAL,8,2027-01-08T01:50:00.000Z
000033139,LATI,SUAA,NORMAL,8,2027-01-08T02:17:00.000Z
000033140,LATI,OAKB,NORMAL,8,2027-01-08T02:47:00.000Z
000033141,LATI,SUAA,NORMAL,8,2027-01-08T03:10:00.000Z
000033142,LATI,EKCH,NORMAL,8,2027-01-08T03:43:00.000Z
000033143,LATI,SUAA,NORMAL,8,2027-01-08T04:07:00.000Z
000033144,LATI,SEQM,NORMAL,8,2027-01-08T04:35:00.000Z
000033145,LATI,SGAS,NORMAL,8,2027-01-08T04:05:00.000Z
000033146,LATI,UBBB,NORMAL,8,2027-01-08T05:32:00.000Z
000033147,LATI,OAKB,NORMAL,8,2027-01-08T05:53:00.000Z
000033148,LATI,LOWW,NORMAL,8,2027-01-08T06:18:00.000Z
000033149,LATI,EHAM,NORMAL,8,2027-01-08T06:52:00.000Z
000033150,LATI,VIDP,NORMAL,8,2027-01-08T07:21:00.000Z
000033151,LATI,OERK,NORMAL,8,2027-01-08T07:39:00.000Z
000033152,LATI,OOMS,NORMAL,8,2027-01-08T08:08:00.000Z
000033153,LATI,OERK,NORMAL,8,2027-01-08T08:40:00.000Z
000033154,LATI,OYSN,NORMAL,8,2027-01-08T09:06:00.000Z
000033155,LATI,UBBB,NORMAL,8,2027-01-08T09:33:00.000Z
000033156,LATI,SVMI,NORMAL,8,2027-01-08T09:01:00.000Z
000033157,LATI,SCEL,NORMAL,8,2027-01-08T10:30:00.000Z
000033158,LATI,UMMS,NORMAL,8,2027-01-08T10:54:00.000Z
000033159,LATI,UBBB,NORMAL,8,2027-01-08T11:18:00.000Z
000033160,LATI,OPKC,NORMAL,8,2027-01-08T11:47:00.000Z
000033161,LATI,OSDI,NORMAL,8,2027-01-08T12:13:00.000Z
000033162,LATI,EBCI,NORMAL,8,2027-01-08T12:45:00.000Z
000033163,LATI,OAKB,NORMAL,8,2027-01-08T13:10:00.000Z
000033164,LATI,OYSN,NORMAL,8,2027-01-08T13:34:00.000Z
000033165,LATI,OSDI,NORMAL,7,2027-01-08T13:01:00.000Z
000033166,LATI,UMMS,NORMAL,7,2027-01-08T14:30:00.000Z
000033167,LATI,EDDI,NORMAL,7,2027-01-08T14:54:00.000Z
000033168,LATI,SCEL,NORMAL,7,2027-01-08T15:22:00.000Z
000033169,LATI,OPKC,NORMAL,7,2027-01-08T15:49:00.000Z
000033170,LATI,SVMI,NORMAL,7,2027-01-08T16:14:00.000Z
000033171,LATI,OERK,NORMAL,7,2027-01-08T16:46:00.000Z
000033172,LATI,SLLP,NORMAL,7,2027-01-08T17:10:00.000Z
000033173,LATI,SABE,NORMAL,7,2027-01-08T17:36:00.000Z
000033174,LATI,SKBO,NORMAL,7,2027-01-08T18:03:00.000Z
000033175,LATI,LDZA,NORMAL,7,2027-01-08T18:30:00.000Z
000033176,LATI,OAKB,NORMAL,1,2027-01-08T18:59:00.000Z
000031907,LBSF,SVMI,NORMAL,4,2027-01-08T00:17:00.000Z
000031908,LBSF,SEQM,NORMAL,4,2027-01-08T00:36:00.000Z
000031909,LBSF,VIDP,NORMAL,4,2027-01-08T00:54:00.000Z
000031910,LBSF,OERK,NORMAL,4,2027-01-08T01:08:00.000Z
000031911,LBSF,OJAI,NORMAL,4,2027-01-08T01:15:00.000Z
000031912,LBSF,VIDP,NORMAL,4,2027-01-08T01:38:00.000Z
000031913,LBSF,LATI,NORMAL,4,2027-01-08T01:45:00.000Z
000031914,LBSF,OERK,NORMAL,4,2027-01-08T02:03:00.000Z
000031915,LBSF,SUAA,NORMAL,4,2027-01-08T02:18:00.000Z
000031916,LBSF,SUAA,NORMAL,4,2027-01-08T02:32:00.000Z
000031917,LBSF,LATI,NORMAL,4,2027-01-08T02:53:00.000Z
000031918,LBSF,OERK,NORMAL,4,2027-01-08T03:01:00.000Z
000031919,LBSF,LOWW,NORMAL,4,2027-01-08T03:24:00.000Z
000031920,LBSF,SBBR,NORMAL,4,2027-01-08T03:32:00.000Z
000031921,LBSF,OERK,NORMAL,4,2027-01-08T03:46:00.000Z
000031922,LBSF,OOMS,NORMAL,4,2027-01-08T04:05:00.000Z
000031923,LBSF,SKBO,NORMAL,4,2027-01-08T04:17:00.000Z
000031924,LBSF,OSDI,NORMAL,4,2027-01-08T04:37:00.000Z
000031925,LBSF,VIDP,NORMAL,4,2027-01-08T04:54:00.000Z
000031926,LBSF,LATI,NORMAL,4,2027-01-08T05:00:00.000Z
000031927,LBSF,SBBR,NORMAL,4,2027-01-08T05:20:00.000Z
000031928,LBSF,UMMS,NORMAL,4,2027-01-08T05:36:00.000Z
000031929,LBSF,LOWW,NORMAL,4,2027-01-08T05:50:00.000Z
000031930,LBSF,SABE,NORMAL,4,2027-01-08T06:04:00.000Z
000031931,LBSF,LATI,NORMAL,4,2027-01-08T06:16:00.000Z
000031932,LBSF,OOMS,NORMAL,4,2027-01-08T06:33:00.000Z
000031933,LBSF,SEQM,NORMAL,4,2027-01-08T06:50:00.000Z
000031934,LBSF,SCEL,NORMAL,4,2027-01-08T07:02:00.000Z
000031935,LBSF,OYSN,NORMAL,4,2027-01-08T07:19:00.000Z
000031936,LBSF,SBBR,NORMAL,4,2027-01-08T07:37:00.000Z
000031937,LBSF,OSDI,NORMAL,4,2027-01-08T07:48:00.000Z
000031938,LBSF,UMMS,NORMAL,4,2027-01-08T08:02:00.000Z
000031939,LBSF,SEQM,NORMAL,4,2027-01-08T08:22:00.000Z
000031940,LBSF,EKCH,NORMAL,4,2027-01-08T08:33:00.000Z
000031941,LBSF,UMMS,NORMAL,4,2027-01-08T08:47:00.000Z
000031942,LBSF,OPKC,NORMAL,4,2027-01-08T09:05:00.000Z
000031943,LBSF,EKCH,NORMAL,4,2027-01-08T09:16:00.000Z
000031944,LBSF,SABE,NORMAL,4,2027-01-08T09:38:00.000Z
000031945,LBSF,EKCH,NORMAL,4,2027-01-08T09:46:00.000Z
000031946,LBSF,SVMI,NORMAL,4,2027-01-08T10:07:00.000Z
000031947,LBSF,SGAS,NORMAL,4,2027-01-08T10:20:00.000Z
000031948,LBSF,SKBO,NORMAL,4,2027-01-08T10:32:00.000Z
000031949,LBSF,SPIM,NORMAL,4,2027-01-08T10:50:00.000Z
000031950,LBSF,SKBO,NORMAL,4,2027-01-08T11:02:00.000Z
000031951,LBSF,SLLP,NORMAL,4,2027-01-08T11:21:00.000Z
000031952,LBSF,LATI,NORMAL,4,2027-01-08T11:33:00.000Z
000031953,LBSF,LOWW,NORMAL,4,2027-01-08T11:54:00.000Z
000031954,LBSF,OSDI,NORMAL,4,2027-01-08T12:07:00.000Z
000031955,LBSF,SABE,NORMAL,4,2027-01-08T12:21:00.000Z
000031956,LBSF,SLLP,NORMAL,4,2027-01-08T12:37:00.000Z
000031957,LBSF,VIDP,NORMAL,4,2027-01-08T12:54:00.000Z
000031958,LBSF,SKBO,NORMAL,4,2027-01-08T13:04:00.000Z
000031959,LBSF,EHAM,NORMAL,4,2027-01-08T13:21:00.000Z
000031960,LBSF,VIDP,NORMAL,4,2027-01-08T13:38:00.000Z
000031961,LBSF,EKCH,NORMAL,4,2027-01-08T13:53:00.000Z
000031962,LBSF,EHAM,NORMAL,4,2027-01-08T14:02:00.000Z
000031963,LBSF,LOWW,NORMAL,4,2027-01-08T14:18:00.000Z
000031964,LBSF,SPIM,NORMAL,4,2027-01-08T14:38:00.000Z
000031965,LBSF,SGAS,NORMAL,4,2027-01-08T14:49:00.000Z
000031966,LBSF,SGAS,NORMAL,4,2027-01-08T15:06:00.000Z
000031967,LBSF,SCEL,NORMAL,4,2027-01-08T15:24:00.000Z
000031968,LBSF,OMDB,NORMAL,4,2027-01-08T15:31:00.000Z
000031969,LBSF,OMDB,NORMAL,4,2027-01-08T15:46:00.000Z
000031970,LBSF,EKCH,NORMAL,4,2027-01-08T16:04:00.000Z
000031971,LBSF,SKBO,NORMAL,4,2027-01-08T16:15:00.000Z
000031972,LBSF,OPKC,NORMAL,4,2027-01-08T16:31:00.000Z
000031973,LBSF,OAKB,NORMAL,4,2027-01-08T16:52:00.000Z
000031974,LBSF,EHAM,NORMAL,4,2027-01-08T17:01:00.000Z
000031975,LBSF,OYSN,NORMAL,4,2027-01-08T17:20:00.000Z
000031976,LBSF,EDDI,NORMAL,4,2027-01-08T17:35:00.000Z
000031977,LBSF,SVMI,NORMAL,4,2027-01-08T17:52:00.000Z
000031978,LBSF,SBBR,NORMAL,3,2027-01-08T18:09:00.000Z
000031979,LBSF,SGAS,NORMAL,3,2027-01-08T18:20:00.000Z
000031980,LBSF,OERK,NORMAL,3,2027-01-08T18:37:00.000Z
000031981,LBSF,LATI,NORMAL,3,2027-01-08T18:50:00.000Z
000031982,LBSF,SCEL,NORMAL,3,2027-01-08T19:01:00.000Z
000031983,LBSF,SABE,NORMAL,3,2027-01-08T19:20:00.000Z
000031984,LBSF,LOWW,NORMAL,3,2027-01-08T19:37:00.000Z
000031985,LBSF,OMDB,NORMAL,3,2027-01-08T19:50:00.000Z
000031986,LBSF,UBBB,NORMAL,3,2027-01-08T20:05:00.000Z
000031987,LBSF,LOWW,NORMAL,3,2027-01-08T20:20:00.000Z
000031988,LBSF,OERK,NORMAL,3,2027-01-08T20:33:00.000Z
000031989,LBSF,OJAI,NORMAL,1,2027-01-08T20:51:00.000Z
000027984,LDZA,VIDP,NORMAL,2,2027-01-08T00:14:00.000Z
000027985,LDZA,UMMS,NORMAL,2,2027-01-08T00:14:00.000Z
000027986,LDZA,OPKC,NORMAL,1,2027-01-08T00:22:00.000Z
000027987,LDZA,VIDP,NORMAL,1,2027-01-08T00:27:00.000Z
000027988,LDZA,EHAM,NORMAL,1,2027-01-08T00:27:00.000Z
000027989,LDZA,UBBB,NORMAL,1,2027-01-08T00:39:00.000Z
000027990,LDZA,EBCI,NORMAL,1,2027-01-08T00:43:00.000Z
000027991,LDZA,SEQM,NORMAL,1,2027-01-08T00:44:00.000Z
000027992,LDZA,OAKB,NORMAL,1,2027-01-08T00:51:00.000Z
000027993,LDZA,SBBR,NORMAL,1,2027-01-08T00:50:00.000Z
000027994,LDZA,LBSF,NORMAL,1,2027-01-08T00:58:00.000Z
000027995,LDZA,SVMI,NORMAL,1,2027-01-08T01:00:00.000Z
000027996,LDZA,LATI,NORMAL,1,2027-01-08T01:05:00.000Z
000027997,LDZA,SABE,NORMAL,1,2027-01-08T01:18:00.000Z
000027998,LDZA,SEQM,NORMAL,1,2027-01-08T01:18:00.000Z
000027999,LDZA,OMDB,NORMAL,1,2027-01-08T01:21:00.000Z
000028000,LDZA,LATI,NORMAL,1,2027-01-08T01:28:00.000Z
000028001,LDZA,SLLP,NORMAL,1,2027-01-08T01:32:00.000Z
000028002,LDZA,SCEL,NORMAL,1,2027-01-08T01:40:00.000Z
000028003,LDZA,OSDI,NORMAL,1,2027-01-08T01:43:00.000Z
000028004,LDZA,OOMS,NORMAL,1,2027-01-08T01:53:00.000Z
000028005,LDZA,LKPR,NORMAL,1,2027-01-08T01:53:00.000Z
000028006,LDZA,OAKB,NORMAL,1,2027-01-08T01:03:00.000Z
000028007,LDZA,EBCI,NORMAL,1,2027-01-08T02:04:00.000Z
000028008,LDZA,SKBO,NORMAL,1,2027-01-08T02:05:00.000Z
000028009,LDZA,SGAS,NORMAL,1,2027-01-08T02:17:00.000Z
000028010,LDZA,EDDI,NORMAL,1,2027-01-08T02:21:00.000Z
000028011,LDZA,EBCI,NORMAL,1,2027-01-08T02:29:00.000Z
000028012,LDZA,SGAS,NORMAL,1,2027-01-08T02:26:00.000Z
000028013,LDZA,UMMS,NORMAL,1,2027-01-08T02:36:00.000Z
000028014,LDZA,SKBO,NORMAL,1,2027-01-08T02:44:00.000Z
000028015,LDZA,OPKC,NORMAL,1,2027-01-08T02:43:00.000Z
000028016,LDZA,SUAA,NORMAL,1,2027-01-08T02:49:00.000Z
000028017,LDZA,OSDI,NORMAL,1,2027-01-08T02:50:00.000Z
000028018,LDZA,LATI,NORMAL,1,2027-01-08T02:03:00.000Z
000028019,LDZA,SCEL,NORMAL,1,2027-01-08T03:01:00.000Z
000028020,LDZA,LOWW,NORMAL,1,2027-01-08T03:14:00.000Z
000028021,LDZA,SPIM,NORMAL,1,2027-01-08T03:13:00.000Z
000028022,LDZA,OJAI,NORMAL,1,2027-01-08T03:22:00.000Z
000028023,LDZA,UMMS,NORMAL,1,2027-01-08T03:24:00.000Z
000028024,LDZA,OAKB,NORMAL,1,2027-01-08T03:29:00.000Z
000028025,LDZA,OSDI,NORMAL,1,2027-01-08T03:38:00.000Z
000028026,LDZA,EDDI,NORMAL,1,2027-01-08T03:35:00.000Z
000028027,LDZA,OMDB,NORMAL,1,2027-01-08T03:48:00.000Z
000028028,LDZA,OOMS,NORMAL,1,2027-01-08T03:49:00.000Z
000028029,LDZA,OERK,NORMAL,1,2027-01-08T03:53:00.000Z
000028030,LDZA,EBCI,NORMAL,1,2027-01-08T03:03:00.000Z
000028031,LDZA,OERK,NORMAL,1,2027-01-08T04:06:00.000Z
000028032,LDZA,EBCI,NORMAL,1,2027-01-08T04:08:00.000Z
000028033,LDZA,SBBR,NORMAL,1,2027-01-08T04:14:00.000Z
000028034,LDZA,UMMS,NORMAL,1,2027-01-08T04:15:00.000Z
000028035,LDZA,SUAA,NORMAL,1,2027-01-08T04:21:00.000Z
000028036,LDZA,UMMS,NORMAL,1,2027-01-08T04:31:00.000Z
000028037,LDZA,OYSN,NORMAL,1,2027-01-08T04:36:00.000Z
000028038,LDZA,OSDI,NORMAL,1,2027-01-08T04:44:00.000Z
000028039,LDZA,SUAA,NORMAL,1,2027-01-08T04:42:00.000Z
000028040,LDZA,OPKC,NORMAL,1,2027-01-08T04:49:00.000Z
000028041,LDZA,SGAS,NORMAL,1,2027-01-08T04:53:00.000Z
000028042,LDZA,SBBR,NORMAL,1,2027-01-08T04:03:00.000Z
000028043,LDZA,EDDI,NORMAL,1,2027-01-08T05:00:00.000Z
000028044,LDZA,SUAA,NORMAL,1,2027-01-08T05:08:00.000Z
000028045,LDZA,EDDI,NORMAL,1,2027-01-08T05:15:00.000Z
000028046,LDZA,OYSN,NORMAL,1,2027-01-08T05:19:00.000Z
000028047,LDZA,LOWW,NORMAL,1,2027-01-08T05:21:00.000Z
000028048,LDZA,SBBR,NORMAL,1,2027-01-08T05:31:00.000Z
000028049,LDZA,SLLP,NORMAL,1,2027-01-08T05:39:00.000Z
000028050,LDZA,UBBB,NORMAL,1,2027-01-08T05:36:00.000Z
000028051,LDZA,UBBB,NORMAL,1,2027-01-08T05:45:00.000Z
000028052,LDZA,UMMS,NORMAL,1,2027-01-08T05:49:00.000Z
000028053,LDZA,UMMS,NORMAL,1,2027-01-08T05:59:00.000Z
000028054,LDZA,OERK,NORMAL,1,2027-01-08T05:01:00.000Z
000028055,LDZA,UMMS,NORMAL,1,2027-01-08T06:07:00.000Z
000028056,LDZA,LKPR,NORMAL,1,2027-01-08T06:07:00.000Z
000028057,LDZA,UMMS,NORMAL,1,2027-01-08T06:18:00.000Z
000028058,LDZA,EBCI,NORMAL,1,2027-01-08T06:21:00.000Z
000028059,LDZA,UMMS,NORMAL,1,2027-01-08T06:25:00.000Z
000028060,LDZA,OMDB,NORMAL,1,2027-01-08T06:30:00.000Z
000028061,LDZA,EHAM,NORMAL,1,2027-01-08T06:32:00.000Z
000028062,LDZA,OERK,NORMAL,1,2027-01-08T06:42:00.000Z
000028063,LDZA,LATI,NORMAL,1,2027-01-08T06:42:00.000Z
000028064,LDZA,OAKB,NORMAL,1,2027-01-08T06:50:00.000Z
000028065,LDZA,EKCH,NORMAL,1,2027-01-08T06:59:00.000Z
000028066,LDZA,UBBB,NORMAL,1,2027-01-08T06:01:00.000Z
000028067,LDZA,LATI,NORMAL,1,2027-01-08T07:09:00.000Z
000028068,LDZA,LOWW,NORMAL,1,2027-01-08T07:11:00.000Z
000028069,LDZA,LOWW,NORMAL,1,2027-01-08T07:10:00.000Z
000028070,LDZA,SVMI,NORMAL,1,2027-01-08T07:22:00.000Z
000028071,LDZA,SABE,NORMAL,1,2027-01-08T07:23:00.000Z
000028072,LDZA,EDDI,NORMAL,1,2027-01-08T07:34:00.000Z
000028073,LDZA,LOWW,NORMAL,1,2027-01-08T07:33:00.000Z
000028074,LDZA,OJAI,NORMAL,1,2027-01-08T07:42:00.000Z
000028075,LDZA,OMDB,NORMAL,1,2027-01-08T07:41:00.000Z
000028076,LDZA,SVMI,NORMAL,1,2027-01-08T07:53:00.000Z
000028077,LDZA,VIDP,NORMAL,1,2027-01-08T07:58:00.000Z
000028078,LDZA,EBCI,NORMAL,1,2027-01-08T07:01:00.000Z
000028079,LDZA,LATI,NORMAL,1,2027-01-08T08:00:00.000Z
000028080,LDZA,SABE,NORMAL,1,2027-01-08T08:12:00.000Z
000028081,LDZA,EBCI,NORMAL,1,2027-01-08T08:12:00.000Z
000028082,LDZA,OSDI,NORMAL,1,2027-01-08T08:16:00.000Z
000028083,LDZA,LATI,NORMAL,1,2027-01-08T08:25:00.000Z
000028084,LDZA,OJAI,NORMAL,1,2027-01-08T08:32:00.000Z
000028085,LDZA,OYSN,NORMAL,1,2027-01-08T08:33:00.000Z
000028086,LDZA,OAKB,NORMAL,1,2027-01-08T08:40:00.000Z
000028087,LDZA,EBCI,NORMAL,1,2027-01-08T08:49:00.000Z
000028088,LDZA,EDDI,NORMAL,1,2027-01-08T08:52:00.000Z
000028089,LDZA,SKBO,NORMAL,1,2027-01-08T08:56:00.000Z
000028090,LDZA,EDDI,NORMAL,1,2027-01-08T08:58:00.000Z
000028091,LDZA,UBBB,NORMAL,1,2027-01-08T09:01:00.000Z
000028092,LDZA,SLLP,NORMAL,1,2027-01-08T09:05:00.000Z
000028093,LDZA,OPKC,NORMAL,1,2027-01-08T09:13:00.000Z
000028094,LDZA,SBBR,NORMAL,1,2027-01-08T09:21:00.000Z
000028095,LDZA,OJAI,NORMAL,1,2027-01-08T09:26:00.000Z
000028096,LDZA,OSDI,NORMAL,1,2027-01-08T09:31:00.000Z
000028097,LDZA,EHAM,NORMAL,1,2027-01-08T09:31:00.000Z
000028098,LDZA,SGAS,NORMAL,1,2027-01-08T09:41:00.000Z
000028099,LDZA,EHAM,NORMAL,1,2027-01-08T09:46:00.000Z
000028100,LDZA,SABE,NORMAL,1,2027-01-08T09:52:00.000Z
000028101,LDZA,OAKB,NORMAL,1,2027-01-08T09:57:00.000Z
000028102,LDZA,UMMS,NORMAL,1,2027-01-08T09:02:00.000Z
000028103,LDZA,OMDB,NORMAL,1,2027-01-08T10:01:00.000Z
000028104,LDZA,SUAA,NORMAL,1,2027-01-08T10:06:00.000Z
000028105,LDZA,SKBO,NORMAL,1,2027-01-08T10:13:00.000Z
000028106,LDZA,EKCH,NORMAL,1,2027-01-08T10:22:00.000Z
000028107,LDZA,LOWW,NORMAL,1,2027-01-08T10:20:00.000Z
000028108,LDZA,EKCH,NORMAL,1,2027-01-08T10:32:00.000Z
000028109,LDZA,LKPR,NORMAL,1,2027-01-08T10:30:00.000Z
000028110,LDZA,OJAI,NORMAL,1,2027-01-08T10:36:00.000Z
000028111,LDZA,VIDP,NORMAL,1,2027-01-08T10:41:00.000Z
000028112,LDZA,SGAS,NORMAL,1,2027-01-08T10:54:00.000Z
000028113,LDZA,SBBR,NORMAL,1,2027-01-08T10:52:00.000Z
000028114,LDZA,LKPR,NORMAL,1,2027-01-08T10:59:00.000Z
000028115,LDZA,SEQM,NORMAL,1,2027-01-08T11:03:00.000Z
000028116,LDZA,OAKB,NORMAL,1,2027-01-08T11:08:00.000Z
000028117,LDZA,OPKC,NORMAL,1,2027-01-08T11:12:00.000Z
000028118,LDZA,OSDI,NORMAL,1,2027-01-08T11:15:00.000Z
000028119,LDZA,OPKC,NORMAL,1,2027-01-08T11:21:00.000Z
000028120,LDZA,SCEL,NORMAL,1,2027-01-08T11:32:00.000Z
000028121,LDZA,LKPR,NORMAL,1,2027-01-08T11:32:00.000Z
000028122,LDZA,SBBR,NORMAL,1,2027-01-08T11:38:00.000Z
000028123,LDZA,SUAA,NORMAL,1,2027-01-08T11:49:00.000Z
000028124,LDZA,LOWW,NORMAL,1,2027-01-08T11:52:00.000Z
000028125,LDZA,UBBB,NORMAL,1,2027-01-08T11:54:00.000Z
000028126,LDZA,SBBR,NORMAL,1,2027-01-08T11:56:00.000Z
000028127,LDZA,OYSN,NORMAL,1,2027-01-08T12:07:00.000Z
000028128,LDZA,OSDI,NORMAL,1,2027-01-08T12:05:00.000Z
000028129,LDZA,EBCI,NORMAL,1,2027-01-08T12:11:00.000Z
000028130,LDZA,LBSF,NORMAL,1,2027-01-08T12:19:00.000Z
000028131,LDZA,EDDI,NORMAL,1,2027-01-08T12:21:00.000Z
000028132,LDZA,OAKB,NORMAL,1,2027-01-08T12:27:00.000Z
000028133,LDZA,SBBR,NORMAL,1,2027-01-08T12:37:00.000Z
000028134,LDZA,VIDP,NORMAL,1,2027-01-08T12:36:00.000Z
000028135,LDZA,EHAM,NORMAL,1,2027-01-08T12:44:00.000Z
000028136,LDZA,EKCH,NORMAL,1,2027-01-08T12:47:00.000Z
000028137,LDZA,OSDI,NORMAL,1,2027-01-08T12:54:00.000Z
000028138,LDZA,VIDP,NORMAL,1,2027-01-08T12:59:00.000Z
000028139,LDZA,UMMS,NORMAL,1,2027-01-08T13:08:00.000Z
000028140,LDZA,OPKC,NORMAL,1,2027-01-08T13:12:00.000Z
000028141,LDZA,OERK,NORMAL,1,2027-01-08T13:12:00.000Z
000028142,LDZA,SGAS,NORMAL,1,2027-01-08T13:21:00.000Z
000028143,LDZA,SEQM,NORMAL,1,2027-01-08T13:22:00.000Z
000028144,LDZA,EKCH,NORMAL,1,2027-01-08T13:29:00.000Z
000028145,LDZA,SKBO,NORMAL,1,2027-01-08T13:38:00.000Z
000028146,LDZA,OAKB,NORMAL,1,2027-01-08T13:40:00.000Z
000028147,LDZA,SLLP,NORMAL,1,2027-01-08T13:42:00.000Z
000028148,LDZA,SUAA,NORMAL,1,2027-01-08T13:46:00.000Z
000028149,LDZA,OYSN,NORMAL,1,2027-01-08T13:51:00.000Z
000028150,LDZA,EKCH,NORMAL,1,2027-01-08T13:00:00.000Z
000028151,LDZA,OJAI,NORMAL,1,2027-01-08T14:01:00.000Z
000028152,LDZA,SABE,NORMAL,1,2027-01-08T14:13:00.000Z
000028153,LDZA,UMMS,NORMAL,1,2027-01-08T14:17:00.000Z
000028154,LDZA,OERK,NORMAL,1,2027-01-08T14:16:00.000Z
000028155,LDZA,SUAA,NORMAL,1,2027-01-08T14:29:00.000Z
000028156,LDZA,SGAS,NORMAL,1,2027-01-08T14:30:00.000Z
000028157,LDZA,SBBR,NORMAL,1,2027-01-08T14:34:00.000Z
000028158,LDZA,EBCI,NORMAL,1,2027-01-08T14:43:00.000Z
000028159,LDZA,SVMI,NORMAL,1,2027-01-08T14:47:00.000Z
000028160,LDZA,EKCH,NORMAL,1,2027-01-08T14:52:00.000Z
000028161,LDZA,EKCH,NORMAL,1,2027-01-08T14:53:00.000Z
000028162,LDZA,SUAA,NORMAL,1,2027-01-08T14:04:00.000Z
000028163,LDZA,SABE,NORMAL,1,2027-01-08T15:04:00.000Z
000028164,LDZA,OJAI,NORMAL,1,2027-01-08T15:07:00.000Z
000028165,LDZA,SLLP,NORMAL,1,2027-01-08T15:19:00.000Z
000028166,LDZA,LOWW,NORMAL,1,2027-01-08T15:24:00.000Z
000028167,LDZA,LBSF,NORMAL,1,2027-01-08T15:24:00.000Z
000028168,LDZA,EDDI,NORMAL,1,2027-01-08T15:30:00.000Z
000028169,LDZA,EHAM,NORMAL,1,2027-01-08T15:37:00.000Z
000028170,LDZA,SCEL,NORMAL,1,2027-01-08T15:38:00.000Z
000028171,LDZA,SCEL,NORMAL,1,2027-01-08T15:45:00.000Z
000028172,LDZA,SABE,NORMAL,1,2027-01-08T15:54:00.000Z
000028173,LDZA,LOWW,NORMAL,1,2027-01-08T15:55:00.000Z
000028174,LDZA,OMDB,NORMAL,1,2027-01-08T15:57:00.000Z
000028175,LDZA,SABE,NORMAL,1,2027-01-08T16:08:00.000Z
000028176,LDZA,SPIM,NORMAL,1,2027-01-08T16:11:00.000Z
000028177,LDZA,SKBO,NORMAL,1,2027-01-08T16:15:00.000Z
000028178,LDZA,VIDP,NORMAL,1,2027-01-08T16:20:00.000Z
000028179,LDZA,SPIM,NORMAL,1,2027-01-08T16:24:00.000Z
000028180,LDZA,SGAS,NORMAL,1,2027-01-08T16:27:00.000Z
000028181,LDZA,EHAM,NORMAL,1,2027-01-08T16:36:00.000Z
000028182,LDZA,OERK,NORMAL,1,2027-01-08T16:44:00.000Z
000028183,LDZA,EDDI,NORMAL,1,2027-01-08T16:44:00.000Z
000028184,LDZA,SABE,NORMAL,1,2027-01-08T16:53:00.000Z
000028185,LDZA,SGAS,NORMAL,1,2027-01-08T16:55:00.000Z
000028186,LDZA,LOWW,NORMAL,1,2027-01-08T16:00:00.000Z
000028187,LDZA,SVMI,NORMAL,1,2027-01-08T17:03:00.000Z
000028188,LDZA,LBSF,NORMAL,1,2027-01-08T17:07:00.000Z
000028189,LDZA,OJAI,NORMAL,1,2027-01-08T17:14:00.000Z
000028190,LDZA,SKBO,NORMAL,1,2027-01-08T17:19:00.000Z
000028191,LDZA,OERK,NORMAL,1,2027-01-08T17:29:00.000Z
000028192,LDZA,SLLP,NORMAL,1,2027-01-08T17:29:00.000Z
000028193,LDZA,OMDB,NORMAL,1,2027-01-08T17:38:00.000Z
000028194,LDZA,OPKC,NORMAL,1,2027-01-08T17:37:00.000Z
000028195,LDZA,LBSF,NORMAL,1,2027-01-08T17:49:00.000Z
000028196,LDZA,OAKB,NORMAL,1,2027-01-08T17:53:00.000Z
000028197,LDZA,OAKB,NORMAL,1,2027-01-08T17:57:00.000Z
000028198,LDZA,OJAI,NORMAL,1,2027-01-08T17:02:00.000Z
000028199,LDZA,OERK,NORMAL,1,2027-01-08T18:02:00.000Z
000028200,LDZA,OAKB,NORMAL,1,2027-01-08T18:14:00.000Z
000028201,LDZA,OERK,NORMAL,1,2027-01-08T18:17:00.000Z
000028202,LDZA,OPKC,NORMAL,1,2027-01-08T18:16:00.000Z
000028203,LDZA,LBSF,NORMAL,1,2027-01-08T18:22:00.000Z
000028204,LDZA,EHAM,NORMAL,1,2027-01-08T18:30:00.000Z
000028205,LDZA,UBBB,NORMAL,1,2027-01-08T18:31:00.000Z
000028206,LDZA,SABE,NORMAL,1,2027-01-08T18:42:00.000Z
000028207,LDZA,LBSF,NORMAL,1,2027-01-08T18:45:00.000Z
000028208,LDZA,SCEL,NORMAL,1,2027-01-08T18:53:00.000Z
000028209,LDZA,OSDI,NORMAL,1,2027-01-08T18:57:00.000Z
000028210,LDZA,SCEL,NORMAL,1,2027-01-08T18:03:00.000Z
000028211,LDZA,SBBR,NORMAL,1,2027-01-08T19:06:00.000Z
000028212,LDZA,SKBO,NORMAL,1,2027-01-08T19:06:00.000Z
000028213,LDZA,SPIM,NORMAL,1,2027-01-08T19:13:00.000Z
000028214,LDZA,LBSF,NORMAL,1,2027-01-08T19:20:00.000Z
000028215,LDZA,EHAM,NORMAL,1,2027-01-08T19:25:00.000Z
000028216,LDZA,SBBR,NORMAL,1,2027-01-08T19:28:00.000Z
000028217,LDZA,UBBB,NORMAL,1,2027-01-08T19:39:00.000Z
000028218,LDZA,SUAA,NORMAL,1,2027-01-08T19:37:00.000Z
000028219,LDZA,EDDI,NORMAL,1,2027-01-08T19:48:00.000Z
000028220,LDZA,LATI,NORMAL,1,2027-01-08T19:45:00.000Z
000028221,LDZA,OERK,NORMAL,1,2027-01-08T19:52:00.000Z
000028222,LDZA,UMMS,NORMAL,1,2027-01-08T19:04:00.000Z
000028223,LDZA,OERK,NORMAL,1,2027-01-08T20:08:00.000Z
000028224,LDZA,OPKC,NORMAL,1,2027-01-08T20:11:00.000Z
000028225,LDZA,LOWW,NORMAL,1,2027-01-08T20:19:00.000Z
000028226,LDZA,UBBB,NORMAL,1,2027-01-08T20:24:00.000Z
000028227,LDZA,OMDB,NORMAL,1,2027-01-08T20:21:00.000Z
000028228,LDZA,EKCH,NORMAL,1,2027-01-08T20:30:00.000Z
000028229,LDZA,SKBO,NORMAL,1,2027-01-08T20:32:00.000Z
000028230,LDZA,SBBR,NORMAL,1,2027-01-08T20:42:00.000Z
000028231,LDZA,SKBO,NORMAL,1,2027-01-08T20:48:00.000Z
000028232,LDZA,UBBB,NORMAL,1,2027-01-08T20:49:00.000Z
000028233,LDZA,UBBB,NORMAL,1,2027-01-08T20:50:00.000Z
000028234,LDZA,UBBB,NORMAL,1,2027-01-08T20:01:00.000Z
000028235,LDZA,LBSF,NORMAL,1,2027-01-08T21:09:00.000Z
000028236,LDZA,OJAI,NORMAL,1,2027-01-08T21:08:00.000Z
000028237,LDZA,SCEL,NORMAL,1,2027-01-08T21:18:00.000Z
000028238,LDZA,OAKB,NORMAL,1,2027-01-08T21:15:00.000Z
000028239,LDZA,SGAS,NORMAL,1,2027-01-08T21:25:00.000Z
000028240,LDZA,SUAA,NORMAL,1,2027-01-08T21:34:00.000Z
000028241,LDZA,LBSF,NORMAL,1,2027-01-08T21:30:00.000Z
000028242,LDZA,LATI,NORMAL,1,2027-01-08T21:42:00.000Z
000028243,LDZA,OERK,NORMAL,1,2027-01-08T21:46:00.000Z
000028244,LDZA,OAKB,NORMAL,1,2027-01-08T21:50:00.000Z
000028245,LDZA,EHAM,NORMAL,1,2027-01-08T21:55:00.000Z
000028246,LDZA,LKPR,NORMAL,1,2027-01-08T21:00:00.000Z
000028247,LDZA,UBBB,NORMAL,1,2027-01-08T22:05:00.000Z
000033013,LKPR,SABE,NORMAL,2,2027-01-08T00:12:00.000Z
000033014,LKPR,EKCH,NORMAL,2,2027-01-08T00:12:00.000Z
000033015,LKPR,OAKB,NORMAL,2,2027-01-08T00:26:00.000Z
000033016,LKPR,SLLP,NORMAL,2,2027-01-08T00:25:00.000Z
000033017,LKPR,SBBR,NORMAL,2,2027-01-08T00:32:00.000Z
000033018,LKPR,SVMI,NORMAL,2,2027-01-08T00:43:00.000Z
000033019,LKPR,OMDB,NORMAL,2,2027-01-08T00:42:00.000Z
000033020,LKPR,LATI,NORMAL,2,2027-01-08T00:48:00.000Z
000033021,LKPR,SGAS,NORMAL,2,2027-01-08T00:00:00.000Z
000033022,LKPR,OAKB,NORMAL,2,2027-01-08T01:05:00.000Z
000033023,LKPR,UMMS,NORMAL,2,2027-01-08T01:06:00.000Z
000033024,LKPR,OPKC,NORMAL,2,2027-01-08T01:18:00.000Z
000033025,LKPR,OYSN,NORMAL,2,2027-01-08T01:25:00.000Z
000033026,LKPR,OYSN,NORMAL,2,2027-01-08T01:32:00.000Z
000033027,LKPR,UBBB,NORMAL,2,2027-01-08T01:34:00.000Z
000033028,LKPR,OMDB,NORMAL,2,2027-01-08T01:45:00.000Z
000033029,LKPR,OSDI,NORMAL,2,2027-01-08T01:51:00.000Z
000033030,LKPR,LATI,NORMAL,2,2027-01-08T01:52:00.000Z
000033031,LKPR,OMDB,NORMAL,2,2027-01-08T01:57:00.000Z
000033032,LKPR,LDZA,NORMAL,2,2027-01-08T02:05:00.000Z
000033033,LKPR,LDZA,NORMAL,2,2027-01-08T02:11:00.000Z
000033034,LKPR,LOWW,NORMAL,2,2027-01-08T02:19:00.000Z
000033035,LKPR,EDDI,NORMAL,2,2027-01-08T02:20:00.000Z
000033036,LKPR,EKCH,NORMAL,2,2027-01-08T02:26:00.000Z
000033037,LKPR,LOWW,NORMAL,2,2027-01-08T02:32:00.000Z
000033038,LKPR,SUAA,NORMAL,2,2027-01-08T02:43:00.000Z
000033039,LKPR,UMMS,NORMAL,2,2027-01-08T02:44:00.000Z
000033040,LKPR,SKBO,NORMAL,2,2027-01-08T02:49:00.000Z
000033041,LKPR,SBBR,NORMAL,2,2027-01-08T02:54:00.000Z
000033042,LKPR,SVMI,NORMAL,2,2027-01-08T03:02:00.000Z
000033043,LKPR,LATI,NORMAL,2,2027-01-08T03:10:00.000Z
000033044,LKPR,SVMI,NORMAL,2,2027-01-08T03:15:00.000Z
000033045,LKPR,LOWW,NORMAL,2,2027-01-08T03:19:00.000Z
000033046,LKPR,SGAS,NORMAL,2,2027-01-08T03:29:00.000Z
000033047,LKPR,SBBR,NORMAL,2,2027-01-08T03:35:00.000Z
000033048,LKPR,OMDB,NORMAL,2,2027-01-08T03:37:00.000Z
000033049,LKPR,SKBO,NORMAL,2,2027-01-08T03:45:00.000Z
000033050,LKPR,SCEL,NORMAL,2,2027-01-08T03:56:00.000Z
000033051,LKPR,SLLP,NORMAL,2,2027-01-08T03:58:00.000Z
000033052,LKPR,OSDI,NORMAL,2,2027-01-08T04:00:00.000Z
000033053,LKPR,SVMI,NORMAL,2,2027-01-08T04:14:00.000Z
000033054,LKPR,EHAM,NORMAL,2,2027-01-08T04:21:00.000Z
000033055,LKPR,OAKB,NORMAL,2,2027-01-08T04:24:00.000Z
000033056,LKPR,LOWW,NORMAL,2,2027-01-08T04:31:00.000Z
000033057,LKPR,UMMS,NORMAL,2,2027-01-08T04:32:00.000Z
000033058,LKPR,UBBB,NORMAL,2,2027-01-08T04:43:00.000Z
000033059,LKPR,SEQM,NORMAL,2,2027-01-08T04:43:00.000Z
000033060,LKPR,LDZA,NORMAL,2,2027-01-08T04:50:00.000Z
000033061,LKPR,OSDI,NORMAL,2,2027-01-08T04:00:00.000Z
000033062,LKPR,SPIM,NORMAL,2,2027-01-08T05:02:00.000Z
000033063,LKPR,OYSN,NORMAL,2,2027-01-08T05:09:00.000Z
000033064,LKPR,OMDB,NORMAL,2,2027-01-08T05:13:00.000Z
000033065,LKPR,UBBB,NORMAL,2,2027-01-08T05:24:00.000Z
000033066,LKPR,SABE,NORMAL,2,2027-01-08T05:28:00.000Z
000033067,LKPR,EHAM,NORMAL,2,2027-01-08T05:37:00.000Z
000033068,LKPR,SVMI,NORMAL,2,2027-01-08T05:38:00.000Z
000033069,LKPR,SKBO,NORMAL,2,2027-01-08T05:43:00.000Z
000033070,LKPR,EKCH,NORMAL,2,2027-01-08T05:51:00.000Z
000033071,LKPR,LBSF,NORMAL,2,2027-01-08T05:59:00.000Z
000033072,LKPR,LOWW,NORMAL,2,2027-01-08T06:06:00.000Z
000033073,LKPR,SABE,NORMAL,2,2027-01-08T06:11:00.000Z
000033074,LKPR,LBSF,NORMAL,2,2027-01-08T06:20:00.000Z
000033075,LKPR,LBSF,NORMAL,2,2027-01-08T06:23:00.000Z
000033076,LKPR,VIDP,NORMAL,2,2027-01-08T06:28:00.000Z
000033077,LKPR,EKCH,NORMAL,2,2027-01-08T06:31:00.000Z
000033078,LKPR,OERK,NORMAL,2,2027-01-08T06:45:00.000Z
000033079,LKPR,EDDI,NORMAL,2,2027-01-08T06:48:00.000Z
000033080,LKPR,OSDI,NORMAL,2,2027-01-08T06:48:00.000Z
000033081,LKPR,OOMS,NORMAL,2,2027-01-08T06:56:00.000Z
000033082,LKPR,LDZA,NORMAL,2,2027-01-08T07:09:00.000Z
000033083,LKPR,SCEL,NORMAL,2,2027-01-08T07:08:00.000Z
000033084,LKPR,LATI,NORMAL,2,2027-01-08T07:18:00.000Z
000033085,LKPR,OYSN,NORMAL,2,2027-01-08T07:18:00.000Z
000033086,LKPR,SCEL,NORMAL,2,2027-01-08T07:32:00.000Z
000033087,LKPR,SGAS,NORMAL,2,2027-01-08T07:33:00.000Z
000033088,LKPR,SVMI,NORMAL,2,2027-01-08T07:39:00.000Z
000033089,LKPR,OERK,NORMAL,2,2027-01-08T07:44:00.000Z
000033090,LKPR,OSDI,NORMAL,2,2027-01-08T07:54:00.000Z
000033091,LKPR,EBCI,NORMAL,2,2027-01-08T07:02:00.000Z
000033092,LKPR,SKBO,NORMAL,2,2027-01-08T08:05:00.000Z
000033093,LKPR,EBCI,NORMAL,2,2027-01-08T08:08:00.000Z
000033094,LKPR,EHAM,NORMAL,2,2027-01-08T08:17:00.000Z
000033095,LKPR,OJAI,NORMAL,2,2027-01-08T08:19:00.000Z
000033096,LKPR,SABE,NORMAL,2,2027-01-08T08:30:00.000Z
000033097,LKPR,SEQM,NORMAL,2,2027-01-08T08:35:00.000Z
000033098,LKPR,SKBO,NORMAL,2,2027-01-08T08:36:00.000Z
000033099,LKPR,OYSN,NORMAL,2,2027-01-08T08:45:00.000Z
000033100,LKPR,SKBO,NORMAL,2,2027-01-08T08:49:00.000Z
000033101,LKPR,OERK,NORMAL,2,2027-01-08T08:56:00.000Z
000033102,LKPR,UMMS,NORMAL,2,2027-01-08T09:09:00.000Z
000033103,LKPR,UBBB,NORMAL,2,2027-01-08T09:08:00.000Z
000033104,LKPR,SVMI,NORMAL,2,2027-01-08T09:21:00.000Z
000033105,LKPR,SLLP,NORMAL,2,2027-01-08T09:18:00.000Z
000033106,LKPR,SLLP,NORMAL,2,2027-01-08T09:31:00.000Z
000033107,LKPR,OPKC,NORMAL,2,2027-01-08T09:39:00.000Z
000033108,LKPR,OAKB,NORMAL,2,2027-01-08T09:36:00.000Z
000033109,LKPR,OSDI,NORMAL,2,2027-01-08T09:47:00.000Z
000033110,LKPR,LBSF,NORMAL,2,2027-01-08T09:56:00.000Z
000033111,LKPR,OMDB,NORMAL,2,2027-01-08T09:00:00.000Z
000033112,LKPR,SABE,NORMAL,2,2027-01-08T10:00:00.000Z
000033113,LKPR,EHAM,NORMAL,2,2027-01-08T10:13:00.000Z
000033114,LKPR,OOMS,NORMAL,2,2027-01-08T10:12:00.000Z
000033115,LKPR,SBBR,NORMAL,2,2027-01-08T10:19:00.000Z
000033116,LKPR,OSDI,NORMAL,2,2027-01-08T10:26:00.000Z
000033117,LKPR,VIDP,NORMAL,2,2027-01-08T10:33:00.000Z
000033118,LKPR,SCEL,NORMAL,2,2027-01-08T10:41:00.000Z
000033119,LKPR,OOMS,NORMAL,2,2027-01-08T10:51:00.000Z
000033120,LKPR,EKCH,NORMAL,2,2027-01-08T10:49:00.000Z
000033121,LKPR,SLLP,NORMAL,2,2027-01-08T10:57:00.000Z
000033122,LKPR,SBBR,NORMAL,2,2027-01-08T11:07:00.000Z
000033123,LKPR,UBBB,NORMAL,2,2027-01-08T11:12:00.000Z
000033124,LKPR,SCEL,NORMAL,2,2027-01-08T11:12:00.000Z
000033125,LKPR,EDDI,NORMAL,2,2027-01-08T11:19:00.000Z
000033126,LKPR,SABE,NORMAL,2,2027-01-08T11:33:00.000Z
000033127,LKPR,UBBB,NORMAL,2,2027-01-08T11:33:00.000Z
000033128,LKPR,OYSN,NORMAL,2,2027-01-08T11:38:00.000Z
000033129,LKPR,SABE,NORMAL,2,2027-01-08T11:51:00.000Z
000033130,LKPR,SVMI,NORMAL,2,2027-01-08T11:57:00.000Z
000033131,LKPR,SBBR,NORMAL,2,2027-01-08T11:00:00.000Z
000033132,LKPR,SKBO,NORMAL,2,2027-01-08T12:04:00.000Z
000033133,LKPR,OSDI,NORMAL,2,2027-01-08T12:08:00.000Z
000033134,LKPR,LDZA,NORMAL,2,2027-01-08T12:17:00.000Z
000033135,LKPR,VIDP,NORMAL,2,2027-01-08T12:20:00.000Z
000033136,LKPR,EBCI,NORMAL,2,2027-01-08T12:30:00.000Z
000033137,LKPR,SABE,NORMAL,2,2027-01-08T12:32:00.000Z
000033138,LKPR,SABE,NORMAL,2,2027-01-08T12:42:00.000Z
000033139,LKPR,EKCH,NORMAL,2,2027-01-08T12:50:00.000Z
000033140,LKPR,UBBB,NORMAL,2,2027-01-08T12:50:00.000Z
000033141,LKPR,OMDB,NORMAL,2,2027-01-08T12:02:00.000Z
000033142,LKPR,OSDI,NORMAL,2,2027-01-08T13:02:00.000Z
000033143,LKPR,SLLP,NORMAL,2,2027-01-08T13:14:00.000Z
000033144,LKPR,UMMS,NORMAL,2,2027-01-08T13:19:00.000Z
000033145,LKPR,OMDB,NORMAL,2,2027-01-08T13:25:00.000Z
000033146,LKPR,SCEL,NORMAL,2,2027-01-08T13:33:00.000Z
000033147,LKPR,SEQM,NORMAL,2,2027-01-08T13:34:00.000Z
000033148,LKPR,SEQM,NORMAL,1,2027-01-08T13:39:00.000Z
000033149,LKPR,OOMS,NORMAL,1,2027-01-08T13:45:00.000Z
000033150,LKPR,LBSF,NORMAL,1,2027-01-08T13:57:00.000Z
000033151,LKPR,EKCH,NORMAL,1,2027-01-08T13:56:00.000Z
000033152,LKPR,SPIM,NORMAL,1,2027-01-08T14:09:00.000Z
000033153,LKPR,SEQM,NORMAL,1,2027-01-08T14:14:00.000Z
000033154,LKPR,OJAI,NORMAL,1,2027-01-08T14:20:00.000Z
000033155,LKPR,LDZA,NORMAL,1,2027-01-08T14:19:00.000Z
000033156,LKPR,EDDI,NORMAL,1,2027-01-08T14:24:00.000Z
000033157,LKPR,SBBR,NORMAL,1,2027-01-08T14:33:00.000Z
000033158,LKPR,LBSF,NORMAL,1,2027-01-08T14:38:00.000Z
000033159,LKPR,EHAM,NORMAL,1,2027-01-08T14:46:00.000Z
000033160,LKPR,SABE,NORMAL,1,2027-01-08T14:55:00.000Z
000033161,LKPR,LDZA,NORMAL,1,2027-01-08T14:00:00.000Z
000033162,LKPR,OJAI,NORMAL,1,2027-01-08T15:08:00.000Z
000033163,LKPR,LATI,NORMAL,1,2027-01-08T15:14:00.000Z
000033164,LKPR,SVMI,NORMAL,1,2027-01-08T15:14:00.000Z
000033165,LKPR,VIDP,NORMAL,1,2027-01-08T15:27:00.000Z
000033166,LKPR,SVMI,NORMAL,1,2027-01-08T15:28:00.000Z
000033167,LKPR,OMDB,NORMAL,1,2027-01-08T15:34:00.000Z
000033168,LKPR,UBBB,NORMAL,1,2027-01-08T15:39:00.000Z
000033169,LKPR,LDZA,NORMAL,1,2027-01-08T15:47:00.000Z
000033170,LKPR,OJAI,NORMAL,1,2027-01-08T15:56:00.000Z
000033171,LKPR,UMMS,NORMAL,1,2027-01-08T15:58:00.000Z
000033172,LKPR,OOMS,NORMAL,1,2027-01-08T16:04:00.000Z
000033173,LKPR,SKBO,NORMAL,1,2027-01-08T16:06:00.000Z
000033174,LKPR,LBSF,NORMAL,1,2027-01-08T16:16:00.000Z
000033175,LKPR,LDZA,NORMAL,1,2027-01-08T16:22:00.000Z
000033176,LKPR,OYSN,NORMAL,1,2027-01-08T16:24:00.000Z
000033177,LKPR,SKBO,NORMAL,1,2027-01-08T16:37:00.000Z
000033178,LKPR,EKCH,NORMAL,1,2027-01-08T16:43:00.000Z
000033179,LKPR,SCEL,NORMAL,1,2027-01-08T16:46:00.000Z
000033180,LKPR,EHAM,NORMAL,1,2027-01-08T16:55:00.000Z
000033181,LKPR,EBCI,NORMAL,1,2027-01-08T16:00:00.000Z
000033182,LKPR,LDZA,NORMAL,1,2027-01-08T17:07:00.000Z
000033183,LKPR,SKBO,NORMAL,1,2027-01-08T17:10:00.000Z
000033184,LKPR,OPKC,NORMAL,1,2027-01-08T17:12:00.000Z
000033185,LKPR,UMMS,NORMAL,1,2027-01-08T17:18:00.000Z
000033186,LKPR,SGAS,NORMAL,1,2027-01-08T17:27:00.000Z
000033187,LKPR,OJAI,NORMAL,1,2027-01-08T17:35:00.000Z
000033188,LKPR,OSDI,NORMAL,1,2027-01-08T17:42:00.000Z
000033189,LKPR,SKBO,NORMAL,1,2027-01-08T17:42:00.000Z
000033190,LKPR,SKBO,NORMAL,1,2027-01-08T17:57:00.000Z
000033191,LKPR,OSDI,NORMAL,1,2027-01-08T17:01:00.000Z
000033192,LKPR,LATI,NORMAL,1,2027-01-08T18:00:00.000Z
000033193,LKPR,LDZA,NORMAL,1,2027-01-08T18:11:00.000Z
000033194,LKPR,EBCI,NORMAL,1,2027-01-08T18:12:00.000Z
000033195,LKPR,VIDP,NORMAL,1,2027-01-08T18:18:00.000Z
000033196,LKPR,LOWW,NORMAL,1,2027-01-08T18:25:00.000Z
000033197,LKPR,EHAM,NORMAL,1,2027-01-08T18:39:00.000Z
000033198,LKPR,SPIM,NORMAL,1,2027-01-08T18:43:00.000Z
000033199,LKPR,SABE,NORMAL,1,2027-01-08T18:51:00.000Z
000033200,LKPR,SLLP,NORMAL,1,2027-01-08T18:56:00.000Z
000033201,LKPR,SABE,NORMAL,1,2027-01-08T18:58:00.000Z
000033202,LKPR,EDDI,NORMAL,1,2027-01-08T19:00:00.000Z
000033203,LKPR,SABE,NORMAL,1,2027-01-08T19:13:00.000Z
000033204,LKPR,EKCH,NORMAL,1,2027-01-08T19:21:00.000Z
000033205,LKPR,OPKC,NORMAL,1,2027-01-08T19:22:00.000Z
000033206,LKPR,OJAI,NORMAL,1,2027-01-08T19:33:00.000Z
000033207,LKPR,SPIM,NORMAL,1,2027-01-08T19:30:00.000Z
000033208,LKPR,EDDI,NORMAL,1,2027-01-08T19:42:00.000Z
000033209,LKPR,EBCI,NORMAL,1,2027-01-08T19:48:00.000Z
000036401,LOWW,SVMI,NORMAL,2,2027-01-08T00:11:00.000Z
000036402,LOWW,EDDI,NORMAL,2,2027-01-08T00:21:00.000Z
000036403,LOWW,EDDI,NORMAL,2,2027-01-08T00:19:00.000Z
000036404,LOWW,OMDB,NORMAL,2,2027-01-08T00:30:00.000Z
000036405,LOWW,SUAA,NORMAL,2,2027-01-08T00:32:00.000Z
000036406,LOWW,EDDI,NORMAL,2,2027-01-08T00:37:00.000Z
000036407,LOWW,SLLP,NORMAL,2,2027-01-08T00:45:00.000Z
000036408,LOWW,EBCI,NORMAL,2,2027-01-08T00:52:00.000Z
000036409,LOWW,LATI,NORMAL,2,2027-01-08T00:02:00.000Z
000036410,LOWW,OJAI,NORMAL,2,2027-01-08T01:08:00.000Z
000036411,LOWW,SBBR,NORMAL,2,2027-01-08T01:09:00.000Z
000036412,LOWW,OOMS,NORMAL,2,2027-01-08T01:17:00.000Z
000036413,LOWW,SABE,NORMAL,2,2027-01-08T01:22:00.000Z
000036414,LOWW,OYSN,NORMAL,2,2027-01-08T01:31:00.000Z
000036415,LOWW,OSDI,NORMAL,2,2027-01-08T01:34:00.000Z
000036416,LOWW,SABE,NORMAL,2,2027-01-08T01:38:00.000Z
000036417,LOWW,LATI,NORMAL,2,2027-01-08T01:44:00.000Z
000036418,LOWW,SLLP,NORMAL,2,2027-01-08T01:50:00.000Z
000036419,LOWW,SEQM,NORMAL,2,2027-01-08T01:57:00.000Z
000036420,LOWW,OAKB,NORMAL,2,2027-01-08T02:08:00.000Z
000036421,LOWW,LBSF,NORMAL,2,2027-01-08T02:08:00.000Z
000036422,LOWW,SVMI,NORMAL,2,2027-01-08T02:16:00.000Z
000036423,LOWW,UBBB,NORMAL,2,2027-01-08T02:27:00.000Z
000036424,LOWW,SEQM,NORMAL,2,2027-01-08T02:29:00.000Z
000036425,LOWW,SKBO,NORMAL,2,2027-01-08T02:33:00.000Z
000036426,LOWW,EKCH,NORMAL,2,2027-01-08T02:41:00.000Z
000036427,LOWW,SKBO,NORMAL,2,2027-01-08T02:51:00.000Z
000036428,LOWW,SBBR,NORMAL,2,2027-01-08T02:55:00.000Z
000036429,LOWW,OERK,NORMAL,2,2027-01-08T02:57:00.000Z
000036430,LOWW,UMMS,NORMAL,2,2027-01-08T03:07:00.000Z
000036431,LOWW,OJAI,NORMAL,2,2027-01-08T03:13:00.000Z
000036432,LOWW,OYSN,NORMAL,2,2027-01-08T03:12:00.000Z
000036433,LOWW,OSDI,NORMAL,2,2027-01-08T03:20:00.000Z
000036434,LOWW,SPIM,NORMAL,2,2027-01-08T03:26:00.000Z
000036435,LOWW,OAKB,NORMAL,2,2027-01-08T03:32:00.000Z
000036436,LOWW,SLLP,NORMAL,2,2027-01-08T03:45:00.000Z
000036437,LOWW,EBCI,NORMAL,2,2027-01-08T03:47:00.000Z
000036438,LOWW,LBSF,NORMAL,2,2027-01-08T03:51:00.000Z
000036439,LOWW,LDZA,NORMAL,2,2027-01-08T03:54:00.000Z
000036440,LOWW,SGAS,NORMAL,2,2027-01-08T04:02:00.000Z
000036441,LOWW,LATI,NORMAL,2,2027-01-08T04:15:00.000Z
000036442,LOWW,SABE,NORMAL,2,2027-01-08T04:16:00.000Z
000036443,LOWW,SEQM,NORMAL,2,2027-01-08T04:26:00.000Z
000036444,LOWW,OOMS,NORMAL,2,2027-01-08T04:31:00.000Z
000036445,LOWW,SABE,NORMAL,2,2027-01-08T04:39:00.000Z
000036446,LOWW,UMMS,NORMAL,2,2027-01-08T04:38:00.000Z
000036447,LOWW,OSDI,NORMAL,2,2027-01-08T04:46:00.000Z
000036448,LOWW,SUAA,NORMAL,2,2027-01-08T04:54:00.000Z
000036449,LOWW,OYSN,NORMAL,2,2027-01-08T04:58:00.000Z
000036450,LOWW,SEQM,NORMAL,2,2027-01-08T05:07:00.000Z
000036451,LOWW,SVMI,NORMAL,2,2027-01-08T05:07:00.000Z
000036452,LOWW,SABE,NORMAL,2,2027-01-08T05:13:00.000Z
000036453,LOWW,OMDB,NORMAL,2,2027-01-08T05:24:00.000Z
000036454,LOWW,SEQM,NORMAL,2,2027-01-08T05:24:00.000Z
000036455,LOWW,SVMI,NORMAL,2,2027-01-08T05:30:00.000Z
000036456,LOWW,EBCI,NORMAL,2,2027-01-08T05:39:00.000Z
000036457,LOWW,SABE,NORMAL,2,2027-01-08T05:47:00.000Z
000036458,LOWW,OYSN,NORMAL,2,2027-01-08T05:55:00.000Z
000036459,LOWW,LKPR,NORMAL,2,2027-01-08T05:03:00.000Z
000036460,LOWW,VIDP,NORMAL,2,2027-01-08T06:09:00.000Z
000036461,LOWW,LBSF,NORMAL,2,2027-01-08T06:15:00.000Z
000036462,LOWW,EBCI,NORMAL,2,2027-01-08T06:17:00.000Z
000036463,LOWW,SPIM,NORMAL,2,2027-01-08T06:19:00.000Z
000036464,LOWW,OERK,NORMAL,2,2027-01-08T06:26:00.000Z
000036465,LOWW,EHAM,NORMAL,2,2027-01-08T06:34:00.000Z
000036466,LOWW,OYSN,NORMAL,2,2027-01-08T06:44:00.000Z
000036467,LOWW,SUAA,NORMAL,2,2027-01-08T06:48:00.000Z
000036468,LOWW,OAKB,NORMAL,2,2027-01-08T06:50:00.000Z
000036469,LOWW,LBSF,NORMAL,2,2027-01-08T06:55:00.000Z
000036470,LOWW,OOMS,NORMAL,2,2027-01-08T07:05:00.000Z
000036471,LOWW,EBCI,NORMAL,2,2027-01-08T07:12:00.000Z
000036472,LOWW,OOMS,NORMAL,2,2027-01-08T07:21:00.000Z
000036473,LOWW,SKBO,NORMAL,2,2027-01-08T07:18:00.000Z
000036474,LOWW,SEQM,NORMAL,2,2027-01-08T07:32:00.000Z
000036475,LOWW,EBCI,NORMAL,2,2027-01-08T07:31:00.000Z
000036476,LOWW,SPIM,NORMAL,2,2027-01-08T07:41:00.000Z
000036477,LOWW,SCEL,NORMAL,2,2027-01-08T07:43:00.000Z
000036478,LOWW,OSDI,NORMAL,2,2027-01-08T07:55:00.000Z
000036479,LOWW,OSDI,NORMAL,2,2027-01-08T07:03:00.000Z
000036480,LOWW,SKBO,NORMAL,2,2027-01-08T08:03:00.000Z
000036481,LOWW,SUAA,NORMAL,2,2027-01-08T08:10:00.000Z
000036482,LOWW,SUAA,NORMAL,2,2027-01-08T08:18:00.000Z
000036483,LOWW,OOMS,NORMAL,2,2027-01-08T08:21:00.000Z
000036484,LOWW,SUAA,NORMAL,2,2027-01-08T08:32:00.000Z
000036485,LOWW,VIDP,NORMAL,2,2027-01-08T08:36:00.000Z
000036486,LOWW,LDZA,NORMAL,2,2027-01-08T08:36:00.000Z
000036487,LOWW,SLLP,NORMAL,2,2027-01-08T08:46:00.000Z
000036488,LOWW,UMMS,NORMAL,2,2027-01-08T08:49:00.000Z
000036489,LOWW,LKPR,NORMAL,2,2027-01-08T08:02:00.000Z
000036490,LOWW,OAKB,NORMAL,2,2027-01-08T09:07:00.000Z
000036491,LOWW,SABE,NORMAL,2,2027-01-08T09:12:00.000Z
000036492,LOWW,OERK,NORMAL,2,2027-01-08T09:16:00.000Z
000036493,LOWW,SUAA,NORMAL,2,2027-01-08T09:23:00.000Z
000036494,LOWW,SEQM,NORMAL,2,2027-01-08T09:27:00.000Z
000036495,LOWW,LATI,NORMAL,2,2027-01-08T09:30:00.000Z
000036496,LOWW,SPIM,NORMAL,2,2027-01-08T09:40:00.000Z
000036497,LOWW,EBCI,NORMAL,2,2027-01-08T09:49:00.000Z
000036498,LOWW,LATI,NORMAL,2,2027-01-08T09:49:00.000Z
000036499,LOWW,SUAA,NORMAL,2,2027-01-08T09:02:00.000Z
000036500,LOWW,SGAS,NORMAL,2,2027-01-08T10:01:00.000Z
000036501,LOWW,OYSN,NORMAL,2,2027-01-08T10:10:00.000Z
000036502,LOWW,OOMS,NORMAL,2,2027-01-08T10:13:00.000Z
000036503,LOWW,UBBB,NORMAL,2,2027-01-08T10:25:00.000Z
000036504,LOWW,EHAM,NORMAL,2,2027-01-08T10:24:00.000Z
000036505,LOWW,SCEL,NORMAL,2,2027-01-08T10:36:00.000Z
000036506,LOWW,EDDI,NORMAL,2,2027-01-08T10:39:00.000Z
000036507,LOWW,UMMS,NORMAL,2,2027-01-08T10:43:00.000Z
000036508,LOWW,OSDI,NORMAL,2,2027-01-08T10:50:00.000Z
000036509,LOWW,LKPR,NORMAL,2,2027-01-08T10:59:00.000Z
000036510,LOWW,OMDB,NORMAL,2,2027-01-08T11:02:00.000Z
000036511,LOWW,OOMS,NORMAL,2,2027-01-08T11:11:00.000Z
000036512,LOWW,SKBO,NORMAL,2,2027-01-08T11:15:00.000Z
000036513,LOWW,SKBO,NORMAL,2,2027-01-08T11:18:00.000Z
000036514,LOWW,OYSN,NORMAL,2,2027-01-08T11:27:00.000Z
000036515,LOWW,UMMS,NORMAL,2,2027-01-08T11:35:00.000Z
000036516,LOWW,OJAI,NORMAL,2,2027-01-08T11:44:00.000Z
000036517,LOWW,SGAS,NORMAL,2,2027-01-08T11:42:00.000Z
000036518,LOWW,OERK,NORMAL,2,2027-01-08T11:50:00.000Z
000036519,LOWW,SLLP,NORMAL,2,2027-01-08T11:02:00.000Z
000036520,LOWW,LBSF,NORMAL,2,2027-01-08T12:07:00.000Z
000036521,LOWW,LBSF,NORMAL,2,2027-01-08T12:13:00.000Z
000036522,LOWW,OERK,NORMAL,2,2027-01-08T12:21:00.000Z
000036523,LOWW,SGAS,NORMAL,2,2027-01-08T12:26:00.000Z
000036524,LOWW,OYSN,NORMAL,2,2027-01-08T12:24:00.000Z
000036525,LOWW,OAKB,NORMAL,2,2027-01-08T12:39:00.000Z
000036526,LOWW,OMDB,NORMAL,2,2027-01-08T12:39:00.000Z
000036527,LOWW,UMMS,NORMAL,2,2027-01-08T12:44:00.000Z
000036528,LOWW,OYSN,NORMAL,2,2027-01-08T12:48:00.000Z
000036529,LOWW,EBCI,NORMAL,2,2027-01-08T12:03:00.000Z
000036530,LOWW,SCEL,NORMAL,2,2027-01-08T13:09:00.000Z
000036531,LOWW,EKCH,NORMAL,2,2027-01-08T13:14:00.000Z
000036532,LOWW,LBSF,NORMAL,2,2027-01-08T13:16:00.000Z
000036533,LOWW,LBSF,NORMAL,2,2027-01-08T13:24:00.000Z
000036534,LOWW,UMMS,NORMAL,2,2027-01-08T13:25:00.000Z
000036535,LOWW,SPIM,NORMAL,2,2027-01-08T13:33:00.000Z
000036536,LOWW,EKCH,NORMAL,2,2027-01-08T13:38:00.000Z
000036537,LOWW,LBSF,NORMAL,1,2027-01-08T13:43:00.000Z
000036538,LOWW,VIDP,NORMAL,1,2027-01-08T13:55:00.000Z
000036539,LOWW,SABE,NORMAL,1,2027-01-08T13:00:00.000Z
000036540,LOWW,OJAI,NORMAL,1,2027-01-08T14:08:00.000Z
000036541,LOWW,OOMS,NORMAL,1,2027-01-08T14:13:00.000Z
000036542,LOWW,UBBB,NORMAL,1,2027-01-08T14:19:00.000Z
000036543,LOWW,VIDP,NORMAL,1,2027-01-08T14:26:00.000Z
000036544,LOWW,OOMS,NORMAL,1,2027-01-08T14:29:00.000Z
000036545,LOWW,SUAA,NORMAL,1,2027-01-08T14:36:00.000Z
000036546,LOWW,OMDB,NORMAL,1,2027-01-08T14:40:00.000Z
000036547,LOWW,OMDB,NORMAL,1,2027-01-08T14:46:00.000Z
000036548,LOWW,EDDI,NORMAL,1,2027-01-08T14:49:00.000Z
000036549,LOWW,EHAM,NORMAL,1,2027-01-08T14:58:00.000Z
000036550,LOWW,EKCH,NORMAL,1,2027-01-08T15:08:00.000Z
000036551,LOWW,VIDP,NORMAL,1,2027-01-08T15:07:00.000Z
000036552,LOWW,OYSN,NORMAL,1,2027-01-08T15:20:00.000Z
000036553,LOWW,VIDP,NORMAL,1,2027-01-08T15:18:00.000Z
000036554,LOWW,UMMS,NORMAL,1,2027-01-08T15:28:00.000Z
000036555,LOWW,OERK,NORMAL,1,2027-01-08T15:39:00.000Z
000036556,LOWW,LATI,NORMAL,1,2027-01-08T15:40:00.000Z
000036557,LOWW,LATI,NORMAL,1,2027-01-08T15:45:00.000Z
000036558,LOWW,UMMS,NORMAL,1,2027-01-08T15:53:00.000Z
000036559,LOWW,SEQM,NORMAL,1,2027-01-08T15:01:00.000Z
000036560,LOWW,SBBR,NORMAL,1,2027-01-08T16:04:00.000Z
000036561,LOWW,OJAI,NORMAL,1,2027-01-08T16:07:00.000Z
000036562,LOWW,SVMI,NORMAL,1,2027-01-08T16:21:00.000Z
000036563,LOWW,OERK,NORMAL,1,2027-01-08T16:26:00.000Z
000036564,LOWW,SGAS,NORMAL,1,2027-01-08T16:27:00.000Z
000036565,LOWW,EKCH,NORMAL,1,2027-01-08T16:37:00.000Z
000036566,LOWW,SUAA,NORMAL,1,2027-01-08T16:40:00.000Z
000036567,LOWW,UMMS,NORMAL,1,2027-01-08T16:51:00.000Z
000036568,LOWW,SABE,NORMAL,1,2027-01-08T16:55:00.000Z
000036569,LOWW,LKPR,NORMAL,1,2027-01-08T16:54:00.000Z
000036570,LOWW,EHAM,NORMAL,1,2027-01-08T17:03:00.000Z
000036571,LOWW,LDZA,NORMAL,1,2027-01-08T17:13:00.000Z
000036572,LOWW,OOMS,NORMAL,1,2027-01-08T17:16:00.000Z
000036573,LOWW,UMMS,NORMAL,1,2027-01-08T17:23:00.000Z
000036574,LOWW,EDDI,NORMAL,1,2027-01-08T17:30:00.000Z
000036575,LOWW,OYSN,NORMAL,1,2027-01-08T17:36:00.000Z
000036576,LOWW,LBSF,NORMAL,1,2027-01-08T17:36:00.000Z
000036577,LOWW,OERK,NORMAL,1,2027-01-08T17:45:00.000Z
000036578,LOWW,OSDI,NORMAL,1,2027-01-08T17:56:00.000Z
000036579,LOWW,LBSF,NORMAL,1,2027-01-08T17:55:00.000Z
000036580,LOWW,SPIM,NORMAL,1,2027-01-08T18:01:00.000Z
000036581,LOWW,UMMS,NORMAL,1,2027-01-08T18:14:00.000Z
000036582,LOWW,VIDP,NORMAL,1,2027-01-08T18:15:00.000Z
000036583,LOWW,LATI,NORMAL,1,2027-01-08T18:20:00.000Z
000036584,LOWW,SCEL,NORMAL,1,2027-01-08T18:32:00.000Z
000036585,LOWW,SVMI,NORMAL,1,2027-01-08T18:36:00.000Z
000036586,LOWW,SCEL,NORMAL,1,2027-01-08T18:36:00.000Z
000036587,LOWW,SUAA,NORMAL,1,2027-01-08T18:47:00.000Z
000036588,LOWW,SABE,NORMAL,1,2027-01-08T18:54:00.000Z
000036589,LOWW,OSDI,NORMAL,1,2027-01-08T18:57:00.000Z
000036590,LOWW,EHAM,NORMAL,1,2027-01-08T19:04:00.000Z
000036591,LOWW,LDZA,NORMAL,1,2027-01-08T19:09:00.000Z
000036592,LOWW,UBBB,NORMAL,1,2027-01-08T19:13:00.000Z
000036593,LOWW,SVMI,NORMAL,1,2027-01-08T19:21:00.000Z
000036594,LOWW,EBCI,NORMAL,1,2027-01-08T19:32:00.000Z
000036595,LOWW,EBCI,NORMAL,1,2027-01-08T19:31:00.000Z
000036596,LOWW,OYSN,NORMAL,1,2027-01-08T19:36:00.000Z
000036597,LOWW,OMDB,NORMAL,1,2027-01-08T19:48:00.000Z
000036598,LOWW,SABE,NORMAL,1,2027-01-08T19:54:00.000Z
000036599,LOWW,EKCH,NORMAL,1,2027-01-08T19:54:00.000Z
000036600,LOWW,SBBR,NORMAL,1,2027-01-08T20:03:00.000Z
000036601,LOWW,LBSF,NORMAL,1,2027-01-08T20:13:00.000Z
000036602,LOWW,SKBO,NORMAL,1,2027-01-08T20:13:00.000Z
000036603,LOWW,OMDB,NORMAL,1,2027-01-08T20:27:00.000Z
000036604,LOWW,SABE,NORMAL,1,2027-01-08T20:30:00.000Z
000036605,LOWW,SEQM,NORMAL,1,2027-01-08T20:30:00.000Z
000036606,LOWW,SUAA,NORMAL,1,2027-01-08T20:40:00.000Z
000036607,LOWW,SCEL,NORMAL,1,2027-01-08T20:49:00.000Z
000036608,LOWW,SVMI,NORMAL,1,2027-01-08T20:51:00.000Z
000036609,LOWW,OOMS,NORMAL,1,2027-01-08T20:01:00.000Z
000036610,LOWW,SABE,NORMAL,1,2027-01-08T21:09:00.000Z
000036611,LOWW,UMMS,NORMAL,1,2027-01-08T21:10:00.000Z
000036612,LOWW,SCEL,NORMAL,1,2027-01-08T21:12:00.000Z
000032281,OAKB,EBCI,NORMAL,8,2027-01-08T00:26:00.000Z
000032282,OAKB,OJAI,NORMAL,8,2027-01-08T00:00:00.000Z
000032283,OAKB,SBBR,NORMAL,8,2027-01-08T01:21:00.000Z
000032284,OAKB,SGAS,NORMAL,8,2027-01-08T01:48:00.000Z
000032285,OAKB,OJAI,NORMAL,8,2027-01-08T02:19:00.000Z
000032286,OAKB,SUAA,NORMAL,8,2027-01-08T02:44:00.000Z
000032287,OAKB,SGAS,NORMAL,8,2027-01-08T03:06:00.000Z
000032288,OAKB,SKBO,NORMAL,8,2027-01-08T03:28:00.000Z
000032289,OAKB,EDDI,NORMAL,8,2027-01-08T03:54:00.000Z
000032290,OAKB,EDDI,NORMAL,8,2027-01-08T04:26:00.000Z
000032291,OAKB,OOMS,NORMAL,8,2027-01-08T04:51:00.000Z
000032292,OAKB,SUAA,NORMAL,8,2027-01-08T05:13:00.000Z
000032293,OAKB,SABE,NORMAL,8,2027-01-08T05:45:00.000Z
000032294,OAKB,SKBO,NORMAL,8,2027-01-08T06:05:00.000Z
000032295,OAKB,SABE,NORMAL,8,2027-01-08T06:37:00.000Z
000032296,OAKB,UMMS,NORMAL,8,2027-01-08T06:01:00.000Z
000032297,OAKB,SUAA,NORMAL,7,2027-01-08T07:27:00.000Z
000032298,OAKB,SCEL,NORMAL,7,2027-01-08T07:54:00.000Z
000032299,OAKB,LOWW,NORMAL,7,2027-01-08T08:15:00.000Z
000032300,OAKB,EDDI,NORMAL,7,2027-01-08T08:41:00.000Z
000032301,OAKB,LDZA,NORMAL,7,2027-01-08T09:08:00.000Z
000032302,OAKB,SVMI,NORMAL,7,2027-01-08T09:32:00.000Z
000032303,OAKB,OOMS,NORMAL,7,2027-01-08T09:03:00.000Z
000032304,OAKB,UMMS,NORMAL,7,2027-01-08T10:25:00.000Z
000032305,OAKB,OOMS,NORMAL,7,2027-01-08T10:58:00.000Z
000032306,OAKB,SUAA,NORMAL,7,2027-01-08T11:17:00.000Z
000032307,OAKB,SPIM,NORMAL,7,2027-01-08T11:48:00.000Z
000032308,OAKB,SBBR,NORMAL,7,2027-01-08T12:10:00.000Z
000032309,OAKB,SUAA,NORMAL,7,2027-01-08T12:43:00.000Z
000032310,OAKB,LATI,NORMAL,7,2027-01-08T13:03:00.000Z
000032311,OAKB,EDDI,NORMAL,7,2027-01-08T13:31:00.000Z
000032312,OAKB,LBSF,NORMAL,7,2027-01-08T13:01:00.000Z
000032313,OAKB,LBSF,NORMAL,7,2027-01-08T14:20:00.000Z
000032314,OAKB,SPIM,NORMAL,7,2027-01-08T14:47:00.000Z
000032315,OAKB,LATI,NORMAL,7,2027-01-08T15:18:00.000Z
000032316,OAKB,SABE,NORMAL,7,2027-01-08T15:45:00.000Z
000032317,OAKB,SKBO,NORMAL,7,2027-01-08T16:05:00.000Z
000032318,OAKB,OPKC,NORMAL,7,2027-01-08T16:33:00.000Z
000032319,OAKB,LKPR,NORMAL,7,2027-01-08T16:00:00.000Z
000032320,OAKB,LDZA,NORMAL,7,2027-01-08T17:26:00.000Z
000032321,OAKB,SPIM,NORMAL,7,2027-01-08T17:47:00.000Z
000032322,OAKB,SKBO,NORMAL,7,2027-01-08T18:21:00.000Z
000032323,OAKB,LBSF,NORMAL,7,2027-01-08T18:39:00.000Z
000032324,OAKB,OSDI,NORMAL,1,2027-01-08T19:10:00.000Z
000030167,OERK,EKCH,NORMAL,3,2027-01-08T00:11:00.000Z
000030168,OERK,OMDB,NORMAL,3,2027-01-08T00:27:00.000Z
000030169,OERK,OOMS,NORMAL,3,2027-01-08T00:34:00.000Z
000030170,OERK,UBBB,NORMAL,2,2027-01-08T00:43:00.000Z
000030171,OERK,LDZA,NORMAL,2,2027-01-08T00:49:00.000Z
000030172,OERK,SABE,NORMAL,2,2027-01-08T00:57:00.000Z
000030173,OERK,SCEL,NORMAL,2,2027-01-08T01:06:00.000Z
000030174,OERK,UMMS,NORMAL,2,2027-01-08T01:21:00.000Z
000030175,OERK,OYSN,NORMAL,2,2027-01-08T01:27:00.000Z
000030176,OERK,SVMI,NORMAL,2,2027-01-08T01:30:00.000Z
000030177,OERK,SABE,NORMAL,2,2027-01-08T01:48:00.000Z
000030178,OERK,LOWW,NORMAL,2,2027-01-08T01:51:00.000Z
000030179,OERK,OJAI,NORMAL,2,2027-01-08T01:57:00.000Z
000030180,OERK,SLLP,NORMAL,2,2027-01-08T02:15:00.000Z
000030181,OERK,SGAS,NORMAL,2,2027-01-08T02:23:00.000Z
000030182,OERK,SVMI,NORMAL,2,2027-01-08T02:33:00.000Z
000030183,OERK,UMMS,NORMAL,2,2027-01-08T02:38:00.000Z
000030184,OERK,OOMS,NORMAL,2,2027-01-08T02:47:00.000Z
000030185,OERK,LATI,NORMAL,2,2027-01-08T02:51:00.000Z
000030186,OERK,EBCI,NORMAL,2,2027-01-08T03:01:00.000Z
000030187,OERK,SUAA,NORMAL,2,2027-01-08T03:12:00.000Z
000030188,OERK,SUAA,NORMAL,2,2027-01-08T03:21:00.000Z
000030189,OERK,OYSN,NORMAL,2,2027-01-08T03:32:00.000Z
000030190,OERK,EDDI,NORMAL,2,2027-01-08T03:44:00.000Z
000030191,OERK,OMDB,NORMAL,2,2027-01-08T03:47:00.000Z
000030192,OERK,UBBB,NORMAL,2,2027-01-08T03:01:00.000Z
000030193,OERK,SBBR,NORMAL,2,2027-01-08T04:05:00.000Z
000030194,OERK,OYSN,NORMAL,2,2027-01-08T04:17:00.000Z
000030195,OERK,UBBB,NORMAL,2,2027-01-08T04:23:00.000Z
000030196,OERK,EBCI,NORMAL,2,2027-01-08T04:35:00.000Z
000030197,OERK,SVMI,NORMAL,2,2027-01-08T04:41:00.000Z
000030198,OERK,SCEL,NORMAL,2,2027-01-08T04:56:00.000Z
000030199,OERK,OYSN,NORMAL,2,2027-01-08T04:58:00.000Z
000030200,OERK,EKCH,NORMAL,2,2027-01-08T05:11:00.000Z
000030201,OERK,OAKB,NORMAL,2,2027-01-08T05:16:00.000Z
000030202,OERK,EBCI,NORMAL,2,2027-01-08T05:28:00.000Z
000030203,OERK,UBBB,NORMAL,2,2027-01-08T05:38:00.000Z
000030204,OERK,LDZA,NORMAL,2,2027-01-08T05:45:00.000Z
000030205,OERK,UMMS,NORMAL,2,2027-01-08T05:53:00.000Z
000030206,OERK,OPKC,NORMAL,2,2027-01-08T06:01:00.000Z
000030207,OERK,VIDP,NORMAL,2,2027-01-08T06:16:00.000Z
000030208,OERK,OPKC,NORMAL,2,2027-01-08T06:22:00.000Z
000030209,OERK,OJAI,NORMAL,2,2027-01-08T06:31:00.000Z
000030210,OERK,EHAM,NORMAL,2,2027-01-08T06:42:00.000Z
000030211,OERK,EHAM,NORMAL,2,2027-01-08T06:49:00.000Z
000030212,OERK,LOWW,NORMAL,2,2027-01-08T06:02:00.000Z
000030213,OERK,SCEL,NORMAL,2,2027-01-08T07:10:00.000Z
000030214,OERK,SCEL,NORMAL,2,2027-01-08T07:12:00.000Z
000030215,OERK,SGAS,NORMAL,2,2027-01-08T07:24:00.000Z
000030216,OERK,LKPR,NORMAL,2,2027-01-08T07:33:00.000Z
000030217,OERK,SGAS,NORMAL,2,2027-01-08T07:48:00.000Z
000030218,OERK,LDZA,NORMAL,2,2027-01-08T07:55:00.000Z
000030219,OERK,OAKB,NORMAL,2,2027-01-08T07:01:00.000Z
000030220,OERK,OOMS,NORMAL,2,2027-01-08T08:13:00.000Z
000030221,OERK,VIDP,NORMAL,2,2027-01-08T08:22:00.000Z
000030222,OERK,SCEL,NORMAL,2,2027-01-08T08:27:00.000Z
000030223,OERK,OMDB,NORMAL,2,2027-01-08T08:41:00.000Z
000030224,OERK,EKCH,NORMAL,2,2027-01-08T08:48:00.000Z
000030225,OERK,SVMI,NORMAL,2,2027-01-08T08:59:00.000Z
000030226,OERK,LATI,NORMAL,2,2027-01-08T09:07:00.000Z
000030227,OERK,SABE,NORMAL,2,2027-01-08T09:16:00.000Z
000030228,OERK,OMDB,NORMAL,2,2027-01-08T09:27:00.000Z
000030229,OERK,SLLP,NORMAL,2,2027-01-08T09:27:00.000Z
000030230,OERK,LOWW,NORMAL,2,2027-01-08T09:39:00.000Z
000030231,OERK,OAKB,NORMAL,2,2027-01-08T09:52:00.000Z
000030232,OERK,EKCH,NORMAL,2,2027-01-08T09:57:00.000Z
000030233,OERK,OAKB,NORMAL,2,2027-01-08T10:08:00.000Z
000030234,OERK,OAKB,NORMAL,2,2027-01-08T10:19:00.000Z
000030235,OERK,EBCI,NORMAL,2,2027-01-08T10:22:00.000Z
000030236,OERK,LATI,NORMAL,2,2027-01-08T10:37:00.000Z
000030237,OERK,LDZA,NORMAL,2,2027-01-08T10:40:00.000Z
000030238,OERK,OPKC,NORMAL,2,2027-01-08T10:56:00.000Z
000030239,OERK,VIDP,NORMAL,2,2027-01-08T10:05:00.000Z
000030240,OERK,LKPR,NORMAL,2,2027-01-08T11:14:00.000Z
000030241,OERK,SUAA,NORMAL,2,2027-01-08T11:21:00.000Z
000030242,OERK,OOMS,NORMAL,2,2027-01-08T11:33:00.000Z
000030243,OERK,OYSN,NORMAL,2,2027-01-08T11:35:00.000Z
000030244,OERK,LBSF,NORMAL,2,2027-01-08T11:47:00.000Z
000030245,OERK,SLLP,NORMAL,2,2027-01-08T11:54:00.000Z
000030246,OERK,SKBO,NORMAL,2,2027-01-08T12:06:00.000Z
000030247,OERK,SPIM,NORMAL,2,2027-01-08T12:16:00.000Z
000030248,OERK,EBCI,NORMAL,2,2027-01-08T12:20:00.000Z
000030249,OERK,SABE,NORMAL,2,2027-01-08T12:33:00.000Z
000030250,OERK,EDDI,NORMAL,2,2027-01-08T12:45:00.000Z
000030251,OERK,SLLP,NORMAL,2,2027-01-08T12:46:00.000Z
000030252,OERK,UMMS,NORMAL,2,2027-01-08T12:03:00.000Z
000030253,OERK,EHAM,NORMAL,2,2027-01-08T13:11:00.000Z
000030254,OERK,SLLP,NORMAL,2,2027-01-08T13:16:00.000Z
000030255,OERK,SCEL,NORMAL,2,2027-01-08T13:28:00.000Z
000030256,OERK,EKCH,NORMAL,2,2027-01-08T13:35:00.000Z
000030257,OERK,SKBO,NORMAL,2,2027-01-08T13:41:00.000Z
000030258,OERK,SGAS,NORMAL,2,2027-01-08T13:51:00.000Z
000030259,OERK,SBBR,NORMAL,2,2027-01-08T13:03:00.000Z
000030260,OERK,VIDP,NORMAL,2,2027-01-08T14:15:00.000Z
000030261,OERK,LDZA,NORMAL,2,2027-01-08T14:21:00.000Z
000030262,OERK,LOWW,NORMAL,2,2027-01-08T14:28:00.000Z
000030263,OERK,SEQM,NORMAL,2,2027-01-08T14:38:00.000Z
000030264,OERK,OOMS,NORMAL,2,2027-01-08T14:44:00.000Z
000030265,OERK,OJAI,NORMAL,2,2027-01-08T14:00:00.000Z
000030266,OERK,SCEL,NORMAL,2,2027-01-08T15:06:00.000Z
000030267,OERK,EKCH,NORMAL,2,2027-01-08T15:12:00.000Z
000030268,OERK,EDDI,NORMAL,2,2027-01-08T15:27:00.000Z
000030269,OERK,LDZA,NORMAL,2,2027-01-08T15:35:00.000Z
000030270,OERK,SABE,NORMAL,2,2027-01-08T15:36:00.000Z
000030271,OERK,OYSN,NORMAL,2,2027-01-08T15:53:00.000Z
000030272,OERK,OYSN,NORMAL,2,2027-01-08T15:56:00.000Z
000030273,OERK,VIDP,NORMAL,2,2027-01-08T16:12:00.000Z
000030274,OERK,SBBR,NORMAL,2,2027-01-08T16:14:00.000Z
000030275,OERK,SUAA,NORMAL,2,2027-01-08T16:24:00.000Z
000030276,OERK,SPIM,NORMAL,2,2027-01-08T16:38:00.000Z
000030277,OERK,LKPR,NORMAL,2,2027-01-08T16:47:00.000Z
000030278,OERK,SKBO,NORMAL,2,2027-01-08T16:51:00.000Z
000030279,OERK,SGAS,NORMAL,2,2027-01-08T16:06:00.000Z
000030280,OERK,EHAM,NORMAL,2,2027-01-08T17:11:00.000Z
000030281,OERK,SUAA,NORMAL,2,2027-01-08T17:16:00.000Z
000030282,OERK,SCEL,NORMAL,2,2027-01-08T17:28:00.000Z
000030283,OERK,LDZA,NORMAL,2,2027-01-08T17:35:00.000Z
000030284,OERK,SCEL,NORMAL,2,2027-01-08T17:43:00.000Z
000030285,OERK,UBBB,NORMAL,2,2027-01-08T17:58:00.000Z
000030286,OERK,OYSN,NORMAL,2,2027-01-08T18:06:00.000Z
000030287,OERK,SKBO,NORMAL,2,2027-01-08T18:10:00.000Z
000030288,OERK,UBBB,NORMAL,2,2027-01-08T18:22:00.000Z
000030289,OERK,UMMS,NORMAL,2,2027-01-08T18:34:00.000Z
000030290,OERK,UMMS,NORMAL,2,2027-01-08T18:38:00.000Z
000030291,OERK,LOWW,NORMAL,2,2027-01-08T18:50:00.000Z
000030292,OERK,OMDB,NORMAL,2,2027-01-08T18:00:00.000Z
000030293,OERK,OMDB,NORMAL,2,2027-01-08T19:09:00.000Z
000030294,OERK,LATI,NORMAL,2,2027-01-08T19:17:00.000Z
000030295,OERK,LKPR,NORMAL,2,2027-01-08T19:27:00.000Z
000030296,OERK,SUAA,NORMAL,2,2027-01-08T19:35:00.000Z
000030297,OERK,LKPR,NORMAL,2,2027-01-08T19:47:00.000Z
000030298,OERK,EKCH,NORMAL,2,2027-01-08T19:56:00.000Z
000030299,OERK,SKBO,NORMAL,2,2027-01-08T19:58:00.000Z
000030300,OERK,VIDP,NORMAL,2,2027-01-08T20:13:00.000Z
000030301,OERK,OSDI,NORMAL,2,2027-01-08T20:15:00.000Z
000030302,OERK,SEQM,NORMAL,2,2027-01-08T20:26:00.000Z
000030303,OERK,VIDP,NORMAL,2,2027-01-08T20:34:00.000Z
000030304,OERK,UBBB,NORMAL,1,2027-01-08T20:43:00.000Z
000038850,OJAI,LATI,NORMAL,2,2027-01-08T00:12:00.000Z
000038851,OJAI,SLLP,NORMAL,2,2027-01-08T00:18:00.000Z
000038852,OJAI,SKBO,NORMAL,2,2027-01-08T00:19:00.000Z
000038853,OJAI,EDDI,NORMAL,2,2027-01-08T00:21:00.000Z
000038854,OJAI,OAKB,NORMAL,2,2027-01-08T00:30:00.000Z
000038855,OJAI,SLLP,NORMAL,2,2027-01-08T00:39:00.000Z
000038856,OJAI,SEQM,NORMAL,2,2027-01-08T00:41:00.000Z
000038857,OJAI,OOMS,NORMAL,2,2027-01-08T00:42:00.000Z
000038858,OJAI,OAKB,NORMAL,2,2027-01-08T00:45:00.000Z
000038859,OJAI,LATI,NORMAL,2,2027-01-08T00:58:00.000Z
000038860,OJAI,LBSF,NORMAL,2,2027-01-08T00:03:00.000Z
000038861,OJAI,LKPR,NORMAL,2,2027-01-08T01:04:00.000Z
000038862,OJAI,SCEL,NORMAL,2,2027-01-08T01:06:00.000Z
000038863,OJAI,SEQM,NORMAL,2,2027-01-08T01:19:00.000Z
000038864,OJAI,SABE,NORMAL,2,2027-01-08T01:19:00.000Z
000038865,OJAI,EHAM,NORMAL,2,2027-01-08T01:25:00.000Z
000038866,OJAI,LOWW,NORMAL,2,2027-01-08T01:29:00.000Z
000038867,OJAI,OERK,NORMAL,2,2027-01-08T01:32:00.000Z
000038868,OJAI,OSDI,NORMAL,2,2027-01-08T01:39:00.000Z
000038869,OJAI,VIDP,NORMAL,2,2027-01-08T01:45:00.000Z
000038870,OJAI,SVMI,NORMAL,2,2027-01-08T01:49:00.000Z
000038871,OJAI,SPIM,NORMAL,2,2027-01-08T01:59:00.000Z
000038872,OJAI,VIDP,NORMAL,2,2027-01-08T01:04:00.000Z
000038873,OJAI,LBSF,NORMAL,2,2027-01-08T02:07:00.000Z
000038874,OJAI,VIDP,NORMAL,2,2027-01-08T02:08:00.000Z
000038875,OJAI,OERK,NORMAL,2,2027-01-08T02:18:00.000Z
000038876,OJAI,SGAS,NORMAL,2,2027-01-08T02:20:00.000Z
000038877,OJAI,EDDI,NORMAL,2,2027-01-08T02:24:00.000Z
000038878,OJAI,EHAM,NORMAL,2,2027-01-08T02:29:00.000Z
000038879,OJAI,EHAM,NORMAL,2,2027-01-08T02:35:00.000Z
000038880,OJAI,EKCH,NORMAL,2,2027-01-08T02:35:00.000Z
000038881,OJAI,LOWW,NORMAL,2,2027-01-08T02:43:00.000Z
000038882,OJAI,SVMI,NORMAL,2,2027-01-08T02:54:00.000Z
000038883,OJAI,SBBR,NORMAL,2,2027-01-08T02:51:00.000Z
000038884,OJAI,SKBO,NORMAL,2,2027-01-08T02:59:00.000Z
000038885,OJAI,LBSF,NORMAL,2,2027-01-08T03:05:00.000Z
000038886,OJAI,SCEL,NORMAL,2,2027-01-08T03:10:00.000Z
000038887,OJAI,OYSN,NORMAL,2,2027-01-08T03:13:00.000Z
000038888,OJAI,OMDB,NORMAL,2,2027-01-08T03:19:00.000Z
000038889,OJAI,EDDI,NORMAL,2,2027-01-08T03:24:00.000Z
000038890,OJAI,SLLP,NORMAL,2,2027-01-08T03:26:00.000Z
000038891,OJAI,OAKB,NORMAL,2,2027-01-08T03:32:00.000Z
000038892,OJAI,SUAA,NORMAL,2,2027-01-08T03:40:00.000Z
000038893,OJAI,OMDB,NORMAL,2,2027-01-08T03:42:00.000Z
000038894,OJAI,SABE,NORMAL,2,2027-01-08T03:52:00.000Z
000038895,OJAI,LDZA,NORMAL,2,2027-01-08T03:53:00.000Z
000038896,OJAI,LKPR,NORMAL,2,2027-01-08T03:00:00.000Z
000038897,OJAI,SGAS,NORMAL,2,2027-01-08T04:01:00.000Z
000038898,OJAI,SBBR,NORMAL,2,2027-01-08T04:11:00.000Z
000038899,OJAI,OOMS,NORMAL,2,2027-01-08T04:19:00.000Z
000038900,OJAI,SLLP,NORMAL,2,2027-01-08T04:15:00.000Z
000038901,OJAI,SUAA,NORMAL,2,2027-01-08T04:20:00.000Z
000038902,OJAI,OSDI,NORMAL,2,2027-01-08T04:27:00.000Z
000038903,OJAI,OOMS,NORMAL,2,2027-01-08T04:33:00.000Z
000038904,OJAI,SKBO,NORMAL,2,2027-01-08T04:40:00.000Z
000038905,OJAI,SEQM,NORMAL,2,2027-01-08T04:43:00.000Z
000038906,OJAI,SKBO,NORMAL,2,2027-01-08T04:49:00.000Z
000038907,OJAI,LDZA,NORMAL,2,2027-01-08T04:58:00.000Z
000038908,OJAI,OOMS,NORMAL,2,2027-01-08T04:58:00.000Z
000038909,OJAI,OPKC,NORMAL,2,2027-01-08T05:08:00.000Z
000038910,OJAI,EBCI,NORMAL,2,2027-01-08T05:06:00.000Z
000038911,OJAI,SVMI,NORMAL,2,2027-01-08T05:18:00.000Z
000038912,OJAI,EKCH,NORMAL,2,2027-01-08T05:24:00.000Z
000038913,OJAI,SABE,NORMAL,2,2027-01-08T05:24:00.000Z
000038914,OJAI,UMMS,NORMAL,2,2027-01-08T05:26:00.000Z
000038915,OJAI,SKBO,NORMAL,2,2027-01-08T05:36:00.000Z
000038916,OJAI,SCEL,NORMAL,2,2027-01-08T05:38:00.000Z
000038917,OJAI,LDZA,NORMAL,2,2027-01-08T05:48:00.000Z
000038918,OJAI,SCEL,NORMAL,2,2027-01-08T05:49:00.000Z
000038919,OJAI,SPIM,NORMAL,2,2027-01-08T05:57:00.000Z
000038920,OJAI,SBBR,NORMAL,2,2027-01-08T05:00:00.000Z
000038921,OJAI,SEQM,NORMAL,2,2027-01-08T06:04:00.000Z
000038922,OJAI,UMMS,NORMAL,2,2027-01-08T06:09:00.000Z
000038923,OJAI,LOWW,NORMAL,2,2027-01-08T06:12:00.000Z
000038924,OJAI,OMDB,NORMAL,2,2027-01-08T06:20:00.000Z
000038925,OJAI,SPIM,NORMAL,2,2027-01-08T06:23:00.000Z
000038926,OJAI,SABE,NORMAL,2,2027-01-08T06:27:00.000Z
000038927,OJAI,UBBB,NORMAL,2,2027-01-08T06:30:00.000Z
000038928,OJAI,OERK,NORMAL,2,2027-01-08T06:40:00.000Z
000038929,OJAI,SPIM,NORMAL,2,2027-01-08T06:47:00.000Z
000038930,OJAI,SABE,NORMAL,2,2027-01-08T06:53:00.000Z
000038931,OJAI,LATI,NORMAL,2,2027-01-08T06:57:00.000Z
000038932,OJAI,SUAA,NORMAL,2,2027-01-08T06:59:00.000Z
000038933,OJAI,LKPR,NORMAL,2,2027-01-08T07:02:00.000Z
000038934,OJAI,SABE,NORMAL,2,2027-01-08T07:07:00.000Z
000038935,OJAI,SEQM,NORMAL,2,2027-01-08T07:11:00.000Z
000038936,OJAI,LDZA,NORMAL,2,2027-01-08T07:19:00.000Z
000038937,OJAI,OPKC,NORMAL,2,2027-01-08T07:26:00.000Z
000038938,OJAI,SLLP,NORMAL,2,2027-01-08T07:30:00.000Z
000038939,OJAI,OOMS,NORMAL,2,2027-01-08T07:33:00.000Z
000038940,OJAI,LDZA,NORMAL,2,2027-01-08T07:42:00.000Z
000038941,OJAI,VIDP,NORMAL,2,2027-01-08T07:46:00.000Z
000038942,OJAI,EKCH,NORMAL,2,2027-01-08T07:45:00.000Z
000038943,OJAI,SCEL,NORMAL,2,2027-01-08T07:56:00.000Z
000038944,OJAI,EHAM,NORMAL,2,2027-01-08T07:57:00.000Z
000038945,OJAI,EDDI,NORMAL,2,2027-01-08T08:09:00.000Z
000038946,OJAI,SLLP,NORMAL,2,2027-01-08T08:09:00.000Z
000038947,OJAI,EKCH,NORMAL,2,2027-01-08T08:10:00.000Z
000038948,OJAI,SPIM,NORMAL,2,2027-01-08T08:20:00.000Z
000038949,OJAI,OSDI,NORMAL,2,2027-01-08T08:20:00.000Z
000038950,OJAI,LBSF,NORMAL,2,2027-01-08T08:26:00.000Z
000038951,OJAI,OMDB,NORMAL,2,2027-01-08T08:32:00.000Z
000038952,OJAI,SABE,NORMAL,2,2027-01-08T08:42:00.000Z
000038953,OJAI,UMMS,NORMAL,2,2027-01-08T08:49:00.000Z
000038954,OJAI,OPKC,NORMAL,2,2027-01-08T08:46:00.000Z
000038955,OJAI,SEQM,NORMAL,2,2027-01-08T08:51:00.000Z
000038956,OJAI,OYSN,NORMAL,2,2027-01-08T08:58:00.000Z
000038957,OJAI,SVMI,NORMAL,2,2027-01-08T09:00:00.000Z
000038958,OJAI,SKBO,NORMAL,2,2027-01-08T09:10:00.000Z
000038959,OJAI,UBBB,NORMAL,2,2027-01-08T09:19:00.000Z
000038960,OJAI,OSDI,NORMAL,2,2027-01-08T09:24:00.000Z
000038961,OJAI,EDDI,NORMAL,2,2027-01-08T09:23:00.000Z
000038962,OJAI,SPIM,NORMAL,2,2027-01-08T09:32:00.000Z
000038963,OJAI,EBCI,NORMAL,2,2027-01-08T09:38:00.000Z
000038964,OJAI,EBCI,NORMAL,2,2027-01-08T09:38:00.000Z
000038965,OJAI,SPIM,NORMAL,1,2027-01-08T09:49:00.000Z
000038966,OJAI,SLLP,NORMAL,1,2027-01-08T09:54:00.000Z
000038967,OJAI,OYSN,NORMAL,1,2027-01-08T09:53:00.000Z
000038968,OJAI,SABE,NORMAL,1,2027-01-08T09:58:00.000Z
000038969,OJAI,OYSN,NORMAL,1,2027-01-08T10:00:00.000Z
000038970,OJAI,OOMS,NORMAL,1,2027-01-08T10:13:00.000Z
000038971,OJAI,SKBO,NORMAL,1,2027-01-08T10:17:00.000Z
000038972,OJAI,SABE,NORMAL,1,2027-01-08T10:22:00.000Z
000038973,OJAI,EDDI,NORMAL,1,2027-01-08T10:24:00.000Z
000038974,OJAI,SBBR,NORMAL,1,2027-01-08T10:34:00.000Z
000038975,OJAI,SEQM,NORMAL,1,2027-01-08T10:34:00.000Z
000038976,OJAI,LATI,NORMAL,1,2027-01-08T10:40:00.000Z
000038977,OJAI,EDDI,NORMAL,1,2027-01-08T10:43:00.000Z
000038978,OJAI,OYSN,NORMAL,1,2027-01-08T10:52:00.000Z
000038979,OJAI,OMDB,NORMAL,1,2027-01-08T10:56:00.000Z
000038980,OJAI,EBCI,NORMAL,1,2027-01-08T10:03:00.000Z
000038981,OJAI,OOMS,NORMAL,1,2027-01-08T11:04:00.000Z
000038982,OJAI,UBBB,NORMAL,1,2027-01-08T11:14:00.000Z
000038983,OJAI,OAKB,NORMAL,1,2027-01-08T11:12:00.000Z
000038984,OJAI,OSDI,NORMAL,1,2027-01-08T11:24:00.000Z
000038985,OJAI,SABE,NORMAL,1,2027-01-08T11:22:00.000Z
000038986,OJAI,OSDI,NORMAL,1,2027-01-08T11:31:00.000Z
000038987,OJAI,LKPR,NORMAL,1,2027-01-08T11:38:00.000Z
000038988,OJAI,SVMI,NORMAL,1,2027-01-08T11:36:00.000Z
000038989,OJAI,SEQM,NORMAL,1,2027-01-08T11:41:00.000Z
000038990,OJAI,VIDP,NORMAL,1,2027-01-08T11:49:00.000Z
000038991,OJAI,SUAA,NORMAL,1,2027-01-08T11:59:00.000Z
000038992,OJAI,SLLP,NORMAL,1,2027-01-08T11:57:00.000Z
000038993,OJAI,SVMI,NORMAL,1,2027-01-08T12:02:00.000Z
000038994,OJAI,LATI,NORMAL,1,2027-01-08T12:13:00.000Z
000038995,OJAI,EHAM,NORMAL,1,2027-01-08T12:15:00.000Z
000038996,OJAI,OSDI,NORMAL,1,2027-01-08T12:23:00.000Z
000038997,OJAI,SLLP,NORMAL,1,2027-01-08T12:28:00.000Z
000038998,OJAI,VIDP,NORMAL,1,2027-01-08T12:30:00.000Z
000038999,OJAI,EDDI,NORMAL,1,2027-01-08T12:33:00.000Z
000039000,OJAI,SEQM,NORMAL,1,2027-01-08T12:44:00.000Z
000039001,OJAI,EKCH,NORMAL,1,2027-01-08T12:47:00.000Z
000039002,OJAI,OYSN,NORMAL,1,2027-01-08T12:49:00.000Z
000039003,OJAI,UBBB,NORMAL,1,2027-01-08T12:56:00.000Z
000039004,OJAI,LBSF,NORMAL,1,2027-01-08T12:58:00.000Z
000039005,OJAI,EKCH,NORMAL,1,2027-01-08T13:04:00.000Z
000039006,OJAI,SKBO,NORMAL,1,2027-01-08T13:06:00.000Z
000039007,OJAI,SGAS,NORMAL,1,2027-01-08T13:18:00.000Z
000039008,OJAI,OMDB,NORMAL,1,2027-01-08T13:18:00.000Z
000039009,OJAI,OOMS,NORMAL,1,2027-01-08T13:23:00.000Z
000039010,OJAI,EHAM,NORMAL,1,2027-01-08T13:30:00.000Z
000039011,OJAI,EBCI,NORMAL,1,2027-01-08T13:31:00.000Z
000039012,OJAI,OMDB,NORMAL,1,2027-01-08T13:41:00.000Z
000039013,OJAI,OSDI,NORMAL,1,2027-01-08T13:49:00.000Z
000039014,OJAI,EHAM,NORMAL,1,2027-01-08T13:46:00.000Z
000039015,OJAI,OSDI,NORMAL,1,2027-01-08T13:54:00.000Z
000039016,OJAI,OERK,NORMAL,1,2027-01-08T13:58:00.000Z
000039017,OJAI,OAKB,NORMAL,1,2027-01-08T14:02:00.000Z
000039018,OJAI,LATI,NORMAL,1,2027-01-08T14:07:00.000Z
000039019,OJAI,EBCI,NORMAL,1,2027-01-08T14:15:00.000Z
000039020,OJAI,UBBB,NORMAL,1,2027-01-08T14:17:00.000Z
000039021,OJAI,SVMI,NORMAL,1,2027-01-08T14:20:00.000Z
000039022,OJAI,SABE,NORMAL,1,2027-01-08T14:34:00.000Z
000039023,OJAI,LKPR,NORMAL,1,2027-01-08T14:31:00.000Z
000039024,OJAI,SGAS,NORMAL,1,2027-01-08T14:36:00.000Z
000039025,OJAI,SKBO,NORMAL,1,2027-01-08T14:48:00.000Z
000039026,OJAI,LOWW,NORMAL,1,2027-01-08T14:54:00.000Z
000039027,OJAI,OYSN,NORMAL,1,2027-01-08T14:53:00.000Z
000039028,OJAI,SABE,NORMAL,1,2027-01-08T14:00:00.000Z
000039029,OJAI,LKPR,NORMAL,1,2027-01-08T15:06:00.000Z
000039030,OJAI,SUAA,NORMAL,1,2027-01-08T15:11:00.000Z
000039031,OJAI,OOMS,NORMAL,1,2027-01-08T15:15:00.000Z
000039032,OJAI,SLLP,NORMAL,1,2027-01-08T15:23:00.000Z
000039033,OJAI,OAKB,NORMAL,1,2027-01-08T15:28:00.000Z
000039034,OJAI,OPKC,NORMAL,1,2027-01-08T15:29:00.000Z
000039035,OJAI,SBBR,NORMAL,1,2027-01-08T15:35:00.000Z
000039036,OJAI,LBSF,NORMAL,1,2027-01-08T15:39:00.000Z
000039037,OJAI,VIDP,NORMAL,1,2027-01-08T15:42:00.000Z
000039038,OJAI,OOMS,NORMAL,1,2027-01-08T15:48:00.000Z
000039039,OJAI,EBCI,NORMAL,1,2027-01-08T15:58:00.000Z
000039040,OJAI,SVMI,NORMAL,1,2027-01-08T15:59:00.000Z
000039041,OJAI,SGAS,NORMAL,1,2027-01-08T16:03:00.000Z
000039042,OJAI,OSDI,NORMAL,1,2027-01-08T16:11:00.000Z
000039043,OJAI,VIDP,NORMAL,1,2027-01-08T16:11:00.000Z
000039044,OJAI,SVMI,NORMAL,1,2027-01-08T16:15:00.000Z
000039045,OJAI,SABE,NORMAL,1,2027-01-08T16:29:00.000Z
000039046,OJAI,LBSF,NORMAL,1,2027-01-08T16:27:00.000Z
000039047,OJAI,LDZA,NORMAL,1,2027-01-08T16:39:00.000Z
000039048,OJAI,OERK,NORMAL,1,2027-01-08T16:40:00.000Z
000039049,OJAI,OSDI,NORMAL,1,2027-01-08T16:47:00.000Z
000039050,OJAI,OSDI,NORMAL,1,2027-01-08T16:50:00.000Z
000039051,OJAI,SEQM,NORMAL,1,2027-01-08T16:53:00.000Z
000039052,OJAI,OPKC,NORMAL,1,2027-01-08T16:03:00.000Z
000039053,OJAI,OPKC,NORMAL,1,2027-01-08T17:08:00.000Z
000039054,OJAI,OERK,NORMAL,1,2027-01-08T17:06:00.000Z
000039055,OJAI,LDZA,NORMAL,1,2027-01-08T17:12:00.000Z
000039056,OJAI,SVMI,NORMAL,1,2027-01-08T17:16:00.000Z
000039057,OJAI,LOWW,NORMAL,1,2027-01-08T17:28:00.000Z
000039058,OJAI,OMDB,NORMAL,1,2027-01-08T17:29:00.000Z
000039059,OJAI,OMDB,NORMAL,1,2027-01-08T17:34:00.000Z
000039060,OJAI,OOMS,NORMAL,1,2027-01-08T17:36:00.000Z
000039061,OJAI,UMMS,NORMAL,1,2027-01-08T17:47:00.000Z
000039062,OJAI,EKCH,NORMAL,1,2027-01-08T17:49:00.000Z
000039063,OJAI,SBBR,NORMAL,1,2027-01-08T17:51:00.000Z
000039064,OJAI,OOMS,NORMAL,1,2027-01-08T17:58:00.000Z
000039065,OJAI,OERK,NORMAL,1,2027-01-08T18:06:00.000Z
000039066,OJAI,SUAA,NORMAL,1,2027-01-08T18:12:00.000Z
000039067,OJAI,SPIM,NORMAL,1,2027-01-08T18:11:00.000Z
000039068,OJAI,EKCH,NORMAL,1,2027-01-08T18:17:00.000Z
000039069,OJAI,LKPR,NORMAL,1,2027-01-08T18:24:00.000Z
000039070,OJAI,OSDI,NORMAL,1,2027-01-08T18:30:00.000Z
000039071,OJAI,LKPR,NORMAL,1,2027-01-08T18:37:00.000Z
000039072,OJAI,SVMI,NORMAL,1,2027-01-08T18:37:00.000Z
000039073,OJAI,SLLP,NORMAL,1,2027-01-08T18:48:00.000Z
000039074,OJAI,SPIM,NORMAL,1,2027-01-08T18:51:00.000Z
000039075,OJAI,LBSF,NORMAL,1,2027-01-08T18:53:00.000Z
000039076,OJAI,EBCI,NORMAL,1,2027-01-08T18:57:00.000Z
000039077,OJAI,VIDP,NORMAL,1,2027-01-08T19:07:00.000Z
000039078,OJAI,SGAS,NORMAL,1,2027-01-08T19:12:00.000Z
000039079,OJAI,LATI,NORMAL,1,2027-01-08T19:12:00.000Z
000039080,OJAI,EBCI,NORMAL,1,2027-01-08T19:17:00.000Z
000039081,OJAI,EDDI,NORMAL,1,2027-01-08T19:24:00.000Z
000039082,OJAI,SUAA,NORMAL,1,2027-01-08T19:26:00.000Z
000039083,OJAI,UMMS,NORMAL,1,2027-01-08T19:32:00.000Z
000039084,OJAI,SCEL,NORMAL,1,2027-01-08T19:39:00.000Z
000039085,OJAI,SPIM,NORMAL,1,2027-01-08T19:46:00.000Z
000039086,OJAI,SBBR,NORMAL,1,2027-01-08T19:48:00.000Z
000039087,OJAI,OAKB,NORMAL,1,2027-01-08T19:59:00.000Z
000039088,OJAI,EDDI,NORMAL,1,2027-01-08T19:03:00.000Z
000039089,OJAI,OMDB,NORMAL,1,2027-01-08T20:05:00.000Z
000039090,OJAI,OERK,NORMAL,1,2027-01-08T20:10:00.000Z
000039091,OJAI,SPIM,NORMAL,1,2027-01-08T20:14:00.000Z
000039092,OJAI,EKCH,NORMAL,1,2027-01-08T20:15:00.000Z
000039093,OJAI,LDZA,NORMAL,1,2027-01-08T20:20:00.000Z
000039094,OJAI,VIDP,NORMAL,1,2027-01-08T20:25:00.000Z
000039095,OJAI,UBBB,NORMAL,1,2027-01-08T20:39:00.000Z
000039096,OJAI,SVMI,NORMAL,1,2027-01-08T20:38:00.000Z
000039097,OJAI,SPIM,NORMAL,1,2027-01-08T20:45:00.000Z
000039098,OJAI,UBBB,NORMAL,1,2027-01-08T20:54:00.000Z
000031517,OMDB,SUAA,NORMAL,4,2027-01-08T00:18:00.000Z
000031518,OMDB,EDDI,NORMAL,4,2027-01-08T00:35:00.000Z
000031519,OMDB,LDZA,NORMAL,4,2027-01-08T00:45:00.000Z
000031520,OMDB,LOWW,NORMAL,4,2027-01-08T00:54:00.000Z
000031521,OMDB,SLLP,NORMAL,4,2027-01-08T01:14:00.000Z
000031522,OMDB,SUAA,NORMAL,4,2027-01-08T01:20:00.000Z
000031523,OMDB,LDZA,NORMAL,4,2027-01-08T01:33:00.000Z
000031524,OMDB,SCEL,NORMAL,4,2027-01-08T01:46:00.000Z
000031525,OMDB,LOWW,NORMAL,4,2027-01-08T01:01:00.000Z
000031526,OMDB,EDDI,NORMAL,4,2027-01-08T02:11:00.000Z
000031527,OMDB,EDDI,NORMAL,4,2027-01-08T02:29:00.000Z
000031528,OMDB,LBSF,NORMAL,4,2027-01-08T02:44:00.000Z
000031529,OMDB,LKPR,NORMAL,3,2027-01-08T02:49:00.000Z
000031530,OMDB,OAKB,NORMAL,3,2027-01-08T03:07:00.000Z
000031531,OMDB,EKCH,NORMAL,3,2027-01-08T03:16:00.000Z
000031532,OMDB,LBSF,NORMAL,3,2027-01-08T03:35:00.000Z
000031533,OMDB,LDZA,NORMAL,3,2027-01-08T03:50:00.000Z
000031534,OMDB,OYSN,NORMAL,3,2027-01-08T03:59:00.000Z
000031535,OMDB,EDDI,NORMAL,3,2027-01-08T04:12:00.000Z
000031536,OMDB,SPIM,NORMAL,3,2027-01-08T04:27:00.000Z
000031537,OMDB,SLLP,NORMAL,3,2027-01-08T04:42:00.000Z
000031538,OMDB,EBCI,NORMAL,3,2027-01-08T04:55:00.000Z
000031539,OMDB,LBSF,NORMAL,3,2027-01-08T04:59:00.000Z
000031540,OMDB,LBSF,NORMAL,3,2027-01-08T05:14:00.000Z
000031541,OMDB,OSDI,NORMAL,3,2027-01-08T05:32:00.000Z
000031542,OMDB,OPKC,NORMAL,3,2027-01-08T05:42:00.000Z
000031543,OMDB,OJAI,NORMAL,3,2027-01-08T05:59:00.000Z
000031544,OMDB,OJAI,NORMAL,3,2027-01-08T06:10:00.000Z
000031545,OMDB,VIDP,NORMAL,3,2027-01-08T06:21:00.000Z
000031546,OMDB,SBBR,NORMAL,3,2027-01-08T06:37:00.000Z
000031547,OMDB,EBCI,NORMAL,3,2027-01-08T06:51:00.000Z
000031548,OMDB,LDZA,NORMAL,3,2027-01-08T06:58:00.000Z
000031549,OMDB,EKCH,NORMAL,3,2027-01-08T07:14:00.000Z
000031550,OMDB,OERK,NORMAL,3,2027-01-08T07:27:00.000Z
000031551,OMDB,EDDI,NORMAL,3,2027-01-08T07:36:00.000Z
000031552,OMDB,LATI,NORMAL,3,2027-01-08T07:51:00.000Z
000031553,OMDB,LDZA,NORMAL,3,2027-01-08T08:01:00.000Z
000031554,OMDB,OAKB,NORMAL,3,2027-01-08T08:23:00.000Z
000031555,OMDB,EHAM,NORMAL,3,2027-01-08T08:33:00.000Z
000031556,OMDB,LDZA,NORMAL,3,2027-01-08T08:42:00.000Z
000031557,OMDB,OAKB,NORMAL,3,2027-01-08T08:58:00.000Z
000031558,OMDB,EHAM,NORMAL,3,2027-01-08T09:15:00.000Z
000031559,OMDB,SVMI,NORMAL,3,2027-01-08T09:24:00.000Z
000031560,OMDB,LKPR,NORMAL,3,2027-01-08T09:37:00.000Z
000031561,OMDB,OAKB,NORMAL,3,2027-01-08T09:48:00.000Z
000031562,OMDB,OJAI,NORMAL,3,2027-01-08T09:05:00.000Z
000031563,OMDB,EKCH,NORMAL,3,2027-01-08T10:16:00.000Z
000031564,OMDB,UMMS,NORMAL,3,2027-01-08T10:32:00.000Z
000031565,OMDB,OPKC,NORMAL,3,2027-01-08T10:45:00.000Z
000031566,OMDB,OERK,NORMAL,3,2027-01-08T10:51:00.000Z
000031567,OMDB,LDZA,NORMAL,3,2027-01-08T11:03:00.000Z
000031568,OMDB,LDZA,NORMAL,3,2027-01-08T11:19:00.000Z
000031569,OMDB,OSDI,NORMAL,3,2027-01-08T11:34:00.000Z
000031570,OMDB,EBCI,NORMAL,3,2027-01-08T11:50:00.000Z
000031571,OMDB,LATI,NORMAL,3,2027-01-08T11:58:00.000Z
000031572,OMDB,LDZA,NORMAL,3,2027-01-08T12:08:00.000Z
000031573,OMDB,SPIM,NORMAL,3,2027-01-08T12:24:00.000Z
000031574,OMDB,SLLP,NORMAL,3,2027-01-08T12:36:00.000Z
000031575,OMDB,OPKC,NORMAL,3,2027-01-08T12:55:00.000Z
000031576,OMDB,LOWW,NORMAL,3,2027-01-08T13:04:00.000Z
000031577,OMDB,SEQM,NORMAL,3,2027-01-08T13:21:00.000Z
000031578,OMDB,OJAI,NORMAL,3,2027-01-08T13:26:00.000Z
000031579,OMDB,SEQM,NORMAL,3,2027-01-08T13:41:00.000Z
000031580,OMDB,UBBB,NORMAL,3,2027-01-08T13:55:00.000Z
000031581,OMDB,LDZA,NORMAL,3,2027-01-08T14:09:00.000Z
000031582,OMDB,LKPR,NORMAL,3,2027-01-08T14:22:00.000Z
000031583,OMDB,SUAA,NORMAL,3,2027-01-08T14:37:00.000Z
000031584,OMDB,SLLP,NORMAL,3,2027-01-08T14:47:00.000Z
000031585,OMDB,SLLP,NORMAL,3,2027-01-08T14:02:00.000Z
000031586,OMDB,SEQM,NORMAL,3,2027-01-08T15:16:00.000Z
000031587,OMDB,SUAA,NORMAL,3,2027-01-08T15:31:00.000Z
000031588,OMDB,OSDI,NORMAL,3,2027-01-08T15:40:00.000Z
000031589,OMDB,LBSF,NORMAL,3,2027-01-08T15:58:00.000Z
000031590,OMDB,UMMS,NORMAL,3,2027-01-08T16:02:00.000Z
000031591,OMDB,SGAS,NORMAL,3,2027-01-08T16:16:00.000Z
000031592,OMDB,OJAI,NORMAL,3,2027-01-08T16:34:00.000Z
000031593,OMDB,OOMS,NORMAL,3,2027-01-08T16:44:00.000Z
000031594,OMDB,LBSF,NORMAL,3,2027-01-08T16:03:00.000Z
000031595,OMDB,OJAI,NORMAL,3,2027-01-08T17:11:00.000Z
000031596,OMDB,VIDP,NORMAL,3,2027-01-08T17:28:00.000Z
000031597,OMDB,LBSF,NORMAL,3,2027-01-08T17:34:00.000Z
000031598,OMDB,EKCH,NORMAL,3,2027-01-08T17:49:00.000Z
000031599,OMDB,LDZA,NORMAL,3,2027-01-08T17:01:00.000Z
000031600,OMDB,UMMS,NORMAL,3,2027-01-08T18:21:00.000Z
000031601,OMDB,OSDI,NORMAL,3,2027-01-08T18:30:00.000Z
000031602,OMDB,EHAM,NORMAL,3,2027-01-08T18:45:00.000Z
000031603,OMDB,SUAA,NORMAL,3,2027-01-08T18:58:00.000Z
000031604,OMDB,LKPR,NORMAL,3,2027-01-08T19:12:00.000Z
000031605,OMDB,LKPR,NORMAL,3,2027-01-08T19:24:00.000Z
000031606,OMDB,SUAA,NORMAL,3,2027-01-08T19:35:00.000Z
000031607,OMDB,OPKC,NORMAL,3,2027-01-08T19:47:00.000Z
000031608,OMDB,VIDP,NORMAL,3,2027-01-08T19:00:00.000Z
000031609,OMDB,EHAM,NORMAL,3,2027-01-08T20:09:00.000Z
000031610,OMDB,SLLP,NORMAL,3,2027-01-08T20:28:00.000Z
000031611,OMDB,UBBB,NORMAL,3,2027-01-08T20:41:00.000Z
000031612,OMDB,EHAM,NORMAL,3,2027-01-08T20:54:00.000Z
000031613,OMDB,SUAA,NORMAL,3,2027-01-08T21:05:00.000Z
000031614,OMDB,SKBO,NORMAL,1,2027-01-08T21:14:00.000Z
000031925,OOMS,EBCI,NORMAL,4,2027-01-08T00:14:00.000Z
000031926,OOMS,EKCH,NORMAL,4,2027-01-08T00:34:00.000Z
000031927,OOMS,EHAM,NORMAL,4,2027-01-08T00:42:00.000Z
000031928,OOMS,SPIM,NORMAL,4,2027-01-08T00:57:00.000Z
000031929,OOMS,OPKC,NORMAL,4,2027-01-08T01:10:00.000Z
000031930,OOMS,SBBR,NORMAL,4,2027-01-08T01:24:00.000Z
000031931,OOMS,EHAM,NORMAL,4,2027-01-08T01:37:00.000Z
000031932,OOMS,LATI,NORMAL,4,2027-01-08T01:44:00.000Z
000031933,OOMS,OSDI,NORMAL,4,2027-01-08T01:06:00.000Z
000031934,OOMS,VIDP,NORMAL,4,2027-01-08T02:11:00.000Z
000031935,OOMS,LDZA,NORMAL,4,2027-01-08T02:24:00.000Z
000031936,OOMS,LATI,NORMAL,4,2027-01-08T02:38:00.000Z
000031937,OOMS,OSDI,NORMAL,4,2027-01-08T02:54:00.000Z
000031938,OOMS,SABE,NORMAL,4,2027-01-08T03:07:00.000Z
000031939,OOMS,SUAA,NORMAL,4,2027-01-08T03:20:00.000Z
000031940,OOMS,EHAM,NORMAL,4,2027-01-08T03:30:00.000Z
000031941,OOMS,SLLP,NORMAL,4,2027-01-08T03:42:00.000Z
000031942,OOMS,OJAI,NORMAL,4,2027-01-08T03:03:00.000Z
000031943,OOMS,LDZA,NORMAL,4,2027-01-08T04:09:00.000Z
000031944,OOMS,LOWW,NORMAL,4,2027-01-08T04:26:00.000Z
000031945,OOMS,SLLP,NORMAL,4,2027-01-08T04:39:00.000Z
000031946,OOMS,SCEL,NORMAL,4,2027-01-08T04:53:00.000Z
000031947,OOMS,EDDI,NORMAL,4,2027-01-08T04:00:00.000Z
000031948,OOMS,SUAA,NORMAL,4,2027-01-08T05:18:00.000Z
000031949,OOMS,LATI,NORMAL,4,2027-01-08T05:28:00.000Z
000031950,OOMS,LOWW,NORMAL,4,2027-01-08T05:43:00.000Z
000031951,OOMS,UMMS,NORMAL,4,2027-01-08T05:53:00.000Z
000031952,OOMS,SUAA,NORMAL,4,2027-01-08T06:09:00.000Z
000031953,OOMS,SABE,NORMAL,4,2027-01-08T06:23:00.000Z
000031954,OOMS,OJAI,NORMAL,3,2027-01-08T06:32:00.000Z
000031955,OOMS,OMDB,NORMAL,3,2027-01-08T06:51:00.000Z
000031956,OOMS,SABE,NORMAL,3,2027-01-08T06:05:00.000Z
000031957,OOMS,VIDP,NORMAL,3,2027-01-08T07:13:00.000Z
000031958,OOMS,LBSF,NORMAL,3,2027-01-08T07:23:00.000Z
000031959,OOMS,LBSF,NORMAL,3,2027-01-08T07:36:00.000Z
000031960,OOMS,LOWW,NORMAL,3,2027-01-08T07:57:00.000Z
000031961,OOMS,OSDI,NORMAL,3,2027-01-08T08:07:00.000Z
000031962,OOMS,LKPR,NORMAL,3,2027-01-08T08:22:00.000Z
000031963,OOMS,SGAS,NORMAL,3,2027-01-08T08:32:00.000Z
000031964,OOMS,EKCH,NORMAL,3,2027-01-08T08:49:00.000Z
000031965,OOMS,SCEL,NORMAL,3,2027-01-08T08:53:00.000Z
000031966,OOMS,EDDI,NORMAL,3,2027-01-08T09:07:00.000Z
000031967,OOMS,LATI,NORMAL,3,2027-01-08T09:28:00.000Z
000031968,OOMS,SABE,NORMAL,3,2027-01-08T09:37:00.000Z
000031969,OOMS,EBCI,NORMAL,3,2027-01-08T09:54:00.000Z
000031970,OOMS,SVMI,NORMAL,3,2027-01-08T09:58:00.000Z
000031971,OOMS,SCEL,NORMAL,3,2027-01-08T10:17:00.000Z
000031972,OOMS,OERK,NORMAL,3,2027-01-08T10:30:00.000Z
000031973,OOMS,EKCH,NORMAL,3,2027-01-08T10:45:00.000Z
000031974,OOMS,OSDI,NORMAL,3,2027-01-08T10:50:00.000Z
000031975,OOMS,OERK,NORMAL,3,2027-01-08T11:03:00.000Z
000031976,OOMS,OPKC,NORMAL,3,2027-01-08T11:20:00.000Z
000031977,OOMS,OAKB,NORMAL,3,2027-01-08T11:36:00.000Z
000031978,OOMS,SPIM,NORMAL,3,2027-01-08T11:47:00.000Z
000031979,OOMS,OSDI,NORMAL,3,2027-01-08T11:04:00.000Z
000031980,OOMS,SUAA,NORMAL,3,2027-01-08T12:17:00.000Z
000031981,OOMS,EKCH,NORMAL,3,2027-01-08T12:21:00.000Z
000031982,OOMS,EKCH,NORMAL,3,2027-01-08T12:40:00.000Z
000031983,OOMS,SUAA,NORMAL,3,2027-01-08T12:50:00.000Z
000031984,OOMS,SPIM,NORMAL,3,2027-01-08T13:07:00.000Z
000031985,OOMS,OJAI,NORMAL,3,2027-01-08T13:15:00.000Z
000031986,OOMS,SLLP,NORMAL,3,2027-01-08T13:26:00.000Z
000031987,OOMS,LKPR,NORMAL,3,2027-01-08T13:42:00.000Z
000031988,OOMS,SPIM,NORMAL,3,2027-01-08T13:57:00.000Z
000031989,OOMS,LOWW,NORMAL,3,2027-01-08T14:11:00.000Z
000031990,OOMS,OAKB,NORMAL,3,2027-01-08T14:19:00.000Z
000031991,OOMS,UBBB,NORMAL,3,2027-01-08T14:39:00.000Z
000031992,OOMS,SABE,NORMAL,3,2027-01-08T14:49:00.000Z
000031993,OOMS,LOWW,NORMAL,3,2027-01-08T14:00:00.000Z
000031994,OOMS,SEQM,NORMAL,3,2027-01-08T15:17:00.000Z
000031995,OOMS,LKPR,NORMAL,3,2027-01-08T15:32:00.000Z
000031996,OOMS,EHAM,NORMAL,3,2027-01-08T15:45:00.000Z
000031997,OOMS,SLLP,NORMAL,3,2027-01-08T15:52:00.000Z
000031998,OOMS,UBBB,NORMAL,3,2027-01-08T16:03:00.000Z
000031999,OOMS,OPKC,NORMAL,3,2027-01-08T16:18:00.000Z
000032000,OOMS,SUAA,NORMAL,3,2027-01-08T16:33:00.000Z
000032001,OOMS,OPKC,NORMAL,3,2027-01-08T16:47:00.000Z
000032002,OOMS,UMMS,NORMAL,3,2027-01-08T16:59:00.000Z
000032003,OOMS,LBSF,NORMAL,3,2027-01-08T17:10:00.000Z
000032004,OOMS,SABE,NORMAL,3,2027-01-08T17:27:00.000Z
000032005,OOMS,VIDP,NORMAL,3,2027-01-08T17:38:00.000Z
000032006,OOMS,LKPR,NORMAL,3,2027-01-08T17:50:00.000Z
000032007,OOMS,LDZA,NORMAL,3,2027-01-08T17:03:00.000Z
000032008,OOMS,EBCI,NORMAL,3,2027-01-08T18:17:00.000Z
000032009,OOMS,OAKB,NORMAL,3,2027-01-08T18:28:00.000Z
000032010,OOMS,EHAM,NORMAL,3,2027-01-08T18:44:00.000Z
000032011,OOMS,LATI,NORMAL,3,2027-01-08T18:58:00.000Z
000032012,OOMS,SUAA,NORMAL,3,2027-01-08T19:09:00.000Z
000032013,OOMS,LDZA,NORMAL,3,2027-01-08T19:19:00.000Z
000032014,OOMS,LOWW,NORMAL,3,2027-01-08T19:33:00.000Z
000032015,OOMS,LKPR,NORMAL,3,2027-01-08T19:48:00.000Z
000032016,OOMS,SGAS,NORMAL,3,2027-01-08T19:05:00.000Z
000032017,OOMS,OYSN,NORMAL,3,2027-01-08T20:10:00.000Z
000032018,OOMS,LATI,NORMAL,3,2027-01-08T20:31:00.000Z
000032019,OOMS,SABE,NORMAL,3,2027-01-08T20:40:00.000Z
000032020,OOMS,SBBR,NORMAL,3,2027-01-08T20:51:00.000Z
000032021,OOMS,SKBO,NORMAL,1,2027-01-08T21:09:00.000Z
000029828,OPKC,OERK,NORMAL,3,2027-01-08T00:13:00.000Z
000029829,OPKC,EDDI,NORMAL,3,2027-01-08T00:29:00.000Z
000029830,OPKC,SLLP,NORMAL,3,2027-01-08T00:38:00.000Z
000029831,OPKC,EHAM,NORMAL,3,2027-01-08T00:46:00.000Z
000029832,OPKC,SUAA,NORMAL,3,2027-01-08T00:57:00.000Z
000029833,OPKC,EHAM,NORMAL,3,2027-01-08T01:07:00.000Z
000029834,OPKC,EDDI,NORMAL,3,2027-01-08T01:23:00.000Z
000029835,OPKC,LDZA,NORMAL,3,2027-01-08T01:33:00.000Z
000029836,OPKC,SEQM,NORMAL,3,2027-01-08T01:41:00.000Z
000029837,OPKC,UBBB,NORMAL,3,2027-01-08T01:50:00.000Z
000029838,OPKC,VIDP,NORMAL,3,2027-01-08T02:04:00.000Z
000029839,OPKC,SKBO,NORMAL,3,2027-01-08T02:16:00.000Z
000029840,OPKC,LOWW,NORMAL,3,2027-01-08T02:32:00.000Z
000029841,OPKC,OAKB,NORMAL,3,2027-01-08T02:38:00.000Z
000029842,OPKC,OAKB,NORMAL,3,2027-01-08T02:48:00.000Z
000029843,OPKC,SCEL,NORMAL,3,2027-01-08T02:04:00.000Z
000029844,OPKC,OYSN,NORMAL,3,2027-01-08T03:08:00.000Z
000029845,OPKC,LDZA,NORMAL,3,2027-01-08T03:19:00.000Z
000029846,OPKC,EKCH,NORMAL,3,2027-01-08T03:31:00.000Z
000029847,OPKC,VIDP,NORMAL,3,2027-01-08T03:40:00.000Z
000029848,OPKC,EHAM,NORMAL,3,2027-01-08T03:00:00.000Z
000029849,OPKC,UMMS,NORMAL,3,2027-01-08T04:08:00.000Z
000029850,OPKC,EKCH,NORMAL,3,2027-01-08T04:15:00.000Z
000029851,OPKC,SPIM,NORMAL,3,2027-01-08T04:26:00.000Z
000029852,OPKC,OJAI,NORMAL,3,2027-01-08T04:43:00.000Z
000029853,OPKC,SBBR,NORMAL,3,2027-01-08T04:53:00.000Z
000029854,OPKC,SVMI,NORMAL,3,2027-01-08T04:59:00.000Z
000029855,OPKC,UMMS,NORMAL,3,2027-01-08T05:09:00.000Z
000029856,OPKC,EKCH,NORMAL,3,2027-01-08T05:19:00.000Z
000029857,OPKC,UBBB,NORMAL,3,2027-01-08T05:30:00.000Z
000029858,OPKC,VIDP,NORMAL,3,2027-01-08T05:41:00.000Z
000029859,OPKC,SKBO,NORMAL,3,2027-01-08T05:54:00.000Z
000029860,OPKC,EDDI,NORMAL,3,2027-01-08T06:07:00.000Z
000029861,OPKC,LBSF,NORMAL,2,2027-01-08T06:21:00.000Z
000029862,OPKC,LBSF,NORMAL,2,2027-01-08T06:33:00.000Z
000029863,OPKC,OJAI,NORMAL,2,2027-01-08T06:43:00.000Z
000029864,OPKC,LDZA,NORMAL,2,2027-01-08T06:47:00.000Z
000029865,OPKC,SABE,NORMAL,2,2027-01-08T06:02:00.000Z
000029866,OPKC,LOWW,NORMAL,2,2027-01-08T07:16:00.000Z
000029867,OPKC,LDZA,NORMAL,2,2027-01-08T07:20:00.000Z
000029868,OPKC,OJAI,NORMAL,2,2027-01-08T07:37:00.000Z
000029869,OPKC,EBCI,NORMAL,2,2027-01-08T07:47:00.000Z
000029870,OPKC,SGAS,NORMAL,2,2027-01-08T07:57:00.000Z
000029871,OPKC,SVMI,NORMAL,2,2027-01-08T08:11:00.000Z
000029872,OPKC,OJAI,NORMAL,2,2027-01-08T08:21:00.000Z
000029873,OPKC,EBCI,NORMAL,2,2027-01-08T08:33:00.000Z
000029874,OPKC,EBCI,NORMAL,2,2027-01-08T08:39:00.000Z
000029875,OPKC,EBCI,NORMAL,2,2027-01-08T08:51:00.000Z
000029876,OPKC,EBCI,NORMAL,2,2027-01-08T08:05:00.000Z
000029877,OPKC,SCEL,NORMAL,2,2027-01-08T09:10:00.000Z
000029878,OPKC,SGAS,NORMAL,2,2027-01-08T09:26:00.000Z
000029879,OPKC,SCEL,NORMAL,2,2027-01-08T09:34:00.000Z
000029880,OPKC,SGAS,NORMAL,2,2027-01-08T09:52:00.000Z
000029881,OPKC,SUAA,NORMAL,2,2027-01-08T09:57:00.000Z
000029882,OPKC,SVMI,NORMAL,2,2027-01-08T10:10:00.000Z
000029883,OPKC,OSDI,NORMAL,2,2027-01-08T10:21:00.000Z
000029884,OPKC,SVMI,NORMAL,2,2027-01-08T10:28:00.000Z
000029885,OPKC,EHAM,NORMAL,2,2027-01-08T10:44:00.000Z
000029886,OPKC,SABE,NORMAL,2,2027-01-08T10:53:00.000Z
000029887,OPKC,OAKB,NORMAL,2,2027-01-08T11:04:00.000Z
000029888,OPKC,EBCI,NORMAL,2,2027-01-08T11:12:00.000Z
000029889,OPKC,OYSN,NORMAL,2,2027-01-08T11:28:00.000Z
000029890,OPKC,OAKB,NORMAL,2,2027-01-08T11:40:00.000Z
000029891,OPKC,SVMI,NORMAL,2,2027-01-08T11:49:00.000Z
000029892,OPKC,SABE,NORMAL,2,2027-01-08T11:01:00.000Z
000029893,OPKC,SEQM,NORMAL,2,2027-01-08T12:14:00.000Z
000029894,OPKC,SABE,NORMAL,2,2027-01-08T12:26:00.000Z
000029895,OPKC,LOWW,NORMAL,2,2027-01-08T12:30:00.000Z
000029896,OPKC,SBBR,NORMAL,2,2027-01-08T12:47:00.000Z
000029897,OPKC,SCEL,NORMAL,2,2027-01-08T12:52:00.000Z
000029898,OPKC,LBSF,NORMAL,2,2027-01-08T13:06:00.000Z
000029899,OPKC,EKCH,NORMAL,2,2027-01-08T13:14:00.000Z
000029900,OPKC,LKPR,NORMAL,2,2027-01-08T13:27:00.000Z
000029901,OPKC,SKBO,NORMAL,2,2027-01-08T13:34:00.000Z
000029902,OPKC,LOWW,NORMAL,2,2027-01-08T13:49:00.000Z
000029903,OPKC,SCEL,NORMAL,2,2027-01-08T13:04:00.000Z
000029904,OPKC,VIDP,NORMAL,2,2027-01-08T14:16:00.000Z
000029905,OPKC,UMMS,NORMAL,2,2027-01-08T14:27:00.000Z
000029906,OPKC,SEQM,NORMAL,2,2027-01-08T14:38:00.000Z
000029907,OPKC,EBCI,NORMAL,2,2027-01-08T14:48:00.000Z
000029908,OPKC,EDDI,NORMAL,2,2027-01-08T14:51:00.000Z
000029909,OPKC,LBSF,NORMAL,2,2027-01-08T15:09:00.000Z
000029910,OPKC,LKPR,NORMAL,2,2027-01-08T15:22:00.000Z
000029911,OPKC,LKPR,NORMAL,2,2027-01-08T15:31:00.000Z
000029912,OPKC,OMDB,NORMAL,2,2027-01-08T15:40:00.000Z
000029913,OPKC,EDDI,NORMAL,2,2027-01-08T15:48:00.000Z
000029914,OPKC,SBBR,NORMAL,2,2027-01-08T15:06:00.000Z
000029915,OPKC,EBCI,NORMAL,2,2027-01-08T16:17:00.000Z
000029916,OPKC,SEQM,NORMAL,2,2027-01-08T16:26:00.000Z
000029917,OPKC,LATI,NORMAL,2,2027-01-08T16:38:00.000Z
000029918,OPKC,SUAA,NORMAL,2,2027-01-08T16:49:00.000Z
000029919,OPKC,LDZA,NORMAL,2,2027-01-08T16:55:00.000Z
000029920,OPKC,EHAM,NORMAL,2,2027-01-08T17:05:00.000Z
000029921,OPKC,SPIM,NORMAL,2,2027-01-08T17:14:00.000Z
000029922,OPKC,LOWW,NORMAL,2,2027-01-08T17:34:00.000Z
000029923,OPKC,OMDB,NORMAL,2,2027-01-08T17:44:00.000Z
000029924,OPKC,OJAI,NORMAL,2,2027-01-08T17:50:00.000Z
000029925,OPKC,UMMS,NORMAL,2,2027-01-08T17:01:00.000Z
000029926,OPKC,SUAA,NORMAL,2,2027-01-08T18:10:00.000Z
000029927,OPKC,OSDI,NORMAL,2,2027-01-08T18:25:00.000Z
000029928,OPKC,OSDI,NORMAL,2,2027-01-08T18:37:00.000Z
000029929,OPKC,SKBO,NORMAL,2,2027-01-08T18:46:00.000Z
000029930,OPKC,OYSN,NORMAL,2,2027-01-08T18:56:00.000Z
000029931,OPKC,LKPR,NORMAL,2,2027-01-08T19:10:00.000Z
000029932,OPKC,OYSN,NORMAL,2,2027-01-08T19:23:00.000Z
000029933,OPKC,SVMI,NORMAL,2,2027-01-08T19:31:00.000Z
000029934,OPKC,OYSN,NORMAL,2,2027-01-08T19:44:00.000Z
000029935,OPKC,OERK,NORMAL,2,2027-01-08T19:49:00.000Z
000029936,OPKC,OAKB,NORMAL,2,2027-01-08T19:05:00.000Z
000029937,OPKC,SKBO,NORMAL,2,2027-01-08T20:18:00.000Z
000029938,OPKC,OERK,NORMAL,2,2027-01-08T20:27:00.000Z
000029939,OPKC,EHAM,NORMAL,2,2027-01-08T20:41:00.000Z
000029940,OPKC,SUAA,NORMAL,2,2027-01-08T20:52:00.000Z
000029941,OPKC,OYSN,NORMAL,2,2027-01-08T20:02:00.000Z
000029942,OPKC,SUAA,NORMAL,2,2027-01-08T21:12:00.000Z
000029943,OPKC,LBSF,NORMAL,2,2027-01-08T21:16:00.000Z
000029944,OPKC,SVMI,NORMAL,1,2027-01-08T21:27:00.000Z
000038852,OSDI,SLLP,NORMAL,2,2027-01-08T00:05:00.000Z
000038853,OSDI,EDDI,NORMAL,2,2027-01-08T00:15:00.000Z
000038854,OSDI,EBCI,NORMAL,2,2027-01-08T00:19:00.000Z
000038855,OSDI,EKCH,NORMAL,2,2027-01-08T00:26:00.000Z
000038856,OSDI,UMMS,NORMAL,2,2027-01-08T00:32:00.000Z
000038857,OSDI,OYSN,NORMAL,2,2027-01-08T00:35:00.000Z
000038858,OSDI,EHAM,NORMAL,2,2027-01-08T00:44:00.000Z
000038859,OSDI,SLLP,NORMAL,2,2027-01-08T00:40:00.000Z
000038860,OSDI,EDDI,NORMAL,2,2027-01-08T00:45:00.000Z
000038861,OSDI,OMDB,NORMAL,2,2027-01-08T00:58:00.000Z
000038862,OSDI,VIDP,NORMAL,2,2027-01-08T00:03:00.000Z
000038863,OSDI,EDDI,NORMAL,2,2027-01-08T01:09:00.000Z
000038864,OSDI,SABE,NORMAL,2,2027-01-08T01:12:00.000Z
000038865,OSDI,SKBO,NORMAL,2,2027-01-08T01:19:00.000Z
000038866,OSDI,OYSN,NORMAL,2,2027-01-08T01:18:00.000Z
000038867,OSDI,SCEL,NORMAL,2,2027-01-08T01:23:00.000Z
000038868,OSDI,UMMS,NORMAL,2,2027-01-08T01:30:00.000Z
000038869,OSDI,EDDI,NORMAL,2,2027-01-08T01:36:00.000Z
000038870,OSDI,SCEL,NORMAL,2,2027-01-08T01:36:00.000Z
000038871,OSDI,SEQM,NORMAL,2,2027-01-08T01:45:00.000Z
000038872,OSDI,EKCH,NORMAL,2,2027-01-08T01:51:00.000Z
000038873,OSDI,LOWW,NORMAL,2,2027-01-08T01:56:00.000Z
000038874,OSDI,LBSF,NORMAL,2,2027-01-08T01:00:00.000Z
000038875,OSDI,SGAS,NORMAL,2,2027-01-08T02:02:00.000Z
000038876,OSDI,SEQM,NORMAL,2,2027-01-08T02:06:00.000Z
000038877,OSDI,SBBR,NORMAL,2,2027-01-08T02:11:00.000Z
000038878,OSDI,SLLP,NORMAL,2,2027-01-08T02:15:00.000Z
000038879,OSDI,SUAA,NORMAL,2,2027-01-08T02:22:00.000Z
000038880,OSDI,SBBR,NORMAL,2,2027-01-08T02:25:00.000Z
000038881,OSDI,LKPR,NORMAL,2,2027-01-08T02:31:00.000Z
000038882,OSDI,SPIM,NORMAL,2,2027-01-08T02:39:00.000Z
000038883,OSDI,OPKC,NORMAL,2,2027-01-08T02:48:00.000Z
000038884,OSDI,LATI,NORMAL,2,2027-01-08T02:53:00.000Z
000038885,OSDI,VIDP,NORMAL,2,2027-01-08T02:56:00.000Z
000038886,OSDI,EBCI,NORMAL,2,2027-01-08T02:56:00.000Z
000038887,OSDI,SCEL,NORMAL,2,2027-01-08T03:01:00.000Z
000038888,OSDI,SEQM,NORMAL,2,2027-01-08T03:05:00.000Z
000038889,OSDI,OJAI,NORMAL,2,2027-01-08T03:14:00.000Z
000038890,OSDI,SVMI,NORMAL,2,2027-01-08T03:18:00.000Z
000038891,OSDI,SUAA,NORMAL,2,2027-01-08T03:27:00.000Z
000038892,OSDI,LATI,NORMAL,2,2027-01-08T03:34:00.000Z
000038893,OSDI,OYSN,NORMAL,2,2027-01-08T03:33:00.000Z
000038894,OSDI,OPKC,NORMAL,2,2027-01-08T03:44:00.000Z
000038895,OSDI,EDDI,NORMAL,2,2027-01-08T03:41:00.000Z
000038896,OSDI,SGAS,NORMAL,2,2027-01-08T03:54:00.000Z
000038897,OSDI,LDZA,NORMAL,2,2027-01-08T03:53:00.000Z
000038898,OSDI,SCEL,NORMAL,2,2027-01-08T03:00:00.000Z
000038899,OSDI,SABE,NORMAL,2,2027-01-08T04:02:00.000Z
000038900,OSDI,SKBO,NORMAL,2,2027-01-08T04:11:00.000Z
000038901,OSDI,SCEL,NORMAL,2,2027-01-08T04:11:00.000Z
000038902,OSDI,SABE,NORMAL,2,2027-01-08T04:15:00.000Z
000038903,OSDI,OMDB,NORMAL,2,2027-01-08T04:25:00.000Z
000038904,OSDI,EHAM,NORMAL,2,2027-01-08T04:29:00.000Z
000038905,OSDI,OMDB,NORMAL,2,2027-01-08T04:32:00.000Z
000038906,OSDI,OOMS,NORMAL,2,2027-01-08T04:42:00.000Z
000038907,OSDI,EHAM,NORMAL,2,2027-01-08T04:44:00.000Z
000038908,OSDI,SBBR,NORMAL,2,2027-01-08T04:47:00.000Z
000038909,OSDI,SABE,NORMAL,2,2027-01-08T04:58:00.000Z
000038910,OSDI,LKPR,NORMAL,2,2027-01-08T04:02:00.000Z
000038911,OSDI,UBBB,NORMAL,2,2027-01-08T05:05:00.000Z
000038912,OSDI,UMMS,NORMAL,2,2027-01-08T05:13:00.000Z
000038913,OSDI,OYSN,NORMAL,2,2027-01-08T05:12:00.000Z
000038914,OSDI,UMMS,NORMAL,2,2027-01-08T05:15:00.000Z
000038915,OSDI,UMMS,NORMAL,2,2027-01-08T05:29:00.000Z
000038916,OSDI,LDZA,NORMAL,2,2027-01-08T05:25:00.000Z
000038917,OSDI,SEQM,NORMAL,2,2027-01-08T05:36:00.000Z
000038918,OSDI,SPIM,NORMAL,2,2027-01-08T05:36:00.000Z
000038919,OSDI,SVMI,NORMAL,2,2027-01-08T05:44:00.000Z
000038920,OSDI,LBSF,NORMAL,2,2027-01-08T05:53:00.000Z
000038921,OSDI,LKPR,NORMAL,2,2027-01-08T05:50:00.000Z
000038922,OSDI,SKBO,NORMAL,2,2027-01-08T05:00:00.000Z
000038923,OSDI,SPIM,NORMAL,2,2027-01-08T06:00:00.000Z
000038924,OSDI,OAKB,NORMAL,2,2027-01-08T06:14:00.000Z
000038925,OSDI,OMDB,NORMAL,2,2027-01-08T06:17:00.000Z
000038926,OSDI,EBCI,NORMAL,2,2027-01-08T06:23:00.000Z
000038927,OSDI,UMMS,NORMAL,2,2027-01-08T06:26:00.000Z
000038928,OSDI,LDZA,NORMAL,2,2027-01-08T06:30:00.000Z
000038929,OSDI,SVMI,NORMAL,2,2027-01-08T06:34:00.000Z
000038930,OSDI,SBBR,NORMAL,2,2027-01-08T06:37:00.000Z
000038931,OSDI,VIDP,NORMAL,2,2027-01-08T06:47:00.000Z
000038932,OSDI,SCEL,NORMAL,2,2027-01-08T06:47:00.000Z
000038933,OSDI,LATI,NORMAL,2,2027-01-08T06:56:00.000Z
000038934,OSDI,OPKC,NORMAL,2,2027-01-08T06:01:00.000Z
000038935,OSDI,EBCI,NORMAL,2,2027-01-08T07:00:00.000Z
000038936,OSDI,OPKC,NORMAL,2,2027-01-08T07:11:00.000Z
000038937,OSDI,SCEL,NORMAL,2,2027-01-08T07:17:00.000Z
000038938,OSDI,SVMI,NORMAL,2,2027-01-08T07:15:00.000Z
000038939,OSDI,OOMS,NORMAL,2,2027-01-08T07:26:00.000Z
000038940,OSDI,LBSF,NORMAL,2,2027-01-08T07:28:00.000Z
000038941,OSDI,SKBO,NORMAL,2,2027-01-08T07:39:00.000Z
000038942,OSDI,SUAA,NORMAL,2,2027-01-08T07:41:00.000Z
000038943,OSDI,VIDP,NORMAL,2,2027-01-08T07:40:00.000Z
000038944,OSDI,SABE,NORMAL,2,2027-01-08T07:45:00.000Z
000038945,OSDI,OJAI,NORMAL,2,2027-01-08T07:58:00.000Z
000038946,OSDI,SEQM,NORMAL,2,2027-01-08T07:56:00.000Z
000038947,OSDI,OPKC,NORMAL,2,2027-01-08T08:08:00.000Z
000038948,OSDI,SEQM,NORMAL,2,2027-01-08T08:06:00.000Z
000038949,OSDI,SKBO,NORMAL,2,2027-01-08T08:12:00.000Z
000038950,OSDI,SUAA,NORMAL,2,2027-01-08T08:19:00.000Z
000038951,OSDI,SABE,NORMAL,2,2027-01-08T08:20:00.000Z
000038952,OSDI,LATI,NORMAL,2,2027-01-08T08:32:00.000Z
000038953,OSDI,EHAM,NORMAL,2,2027-01-08T08:37:00.000Z
000038954,OSDI,SCEL,NORMAL,2,2027-01-08T08:41:00.000Z
000038955,OSDI,SLLP,NORMAL,2,2027-01-08T08:44:00.000Z
000038956,OSDI,SPIM,NORMAL,2,2027-01-08T08:54:00.000Z
000038957,OSDI,SGAS,NORMAL,2,2027-01-08T08:57:00.000Z
000038958,OSDI,SGAS,NORMAL,2,2027-01-08T08:55:00.000Z
000038959,OSDI,SLLP,NORMAL,2,2027-01-08T09:06:00.000Z
000038960,OSDI,EBCI,NORMAL,2,2027-01-08T09:14:00.000Z
000038961,OSDI,SKBO,NORMAL,2,2027-01-08T09:14:00.000Z
000038962,OSDI,EKCH,NORMAL,2,2027-01-08T09:17:00.000Z
000038963,OSDI,EDDI,NORMAL,2,2027-01-08T09:20:00.000Z
000038964,OSDI,SEQM,NORMAL,2,2027-01-08T09:30:00.000Z
000038965,OSDI,LKPR,NORMAL,2,2027-01-08T09:36:00.000Z
000038966,OSDI,SPIM,NORMAL,2,2027-01-08T09:44:00.000Z
000038967,OSDI,OOMS,NORMAL,2,2027-01-08T09:43:00.000Z
000038968,OSDI,LKPR,NORMAL,2,2027-01-08T09:45:00.000Z
000038969,OSDI,OPKC,NORMAL,2,2027-01-08T09:50:00.000Z
000038970,OSDI,SKBO,NORMAL,2,2027-01-08T09:58:00.000Z
000038971,OSDI,EDDI,NORMAL,2,2027-01-08T10:07:00.000Z
000038972,OSDI,UBBB,NORMAL,2,2027-01-08T10:11:00.000Z
000038973,OSDI,OERK,NORMAL,2,2027-01-08T10:17:00.000Z
000038974,OSDI,SEQM,NORMAL,2,2027-01-08T10:19:00.000Z
000038975,OSDI,EDDI,NORMAL,2,2027-01-08T10:28:00.000Z
000038976,OSDI,OOMS,NORMAL,2,2027-01-08T10:26:00.000Z
000038977,OSDI,LDZA,NORMAL,2,2027-01-08T10:31:00.000Z
000038978,OSDI,SUAA,NORMAL,2,2027-01-08T10:37:00.000Z
000038979,OSDI,SPIM,NORMAL,2,2027-01-08T10:45:00.000Z
000038980,OSDI,UMMS,NORMAL,2,2027-01-08T10:52:00.000Z
000038981,OSDI,LOWW,NORMAL,2,2027-01-08T10:52:00.000Z
000038982,OSDI,SUAA,NORMAL,2,2027-01-08T10:58:00.000Z
000038983,OSDI,SEQM,NORMAL,2,2027-01-08T11:01:00.000Z
000038984,OSDI,LBSF,NORMAL,2,2027-01-08T11:08:00.000Z
000038985,OSDI,LDZA,NORMAL,2,2027-01-08T11:12:00.000Z
000038986,OSDI,OOMS,NORMAL,2,2027-01-08T11:23:00.000Z
000038987,OSDI,LDZA,NORMAL,2,2027-01-08T11:21:00.000Z
000038988,OSDI,OYSN,NORMAL,2,2027-01-08T11:34:00.000Z
000038989,OSDI,EBCI,NORMAL,2,2027-01-08T11:32:00.000Z
000038990,OSDI,EDDI,NORMAL,2,2027-01-08T11:43:00.000Z
000038991,OSDI,SKBO,NORMAL,2,2027-01-08T11:45:00.000Z
000038992,OSDI,EHAM,NORMAL,2,2027-01-08T11:46:00.000Z
000038993,OSDI,SUAA,NORMAL,2,2027-01-08T11:50:00.000Z
000038994,OSDI,LATI,NORMAL,2,2027-01-08T11:58:00.000Z
000038995,OSDI,OYSN,NORMAL,2,2027-01-08T12:06:00.000Z
000038996,OSDI,EDDI,NORMAL,2,2027-01-08T12:09:00.000Z
000038997,OSDI,SEQM,NORMAL,1,2027-01-08T12:17:00.000Z
000038998,OSDI,UBBB,NORMAL,1,2027-01-08T12:24:00.000Z
000038999,OSDI,SKBO,NORMAL,1,2027-01-08T12:22:00.000Z
000039000,OSDI,OYSN,NORMAL,1,2027-01-08T12:29:00.000Z
000039001,OSDI,SGAS,NORMAL,1,2027-01-08T12:36:00.000Z
000039002,OSDI,LBSF,NORMAL,1,2027-01-08T12:44:00.000Z
000039003,OSDI,SLLP,NORMAL,1,2027-01-08T12:42:00.000Z
000039004,OSDI,SGAS,NORMAL,1,2027-01-08T12:52:00.000Z
000039005,OSDI,LKPR,NORMAL,1,2027-01-08T12:59:00.000Z
000039006,OSDI,LDZA,NORMAL,1,2027-01-08T12:01:00.000Z
000039007,OSDI,LKPR,NORMAL,1,2027-01-08T13:00:00.000Z
000039008,OSDI,VIDP,NORMAL,1,2027-01-08T13:11:00.000Z
000039009,OSDI,UMMS,NORMAL,1,2027-01-08T13:18:00.000Z
000039010,OSDI,OERK,NORMAL,1,2027-01-08T13:19:00.000Z
000039011,OSDI,SKBO,NORMAL,1,2027-01-08T13:29:00.000Z
000039012,OSDI,LATI,NORMAL,1,2027-01-08T13:29:00.000Z
000039013,OSDI,EBCI,NORMAL,1,2027-01-08T13:35:00.000Z
000039014,OSDI,EHAM,NORMAL,1,2027-01-08T13:44:00.000Z
000039015,OSDI,OPKC,NORMAL,1,2027-01-08T13:44:00.000Z
000039016,OSDI,SKBO,NORMAL,1,2027-01-08T13:53:00.000Z
000039017,OSDI,SKBO,NORMAL,1,2027-01-08T13:51:00.000Z
000039018,OSDI,OOMS,NORMAL,1,2027-01-08T13:01:00.000Z
000039019,OSDI,SABE,NORMAL,1,2027-01-08T14:03:00.000Z
000039020,OSDI,SABE,NORMAL,1,2027-01-08T14:08:00.000Z
000039021,OSDI,LOWW,NORMAL,1,2027-01-08T14:10:00.000Z
000039022,OSDI,SABE,NORMAL,1,2027-01-08T14:23:00.000Z
000039023,OSDI,OJAI,NORMAL,1,2027-01-08T14:27:00.000Z
000039024,OSDI,OYSN,NORMAL,1,2027-01-08T14:27:00.000Z
000039025,OSDI,UBBB,NORMAL,1,2027-01-08T14:35:00.000Z
000039026,OSDI,LATI,NORMAL,1,2027-01-08T14:39:00.000Z
000039027,OSDI,EDDI,NORMAL,1,2027-01-08T14:46:00.000Z
000039028,OSDI,LDZA,NORMAL,1,2027-01-08T14:53:00.000Z
000039029,OSDI,OPKC,NORMAL,1,2027-01-08T14:53:00.000Z
000039030,OSDI,UBBB,NORMAL,1,2027-01-08T14:02:00.000Z
000039031,OSDI,EDDI,NORMAL,1,2027-01-08T15:00:00.000Z
000039032,OSDI,LBSF,NORMAL,1,2027-01-08T15:08:00.000Z
000039033,OSDI,OOMS,NORMAL,1,2027-01-08T15:15:00.000Z
000039034,OSDI,OAKB,NORMAL,1,2027-01-08T15:16:00.000Z
000039035,OSDI,OMDB,NORMAL,1,2027-01-08T15:29:00.000Z
000039036,OSDI,LATI,NORMAL,1,2027-01-08T15:33:00.000Z
000039037,OSDI,VIDP,NORMAL,1,2027-01-08T15:39:00.000Z
000039038,OSDI,OMDB,NORMAL,1,2027-01-08T15:41:00.000Z
000039039,OSDI,VIDP,NORMAL,1,2027-01-08T15:40:00.000Z
000039040,OSDI,UMMS,NORMAL,1,2027-01-08T15:54:00.000Z
000039041,OSDI,VIDP,NORMAL,1,2027-01-08T15:50:00.000Z
000039042,OSDI,SBBR,NORMAL,1,2027-01-08T15:59:00.000Z
000039043,OSDI,LKPR,NORMAL,1,2027-01-08T16:08:00.000Z
000039044,OSDI,SKBO,NORMAL,1,2027-01-08T16:12:00.000Z
000039045,OSDI,LOWW,NORMAL,1,2027-01-08T16:14:00.000Z
000039046,OSDI,OYSN,NORMAL,1,2027-01-08T16:22:00.000Z
000039047,OSDI,SLLP,NORMAL,1,2027-01-08T16:29:00.000Z
000039048,OSDI,SKBO,NORMAL,1,2027-01-08T16:27:00.000Z
000039049,OSDI,OPKC,NORMAL,1,2027-01-08T16:33:00.000Z
000039050,OSDI,OERK,NORMAL,1,2027-01-08T16:36:00.000Z
000039051,OSDI,EHAM,NORMAL,1,2027-01-08T16:48:00.000Z
000039052,OSDI,SEQM,NORMAL,1,2027-01-08T16:49:00.000Z
000039053,OSDI,OYSN,NORMAL,1,2027-01-08T16:58:00.000Z
000039054,OSDI,LOWW,NORMAL,1,2027-01-08T16:03:00.000Z
000039055,OSDI,OYSN,NORMAL,1,2027-01-08T17:08:00.000Z
000039056,OSDI,EBCI,NORMAL,1,2027-01-08T17:11:00.000Z
000039057,OSDI,SVMI,NORMAL,1,2027-01-08T17:15:00.000Z
000039058,OSDI,SCEL,NORMAL,1,2027-01-08T17:16:00.000Z
000039059,OSDI,EHAM,NORMAL,1,2027-01-08T17:27:00.000Z
000039060,OSDI,EDDI,NORMAL,1,2027-01-08T17:28:00.000Z
000039061,OSDI,SBBR,NORMAL,1,2027-01-08T17:30:00.000Z
000039062,OSDI,SLLP,NORMAL,1,2027-01-08T17:40:00.000Z
000039063,OSDI,LOWW,NORMAL,1,2027-01-08T17:45:00.000Z
000039064,OSDI,OOMS,NORMAL,1,2027-01-08T17:45:00.000Z
000039065,OSDI,EDDI,NORMAL,1,2027-01-08T17:56:00.000Z
000039066,OSDI,SCEL,NORMAL,1,2027-01-08T17:57:00.000Z
000039067,OSDI,OPKC,NORMAL,1,2027-01-08T18:08:00.000Z
000039068,OSDI,OJAI,NORMAL,1,2027-01-08T18:14:00.000Z
000039069,OSDI,SGAS,NORMAL,1,2027-01-08T18:10:00.000Z
000039070,OSDI,SLLP,NORMAL,1,2027-01-08T18:20:00.000Z
000039071,OSDI,SKBO,NORMAL,1,2027-01-08T18:23:00.000Z
000039072,OSDI,LBSF,NORMAL,1,2027-01-08T18:30:00.000Z
000039073,OSDI,OMDB,NORMAL,1,2027-01-08T18:39:00.000Z
000039074,OSDI,LDZA,NORMAL,1,2027-01-08T18:37:00.000Z
000039075,OSDI,SEQM,NORMAL,1,2027-01-08T18:42:00.000Z
000039076,OSDI,SBBR,NORMAL,1,2027-01-08T18:52:00.000Z
000039077,OSDI,LBSF,NORMAL,1,2027-01-08T18:59:00.000Z
000039078,OSDI,EDDI,NORMAL,1,2027-01-08T18:00:00.000Z
000039079,OSDI,SGAS,NORMAL,1,2027-01-08T19:08:00.000Z
000039080,OSDI,SKBO,NORMAL,1,2027-01-08T19:13:00.000Z
000039081,OSDI,OJAI,NORMAL,1,2027-01-08T19:13:00.000Z
000039082,OSDI,EDDI,NORMAL,1,2027-01-08T19:18:00.000Z
000039083,OSDI,SBBR,NORMAL,1,2027-01-08T19:23:00.000Z
000039084,OSDI,SPIM,NORMAL,1,2027-01-08T19:33:00.000Z
000039085,OSDI,SPIM,NORMAL,1,2027-01-08T19:37:00.000Z
000039086,OSDI,EBCI,NORMAL,1,2027-01-08T19:35:00.000Z
000039087,OSDI,LKPR,NORMAL,1,2027-01-08T19:44:00.000Z
000029462,OYSN,LDZA,NORMAL,6,2027-01-08T00:28:00.000Z
000029463,OYSN,EDDI,NORMAL,6,2027-01-08T00:42:00.000Z
000029464,OYSN,OMDB,NORMAL,5,2027-01-08T01:05:00.000Z
000029465,OYSN,EHAM,NORMAL,5,2027-01-08T01:32:00.000Z
000029466,OYSN,LKPR,NORMAL,5,2027-01-08T01:54:00.000Z
000029467,OYSN,OMDB,NORMAL,5,2027-01-08T02:11:00.000Z
000029468,OYSN,SABE,NORMAL,5,2027-01-08T02:33:00.000Z
000029469,OYSN,LATI,NORMAL,5,2027-01-08T02:54:00.000Z
000029470,OYSN,OERK,NORMAL,5,2027-01-08T03:09:00.000Z
000029471,OYSN,SGAS,NORMAL,5,2027-01-08T03:37:00.000Z
000029472,OYSN,EKCH,NORMAL,5,2027-01-08T03:56:00.000Z
000029473,OYSN,EDDI,NORMAL,5,2027-01-08T04:16:00.000Z
000029474,OYSN,SVMI,NORMAL,5,2027-01-08T04:37:00.000Z
000029475,OYSN,LKPR,NORMAL,5,2027-01-08T04:03:00.000Z
000029476,OYSN,SVMI,NORMAL,5,2027-01-08T05:19:00.000Z
000029477,OYSN,OOMS,NORMAL,5,2027-01-08T05:39:00.000Z
000029478,OYSN,LOWW,NORMAL,5,2027-01-08T05:00:00.000Z
000029479,OYSN,VIDP,NORMAL,5,2027-01-08T06:24:00.000Z
000029480,OYSN,OSDI,NORMAL,5,2027-01-08T06:40:00.000Z
000029481,OYSN,SVMI,NORMAL,5,2027-01-08T07:02:00.000Z
000029482,OYSN,EDDI,NORMAL,5,2027-01-08T07:21:00.000Z
000029483,OYSN,UMMS,NORMAL,5,2027-01-08T07:51:00.000Z
000029484,OYSN,OSDI,NORMAL,5,2027-01-08T08:07:00.000Z
000029485,OYSN,EBCI,NORMAL,5,2027-01-08T08:33:00.000Z
000029486,OYSN,SVMI,NORMAL,5,2027-01-08T08:52:00.000Z
000029487,OYSN,SPIM,NORMAL,5,2027-01-08T09:12:00.000Z
000029488,OYSN,SEQM,NORMAL,5,2027-01-08T09:29:00.000Z
000029489,OYSN,LKPR,NORMAL,5,2027-01-08T09:57:00.000Z
000029490,OYSN,LATI,NORMAL,5,2027-01-08T10:11:00.000Z
000029491,OYSN,LATI,NORMAL,5,2027-01-08T10:37:00.000Z
000029492,OYSN,SPIM,NORMAL,5,2027-01-08T10:52:00.000Z
000029493,OYSN,UMMS,NORMAL,5,2027-01-08T11:20:00.000Z
000029494,OYSN,SPIM,NORMAL,5,2027-01-08T11:36:00.000Z
000029495,OYSN,OAKB,NORMAL,5,2027-01-08T11:54:00.000Z
000029496,OYSN,EDDI,NORMAL,5,2027-01-08T12:18:00.000Z
000029497,OYSN,LDZA,NORMAL,5,2027-01-08T12:37:00.000Z
000029498,OYSN,OJAI,NORMAL,5,2027-01-08T12:06:00.000Z
000029499,OYSN,EHAM,NORMAL,5,2027-01-08T13:26:00.000Z
000029500,OYSN,SVMI,NORMAL,5,2027-01-08T13:39:00.000Z
000029501,OYSN,SVMI,NORMAL,5,2027-01-08T14:03:00.000Z
000029502,OYSN,OSDI,NORMAL,5,2027-01-08T14:21:00.000Z
000029503,OYSN,SGAS,NORMAL,5,2027-01-08T14:48:00.000Z
000029504,OYSN,OOMS,NORMAL,5,2027-01-08T15:08:00.000Z
000029505,OYSN,OERK,NORMAL,5,2027-01-08T15:25:00.000Z
000029506,OYSN,OJAI,NORMAL,5,2027-01-08T15:47:00.000Z
000029507,OYSN,OOMS,NORMAL,5,2027-01-08T16:15:00.000Z
000029508,OYSN,EDDI,NORMAL,5,2027-01-08T16:29:00.000Z
000029509,OYSN,LBSF,NORMAL,5,2027-01-08T16:52:00.000Z
000029510,OYSN,EBCI,NORMAL,5,2027-01-08T17:15:00.000Z
000029511,OYSN,EBCI,NORMAL,5,2027-01-08T17:35:00.000Z
000029512,OYSN,OPKC,NORMAL,5,2027-01-08T17:58:00.000Z
000029513,OYSN,OSDI,NORMAL,5,2027-01-08T18:17:00.000Z
000029514,OYSN,SUAA,NORMAL,5,2027-01-08T18:35:00.000Z
000029515,OYSN,SLLP,NORMAL,5,2027-01-08T18:56:00.000Z
000029516,OYSN,SBBR,NORMAL,5,2027-01-08T19:24:00.000Z
000029517,OYSN,EHAM,NORMAL,1,2027-01-08T19:44:00.000Z
000034568,SABE,VIDP,NORMAL,3,2027-01-08T00:17:00.000Z
000034569,SABE,LATI,NORMAL,3,2027-01-08T00:21:00.000Z
000034570,SABE,UBBB,NORMAL,3,2027-01-08T00:32:00.000Z
000034571,SABE,SCEL,NORMAL,3,2027-01-08T00:40:00.000Z
000034572,SABE,LBSF,NORMAL,3,2027-01-08T00:46:00.000Z
000034573,SABE,UMMS,NORMAL,3,2027-01-08T00:56:00.000Z
000034574,SABE,OYSN,NORMAL,3,2027-01-08T00:00:00.000Z
000034575,SABE,OJAI,NORMAL,3,2027-01-08T01:06:00.000Z
000034576,SABE,SGAS,NORMAL,3,2027-01-08T01:16:00.000Z
000034577,SABE,LKPR,NORMAL,3,2027-01-08T01:26:00.000Z
000034578,SABE,LBSF,NORMAL,3,2027-01-08T01:36:00.000Z
000034579,SABE,LDZA,NORMAL,3,2027-01-08T01:40:00.000Z
000034580,SABE,SGAS,NORMAL,3,2027-01-08T01:52:00.000Z
000034581,SABE,SCEL,NORMAL,3,2027-01-08T01:52:00.000Z
000034582,SABE,SPIM,NORMAL,3,2027-01-08T02:06:00.000Z
000034583,SABE,LOWW,NORMAL,3,2027-01-08T02:17:00.000Z
000034584,SABE,EKCH,NORMAL,3,2027-01-08T02:20:00.000Z
000034585,SABE,SVMI,NORMAL,3,2027-01-08T02:33:00.000Z
000034586,SABE,SEQM,NORMAL,3,2027-01-08T02:39:00.000Z
000034587,SABE,VIDP,NORMAL,3,2027-01-08T02:42:00.000Z
000034588,SABE,OERK,NORMAL,3,2027-01-08T02:51:00.000Z
000034589,SABE,LATI,NORMAL,3,2027-01-08T02:00:00.000Z
000034590,SABE,OJAI,NORMAL,3,2027-01-08T03:05:00.000Z
000034591,SABE,LBSF,NORMAL,3,2027-01-08T03:12:00.000Z
000034592,SABE,UMMS,NORMAL,3,2027-01-08T03:26:00.000Z
000034593,SABE,EHAM,NORMAL,2,2027-01-08T03:31:00.000Z
000034594,SABE,EDDI,NORMAL,2,2027-01-08T03:45:00.000Z
000034595,SABE,VIDP,NORMAL,2,2027-01-08T03:50:00.000Z
000034596,SABE,OMDB,NORMAL,2,2027-01-08T03:56:00.000Z
000034597,SABE,OPKC,NORMAL,2,2027-01-08T04:06:00.000Z
000034598,SABE,OYSN,NORMAL,2,2027-01-08T04:14:00.000Z
000034599,SABE,OAKB,NORMAL,2,2027-01-08T04:20:00.000Z
000034600,SABE,EBCI,NORMAL,2,2027-01-08T04:33:00.000Z
000034601,SABE,EBCI,NORMAL,2,2027-01-08T04:38:00.000Z
000034602,SABE,UMMS,NORMAL,2,2027-01-08T04:49:00.000Z
000034603,SABE,EBCI,NORMAL,2,2027-01-08T04:50:00.000Z
000034604,SABE,SKBO,NORMAL,2,2027-01-08T04:05:00.000Z
000034605,SABE,OAKB,NORMAL,2,2027-01-08T05:07:00.000Z
000034606,SABE,SPIM,NORMAL,2,2027-01-08T05:18:00.000Z
000034607,SABE,LDZA,NORMAL,2,2027-01-08T05:20:00.000Z
000034608,SABE,LOWW,NORMAL,2,2027-01-08T05:35:00.000Z
000034609,SABE,OPKC,NORMAL,2,2027-01-08T05:44:00.000Z
000034610,SABE,OYSN,NORMAL,2,2027-01-08T05:45:00.000Z
000034611,SABE,OAKB,NORMAL,2,2027-01-08T05:56:00.000Z
000034612,SABE,UBBB,NORMAL,2,2027-01-08T06:00:00.000Z
000034613,SABE,LKPR,NORMAL,2,2027-01-08T06:09:00.000Z
000034614,SABE,OMDB,NORMAL,2,2027-01-08T06:22:00.000Z
000034615,SABE,EBCI,NORMAL,2,2027-01-08T06:32:00.000Z
000034616,SABE,SPIM,NORMAL,2,2027-01-08T06:39:00.000Z
000034617,SABE,LATI,NORMAL,2,2027-01-08T06:46:00.000Z
000034618,SABE,SCEL,NORMAL,2,2027-01-08T06:48:00.000Z
000034619,SABE,EHAM,NORMAL,2,2027-01-08T06:00:00.000Z
000034620,SABE,SPIM,NORMAL,2,2027-01-08T07:05:00.000Z
000034621,SABE,LATI,NORMAL,2,2027-01-08T07:13:00.000Z
000034622,SABE,SEQM,NORMAL,2,2027-01-08T07:22:00.000Z
000034623,SABE,EBCI,NORMAL,2,2027-01-08T07:35:00.000Z
000034624,SABE,SGAS,NORMAL,2,2027-01-08T07:36:00.000Z
000034625,SABE,LDZA,NORMAL,2,2027-01-08T07:47:00.000Z
000034626,SABE,LOWW,NORMAL,2,2027-01-08T07:52:00.000Z
000034627,SABE,OSDI,NORMAL,2,2027-01-08T08:01:00.000Z
000034628,SABE,SVMI,NORMAL,2,2027-01-08T08:13:00.000Z
000034629,SABE,EDDI,NORMAL,2,2027-01-08T08:16:00.000Z
000034630,SABE,OMDB,NORMAL,2,2027-01-08T08:24:00.000Z
000034631,SABE,SUAA,NORMAL,2,2027-01-08T08:41:00.000Z
000034632,SABE,EKCH,NORMAL,2,2027-01-08T08:41:00.000Z
000034633,SABE,UMMS,NORMAL,2,2027-01-08T08:52:00.000Z
000034634,SABE,SLLP,NORMAL,2,2027-01-08T08:56:00.000Z
000034635,SABE,LOWW,NORMAL,2,2027-01-08T09:10:00.000Z
000034636,SABE,SBBR,NORMAL,2,2027-01-08T09:20:00.000Z
000034637,SABE,LATI,NORMAL,2,2027-01-08T09:27:00.000Z
000034638,SABE,SGAS,NORMAL,2,2027-01-08T09:31:00.000Z
000034639,SABE,SEQM,NORMAL,2,2027-01-08T09:41:00.000Z
000034640,SABE,UBBB,NORMAL,2,2027-01-08T09:53:00.000Z
000034641,SABE,OAKB,NORMAL,2,2027-01-08T09:53:00.000Z
000034642,SABE,OSDI,NORMAL,2,2027-01-08T10:04:00.000Z
000034643,SABE,UBBB,NORMAL,2,2027-01-08T10:08:00.000Z
000034644,SABE,OJAI,NORMAL,2,2027-01-08T10:18:00.000Z
000034645,SABE,OMDB,NORMAL,2,2027-01-08T10:33:00.000Z
000034646,SABE,SLLP,NORMAL,2,2027-01-08T10:41:00.000Z
000034647,SABE,LBSF,NORMAL,2,2027-01-08T10:45:00.000Z
000034648,SABE,SGAS,NORMAL,2,2027-01-08T10:56:00.000Z
000034649,SABE,OOMS,NORMAL,2,2027-01-08T10:03:00.000Z
000034650,SABE,UMMS,NORMAL,2,2027-01-08T11:12:00.000Z
000034651,SABE,OJAI,NORMAL,2,2027-01-08T11:18:00.000Z
000034652,SABE,SBBR,NORMAL,2,2027-01-08T11:20:00.000Z
000034653,SABE,OPKC,NORMAL,2,2027-01-08T11:28:00.000Z
000034654,SABE,UBBB,NORMAL,2,2027-01-08T11:45:00.000Z
000034655,SABE,SEQM,NORMAL,2,2027-01-08T11:53:00.000Z
000034656,SABE,UBBB,NORMAL,2,2027-01-08T11:01:00.000Z
000034657,SABE,OERK,NORMAL,2,2027-01-08T12:06:00.000Z
000034658,SABE,SLLP,NORMAL,2,2027-01-08T12:17:00.000Z
000034659,SABE,SKBO,NORMAL,2,2027-01-08T12:20:00.000Z
000034660,SABE,OPKC,NORMAL,2,2027-01-08T12:28:00.000Z
000034661,SABE,OOMS,NORMAL,2,2027-01-08T12:38:00.000Z
000034662,SABE,OOMS,NORMAL,2,2027-01-08T12:47:00.000Z
000034663,SABE,EKCH,NORMAL,2,2027-01-08T12:53:00.000Z
000034664,SABE,OJAI,NORMAL,2,2027-01-08T12:05:00.000Z
000034665,SABE,EKCH,NORMAL,2,2027-01-08T13:11:00.000Z
000034666,SABE,OERK,NORMAL,2,2027-01-08T13:17:00.000Z
000034667,SABE,OMDB,NORMAL,2,2027-01-08T13:23:00.000Z
000034668,SABE,UBBB,NORMAL,2,2027-01-08T13:34:00.000Z
000034669,SABE,SEQM,NORMAL,2,2027-01-08T13:41:00.000Z
000034670,SABE,LKPR,NORMAL,2,2027-01-08T13:49:00.000Z
000034671,SABE,VIDP,NORMAL,2,2027-01-08T13:01:00.000Z
000034672,SABE,OMDB,NORMAL,2,2027-01-08T14:07:00.000Z
000034673,SABE,EBCI,NORMAL,2,2027-01-08T14:15:00.000Z
000034674,SABE,SPIM,NORMAL,2,2027-01-08T14:20:00.000Z
000034675,SABE,OMDB,NORMAL,2,2027-01-08T14:33:00.000Z
000034676,SABE,OJAI,NORMAL,2,2027-01-08T14:33:00.000Z
000034677,SABE,UMMS,NORMAL,2,2027-01-08T14:48:00.000Z
000034678,SABE,VIDP,NORMAL,2,2027-01-08T14:52:00.000Z
000034679,SABE,EDDI,NORMAL,2,2027-01-08T14:03:00.000Z
000034680,SABE,LATI,NORMAL,2,2027-01-08T15:08:00.000Z
000034681,SABE,OYSN,NORMAL,2,2027-01-08T15:16:00.000Z
000034682,SABE,LOWW,NORMAL,2,2027-01-08T15:26:00.000Z
000034683,SABE,EHAM,NORMAL,2,2027-01-08T15:33:00.000Z
000034684,SABE,OAKB,NORMAL,2,2027-01-08T15:39:00.000Z
000034685,SABE,OSDI,NORMAL,2,2027-01-08T15:50:00.000Z
000034686,SABE,UMMS,NORMAL,2,2027-01-08T15:53:00.000Z
000034687,SABE,LBSF,NORMAL,2,2027-01-08T16:06:00.000Z
000034688,SABE,SLLP,NORMAL,2,2027-01-08T16:08:00.000Z
000034689,SABE,LDZA,NORMAL,2,2027-01-08T16:19:00.000Z
000034690,SABE,LBSF,NORMAL,2,2027-01-08T16:27:00.000Z
000034691,SABE,LKPR,NORMAL,2,2027-01-08T16:41:00.000Z
000034692,SABE,OPKC,NORMAL,2,2027-01-08T16:42:00.000Z
000034693,SABE,LDZA,NORMAL,2,2027-01-08T16:51:00.000Z
000034694,SABE,SBBR,NORMAL,2,2027-01-08T16:02:00.000Z
000034695,SABE,EKCH,NORMAL,2,2027-01-08T17:04:00.000Z
000034696,SABE,LOWW,NORMAL,2,2027-01-08T17:19:00.000Z
000034697,SABE,EBCI,NORMAL,2,2027-01-08T17:27:00.000Z
000034698,SABE,SKBO,NORMAL,2,2027-01-08T17:31:00.000Z
000034699,SABE,LOWW,NORMAL,2,2027-01-08T17:44:00.000Z
000034700,SABE,SKBO,NORMAL,2,2027-01-08T17:51:00.000Z
000034701,SABE,SEQM,NORMAL,2,2027-01-08T17:01:00.000Z
000034702,SABE,EHAM,NORMAL,2,2027-01-08T18:02:00.000Z
000034703,SABE,EKCH,NORMAL,2,2027-01-08T18:08:00.000Z
000034704,SABE,SGAS,NORMAL,2,2027-01-08T18:24:00.000Z
000034705,SABE,OOMS,NORMAL,2,2027-01-08T18:30:00.000Z
000034706,SABE,UBBB,NORMAL,2,2027-01-08T18:41:00.000Z
000034707,SABE,OOMS,NORMAL,2,2027-01-08T18:46:00.000Z
000034708,SABE,SBBR,NORMAL,2,2027-01-08T18:49:00.000Z
000034709,SABE,SCEL,NORMAL,2,2027-01-08T18:01:00.000Z
000034710,SABE,LBSF,NORMAL,2,2027-01-08T19:13:00.000Z
000034711,SABE,OJAI,NORMAL,2,2027-01-08T19:14:00.000Z
000034712,SABE,SVMI,NORMAL,2,2027-01-08T19:22:00.000Z
000034713,SABE,LBSF,NORMAL,2,2027-01-08T19:33:00.000Z
000034714,SABE,EHAM,NORMAL,2,2027-01-08T19:37:00.000Z
000034715,SABE,OYSN,NORMAL,2,2027-01-08T19:44:00.000Z
000034716,SABE,SGAS,NORMAL,2,2027-01-08T19:01:00.000Z
000034717,SABE,LKPR,NORMAL,2,2027-01-08T20:07:00.000Z
000034718,SABE,SCEL,NORMAL,2,2027-01-08T20:12:00.000Z
000034719,SABE,OPKC,NORMAL,2,2027-01-08T20:24:00.000Z
000034720,SABE,OERK,NORMAL,2,2027-01-08T20:30:00.000Z
000034721,SABE,SKBO,NORMAL,2,2027-01-08T20:36:00.000Z
000034722,SABE,OYSN,NORMAL,2,2027-01-08T20:47:00.000Z
000034723,SABE,EDDI,NORMAL,2,2027-01-08T20:48:00.000Z
000034724,SABE,LDZA,NORMAL,2,2027-01-08T20:59:00.000Z
000034725,SABE,UMMS,NORMAL,2,2027-01-08T21:04:00.000Z
000034726,SABE,SCEL,NORMAL,2,2027-01-08T21:17:00.000Z
000034727,SABE,UBBB,NORMAL,2,2027-01-08T21:24:00.000Z
000034728,SABE,SGAS,NORMAL,2,2027-01-08T21:36:00.000Z
000034729,SABE,EBCI,NORMAL,1,2027-01-08T21:44:00.000Z
000042130,SBBR,SEQM,NORMAL,19,2027-01-08T00:44:00.000Z
000042131,SBBR,OERK,NORMAL,19,2027-01-08T01:24:00.000Z
000042132,SBBR,OMDB,NORMAL,19,2027-01-08T02:04:00.000Z
000042133,SBBR,SABE,NORMAL,19,2027-01-08T02:51:00.000Z
000042134,SBBR,SCEL,NORMAL,19,2027-01-08T03:31:00.000Z
000042135,SBBR,OJAI,NORMAL,19,2027-01-08T04:12:00.000Z
000042136,SBBR,OPKC,NORMAL,19,2027-01-08T04:53:00.000Z
000042137,SBBR,SKBO,NORMAL,19,2027-01-08T05:35:00.000Z
000042138,SBBR,OPKC,NORMAL,19,2027-01-08T06:16:00.000Z
000042139,SBBR,VIDP,NORMAL,19,2027-01-08T06:55:00.000Z
000042140,SBBR,SABE,NORMAL,19,2027-01-08T07:37:00.000Z
000042141,SBBR,SGAS,NORMAL,19,2027-01-08T08:15:00.000Z
000042142,SBBR,OJAI,NORMAL,19,2027-01-08T08:53:00.000Z
000042143,SBBR,EHAM,NORMAL,19,2027-01-08T09:40:00.000Z
000042144,SBBR,SEQM,NORMAL,19,2027-01-08T10:21:00.000Z
000042145,SBBR,LBSF,NORMAL,19,2027-01-08T10:01:00.000Z
000042146,SBBR,UMMS,NORMAL,19,2027-01-08T11:45:00.000Z
000042147,SBBR,LDZA,NORMAL,19,2027-01-08T12:21:00.000Z
000042148,SBBR,OMDB,NORMAL,19,2027-01-08T12:00:00.000Z
000042149,SBBR,UBBB,NORMAL,19,2027-01-08T13:44:00.000Z
000042150,SBBR,SVMI,NORMAL,19,2027-01-08T14:25:00.000Z
000042151,SBBR,VIDP,NORMAL,19,2027-01-08T15:07:00.000Z
000042152,SBBR,OPKC,NORMAL,19,2027-01-08T15:50:00.000Z
000042153,SBBR,UBBB,NORMAL,19,2027-01-08T16:29:00.000Z
000042154,SBBR,SUAA,NORMAL,1,2027-01-08T17:06:00.000Z
000030165,SCEL,SKBO,NORMAL,2,2027-01-08T00:13:00.000Z
000030166,SCEL,VIDP,NORMAL,2,2027-01-08T00:12:00.000Z
000030167,SCEL,EHAM,NORMAL,2,2027-01-08T00:16:00.000Z
000030168,SCEL,OPKC,NORMAL,2,2027-01-08T00:25:00.000Z
000030169,SCEL,LATI,NORMAL,2,2027-01-08T00:25:00.000Z
000030170,SCEL,OPKC,NORMAL,2,2027-01-08T00:36:00.000Z
000030171,SCEL,LKPR,NORMAL,2,2027-01-08T00:41:00.000Z
000030172,SCEL,OMDB,NORMAL,2,2027-01-08T00:48:00.000Z
000030173,SCEL,OPKC,NORMAL,2,2027-01-08T00:50:00.000Z
000030174,SCEL,SBBR,NORMAL,2,2027-01-08T00:52:00.000Z
000030175,SCEL,SVMI,NORMAL,2,2027-01-08T00:55:00.000Z
000030176,SCEL,UBBB,NORMAL,2,2027-01-08T01:00:00.000Z
000030177,SCEL,SBBR,NORMAL,2,2027-01-08T01:14:00.000Z
000030178,SCEL,LBSF,NORMAL,2,2027-01-08T01:19:00.000Z
000030179,SCEL,SPIM,NORMAL,2,2027-01-08T01:20:00.000Z
000030180,SCEL,EBCI,NORMAL,2,2027-01-08T01:24:00.000Z
000030181,SCEL,OJAI,NORMAL,2,2027-01-08T01:34:00.000Z
000030182,SCEL,SBBR,NORMAL,2,2027-01-08T01:35:00.000Z
000030183,SCEL,SPIM,NORMAL,2,2027-01-08T01:40:00.000Z
000030184,SCEL,UMMS,NORMAL,2,2027-01-08T01:45:00.000Z
000030185,SCEL,SPIM,NORMAL,2,2027-01-08T01:52:00.000Z
000030186,SCEL,OAKB,NORMAL,2,2027-01-08T01:57:00.000Z
000030187,SCEL,SKBO,NORMAL,2,2027-01-08T01:57:00.000Z
000030188,SCEL,SPIM,NORMAL,2,2027-01-08T02:03:00.000Z
000030189,SCEL,OOMS,NORMAL,2,2027-01-08T02:10:00.000Z
000030190,SCEL,OPKC,NORMAL,2,2027-01-08T02:17:00.000Z
000030191,SCEL,LOWW,NORMAL,2,2027-01-08T02:15:00.000Z
000030192,SCEL,OMDB,NORMAL,2,2027-01-08T02:22:00.000Z
000030193,SCEL,SKBO,NORMAL,2,2027-01-08T02:34:00.000Z
000030194,SCEL,LATI,NORMAL,2,2027-01-08T02:35:00.000Z
000030195,SCEL,SKBO,NORMAL,2,2027-01-08T02:36:00.000Z
000030196,SCEL,OOMS,NORMAL,2,2027-01-08T02:40:00.000Z
000030197,SCEL,LDZA,NORMAL,2,2027-01-08T02:48:00.000Z
000030198,SCEL,UBBB,NORMAL,2,2027-01-08T02:57:00.000Z
000030199,SCEL,LBSF,NORMAL,2,2027-01-08T02:59:00.000Z
000030200,SCEL,SABE,NORMAL,2,2027-01-08T03:02:00.000Z
000030201,SCEL,LATI,NORMAL,2,2027-01-08T03:11:00.000Z
000030202,SCEL,LDZA,NORMAL,2,2027-01-08T03:15:00.000Z
000030203,SCEL,OYSN,NORMAL,2,2027-01-08T03:15:00.000Z
000030204,SCEL,UBBB,NORMAL,2,2027-01-08T03:21:00.000Z
000030205,SCEL,SLLP,NORMAL,2,2027-01-08T03:29:00.000Z
000030206,SCEL,SKBO,NORMAL,2,2027-01-08T03:39:00.000Z
000030207,SCEL,EBCI,NORMAL,2,2027-01-08T03:39:00.000Z
000030208,SCEL,EDDI,NORMAL,2,2027-01-08T03:46:00.000Z
000030209,SCEL,OMDB,NORMAL,2,2027-01-08T03:54:00.000Z
000030210,SCEL,OOMS,NORMAL,2,2027-01-08T03:59:00.000Z
000030211,SCEL,OAKB,NORMAL,2,2027-01-08T03:57:00.000Z
000030212,SCEL,SBBR,NORMAL,2,2027-01-08T04:00:00.000Z
000030213,SCEL,LOWW,NORMAL,1,2027-01-08T04:07:00.000Z
000030214,SCEL,SEQM,NORMAL,1,2027-01-08T04:13:00.000Z
000030215,SCEL,SVMI,NORMAL,1,2027-01-08T04:20:00.000Z
000030216,SCEL,LKPR,NORMAL,1,2027-01-08T04:27:00.000Z
000030217,SCEL,EDDI,NORMAL,1,2027-01-08T04:32:00.000Z
000030218,SCEL,SBBR,NORMAL,1,2027-01-08T04:37:00.000Z
000030219,SCEL,OPKC,NORMAL,1,2027-01-08T04:39:00.000Z
000030220,SCEL,LKPR,NORMAL,1,2027-01-08T04:47:00.000Z
000030221,SCEL,SVMI,NORMAL,1,2027-01-08T04:53:00.000Z
000030222,SCEL,OPKC,NORMAL,1,2027-01-08T04:50:00.000Z
000030223,SCEL,EKCH,NORMAL,1,2027-01-08T04:04:00.000Z
000030224,SCEL,LBSF,NORMAL,1,2027-01-08T05:02:00.000Z
000030225,SCEL,UBBB,NORMAL,1,2027-01-08T05:11:00.000Z
000030226,SCEL,UMMS,NORMAL,1,2027-01-08T05:11:00.000Z
000030227,SCEL,UBBB,NORMAL,1,2027-01-08T05:21:00.000Z
000030228,SCEL,SUAA,NORMAL,1,2027-01-08T05:28:00.000Z
000030229,SCEL,EBCI,NORMAL,1,2027-01-08T05:28:00.000Z
000030230,SCEL,SVMI,NORMAL,1,2027-01-08T05:38:00.000Z
000030231,SCEL,OYSN,NORMAL,1,2027-01-08T05:40:00.000Z
000030232,SCEL,LBSF,NORMAL,1,2027-01-08T05:42:00.000Z
000030233,SCEL,OAKB,NORMAL,1,2027-01-08T05:45:00.000Z
000030234,SCEL,OPKC,NORMAL,1,2027-01-08T05:57:00.000Z
000030235,SCEL,OSDI,NORMAL,1,2027-01-08T05:57:00.000Z
000030236,SCEL,UBBB,NORMAL,1,2027-01-08T06:06:00.000Z
000030237,SCEL,LBSF,NORMAL,1,2027-01-08T06:11:00.000Z
000030238,SCEL,OPKC,NORMAL,1,2027-01-08T06:12:00.000Z
000030239,SCEL,SLLP,NORMAL,1,2027-01-08T06:22:00.000Z
000030240,SCEL,VIDP,NORMAL,1,2027-01-08T06:20:00.000Z
000030241,SCEL,SLLP,NORMAL,1,2027-01-08T06:30:00.000Z
000030242,SCEL,OOMS,NORMAL,1,2027-01-08T06:30:00.000Z
000030243,SCEL,SLLP,NORMAL,1,2027-01-08T06:37:00.000Z
000030244,SCEL,SVMI,NORMAL,1,2027-01-08T06:47:00.000Z
000030245,SCEL,OMDB,NORMAL,1,2027-01-08T06:49:00.000Z
000030246,SCEL,SABE,NORMAL,1,2027-01-08T06:53:00.000Z
000030247,SCEL,VIDP,NORMAL,1,2027-01-08T06:02:00.000Z
000030248,SCEL,LKPR,NORMAL,1,2027-01-08T07:00:00.000Z
000030249,SCEL,OSDI,NORMAL,1,2027-01-08T07:05:00.000Z
000030250,SCEL,SBBR,NORMAL,1,2027-01-08T07:15:00.000Z
000030251,SCEL,SKBO,NORMAL,1,2027-01-08T07:20:00.000Z
000030252,SCEL,VIDP,NORMAL,1,2027-01-08T07:27:00.000Z
000030253,SCEL,SLLP,NORMAL,1,2027-01-08T07:34:00.000Z
000030254,SCEL,LDZA,NORMAL,1,2027-01-08T07:38:00.000Z
000030255,SCEL,SGAS,NORMAL,1,2027-01-08T07:40:00.000Z
000030256,SCEL,OAKB,NORMAL,1,2027-01-08T07:48:00.000Z
000030257,SCEL,UBBB,NORMAL,1,2027-01-08T07:48:00.000Z
000030258,SCEL,SABE,NORMAL,1,2027-01-08T07:58:00.000Z
000030259,SCEL,LOWW,NORMAL,1,2027-01-08T07:58:00.000Z
000030260,SCEL,SPIM,NORMAL,1,2027-01-08T08:08:00.000Z
000030261,SCEL,OSDI,NORMAL,1,2027-01-08T08:10:00.000Z
000030262,SCEL,OAKB,NORMAL,1,2027-01-08T08:16:00.000Z
000030263,SCEL,SEQM,NORMAL,1,2027-01-08T08:16:00.000Z
000030264,SCEL,OPKC,NORMAL,1,2027-01-08T08:28:00.000Z
000030265,SCEL,OERK,NORMAL,1,2027-01-08T08:32:00.000Z
000030266,SCEL,OAKB,NORMAL,1,2027-01-08T08:32:00.000Z
000030267,SCEL,SLLP,NORMAL,1,2027-01-08T08:37:00.000Z
000030268,SCEL,SGAS,NORMAL,1,2027-01-08T08:42:00.000Z
000030269,SCEL,OPKC,NORMAL,1,2027-01-08T08:49:00.000Z
000030270,SCEL,SVMI,NORMAL,1,2027-01-08T08:56:00.000Z
000030271,SCEL,VIDP,NORMAL,1,2027-01-08T08:55:00.000Z
000030272,SCEL,UMMS,NORMAL,1,2027-01-08T09:06:00.000Z
000030273,SCEL,SUAA,NORMAL,1,2027-01-08T09:09:00.000Z
000030274,SCEL,SKBO,NORMAL,1,2027-01-08T09:19:00.000Z
000030275,SCEL,OAKB,NORMAL,1,2027-01-08T09:18:00.000Z
000030276,SCEL,SBBR,NORMAL,1,2027-01-08T09:28:00.000Z
000030277,SCEL,EKCH,NORMAL,1,2027-01-08T09:25:00.000Z
000030278,SCEL,EKCH,NORMAL,1,2027-01-08T09:38:00.000Z
000030279,SCEL,OSDI,NORMAL,1,2027-01-08T09:37:00.000Z
000030280,SCEL,LKPR,NORMAL,1,2027-01-08T09:41:00.000Z
000030281,SCEL,OSDI,NORMAL,1,2027-01-08T09:48:00.000Z
000030282,SCEL,OOMS,NORMAL,1,2027-01-08T09:59:00.000Z
000030283,SCEL,EHAM,NORMAL,1,2027-01-08T09:58:00.000Z
000030284,SCEL,SEQM,NORMAL,1,2027-01-08T10:03:00.000Z
000030285,SCEL,VIDP,NORMAL,1,2027-01-08T10:06:00.000Z
000030286,SCEL,SBBR,NORMAL,1,2027-01-08T10:12:00.000Z
000030287,SCEL,OYSN,NORMAL,1,2027-01-08T10:23:00.000Z
000030288,SCEL,OJAI,NORMAL,1,2027-01-08T10:29:00.000Z
000030289,SCEL,SABE,NORMAL,1,2027-01-08T10:30:00.000Z
000030290,SCEL,EBCI,NORMAL,1,2027-01-08T10:37:00.000Z
000030291,SCEL,LDZA,NORMAL,1,2027-01-08T10:36:00.000Z
000030292,SCEL,SUAA,NORMAL,1,2027-01-08T10:45:00.000Z
000030293,SCEL,EHAM,NORMAL,1,2027-01-08T10:50:00.000Z
000030294,SCEL,OSDI,NORMAL,1,2027-01-08T10:54:00.000Z
000030295,SCEL,SPIM,NORMAL,1,2027-01-08T10:04:00.000Z
000030296,SCEL,UBBB,NORMAL,1,2027-01-08T11:00:00.000Z
000030297,SCEL,OAKB,NORMAL,1,2027-01-08T11:12:00.000Z
000030298,SCEL,OOMS,NORMAL,1,2027-01-08T11:17:00.000Z
000030299,SCEL,EKCH,NORMAL,1,2027-01-08T11:20:00.000Z
000030300,SCEL,SGAS,NORMAL,1,2027-01-08T11:20:00.000Z
000030301,SCEL,SUAA,NORMAL,1,2027-01-08T11:34:00.000Z
000030302,SCEL,OERK,NORMAL,1,2027-01-08T11:30:00.000Z
000030303,SCEL,OAKB,NORMAL,1,2027-01-08T11:44:00.000Z
000030304,SCEL,SUAA,NORMAL,1,2027-01-08T11:46:00.000Z
000030305,SCEL,SVMI,NORMAL,1,2027-01-08T11:48:00.000Z
000030306,SCEL,OYSN,NORMAL,1,2027-01-08T11:59:00.000Z
000030307,SCEL,SLLP,NORMAL,1,2027-01-08T11:57:00.000Z
000030308,SCEL,EDDI,NORMAL,1,2027-01-08T12:09:00.000Z
000030309,SCEL,OYSN,NORMAL,1,2027-01-08T12:08:00.000Z
000030310,SCEL,SLLP,NORMAL,1,2027-01-08T12:12:00.000Z
000030311,SCEL,EDDI,NORMAL,1,2027-01-08T12:21:00.000Z
000030312,SCEL,OERK,NORMAL,1,2027-01-08T12:28:00.000Z
000030313,SCEL,OSDI,NORMAL,1,2027-01-08T12:34:00.000Z
000030314,SCEL,UBBB,NORMAL,1,2027-01-08T12:39:00.000Z
000030315,SCEL,OPKC,NORMAL,1,2027-01-08T12:42:00.000Z
000030316,SCEL,OPKC,NORMAL,1,2027-01-08T12:47:00.000Z
000030317,SCEL,VIDP,NORMAL,1,2027-01-08T12:48:00.000Z
000030318,SCEL,SABE,NORMAL,1,2027-01-08T12:53:00.000Z
000030319,SCEL,UMMS,NORMAL,1,2027-01-08T12:59:00.000Z
000030320,SCEL,LKPR,NORMAL,1,2027-01-08T13:08:00.000Z
000030321,SCEL,UMMS,NORMAL,1,2027-01-08T13:13:00.000Z
000030322,SCEL,OJAI,NORMAL,1,2027-01-08T13:13:00.000Z
000030323,SCEL,OMDB,NORMAL,1,2027-01-08T13:15:00.000Z
000030324,SCEL,SGAS,NORMAL,1,2027-01-08T13:22:00.000Z
000030325,SCEL,UMMS,NORMAL,1,2027-01-08T13:34:00.000Z
000030326,SCEL,SUAA,NORMAL,1,2027-01-08T13:34:00.000Z
000030327,SCEL,OERK,NORMAL,1,2027-01-08T13:40:00.000Z
000030328,SCEL,OAKB,NORMAL,1,2027-01-08T13:49:00.000Z
000030329,SCEL,EDDI,NORMAL,1,2027-01-08T13:52:00.000Z
000030330,SCEL,SEQM,NORMAL,1,2027-01-08T13:50:00.000Z
000030331,SCEL,SVMI,NORMAL,1,2027-01-08T13:55:00.000Z
000030332,SCEL,UMMS,NORMAL,1,2027-01-08T14:07:00.000Z
000030333,SCEL,SEQM,NORMAL,1,2027-01-08T14:06:00.000Z
000030334,SCEL,LDZA,NORMAL,1,2027-01-08T14:11:00.000Z
000030335,SCEL,EHAM,NORMAL,1,2027-01-08T14:22:00.000Z
000030336,SCEL,UBBB,NORMAL,1,2027-01-08T14:25:00.000Z
000030337,SCEL,LKPR,NORMAL,1,2027-01-08T14:28:00.000Z
000030338,SCEL,OOMS,NORMAL,1,2027-01-08T14:37:00.000Z
000030339,SCEL,LOWW,NORMAL,1,2027-01-08T14:40:00.000Z
000030340,SCEL,OJAI,NORMAL,1,2027-01-08T14:43:00.000Z
000030341,SCEL,OOMS,NORMAL,1,2027-01-08T14:52:00.000Z
000030342,SCEL,LBSF,NORMAL,1,2027-01-08T14:53:00.000Z
000030343,SCEL,LOWW,NORMAL,1,2027-01-08T14:58:00.000Z
000030344,SCEL,SEQM,NORMAL,1,2027-01-08T15:09:00.000Z
000030345,SCEL,SPIM,NORMAL,1,2027-01-08T15:12:00.000Z
000030346,SCEL,SKBO,NORMAL,1,2027-01-08T15:11:00.000Z
000030347,SCEL,LDZA,NORMAL,1,2027-01-08T15:15:00.000Z
000030348,SCEL,EHAM,NORMAL,1,2027-01-08T15:24:00.000Z
000030349,SCEL,SABE,NORMAL,1,2027-01-08T15:31:00.000Z
000030350,SCEL,SGAS,NORMAL,1,2027-01-08T15:31:00.000Z
000030351,SCEL,OJAI,NORMAL,1,2027-01-08T15:37:00.000Z
000030352,SCEL,EKCH,NORMAL,1,2027-01-08T15:46:00.000Z
000030353,SCEL,SPIM,NORMAL,1,2027-01-08T15:45:00.000Z
000030354,SCEL,EKCH,NORMAL,1,2027-01-08T15:55:00.000Z
000030355,SCEL,LOWW,NORMAL,1,2027-01-08T15:04:00.000Z
000030356,SCEL,OOMS,NORMAL,1,2027-01-08T16:04:00.000Z
000030357,SCEL,EKCH,NORMAL,1,2027-01-08T16:06:00.000Z
000030358,SCEL,SKBO,NORMAL,1,2027-01-08T16:18:00.000Z
000030359,SCEL,SEQM,NORMAL,1,2027-01-08T16:15:00.000Z
000030360,SCEL,SEQM,NORMAL,1,2027-01-08T16:20:00.000Z
000030361,SCEL,SABE,NORMAL,1,2027-01-08T16:31:00.000Z
000030362,SCEL,EKCH,NORMAL,1,2027-01-08T16:30:00.000Z
000030363,SCEL,LKPR,NORMAL,1,2027-01-08T16:38:00.000Z
000030364,SCEL,EKCH,NORMAL,1,2027-01-08T16:40:00.000Z
000030365,SCEL,SBBR,NORMAL,1,2027-01-08T16:54:00.000Z
000030366,SCEL,OJAI,NORMAL,1,2027-01-08T16:50:00.000Z
000030367,SCEL,EBCI,NORMAL,1,2027-01-08T16:55:00.000Z
000030368,SCEL,EHAM,NORMAL,1,2027-01-08T17:02:00.000Z
000030369,SCEL,SGAS,NORMAL,1,2027-01-08T17:10:00.000Z
000030370,SCEL,OAKB,NORMAL,1,2027-01-08T17:10:00.000Z
000030371,SCEL,LDZA,NORMAL,1,2027-01-08T17:24:00.000Z
000030372,SCEL,SKBO,NORMAL,1,2027-01-08T17:20:00.000Z
000030373,SCEL,SKBO,NORMAL,1,2027-01-08T17:30:00.000Z
000030374,SCEL,OJAI,NORMAL,1,2027-01-08T17:32:00.000Z
000030375,SCEL,EBCI,NORMAL,1,2027-01-08T17:37:00.000Z
000030376,SCEL,EDDI,NORMAL,1,2027-01-08T17:48:00.000Z
000030377,SCEL,UBBB,NORMAL,1,2027-01-08T17:53:00.000Z
000030378,SCEL,UMMS,NORMAL,1,2027-01-08T17:59:00.000Z
000030379,SCEL,OERK,NORMAL,1,2027-01-08T17:59:00.000Z
000030380,SCEL,SABE,NORMAL,1,2027-01-08T18:05:00.000Z
000030381,SCEL,UBBB,NORMAL,1,2027-01-08T18:12:00.000Z
000030382,SCEL,UMMS,NORMAL,1,2027-01-08T18:19:00.000Z
000030383,SCEL,OPKC,NORMAL,1,2027-01-08T18:21:00.000Z
000030384,SCEL,OJAI,NORMAL,1,2027-01-08T18:24:00.000Z
000030385,SCEL,OMDB,NORMAL,1,2027-01-08T18:26:00.000Z
000030386,SCEL,LBSF,NORMAL,1,2027-01-08T18:31:00.000Z
000030387,SCEL,OPKC,NORMAL,1,2027-01-08T18:40:00.000Z
000030388,SCEL,SPIM,NORMAL,1,2027-01-08T18:47:00.000Z
000030389,SCEL,SKBO,NORMAL,1,2027-01-08T18:48:00.000Z
000030390,SCEL,OMDB,NORMAL,1,2027-01-08T18:53:00.000Z
000030391,SCEL,LKPR,NORMAL,1,2027-01-08T18:03:00.000Z
000030392,SCEL,OPKC,NORMAL,1,2027-01-08T19:03:00.000Z
000030393,SCEL,EDDI,NORMAL,1,2027-01-08T19:11:00.000Z
000030394,SCEL,SPIM,NORMAL,1,2027-01-08T19:10:00.000Z
000030395,SCEL,EHAM,NORMAL,1,2027-01-08T19:20:00.000Z
000030396,SCEL,VIDP,NORMAL,1,2027-01-08T19:24:00.000Z
000030397,SCEL,SLLP,NORMAL,1,2027-01-08T19:28:00.000Z
000030398,SCEL,SABE,NORMAL,1,2027-01-08T19:34:00.000Z
000030399,SCEL,SBBR,NORMAL,1,2027-01-08T19:37:00.000Z
000030400,SCEL,OAKB,NORMAL,1,2027-01-08T19:41:00.000Z
000030401,SCEL,OERK,NORMAL,1,2027-01-08T19:52:00.000Z
000030402,SCEL,LKPR,NORMAL,1,2027-01-08T19:50:00.000Z
000030403,SCEL,EKCH,NORMAL,1,2027-01-08T19:59:00.000Z
000030404,SCEL,VIDP,NORMAL,1,2027-01-08T20:01:00.000Z
000030405,SCEL,OSDI,NORMAL,1,2027-01-08T20:13:00.000Z
000030406,SCEL,OJAI,NORMAL,1,2027-01-08T20:13:00.000Z
000030407,SCEL,SEQM,NORMAL,1,2027-01-08T20:19:00.000Z
000030408,SCEL,EBCI,NORMAL,1,2027-01-08T20:25:00.000Z
000030409,SCEL,EHAM,NORMAL,1,2027-01-08T20:33:00.000Z
000030410,SCEL,LKPR,NORMAL,1,2027-01-08T20:33:00.000Z
000030411,SCEL,OPKC,NORMAL,1,2027-01-08T20:38:00.000Z
000030412,SCEL,SEQM,NORMAL,1,2027-01-08T20:46:00.000Z
000030413,SCEL,OSDI,NORMAL,1,2027-01-08T20:50:00.000Z
000030414,SCEL,SVMI,NORMAL,1,2027-01-08T20:56:00.000Z
000030415,SCEL,SBBR,NORMAL,1,2027-01-08T20:58:00.000Z
000030416,SCEL,OMDB,NORMAL,1,2027-01-08T21:05:00.000Z
000030417,SCEL,EHAM,NORMAL,1,2027-01-08T21:08:00.000Z
000030418,SCEL,SABE,NORMAL,1,2027-01-08T21:16:00.000Z
000030419,SCEL,OJAI,NORMAL,1,2027-01-08T21:20:00.000Z
000030420,SCEL,EBCI,NORMAL,1,2027-01-08T21:29:00.000Z
000030822,SEQM,SVMI,NORMAL,4,2027-01-08T00:23:00.000Z
000030823,SEQM,OSDI,NORMAL,4,2027-01-08T00:35:00.000Z
000030824,SEQM,EDDI,NORMAL,4,2027-01-08T00:50:00.000Z
000030825,SEQM,VIDP,NORMAL,4,2027-01-08T01:05:00.000Z
000030826,SEQM,LKPR,NORMAL,4,2027-01-08T01:23:00.000Z
000030827,SEQM,LATI,NORMAL,4,2027-01-08T01:33:00.000Z
000030828,SEQM,SPIM,NORMAL,4,2027-01-08T01:48:00.000Z
000030829,SEQM,LBSF,NORMAL,4,2027-01-08T02:09:00.000Z
000030830,SEQM,OJAI,NORMAL,4,2027-01-08T02:15:00.000Z
000030831,SEQM,UBBB,NORMAL,4,2027-01-08T02:31:00.000Z
000030832,SEQM,EBCI,NORMAL,4,2027-01-08T02:52:00.000Z
000030833,SEQM,SBBR,NORMAL,4,2027-01-08T03:04:00.000Z
000030834,SEQM,LOWW,NORMAL,4,2027-01-08T03:21:00.000Z
000030835,SEQM,UBBB,NORMAL,4,2027-01-08T03:31:00.000Z
000030836,SEQM,OMDB,NORMAL,4,2027-01-08T03:52:00.000Z
000030837,SEQM,LBSF,NORMAL,4,2027-01-08T04:04:00.000Z
000030838,SEQM,SCEL,NORMAL,4,2027-01-08T04:20:00.000Z
000030839,SEQM,UBBB,NORMAL,4,2027-01-08T04:38:00.000Z
000030840,SEQM,LDZA,NORMAL,4,2027-01-08T04:48:00.000Z
000030841,SEQM,UMMS,NORMAL,4,2027-01-08T05:03:00.000Z
000030842,SEQM,SLLP,NORMAL,4,2027-01-08T05:19:00.000Z
000030843,SEQM,UMMS,NORMAL,4,2027-01-08T05:37:00.000Z
000030844,SEQM,LBSF,NORMAL,4,2027-01-08T05:53:00.000Z
000030845,SEQM,LDZA,NORMAL,4,2027-01-08T06:02:00.000Z
000030846,SEQM,LOWW,NORMAL,4,2027-01-08T06:16:00.000Z
000030847,SEQM,EKCH,NORMAL,4,2027-01-08T06:32:00.000Z
000030848,SEQM,SKBO,NORMAL,4,2027-01-08T06:53:00.000Z
000030849,SEQM,UBBB,NORMAL,4,2027-01-08T07:07:00.000Z
000030850,SEQM,EBCI,NORMAL,4,2027-01-08T07:21:00.000Z
000030851,SEQM,OERK,NORMAL,4,2027-01-08T07:36:00.000Z
000030852,SEQM,SGAS,NORMAL,4,2027-01-08T07:49:00.000Z
000030853,SEQM,LDZA,NORMAL,4,2027-01-08T08:09:00.000Z
000030854,SEQM,OERK,NORMAL,4,2027-01-08T08:24:00.000Z
000030855,SEQM,UBBB,NORMAL,4,2027-01-08T08:36:00.000Z
000030856,SEQM,OSDI,NORMAL,4,2027-01-08T08:54:00.000Z
000030857,SEQM,SKBO,NORMAL,4,2027-01-08T09:07:00.000Z
000030858,SEQM,EHAM,NORMAL,4,2027-01-08T09:23:00.000Z
000030859,SEQM,OMDB,NORMAL,4,2027-01-08T09:36:00.000Z
000030860,SEQM,UMMS,NORMAL,4,2027-01-08T09:45:00.000Z
000030861,SEQM,OERK,NORMAL,4,2027-01-08T10:09:00.000Z
000030862,SEQM,OPKC,NORMAL,4,2027-01-08T10:24:00.000Z
000030863,SEQM,OERK,NORMAL,3,2027-01-08T10:34:00.000Z
000030864,SEQM,LDZA,NORMAL,3,2027-01-08T10:53:00.000Z
000030865,SEQM,EBCI,NORMAL,3,2027-01-08T11:07:00.000Z
000030866,SEQM,VIDP,NORMAL,3,2027-01-08T11:19:00.000Z
000030867,SEQM,LKPR,NORMAL,3,2027-01-08T11:30:00.000Z
000030868,SEQM,OOMS,NORMAL,3,2027-01-08T11:46:00.000Z
000030869,SEQM,EKCH,NORMAL,3,2027-01-08T12:05:00.000Z
000030870,SEQM,OOMS,NORMAL,3,2027-01-08T12:17:00.000Z
000030871,SEQM,LKPR,NORMAL,3,2027-01-08T12:32:00.000Z
000030872,SEQM,EKCH,NORMAL,3,2027-01-08T12:45:00.000Z
000030873,SEQM,VIDP,NORMAL,3,2027-01-08T13:02:00.000Z
000030874,SEQM,SCEL,NORMAL,3,2027-01-08T13:15:00.000Z
000030875,SEQM,SBBR,NORMAL,3,2027-01-08T13:38:00.000Z
000030876,SEQM,LDZA,NORMAL,3,2027-01-08T13:46:00.000Z
000030877,SEQM,UMMS,NORMAL,3,2027-01-08T14:00:00.000Z
000030878,SEQM,SKBO,NORMAL,3,2027-01-08T14:23:00.000Z
000030879,SEQM,SKBO,NORMAL,3,2027-01-08T14:32:00.000Z
000030880,SEQM,OYSN,NORMAL,3,2027-01-08T14:49:00.000Z
000030881,SEQM,UMMS,NORMAL,3,2027-01-08T15:00:00.000Z
000030882,SEQM,SVMI,NORMAL,3,2027-01-08T15:24:00.000Z
000030883,SEQM,LOWW,NORMAL,3,2027-01-08T15:30:00.000Z
000030884,SEQM,UBBB,NORMAL,3,2027-01-08T15:47:00.000Z
000030885,SEQM,OERK,NORMAL,3,2027-01-08T16:06:00.000Z
000030886,SEQM,EDDI,NORMAL,3,2027-01-08T16:18:00.000Z
000030887,SEQM,SABE,NORMAL,3,2027-01-08T16:34:00.000Z
000030888,SEQM,SLLP,NORMAL,3,2027-01-08T16:53:00.000Z
000030889,SEQM,LBSF,NORMAL,3,2027-01-08T17:08:00.000Z
000030890,SEQM,LDZA,NORMAL,3,2027-01-08T17:20:00.000Z
000030891,SEQM,EBCI,NORMAL,3,2027-01-08T17:31:00.000Z
000030892,SEQM,OYSN,NORMAL,3,2027-01-08T17:49:00.000Z
000030893,SEQM,OSDI,NORMAL,3,2027-01-08T18:02:00.000Z
000030894,SEQM,OMDB,NORMAL,3,2027-01-08T18:18:00.000Z
000030895,SEQM,OOMS,NORMAL,3,2027-01-08T18:39:00.000Z
000030896,SEQM,LBSF,NORMAL,3,2027-01-08T18:52:00.000Z
000030897,SEQM,LBSF,NORMAL,3,2027-01-08T19:03:00.000Z
000030898,SEQM,OOMS,NORMAL,3,2027-01-08T19:24:00.000Z
000030899,SEQM,LDZA,NORMAL,3,2027-01-08T19:37:00.000Z
000030900,SEQM,OSDI,NORMAL,3,2027-01-08T19:49:00.000Z
000030901,SEQM,UMMS,NORMAL,3,2027-01-08T20:07:00.000Z
000030902,SEQM,EHAM,NORMAL,3,2027-01-08T20:22:00.000Z
000030903,SEQM,SUAA,NORMAL,3,2027-01-08T20:35:00.000Z
000030904,SEQM,SPIM,NORMAL,3,2027-01-08T20:47:00.000Z
000030905,SEQM,OOMS,NORMAL,1,2027-01-08T21:03:00.000Z
000038033,SGAS,LKPR,NORMAL,5,2027-01-08T00:22:00.000Z
000038034,SGAS,SEQM,NORMAL,5,2027-01-08T00:34:00.000Z
000038035,SGAS,EDDI,NORMAL,5,2027-01-08T00:47:00.000Z
000038036,SGAS,SLLP,NORMAL,5,2027-01-08T00:59:00.000Z
000038037,SGAS,OERK,NORMAL,5,2027-01-08T01:18:00.000Z
000038038,SGAS,EDDI,NORMAL,5,2027-01-08T01:33:00.000Z
000038039,SGAS,SCEL,NORMAL,5,2027-01-08T01:42:00.000Z
000038040,SGAS,UBBB,NORMAL,5,2027-01-08T01:52:00.000Z
000038041,SGAS,SUAA,NORMAL,5,2027-01-08T02:10:00.000Z
000038042,SGAS,LKPR,NORMAL,5,2027-01-08T02:26:00.000Z
000038043,SGAS,SEQM,NORMAL,5,2027-01-08T02:35:00.000Z
000038044,SGAS,LBSF,NORMAL,5,2027-01-08T02:49:00.000Z
000038045,SGAS,SVMI,NORMAL,5,2027-01-08T03:10:00.000Z
000038046,SGAS,LDZA,NORMAL,5,2027-01-08T03:23:00.000Z
000038047,SGAS,SPIM,NORMAL,5,2027-01-08T03:39:00.000Z
000038048,SGAS,SUAA,NORMAL,5,2027-01-08T03:50:00.000Z
000038049,SGAS,EDDI,NORMAL,5,2027-01-08T03:01:00.000Z
000038050,SGAS,SKBO,NORMAL,5,2027-01-08T04:13:00.000Z
000038051,SGAS,OMDB,NORMAL,5,2027-01-08T04:30:00.000Z
000038052,SGAS,LBSF,NORMAL,5,2027-01-08T04:40:00.000Z
000038053,SGAS,VIDP,NORMAL,5,2027-01-08T04:03:00.000Z
000038054,SGAS,OSDI,NORMAL,5,2027-01-08T05:12:00.000Z
000038055,SGAS,UBBB,NORMAL,5,2027-01-08T05:30:00.000Z
000038056,SGAS,EBCI,NORMAL,5,2027-01-08T05:43:00.000Z
000038057,SGAS,OJAI,NORMAL,5,2027-01-08T05:57:00.000Z
000038058,SGAS,UMMS,NORMAL,5,2027-01-08T06:09:00.000Z
000038059,SGAS,SEQM,NORMAL,5,2027-01-08T06:24:00.000Z
000038060,SGAS,OERK,NORMAL,5,2027-01-08T06:38:00.000Z
000038061,SGAS,UMMS,NORMAL,5,2027-01-08T06:48:00.000Z
000038062,SGAS,OSDI,NORMAL,5,2027-01-08T07:04:00.000Z
000038063,SGAS,SLLP,NORMAL,5,2027-01-08T07:21:00.000Z
000038064,SGAS,OPKC,NORMAL,5,2027-01-08T07:34:00.000Z
000038065,SGAS,SLLP,NORMAL,5,2027-01-08T07:50:00.000Z
000038066,SGAS,OYSN,NORMAL,5,2027-01-08T07:04:00.000Z
000038067,SGAS,SKBO,NORMAL,5,2027-01-08T08:11:00.000Z
000038068,SGAS,OJAI,NORMAL,5,2027-01-08T08:24:00.000Z
000038069,SGAS,LKPR,NORMAL,4,2027-01-08T08:44:00.000Z
000038070,SGAS,UMMS,NORMAL,4,2027-01-08T08:59:00.000Z
000038071,SGAS,EDDI,NORMAL,4,2027-01-08T09:15:00.000Z
000038072,SGAS,OJAI,NORMAL,4,2027-01-08T09:24:00.000Z
000038073,SGAS,UMMS,NORMAL,4,2027-01-08T09:36:00.000Z
000038074,SGAS,LOWW,NORMAL,4,2027-01-08T09:49:00.000Z
000038075,SGAS,SBBR,NORMAL,4,2027-01-08T10:04:00.000Z
000038076,SGAS,OOMS,NORMAL,4,2027-01-08T10:25:00.000Z
000038077,SGAS,UBBB,NORMAL,4,2027-01-08T10:36:00.000Z
000038078,SGAS,OJAI,NORMAL,4,2027-01-08T10:50:00.000Z
000038079,SGAS,UBBB,NORMAL,4,2027-01-08T10:07:00.000Z
000038080,SGAS,OJAI,NORMAL,4,2027-01-08T11:16:00.000Z
000038081,SGAS,SKBO,NORMAL,4,2027-01-08T11:35:00.000Z
000038082,SGAS,LOWW,NORMAL,4,2027-01-08T11:45:00.000Z
000038083,SGAS,OSDI,NORMAL,4,2027-01-08T11:02:00.000Z
000038084,SGAS,SABE,NORMAL,4,2027-01-08T12:11:00.000Z
000038085,SGAS,EHAM,NORMAL,4,2027-01-08T12:31:00.000Z
000038086,SGAS,EDDI,NORMAL,4,2027-01-08T12:42:00.000Z
000038087,SGAS,UBBB,NORMAL,4,2027-01-08T12:55:00.000Z
000038088,SGAS,SLLP,NORMAL,4,2027-01-08T13:09:00.000Z
000038089,SGAS,OJAI,NORMAL,4,2027-01-08T13:21:00.000Z
000038090,SGAS,SKBO,NORMAL,4,2027-01-08T13:32:00.000Z
000038091,SGAS,SEQM,NORMAL,4,2027-01-08T13:48:00.000Z
000038092,SGAS,OERK,NORMAL,4,2027-01-08T14:05:00.000Z
000038093,SGAS,OPKC,NORMAL,4,2027-01-08T14:16:00.000Z
000038094,SGAS,OYSN,NORMAL,4,2027-01-08T14:33:00.000Z
000038095,SGAS,LBSF,NORMAL,4,2027-01-08T14:44:00.000Z
000038096,SGAS,VIDP,NORMAL,4,2027-01-08T14:04:00.000Z
000038097,SGAS,OOMS,NORMAL,4,2027-01-08T15:15:00.000Z
000038098,SGAS,EDDI,NORMAL,4,2027-01-08T15:31:00.000Z
000038099,SGAS,UBBB,NORMAL,4,2027-01-08T15:40:00.000Z
000038100,SGAS,OOMS,NORMAL,4,2027-01-08T15:55:00.000Z
000038101,SGAS,LKPR,NORMAL,4,2027-01-08T16:08:00.000Z
000038102,SGAS,VIDP,NORMAL,4,2027-01-08T16:20:00.000Z
000038103,SGAS,LKPR,NORMAL,4,2027-01-08T16:43:00.000Z
000038104,SGAS,EHAM,NORMAL,4,2027-01-08T16:49:00.000Z
000038105,SGAS,EKCH,NORMAL,4,2027-01-08T17:06:00.000Z
000038106,SGAS,EHAM,NORMAL,4,2027-01-08T17:16:00.000Z
000038107,SGAS,UMMS,NORMAL,4,2027-01-08T17:37:00.000Z
000038108,SGAS,SLLP,NORMAL,4,2027-01-08T17:53:00.000Z
000038109,SGAS,EHAM,NORMAL,4,2027-01-08T17:59:00.000Z
000038110,SGAS,SBBR,NORMAL,4,2027-01-08T18:21:00.000Z
000038111,SGAS,SEQM,NORMAL,4,2027-01-08T18:33:00.000Z
000038112,SGAS,OYSN,NORMAL,4,2027-01-08T18:43:00.000Z
000038113,SGAS,EKCH,NORMAL,4,2027-01-08T18:00:00.000Z
000038114,SGAS,OJAI,NORMAL,4,2027-01-08T19:11:00.000Z
000038115,SGAS,SEQM,NORMAL,4,2027-01-08T19:31:00.000Z
000038116,SGAS,LBSF,NORMAL,4,2027-01-08T19:39:00.000Z
000038117,SGAS,LBSF,NORMAL,4,2027-01-08T19:59:00.000Z
000038118,SGAS,OPKC,NORMAL,4,2027-01-08T20:11:00.000Z
000038119,SGAS,EDDI,NORMAL,1,2027-01-08T20:18:00.000Z
000039177,SKBO,SCEL,NORMAL,2,2027-01-08T00:09:00.000Z
000039178,SKBO,EBCI,NORMAL,2,2027-01-08T00:06:00.000Z
000039179,SKBO,OAKB,NORMAL,2,2027-01-08T00:11:00.000Z
000039180,SKBO,SVMI,NORMAL,2,2027-01-08T00:14:00.000Z
000039181,SKBO,OOMS,NORMAL,2,2027-01-08T00:21:00.000Z
000039182,SKBO,OOMS,NORMAL,2,2027-01-08T00:23:00.000Z
000039183,SKBO,SBBR,NORMAL,2,2027-01-08T00:30:00.000Z
000039184,SKBO,SUAA,NORMAL,2,2027-01-08T00:27:00.000Z
000039185,SKBO,LATI,NORMAL,2,2027-01-08T00:32:00.000Z
000039186,SKBO,OOMS,NORMAL,2,2027-01-08T00:35:00.000Z
000039187,SKBO,SABE,NORMAL,2,2027-01-08T00:39:00.000Z
000039188,SKBO,OAKB,NORMAL,2,2027-01-08T00:44:00.000Z
000039189,SKBO,OYSN,NORMAL,2,2027-01-08T00:42:00.000Z
000039190,SKBO,SPIM,NORMAL,2,2027-01-08T00:44:00.000Z
000039191,SKBO,LBSF,NORMAL,2,2027-01-08T00:53:00.000Z
000039192,SKBO,SCEL,NORMAL,2,2027-01-08T00:51:00.000Z
000039193,SKBO,LATI,NORMAL,2,2027-01-08T00:53:00.000Z
000039194,SKBO,SEQM,NORMAL,2,2027-01-08T00:58:00.000Z
000039195,SKBO,SGAS,NORMAL,2,2027-01-08T00:03:00.000Z
000039196,SKBO,SLLP,NORMAL,2,2027-01-08T01:05:00.000Z
000039197,SKBO,SVMI,NORMAL,2,2027-01-08T01:10:00.000Z
000039198,SKBO,OYSN,NORMAL,2,2027-01-08T01:15:00.000Z
000039199,SKBO,SBBR,NORMAL,2,2027-01-08T01:15:00.000Z
000039200,SKBO,SGAS,NORMAL,1,2027-01-08T01:17:00.000Z
000039201,SKBO,EHAM,NORMAL,1,2027-01-08T01:22:00.000Z
000039202,SKBO,OJAI,NORMAL,1,2027-01-08T01:22:00.000Z
000039203,SKBO,OYSN,NORMAL,1,2027-01-08T01:28:00.000Z
000039204,SKBO,UMMS,NORMAL,1,2027-01-08T01:28:00.000Z
000039205,SKBO,SCEL,NORMAL,1,2027-01-08T01:36:00.000Z
000039206,SKBO,SABE,NORMAL,1,2027-01-08T01:30:00.000Z
000039207,SKBO,OPKC,NORMAL,1,2027-01-08T01:36:00.000Z
000039208,SKBO,OERK,NORMAL,1,2027-01-08T01:36:00.000Z
000039209,SKBO,OSDI,NORMAL,1,2027-01-08T01:45:00.000Z
000039210,SKBO,LKPR,NORMAL,1,2027-01-08T01:44:00.000Z
000039211,SKBO,SUAA,NORMAL,1,2027-01-08T01:45:00.000Z
000039212,SKBO,EKCH,NORMAL,1,2027-01-08T01:51:00.000Z
000039213,SKBO,EKCH,NORMAL,1,2027-01-08T01:54:00.000Z
000039214,SKBO,LOWW,NORMAL,1,2027-01-08T01:02:00.000Z
000039215,SKBO,SPIM,NORMAL,1,2027-01-08T01:03:00.000Z
000039216,SKBO,LOWW,NORMAL,1,2027-01-08T02:08:00.000Z
000039217,SKBO,OSDI,NORMAL,1,2027-01-08T02:11:00.000Z
000039218,SKBO,SBBR,NORMAL,1,2027-01-08T02:07:00.000Z
000039219,SKBO,OOMS,NORMAL,1,2027-01-08T02:16:00.000Z
000039220,SKBO,OMDB,NORMAL,1,2027-01-08T02:19:00.000Z
000039221,SKBO,SPIM,NORMAL,1,2027-01-08T02:15:00.000Z
000039222,SKBO,SVMI,NORMAL,1,2027-01-08T02:19:00.000Z
000039223,SKBO,LKPR,NORMAL,1,2027-01-08T02:26:00.000Z
000039224,SKBO,SABE,NORMAL,1,2027-01-08T02:28:00.000Z
000039225,SKBO,SVMI,NORMAL,1,2027-01-08T02:31:00.000Z
000039226,SKBO,SGAS,NORMAL,1,2027-01-08T02:39:00.000Z
000039227,SKBO,OERK,NORMAL,1,2027-01-08T02:35:00.000Z
000039228,SKBO,SUAA,NORMAL,1,2027-01-08T02:40:00.000Z
000039229,SKBO,SEQM,NORMAL,1,2027-01-08T02:40:00.000Z
000039230,SKBO,OOMS,NORMAL,1,2027-01-08T02:42:00.000Z
000039231,SKBO,EKCH,NORMAL,1,2027-01-08T02:51:00.000Z
000039232,SKBO,EDDI,NORMAL,1,2027-01-08T02:57:00.000Z
000039233,SKBO,OMDB,NORMAL,1,2027-01-08T02:54:00.000Z
000039234,SKBO,EBCI,NORMAL,1,2027-01-08T02:02:00.000Z
000039235,SKBO,UBBB,NORMAL,1,2027-01-08T02:01:00.000Z
000039236,SKBO,SLLP,NORMAL,1,2027-01-08T03:01:00.000Z
000039237,SKBO,EBCI,NORMAL,1,2027-01-08T03:04:00.000Z
000039238,SKBO,EBCI,NORMAL,1,2027-01-08T03:06:00.000Z
000039239,SKBO,OAKB,NORMAL,1,2027-01-08T03:10:00.000Z
000039240,SKBO,SEQM,NORMAL,1,2027-01-08T03:13:00.000Z
000039241,SKBO,SABE,NORMAL,1,2027-01-08T03:20:00.000Z
000039242,SKBO,SGAS,NORMAL,1,2027-01-08T03:19:00.000Z
000039243,SKBO,LBSF,NORMAL,1,2027-01-08T03:25:00.000Z
000039244,SKBO,OERK,NORMAL,1,2027-01-08T03:29:00.000Z
000039245,SKBO,LOWW,NORMAL,1,2027-01-08T03:32:00.000Z
000039246,SKBO,EHAM,NORMAL,1,2027-01-08T03:33:00.000Z
000039247,SKBO,LOWW,NORMAL,1,2027-01-08T03:42:00.000Z
000039248,SKBO,UMMS,NORMAL,1,2027-01-08T03:37:00.000Z
000039249,SKBO,SCEL,NORMAL,1,2027-01-08T03:41:00.000Z
000039250,SKBO,OYSN,NORMAL,1,2027-01-08T03:43:00.000Z
000039251,SKBO,SVMI,NORMAL,1,2027-01-08T03:48:00.000Z
000039252,SKBO,SPIM,NORMAL,1,2027-01-08T03:52:00.000Z
000039253,SKBO,SCEL,NORMAL,1,2027-01-08T03:57:00.000Z
000039254,SKBO,SPIM,NORMAL,1,2027-01-08T03:59:00.000Z
000039255,SKBO,OPKC,NORMAL,1,2027-01-08T03:57:00.000Z
000039256,SKBO,EHAM,NORMAL,1,2027-01-08T04:00:00.000Z
000039257,SKBO,OERK,NORMAL,1,2027-01-08T04:10:00.000Z
000039258,SKBO,OOMS,NORMAL,1,2027-01-08T04:14:00.000Z
000039259,SKBO,UBBB,NORMAL,1,2027-01-08T04:11:00.000Z
000039260,SKBO,LKPR,NORMAL,1,2027-01-08T04:14:00.000Z
000039261,SKBO,LDZA,NORMAL,1,2027-01-08T04:19:00.000Z
000039262,SKBO,LBSF,NORMAL,1,2027-01-08T04:23:00.000Z
000039263,SKBO,SCEL,NORMAL,1,2027-01-08T04:27:00.000Z
000039264,SKBO,SLLP,NORMAL,1,2027-01-08T04:29:00.000Z
000039265,SKBO,SCEL,NORMAL,1,2027-01-08T04:32:00.000Z
000039266,SKBO,SABE,NORMAL,1,2027-01-08T04:31:00.000Z
000039267,SKBO,SCEL,NORMAL,1,2027-01-08T04:36:00.000Z
000039268,SKBO,LDZA,NORMAL,1,2027-01-08T04:41:00.000Z
000039269,SKBO,LBSF,NORMAL,1,2027-01-08T04:40:00.000Z
000039270,SKBO,SLLP,NORMAL,1,2027-01-08T04:48:00.000Z
000039271,SKBO,UMMS,NORMAL,1,2027-01-08T04:45:00.000Z
000039272,SKBO,SEQM,NORMAL,1,2027-01-08T04:56:00.000Z
000039273,SKBO,UBBB,NORMAL,1,2027-01-08T04:55:00.000Z
000039274,SKBO,LDZA,NORMAL,1,2027-01-08T04:55:00.000Z
000039275,SKBO,SPIM,NORMAL,1,2027-01-08T04:57:00.000Z
000039276,SKBO,SPIM,NORMAL,1,2027-01-08T05:02:00.000Z
000039277,SKBO,OMDB,NORMAL,1,2027-01-08T05:09:00.000Z
000039278,SKBO,UBBB,NORMAL,1,2027-01-08T05:13:00.000Z
000039279,SKBO,SVMI,NORMAL,1,2027-01-08T05:10:00.000Z
000039280,SKBO,SUAA,NORMAL,1,2027-01-08T05:16:00.000Z
000039281,SKBO,OPKC,NORMAL,1,2027-01-08T05:18:00.000Z
000039282,SKBO,EBCI,NORMAL,1,2027-01-08T05:23:00.000Z
000039283,SKBO,OMDB,NORMAL,1,2027-01-08T05:29:00.000Z
000039284,SKBO,OJAI,NORMAL,1,2027-01-08T05:30:00.000Z
000039285,SKBO,SBBR,NORMAL,1,2027-01-08T05:31:00.000Z
000039286,SKBO,OYSN,NORMAL,1,2027-01-08T05:33:00.000Z
000039287,SKBO,OERK,NORMAL,1,2027-01-08T05:35:00.000Z
000039288,SKBO,SBBR,NORMAL,1,2027-01-08T05:39:00.000Z
000039289,SKBO,EKCH,NORMAL,1,2027-01-08T05:45:00.000Z
000039290,SKBO,LATI,NORMAL,1,2027-01-08T05:46:00.000Z
000039291,SKBO,OPKC,NORMAL,1,2027-01-08T05:48:00.000Z
000039292,SKBO,OYSN,NORMAL,1,2027-01-08T05:54:00.000Z
000039293,SKBO,EHAM,NORMAL,1,2027-01-08T05:53:00.000Z
000039294,SKBO,EHAM,NORMAL,1,2027-01-08T05:57:00.000Z
000039295,SKBO,EKCH,NORMAL,1,2027-01-08T05:01:00.000Z
000039296,SKBO,SBBR,NORMAL,1,2027-01-08T06:01:00.000Z
000039297,SKBO,OOMS,NORMAL,1,2027-01-08T06:04:00.000Z
000039298,SKBO,SBBR,NORMAL,1,2027-01-08T06:07:00.000Z
000039299,SKBO,SUAA,NORMAL,1,2027-01-08T06:09:00.000Z
000039300,SKBO,EDDI,NORMAL,1,2027-01-08T06:19:00.000Z
000039301,SKBO,SBBR,NORMAL,1,2027-01-08T06:16:00.000Z
000039302,SKBO,LBSF,NORMAL,1,2027-01-08T06:25:00.000Z
000039303,SKBO,OYSN,NORMAL,1,2027-01-08T06:22:00.000Z
000039304,SKBO,SLLP,NORMAL,1,2027-01-08T06:24:00.000Z
000039305,SKBO,EBCI,NORMAL,1,2027-01-08T06:35:00.000Z
000039306,SKBO,SBBR,NORMAL,1,2027-01-08T06:39:00.000Z
000039307,SKBO,OAKB,NORMAL,1,2027-01-08T06:39:00.000Z
000039308,SKBO,LKPR,NORMAL,1,2027-01-08T06:40:00.000Z
000039309,SKBO,OOMS,NORMAL,1,2027-01-08T06:39:00.000Z
000039310,SKBO,LOWW,NORMAL,1,2027-01-08T06:43:00.000Z
000039311,SKBO,SBBR,NORMAL,1,2027-01-08T06:49:00.000Z
000039312,SKBO,SEQM,NORMAL,1,2027-01-08T06:54:00.000Z
000039313,SKBO,SGAS,NORMAL,1,2027-01-08T06:59:00.000Z
000039314,SKBO,SLLP,NORMAL,1,2027-01-08T06:56:00.000Z
000039315,SKBO,LOWW,NORMAL,1,2027-01-08T06:57:00.000Z
000039316,SKBO,SUAA,NORMAL,1,2027-01-08T07:07:00.000Z
000039317,SKBO,OPKC,NORMAL,1,2027-01-08T07:11:00.000Z
000039318,SKBO,OERK,NORMAL,1,2027-01-08T07:08:00.000Z
000039319,SKBO,SABE,NORMAL,1,2027-01-08T07:15:00.000Z
000039320,SKBO,LOWW,NORMAL,1,2027-01-08T07:19:00.000Z
000039321,SKBO,SLLP,NORMAL,1,2027-01-08T07:24:00.000Z
000039322,SKBO,OAKB,NORMAL,1,2027-01-08T07:20:00.000Z
000039323,SKBO,VIDP,NORMAL,1,2027-01-08T07:25:00.000Z
000039324,SKBO,OYSN,NORMAL,1,2027-01-08T07:33:00.000Z
000039325,SKBO,LDZA,NORMAL,1,2027-01-08T07:32:00.000Z
000039326,SKBO,LDZA,NORMAL,1,2027-01-08T07:37:00.000Z
000039327,SKBO,SEQM,NORMAL,1,2027-01-08T07:41:00.000Z
000039328,SKBO,SVMI,NORMAL,1,2027-01-08T07:44:00.000Z
000039329,SKBO,VIDP,NORMAL,1,2027-01-08T07:48:00.000Z
000039330,SKBO,LATI,NORMAL,1,2027-01-08T07:51:00.000Z
000039331,SKBO,SGAS,NORMAL,1,2027-01-08T07:45:00.000Z
000039332,SKBO,SLLP,NORMAL,1,2027-01-08T07:56:00.000Z
000039333,SKBO,UMMS,NORMAL,1,2027-01-08T07:59:00.000Z
000039334,SKBO,LOWW,NORMAL,1,2027-01-08T07:57:00.000Z
000039335,SKBO,UBBB,NORMAL,1,2027-01-08T07:04:00.000Z
000039336,SKBO,EDDI,NORMAL,1,2027-01-08T08:00:00.000Z
000039337,SKBO,OJAI,NORMAL,1,2027-01-08T08:05:00.000Z
000039338,SKBO,LKPR,NORMAL,1,2027-01-08T08:10:00.000Z
000039339,SKBO,SGAS,NORMAL,1,2027-01-08T08:14:00.000Z
000039340,SKBO,LDZA,NORMAL,1,2027-01-08T08:14:00.000Z
000039341,SKBO,EHAM,NORMAL,1,2027-01-08T08:23:00.000Z
000039342,SKBO,LKPR,NORMAL,1,2027-01-08T08:18:00.000Z
000039343,SKBO,OMDB,NORMAL,1,2027-01-08T08:23:00.000Z
000039344,SKBO,EHAM,NORMAL,1,2027-01-08T08:26:00.000Z
000039345,SKBO,VIDP,NORMAL,1,2027-01-08T08:32:00.000Z
000039346,SKBO,OPKC,NORMAL,1,2027-01-08T08:30:00.000Z
000039347,SKBO,SVMI,NORMAL,1,2027-01-08T08:41:00.000Z
000039348,SKBO,OERK,NORMAL,1,2027-01-08T08:44:00.000Z
000039349,SKBO,EBCI,NORMAL,1,2027-01-08T08:46:00.000Z
000039350,SKBO,LOWW,NORMAL,1,2027-01-08T08:51:00.000Z
000039351,SKBO,EDDI,NORMAL,1,2027-01-08T08:46:00.000Z
000039352,SKBO,SCEL,NORMAL,1,2027-01-08T08:53:00.000Z
000039353,SKBO,SEQM,NORMAL,1,2027-01-08T08:59:00.000Z
000039354,SKBO,LOWW,NORMAL,1,2027-01-08T08:58:00.000Z
000039355,SKBO,SVMI,NORMAL,1,2027-01-08T08:58:00.000Z
000039356,SKBO,OMDB,NORMAL,1,2027-01-08T09:05:00.000Z
000039357,SKBO,SLLP,NORMAL,1,2027-01-08T09:06:00.000Z
000039358,SKBO,LKPR,NORMAL,1,2027-01-08T09:13:00.000Z
000039359,SKBO,VIDP,NORMAL,1,2027-01-08T09:18:00.000Z
000039360,SKBO,EDDI,NORMAL,1,2027-01-08T09:20:00.000Z
000039361,SKBO,SVMI,NORMAL,1,2027-01-08T09:22:00.000Z
000039362,SKBO,SPIM,NORMAL,1,2027-01-08T09:18:00.000Z
000039363,SKBO,SCEL,NORMAL,1,2027-01-08T09:21:00.000Z
000039364,SKBO,LOWW,NORMAL,1,2027-01-08T09:33:00.000Z
000039365,SKBO,EDDI,NORMAL,1,2027-01-08T09:36:00.000Z
000039366,SKBO,EDDI,NORMAL,1,2027-01-08T09:37:00.000Z
000039367,SKBO,SCEL,NORMAL,1,2027-01-08T09:36:00.000Z
000039368,SKBO,OSDI,NORMAL,1,2027-01-08T09:44:00.000Z
000039369,SKBO,LATI,NORMAL,1,2027-01-08T09:47:00.000Z
000039370,SKBO,SVMI,NORMAL,1,2027-01-08T09:48:00.000Z
000039371,SKBO,OYSN,NORMAL,1,2027-01-08T09:52:00.000Z
000039372,SKBO,SEQM,NORMAL,1,2027-01-08T09:54:00.000Z
000039373,SKBO,OMDB,NORMAL,1,2027-01-08T09:53:00.000Z
000039374,SKBO,UMMS,NORMAL,1,2027-01-08T09:57:00.000Z
000039375,SKBO,EHAM,NORMAL,1,2027-01-08T09:06:00.000Z
000039376,SKBO,UMMS,NORMAL,1,2027-01-08T10:03:00.000Z
000039377,SKBO,EHAM,NORMAL,1,2027-01-08T10:03:00.000Z
000039378,SKBO,UMMS,NORMAL,1,2027-01-08T10:11:00.000Z
000039379,SKBO,OSDI,NORMAL,1,2027-01-08T10:17:00.000Z
000039380,SKBO,SVMI,NORMAL,1,2027-01-08T10:21:00.000Z
000039381,SKBO,OSDI,NORMAL,1,2027-01-08T10:20:00.000Z
000039382,SKBO,OERK,NORMAL,1,2027-01-08T10:25:00.000Z
000039383,SKBO,OSDI,NORMAL,1,2027-01-08T10:27:00.000Z
000039384,SKBO,EDDI,NORMAL,1,2027-01-08T10:29:00.000Z
000039385,SKBO,LOWW,NORMAL,1,2027-01-08T10:27:00.000Z
000039386,SKBO,SCEL,NORMAL,1,2027-01-08T10:37:00.000Z
000039387,SKBO,SUAA,NORMAL,1,2027-01-08T10:41:00.000Z
000039388,SKBO,SEQM,NORMAL,1,2027-01-08T10:42:00.000Z
000039389,SKBO,OAKB,NORMAL,1,2027-01-08T10:43:00.000Z
000039390,SKBO,LATI,NORMAL,1,2027-01-08T10:45:00.000Z
000039391,SKBO,EBCI,NORMAL,1,2027-01-08T10:48:00.000Z
000039392,SKBO,SGAS,NORMAL,1,2027-01-08T10:51:00.000Z
000039393,SKBO,SVMI,NORMAL,1,2027-01-08T10:57:00.000Z
000039394,SKBO,LATI,NORMAL,1,2027-01-08T10:54:00.000Z
000039395,SKBO,OSDI,NORMAL,1,2027-01-08T10:06:00.000Z
000039396,SKBO,OMDB,NORMAL,1,2027-01-08T11:01:00.000Z
000039397,SKBO,LKPR,NORMAL,1,2027-01-08T11:10:00.000Z
000039398,SKBO,OAKB,NORMAL,1,2027-01-08T11:08:00.000Z
000039399,SKBO,LBSF,NORMAL,1,2027-01-08T11:13:00.000Z
000039400,SKBO,OMDB,NORMAL,1,2027-01-08T11:14:00.000Z
000039401,SKBO,LATI,NORMAL,1,2027-01-08T11:24:00.000Z
000039402,SKBO,UBBB,NORMAL,1,2027-01-08T11:26:00.000Z
000039403,SKBO,SCEL,NORMAL,1,2027-01-08T11:21:00.000Z
000039404,SKBO,OYSN,NORMAL,1,2027-01-08T11:30:00.000Z
000039405,SKBO,VIDP,NORMAL,1,2027-01-08T11:32:00.000Z
000039406,SKBO,OYSN,NORMAL,1,2027-01-08T11:38:00.000Z
000039407,SKBO,EBCI,NORMAL,1,2027-01-08T11:42:00.000Z
000039408,SKBO,SBBR,NORMAL,1,2027-01-08T11:39:00.000Z
000039409,SKBO,OERK,NORMAL,1,2027-01-08T11:43:00.000Z
000039410,SKBO,LKPR,NORMAL,1,2027-01-08T11:50:00.000Z
000039411,SKBO,UBBB,NORMAL,1,2027-01-08T11:52:00.000Z
000039412,SKBO,OMDB,NORMAL,1,2027-01-08T11:52:00.000Z
000039413,SKBO,SPIM,NORMAL,1,2027-01-08T11:52:00.000Z
000039414,SKBO,EKCH,NORMAL,1,2027-01-08T11:57:00.000Z
000039415,SKBO,EDDI,NORMAL,1,2027-01-08T11:00:00.000Z
000039416,SKBO,VIDP,NORMAL,1,2027-01-08T12:03:00.000Z
000039417,SKBO,SEQM,NORMAL,1,2027-01-08T12:05:00.000Z
000039418,SKBO,EBCI,NORMAL,1,2027-01-08T12:10:00.000Z
000039419,SKBO,UBBB,NORMAL,1,2027-01-08T12:14:00.000Z
000039420,SKBO,LDZA,NORMAL,1,2027-01-08T12:16:00.000Z
000039421,SKBO,OOMS,NORMAL,1,2027-01-08T12:18:00.000Z
000039422,SKBO,OSDI,NORMAL,1,2027-01-08T12:23:00.000Z
000039423,SKBO,OMDB,NORMAL,1,2027-01-08T12:30:00.000Z
000039424,SKBO,OYSN,NORMAL,1,2027-01-08T12:28:00.000Z
000039425,SKBO,LATI,NORMAL,1,2027-01-08T12:33:00.000Z
000039426,SKBO,EBCI,NORMAL,1,2027-01-08T12:31:00.000Z
000039427,SKBO,UMMS,NORMAL,1,2027-01-08T12:37:00.000Z
000039428,SKBO,LDZA,NORMAL,1,2027-01-08T12:38:00.000Z
000039429,SKBO,LATI,NORMAL,1,2027-01-08T12:39:00.000Z
000039430,SKBO,LBSF,NORMAL,1,2027-01-08T12:48:00.000Z
000039431,SKBO,EDDI,NORMAL,1,2027-01-08T12:51:00.000Z
000039432,SKBO,OMDB,NORMAL,1,2027-01-08T12:48:00.000Z
000039433,SKBO,EHAM,NORMAL,1,2027-01-08T12:55:00.000Z
000039434,SKBO,EKCH,NORMAL,1,2027-01-08T12:56:00.000Z
000039435,SKBO,EHAM,NORMAL,1,2027-01-08T12:04:00.000Z
000039436,SKBO,SPIM,NORMAL,1,2027-01-08T13:09:00.000Z
000039437,SKBO,OSDI,NORMAL,1,2027-01-08T13:12:00.000Z
000039438,SKBO,UBBB,NORMAL,1,2027-01-08T13:10:00.000Z
000039439,SKBO,OOMS,NORMAL,1,2027-01-08T13:13:00.000Z
000039440,SKBO,LOWW,NORMAL,1,2027-01-08T13:20:00.000Z
000039441,SKBO,OYSN,NORMAL,1,2027-01-08T13:18:00.000Z
000039442,SKBO,OYSN,NORMAL,1,2027-01-08T13:26:00.000Z
000039443,SKBO,SBBR,NORMAL,1,2027-01-08T13:25:00.000Z
000039444,SKBO,SLLP,NORMAL,1,2027-01-08T13:30:00.000Z
000039445,SKBO,SEQM,NORMAL,1,2027-01-08T13:29:00.000Z
000039446,SKBO,SEQM,NORMAL,1,2027-01-08T13:36:00.000Z
000039447,SKBO,EBCI,NORMAL,1,2027-01-08T13:34:00.000Z
000039448,SKBO,SUAA,NORMAL,1,2027-01-08T13:42:00.000Z
000039449,SKBO,VIDP,NORMAL,1,2027-01-08T13:42:00.000Z
000039450,SKBO,LDZA,NORMAL,1,2027-01-08T13:51:00.000Z
000039451,SKBO,LATI,NORMAL,1,2027-01-08T13:53:00.000Z
000039452,SKBO,LATI,NORMAL,1,2027-01-08T13:57:00.000Z
000039453,SKBO,OPKC,NORMAL,1,2027-01-08T13:56:00.000Z
000039454,SKBO,OSDI,NORMAL,1,2027-01-08T13:56:00.000Z
000039455,SKBO,SABE,NORMAL,1,2027-01-08T13:02:00.000Z
000039456,SKBO,OOMS,NORMAL,1,2027-01-08T14:00:00.000Z
000039457,SKBO,LKPR,NORMAL,1,2027-01-08T14:11:00.000Z
000039458,SKBO,LDZA,NORMAL,1,2027-01-08T14:10:00.000Z
000039459,SKBO,OOMS,NORMAL,1,2027-01-08T14:09:00.000Z
000039460,SKBO,OPKC,NORMAL,1,2027-01-08T14:15:00.000Z
000039461,SKBO,SUAA,NORMAL,1,2027-01-08T14:17:00.000Z
000039462,SKBO,UBBB,NORMAL,1,2027-01-08T14:22:00.000Z
000039463,SKBO,SGAS,NORMAL,1,2027-01-08T14:29:00.000Z
000039464,SKBO,OAKB,NORMAL,1,2027-01-08T14:32:00.000Z
000039465,SKBO,LATI,NORMAL,1,2027-01-08T14:28:00.000Z
000039466,SKBO,EKCH,NORMAL,1,2027-01-08T14:37:00.000Z
000039467,SKBO,SLLP,NORMAL,1,2027-01-08T14:34:00.000Z
000039468,SKBO,SUAA,NORMAL,1,2027-01-08T14:39:00.000Z
000039469,SKBO,LOWW,NORMAL,1,2027-01-08T14:44:00.000Z
000039470,SKBO,UBBB,NORMAL,1,2027-01-08T14:48:00.000Z
000039471,SKBO,SABE,NORMAL,1,2027-01-08T14:53:00.000Z
000039472,SKBO,SABE,NORMAL,1,2027-01-08T14:56:00.000Z
000039473,SKBO,LKPR,NORMAL,1,2027-01-08T14:55:00.000Z
000039474,SKBO,SABE,NORMAL,1,2027-01-08T14:59:00.000Z
000039475,SKBO,UBBB,NORMAL,1,2027-01-08T14:04:00.000Z
000039476,SKBO,SPIM,NORMAL,1,2027-01-08T15:08:00.000Z
000039477,SKBO,SPIM,NORMAL,1,2027-01-08T15:09:00.000Z
000039478,SKBO,SBBR,NORMAL,1,2027-01-08T15:14:00.000Z
000039479,SKBO,LATI,NORMAL,1,2027-01-08T15:18:00.000Z
000039480,SKBO,SBBR,NORMAL,1,2027-01-08T15:19:00.000Z
000039481,SKBO,EDDI,NORMAL,1,2027-01-08T15:22:00.000Z
000039482,SKBO,OYSN,NORMAL,1,2027-01-08T15:25:00.000Z
000039483,SKBO,LKPR,NORMAL,1,2027-01-08T15:29:00.000Z
000039484,SKBO,UMMS,NORMAL,1,2027-01-08T15:32:00.000Z
000039485,SKBO,EKCH,NORMAL,1,2027-01-08T15:32:00.000Z
000039486,SKBO,LDZA,NORMAL,1,2027-01-08T15:32:00.000Z
000039487,SKBO,OYSN,NORMAL,1,2027-01-08T15:34:00.000Z
000039488,SKBO,EDDI,NORMAL,1,2027-01-08T15:42:00.000Z
000039489,SKBO,SCEL,NORMAL,1,2027-01-08T15:46:00.000Z
000039490,SKBO,OJAI,NORMAL,1,2027-01-08T15:47:00.000Z
000039491,SKBO,SLLP,NORMAL,1,2027-01-08T15:49:00.000Z
000039492,SKBO,EHAM,NORMAL,1,2027-01-08T15:51:00.000Z
000039493,SKBO,LBSF,NORMAL,1,2027-01-08T15:00:00.000Z
000039494,SKBO,OERK,NORMAL,1,2027-01-08T15:02:00.000Z
000039495,SKBO,SPIM,NORMAL,1,2027-01-08T15:57:00.000Z
000039496,SKBO,OOMS,NORMAL,1,2027-01-08T16:06:00.000Z
000039497,SKBO,OPKC,NORMAL,1,2027-01-08T16:03:00.000Z
000039498,SKBO,VIDP,NORMAL,1,2027-01-08T16:15:00.000Z
000039499,SKBO,EHAM,NORMAL,1,2027-01-08T16:10:00.000Z
000039500,SKBO,OMDB,NORMAL,1,2027-01-08T16:15:00.000Z
000039501,SKBO,LBSF,NORMAL,1,2027-01-08T16:21:00.000Z
000039502,SKBO,OJAI,NORMAL,1,2027-01-08T16:24:00.000Z
000039503,SKBO,SCEL,NORMAL,1,2027-01-08T16:21:00.000Z
000039504,SKBO,UBBB,NORMAL,1,2027-01-08T16:25:00.000Z
000039505,SKBO,SBBR,NORMAL,1,2027-01-08T16:30:00.000Z
000039506,SKBO,LOWW,NORMAL,1,2027-01-08T16:32:00.000Z
000039507,SKBO,EHAM,NORMAL,1,2027-01-08T16:35:00.000Z
000039508,SKBO,LKPR,NORMAL,1,2027-01-08T16:36:00.000Z
000039509,SKBO,OERK,NORMAL,1,2027-01-08T16:41:00.000Z
000039510,SKBO,EBCI,NORMAL,1,2027-01-08T16:45:00.000Z
000039511,SKBO,SBBR,NORMAL,1,2027-01-08T16:52:00.000Z
000039512,SKBO,SCEL,NORMAL,1,2027-01-08T16:52:00.000Z
000039513,SKBO,LATI,NORMAL,1,2027-01-08T16:51:00.000Z
000039514,SKBO,SCEL,NORMAL,1,2027-01-08T16:58:00.000Z
000039515,SKBO,SEQM,NORMAL,1,2027-01-08T16:03:00.000Z
000039516,SKBO,OPKC,NORMAL,1,2027-01-08T17:06:00.000Z
000039517,SKBO,SABE,NORMAL,1,2027-01-08T17:08:00.000Z
000039518,SKBO,SCEL,NORMAL,1,2027-01-08T17:14:00.000Z
000039519,SKBO,SCEL,NORMAL,1,2027-01-08T17:12:00.000Z
000039520,SKBO,SBBR,NORMAL,1,2027-01-08T17:14:00.000Z
000039521,SKBO,OYSN,NORMAL,1,2027-01-08T17:19:00.000Z
000039522,SKBO,UMMS,NORMAL,1,2027-01-08T17:19:00.000Z
000039523,SKBO,EDDI,NORMAL,1,2027-01-08T17:26:00.000Z
000039524,SKBO,LOWW,NORMAL,1,2027-01-08T17:32:00.000Z
000039525,SKBO,EBCI,NORMAL,1,2027-01-08T17:33:00.000Z
000039526,SKBO,OMDB,NORMAL,1,2027-01-08T17:35:00.000Z
000039527,SKBO,OERK,NORMAL,1,2027-01-08T17:37:00.000Z
000039528,SKBO,LKPR,NORMAL,1,2027-01-08T17:36:00.000Z
000039529,SKBO,UMMS,NORMAL,1,2027-01-08T17:43:00.000Z
000039530,SKBO,EBCI,NORMAL,1,2027-01-08T17:44:00.000Z
000039531,SKBO,SCEL,NORMAL,1,2027-01-08T17:53:00.000Z
000039532,SKBO,LOWW,NORMAL,1,2027-01-08T17:57:00.000Z
000039533,SKBO,LBSF,NORMAL,1,2027-01-08T17:58:00.000Z
000039534,SKBO,SEQM,NORMAL,1,2027-01-08T17:55:00.000Z
000039535,SKBO,EHAM,NORMAL,1,2027-01-08T17:02:00.000Z
000039536,SKBO,LKPR,NORMAL,1,2027-01-08T18:03:00.000Z
000039537,SKBO,SUAA,NORMAL,1,2027-01-08T18:06:00.000Z
000039538,SKBO,EDDI,NORMAL,1,2027-01-08T18:13:00.000Z
000039539,SKBO,EDDI,NORMAL,1,2027-01-08T18:14:00.000Z
000039540,SKBO,UMMS,NORMAL,1,2027-01-08T18:14:00.000Z
000039541,SKBO,LBSF,NORMAL,1,2027-01-08T18:23:00.000Z
000039542,SKBO,EDDI,NORMAL,1,2027-01-08T18:25:00.000Z
000039543,SKBO,EHAM,NORMAL,1,2027-01-08T18:30:00.000Z
000039544,SKBO,OERK,NORMAL,1,2027-01-08T18:33:00.000Z
000039545,SKBO,OSDI,NORMAL,1,2027-01-08T18:36:00.000Z
000039546,SKBO,OAKB,NORMAL,1,2027-01-08T18:38:00.000Z
000039547,SKBO,LOWW,NORMAL,1,2027-01-08T18:38:00.000Z
000039548,SKBO,LBSF,NORMAL,1,2027-01-08T18:41:00.000Z
000039549,SKBO,EKCH,NORMAL,1,2027-01-08T18:43:00.000Z
000039550,SKBO,SABE,NORMAL,1,2027-01-08T18:42:00.000Z
000039551,SKBO,SCEL,NORMAL,1,2027-01-08T18:53:00.000Z
000043396,SLLP,SVMI,NORMAL,2,2027-01-08T00:10:00.000Z
000043397,SLLP,OERK,NORMAL,2,2027-01-08T00:12:00.000Z
000043398,SLLP,LKPR,NORMAL,2,2027-01-08T00:10:00.000Z
000043399,SLLP,OPKC,NORMAL,2,2027-01-08T00:12:00.000Z
000043400,SLLP,OERK,NORMAL,2,2027-01-08T00:19:00.000Z
000043401,SLLP,OMDB,NORMAL,2,2027-01-08T00:21:00.000Z
000043402,SLLP,LATI,NORMAL,2,2027-01-08T00:21:00.000Z
000043403,SLLP,VIDP,NORMAL,2,2027-01-08T00:25:00.000Z
000043404,SLLP,EKCH,NORMAL,2,2027-01-08T00:31:00.000Z
000043405,SLLP,OOMS,NORMAL,2,2027-01-08T00:38:00.000Z
000043406,SLLP,LDZA,NORMAL,2,2027-01-08T00:39:00.000Z
000043407,SLLP,SBBR,NORMAL,2,2027-01-08T00:45:00.000Z
000043408,SLLP,SGAS,NORMAL,2,2027-01-08T00:40:00.000Z
000043409,SLLP,EDDI,NORMAL,2,2027-01-08T00:42:00.000Z
000043410,SLLP,OYSN,NORMAL,2,2027-01-08T00:50:00.000Z
000043411,SLLP,OPKC,NORMAL,2,2027-01-08T00:50:00.000Z
000043412,SLLP,LKPR,NORMAL,2,2027-01-08T00:58:00.000Z
000043413,SLLP,SCEL,NORMAL,2,2027-01-08T00:01:00.000Z
000043414,SLLP,EHAM,NORMAL,2,2027-01-08T00:58:00.000Z
000043415,SLLP,EKCH,NORMAL,2,2027-01-08T01:08:00.000Z
000043416,SLLP,OOMS,NORMAL,2,2027-01-08T01:06:00.000Z
000043417,SLLP,LBSF,NORMAL,2,2027-01-08T01:15:00.000Z
000043418,SLLP,LKPR,NORMAL,2,2027-01-08T01:10:00.000Z
000043419,SLLP,OSDI,NORMAL,2,2027-01-08T01:17:00.000Z
000043420,SLLP,OMDB,NORMAL,2,2027-01-08T01:18:00.000Z
000043421,SLLP,UBBB,NORMAL,2,2027-01-08T01:24:00.000Z
000043422,SLLP,SABE,NORMAL,2,2027-01-08T01:29:00.000Z
000043423,SLLP,LDZA,NORMAL,2,2027-01-08T01:25:00.000Z
000043424,SLLP,OAKB,NORMAL,2,2027-01-08T01:29:00.000Z
000043425,SLLP,SABE,NORMAL,2,2027-01-08T01:31:00.000Z
000043426,SLLP,LATI,NORMAL,2,2027-01-08T01:42:00.000Z
000043427,SLLP,OSDI,NORMAL,2,2027-01-08T01:37:00.000Z
000043428,SLLP,SGAS,NORMAL,2,2027-01-08T01:46:00.000Z
000043429,SLLP,UMMS,NORMAL,2,2027-01-08T01:50:00.000Z
000043430,SLLP,OSDI,NORMAL,2,2027-01-08T01:46:00.000Z
000043431,SLLP,LBSF,NORMAL,2,2027-01-08T01:56:00.000Z
000043432,SLLP,LKPR,NORMAL,2,2027-01-08T01:55:00.000Z
000043433,SLLP,OPKC,NORMAL,2,2027-01-08T01:59:00.000Z
000043434,SLLP,SUAA,NORMAL,2,2027-01-08T01:01:00.000Z
000043435,SLLP,UMMS,NORMAL,2,2027-01-08T02:01:00.000Z
000043436,SLLP,OYSN,NORMAL,2,2027-01-08T02:09:00.000Z
000043437,SLLP,SCEL,NORMAL,2,2027-01-08T02:08:00.000Z
000043438,SLLP,LATI,NORMAL,2,2027-01-08T02:11:00.000Z
000043439,SLLP,VIDP,NORMAL,2,2027-01-08T02:18:00.000Z
000043440,SLLP,EBCI,NORMAL,2,2027-01-08T02:15:00.000Z
000043441,SLLP,OAKB,NORMAL,2,2027-01-08T02:22:00.000Z
000043442,SLLP,OJAI,NORMAL,2,2027-01-08T02:23:00.000Z
000043443,SLLP,UMMS,NORMAL,2,2027-01-08T02:33:00.000Z
000043444,SLLP,LDZA,NORMAL,2,2027-01-08T02:34:00.000Z
000043445,SLLP,LDZA,NORMAL,2,2027-01-08T02:36:00.000Z
000043446,SLLP,LOWW,NORMAL,2,2027-01-08T02:33:00.000Z
000043447,SLLP,SGAS,NORMAL,2,2027-01-08T02:39:00.000Z
000043448,SLLP,SVMI,NORMAL,2,2027-01-08T02:46:00.000Z
000043449,SLLP,SPIM,NORMAL,2,2027-01-08T02:44:00.000Z
000043450,SLLP,EKCH,NORMAL,2,2027-01-08T02:51:00.000Z
000043451,SLLP,EHAM,NORMAL,2,2027-01-08T02:51:00.000Z
000043452,SLLP,LKPR,NORMAL,2,2027-01-08T02:53:00.000Z
000043453,SLLP,VIDP,NORMAL,2,2027-01-08T02:02:00.000Z
000043454,SLLP,OMDB,NORMAL,2,2027-01-08T02:06:00.000Z
000043455,SLLP,UMMS,NORMAL,2,2027-01-08T03:06:00.000Z
000043456,SLLP,LDZA,NORMAL,2,2027-01-08T03:05:00.000Z
000043457,SLLP,VIDP,NORMAL,2,2027-01-08T03:15:00.000Z
000043458,SLLP,SGAS,NORMAL,2,2027-01-08T03:13:00.000Z
000043459,SLLP,LDZA,NORMAL,2,2027-01-08T03:20:00.000Z
000043460,SLLP,LBSF,NORMAL,2,2027-01-08T03:23:00.000Z
000043461,SLLP,EDDI,NORMAL,2,2027-01-08T03:27:00.000Z
000043462,SLLP,LKPR,NORMAL,2,2027-01-08T03:28:00.000Z
000043463,SLLP,SABE,NORMAL,2,2027-01-08T03:25:00.000Z
000043464,SLLP,SPIM,NORMAL,2,2027-01-08T03:36:00.000Z
000043465,SLLP,OAKB,NORMAL,2,2027-01-08T03:37:00.000Z
000043466,SLLP,EHAM,NORMAL,2,2027-01-08T03:41:00.000Z
000043467,SLLP,LBSF,NORMAL,2,2027-01-08T03:38:00.000Z
000043468,SLLP,VIDP,NORMAL,2,2027-01-08T03:41:00.000Z
000043469,SLLP,UMMS,NORMAL,2,2027-01-08T03:50:00.000Z
000043470,SLLP,SKBO,NORMAL,2,2027-01-08T03:54:00.000Z
000043471,SLLP,SVMI,NORMAL,1,2027-01-08T03:50:00.000Z
000043472,SLLP,LBSF,NORMAL,1,2027-01-08T03:58:00.000Z
000043473,SLLP,SABE,NORMAL,1,2027-01-08T03:54:00.000Z
000043474,SLLP,OJAI,NORMAL,1,2027-01-08T03:06:00.000Z
000043475,SLLP,EKCH,NORMAL,1,2027-01-08T04:02:00.000Z
000043476,SLLP,SVMI,NORMAL,1,2027-01-08T04:12:00.000Z
000043477,SLLP,EBCI,NORMAL,1,2027-01-08T04:06:00.000Z
000043478,SLLP,SABE,NORMAL,1,2027-01-08T04:14:00.000Z
000043479,SLLP,UBBB,NORMAL,1,2027-01-08T04:13:00.000Z
000043480,SLLP,OYSN,NORMAL,1,2027-01-08T04:22:00.000Z
000043481,SLLP,UMMS,NORMAL,1,2027-01-08T04:19:00.000Z
000043482,SLLP,SKBO,NORMAL,1,2027-01-08T04:28:00.000Z
000043483,SLLP,OJAI,NORMAL,1,2027-01-08T04:31:00.000Z
000043484,SLLP,EKCH,NORMAL,1,2027-01-08T04:30:00.000Z
000043485,SLLP,UMMS,NORMAL,1,2027-01-08T04:39:00.000Z
000043486,SLLP,EKCH,NORMAL,1,2027-01-08T04:35:00.000Z
000043487,SLLP,OERK,NORMAL,1,2027-01-08T04:43:00.000Z
000043488,SLLP,EBCI,NORMAL,1,2027-01-08T04:39:00.000Z
000043489,SLLP,EBCI,NORMAL,1,2027-01-08T04:49:00.000Z
000043490,SLLP,EBCI,NORMAL,1,2027-01-08T04:52:00.000Z
000043491,SLLP,OJAI,NORMAL,1,2027-01-08T04:54:00.000Z
000043492,SLLP,OJAI,NORMAL,1,2027-01-08T04:51:00.000Z
000043493,SLLP,EBCI,NORMAL,1,2027-01-08T04:56:00.000Z
000043494,SLLP,EKCH,NORMAL,1,2027-01-08T04:59:00.000Z
000043495,SLLP,LKPR,NORMAL,1,2027-01-08T05:02:00.000Z
000043496,SLLP,EKCH,NORMAL,1,2027-01-08T05:09:00.000Z
000043497,SLLP,OMDB,NORMAL,1,2027-01-08T05:11:00.000Z
000043498,SLLP,LKPR,NORMAL,1,2027-01-08T05:15:00.000Z
000043499,SLLP,OERK,NORMAL,1,2027-01-08T05:17:00.000Z
000043500,SLLP,SCEL,NORMAL,1,2027-01-08T05:20:00.000Z
000043501,SLLP,OSDI,NORMAL,1,2027-01-08T05:25:00.000Z
000043502,SLLP,OOMS,NORMAL,1,2027-01-08T05:25:00.000Z
000043503,SLLP,SPIM,NORMAL,1,2027-01-08T05:26:00.000Z
000043504,SLLP,LKPR,NORMAL,1,2027-01-08T05:29:00.000Z
000043505,SLLP,LOWW,NORMAL,1,2027-01-08T05:36:00.000Z
000043506,SLLP,EBCI,NORMAL,1,2027-01-08T05:34:00.000Z
000043507,SLLP,LATI,NORMAL,1,2027-01-08T05:43:00.000Z
000043508,SLLP,LDZA,NORMAL,1,2027-01-08T05:40:00.000Z
000043509,SLLP,SVMI,NORMAL,1,2027-01-08T05:46:00.000Z
000043510,SLLP,LBSF,NORMAL,1,2027-01-08T05:48:00.000Z
000043511,SLLP,VIDP,NORMAL,1,2027-01-08T05:56:00.000Z
000043512,SLLP,EKCH,NORMAL,1,2027-01-08T05:58:00.000Z
000043513,SLLP,OSDI,NORMAL,1,2027-01-08T05:59:00.000Z
000043514,SLLP,SBBR,NORMAL,1,2027-01-08T05:58:00.000Z
000043515,SLLP,OMDB,NORMAL,1,2027-01-08T06:03:00.000Z
000043516,SLLP,LOWW,NORMAL,1,2027-01-08T06:10:00.000Z
000043517,SLLP,UMMS,NORMAL,1,2027-01-08T06:15:00.000Z
000043518,SLLP,EHAM,NORMAL,1,2027-01-08T06:15:00.000Z
000043519,SLLP,LKPR,NORMAL,1,2027-01-08T06:17:00.000Z
000043520,SLLP,EHAM,NORMAL,1,2027-01-08T06:22:00.000Z
000043521,SLLP,SVMI,NORMAL,1,2027-01-08T06:21:00.000Z
000043522,SLLP,SEQM,NORMAL,1,2027-01-08T06:26:00.000Z
000043523,SLLP,OOMS,NORMAL,1,2027-01-08T06:29:00.000Z
000043524,SLLP,LKPR,NORMAL,1,2027-01-08T06:31:00.000Z
000043525,SLLP,LOWW,NORMAL,1,2027-01-08T06:35:00.000Z
000043526,SLLP,OOMS,NORMAL,1,2027-01-08T06:42:00.000Z
000043527,SLLP,UMMS,NORMAL,1,2027-01-08T06:40:00.000Z
000043528,SLLP,SABE,NORMAL,1,2027-01-08T06:39:00.000Z
000043529,SLLP,LKPR,NORMAL,1,2027-01-08T06:42:00.000Z
000043530,SLLP,SBBR,NORMAL,1,2027-01-08T06:53:00.000Z
000043531,SLLP,EHAM,NORMAL,1,2027-01-08T06:57:00.000Z
000043532,SLLP,SUAA,NORMAL,1,2027-01-08T06:55:00.000Z
000043533,SLLP,SBBR,NORMAL,1,2027-01-08T06:56:00.000Z
000043534,SLLP,SCEL,NORMAL,1,2027-01-08T06:02:00.000Z
000043535,SLLP,SEQM,NORMAL,1,2027-01-08T07:03:00.000Z
000043536,SLLP,SUAA,NORMAL,1,2027-01-08T07:11:00.000Z
000043537,SLLP,EDDI,NORMAL,1,2027-01-08T07:10:00.000Z
000043538,SLLP,LATI,NORMAL,1,2027-01-08T07:16:00.000Z
000043539,SLLP,EHAM,NORMAL,1,2027-01-08T07:14:00.000Z
000043540,SLLP,SEQM,NORMAL,1,2027-01-08T07:23:00.000Z
000043541,SLLP,LOWW,NORMAL,1,2027-01-08T07:20:00.000Z
000043542,SLLP,UMMS,NORMAL,1,2027-01-08T07:22:00.000Z
000043543,SLLP,SUAA,NORMAL,1,2027-01-08T07:26:00.000Z
000043544,SLLP,OAKB,NORMAL,1,2027-01-08T07:29:00.000Z
000043545,SLLP,EBCI,NORMAL,1,2027-01-08T07:31:00.000Z
000043546,SLLP,OPKC,NORMAL,1,2027-01-08T07:40:00.000Z
000043547,SLLP,LDZA,NORMAL,1,2027-01-08T07:37:00.000Z
000043548,SLLP,OYSN,NORMAL,1,2027-01-08T07:40:00.000Z
000043549,SLLP,SEQM,NORMAL,1,2027-01-08T07:50:00.000Z
000043550,SLLP,LATI,NORMAL,1,2027-01-08T07:46:00.000Z
000043551,SLLP,EBCI,NORMAL,1,2027-01-08T07:50:00.000Z
000043552,SLLP,OYSN,NORMAL,1,2027-01-08T07:00:00.000Z
000043553,SLLP,EHAM,NORMAL,1,2027-01-08T07:56:00.000Z
000043554,SLLP,OJAI,NORMAL,1,2027-01-08T07:57:00.000Z
000043555,SLLP,SKBO,NORMAL,1,2027-01-08T08:08:00.000Z
000043556,SLLP,SBBR,NORMAL,1,2027-01-08T08:06:00.000Z
000043557,SLLP,SBBR,NORMAL,1,2027-01-08T08:06:00.000Z
000043558,SLLP,OYSN,NORMAL,1,2027-01-08T08:15:00.000Z
000043559,SLLP,EBCI,NORMAL,1,2027-01-08T08:17:00.000Z
000043560,SLLP,OMDB,NORMAL,1,2027-01-08T08:20:00.000Z
000043561,SLLP,UMMS,NORMAL,1,2027-01-08T08:27:00.000Z
000043562,SLLP,OERK,NORMAL,1,2027-01-08T08:24:00.000Z
000043563,SLLP,EBCI,NORMAL,1,2027-01-08T08:27:00.000Z
000043564,SLLP,OSDI,NORMAL,1,2027-01-08T08:36:00.000Z
000043565,SLLP,SABE,NORMAL,1,2027-01-08T08:38:00.000Z
000043566,SLLP,SUAA,NORMAL,1,2027-01-08T08:33:00.000Z
000043567,SLLP,OJAI,NORMAL,1,2027-01-08T08:42:00.000Z
000043568,SLLP,LOWW,NORMAL,1,2027-01-08T08:45:00.000Z
000043569,SLLP,UMMS,NORMAL,1,2027-01-08T08:51:00.000Z
000043570,SLLP,UBBB,NORMAL,1,2027-01-08T08:45:00.000Z
000043571,SLLP,EHAM,NORMAL,1,2027-01-08T08:50:00.000Z
000043572,SLLP,OAKB,NORMAL,1,2027-01-08T08:00:00.000Z
000043573,SLLP,VIDP,NORMAL,1,2027-01-08T08:03:00.000Z
000043574,SLLP,SGAS,NORMAL,1,2027-01-08T08:03:00.000Z
000043575,SLLP,OPKC,NORMAL,1,2027-01-08T09:02:00.000Z
000043576,SLLP,EBCI,NORMAL,1,2027-01-08T09:07:00.000Z
000043577,SLLP,LOWW,NORMAL,1,2027-01-08T09:07:00.000Z
000043578,SLLP,OSDI,NORMAL,1,2027-01-08T09:12:00.000Z
000043579,SLLP,OOMS,NORMAL,1,2027-01-08T09:14:00.000Z
000043580,SLLP,LDZA,NORMAL,1,2027-01-08T09:22:00.000Z
000043581,SLLP,SUAA,NORMAL,1,2027-01-08T09:22:00.000Z
000043582,SLLP,UBBB,NORMAL,1,2027-01-08T09:27:00.000Z
000043583,SLLP,SUAA,NORMAL,1,2027-01-08T09:28:00.000Z
000043584,SLLP,SGAS,NORMAL,1,2027-01-08T09:35:00.000Z
000043585,SLLP,OYSN,NORMAL,1,2027-01-08T09:37:00.000Z
000043586,SLLP,OOMS,NORMAL,1,2027-01-08T09:41:00.000Z
000043587,SLLP,EKCH,NORMAL,1,2027-01-08T09:40:00.000Z
000043588,SLLP,EHAM,NORMAL,1,2027-01-08T09:44:00.000Z
000043589,SLLP,OPKC,NORMAL,1,2027-01-08T09:43:00.000Z
000043590,SLLP,OYSN,NORMAL,1,2027-01-08T09:46:00.000Z
000043591,SLLP,SGAS,NORMAL,1,2027-01-08T09:57:00.000Z
000043592,SLLP,SKBO,NORMAL,1,2027-01-08T09:00:00.000Z
000043593,SLLP,EDDI,NORMAL,1,2027-01-08T09:00:00.000Z
000043594,SLLP,OMDB,NORMAL,1,2027-01-08T09:59:00.000Z
000043595,SLLP,SBBR,NORMAL,1,2027-01-08T10:07:00.000Z
000043596,SLLP,SVMI,NORMAL,1,2027-01-08T10:05:00.000Z
000043597,SLLP,OPKC,NORMAL,1,2027-01-08T10:13:00.000Z
000043598,SLLP,EBCI,NORMAL,1,2027-01-08T10:09:00.000Z
000043599,SLLP,UMMS,NORMAL,1,2027-01-08T10:15:00.000Z
000043600,SLLP,OSDI,NORMAL,1,2027-01-08T10:17:00.000Z
000043601,SLLP,LATI,NORMAL,1,2027-01-08T10:26:00.000Z
000043602,SLLP,SGAS,NORMAL,1,2027-01-08T10:30:00.000Z
000043603,SLLP,SCEL,NORMAL,1,2027-01-08T10:31:00.000Z
000043604,SLLP,EHAM,NORMAL,1,2027-01-08T10:31:00.000Z
000043605,SLLP,VIDP,NORMAL,1,2027-01-08T10:36:00.000Z
000043606,SLLP,OSDI,NORMAL,1,2027-01-08T10:38:00.000Z
000043607,SLLP,LOWW,NORMAL,1,2027-01-08T10:36:00.000Z
000043608,SLLP,LKPR,NORMAL,1,2027-01-08T10:43:00.000Z
000043609,SLLP,SVMI,NORMAL,1,2027-01-08T10:50:00.000Z
000043610,SLLP,EDDI,NORMAL,1,2027-01-08T10:49:00.000Z
000043611,SLLP,LOWW,NORMAL,1,2027-01-08T10:52:00.000Z
000043612,SLLP,OJAI,NORMAL,1,2027-01-08T10:58:00.000Z
000043613,SLLP,LOWW,NORMAL,1,2027-01-08T10:03:00.000Z
000043614,SLLP,OOMS,NORMAL,1,2027-01-08T10:57:00.000Z
000043615,SLLP,SVMI,NORMAL,1,2027-01-08T11:09:00.000Z
000043616,SLLP,SCEL,NORMAL,1,2027-01-08T11:10:00.000Z
000043617,SLLP,EHAM,NORMAL,1,2027-01-08T11:15:00.000Z
000043618,SLLP,UBBB,NORMAL,1,2027-01-08T11:12:00.000Z
000043619,SLLP,OJAI,NORMAL,1,2027-01-08T11:12:00.000Z
000043620,SLLP,SUAA,NORMAL,1,2027-01-08T11:16:00.000Z
000043621,SLLP,OYSN,NORMAL,1,2027-01-08T11:18:00.000Z
000043622,SLLP,SVMI,NORMAL,1,2027-01-08T11:23:00.000Z
000043623,SLLP,LATI,NORMAL,1,2027-01-08T11:31:00.000Z
000043624,SLLP,UMMS,NORMAL,1,2027-01-08T11:34:00.000Z
000043625,SLLP,OERK,NORMAL,1,2027-01-08T11:38:00.000Z
000043626,SLLP,OYSN,NORMAL,1,2027-01-08T11:33:00.000Z
000043627,SLLP,OSDI,NORMAL,1,2027-01-08T11:40:00.000Z
000043628,SLLP,SCEL,NORMAL,1,2027-01-08T11:39:00.000Z
000043629,SLLP,SGAS,NORMAL,1,2027-01-08T11:46:00.000Z
000043630,SLLP,EHAM,NORMAL,1,2027-01-08T11:47:00.000Z
000043631,SLLP,OJAI,NORMAL,1,2027-01-08T11:54:00.000Z
000043632,SLLP,EHAM,NORMAL,1,2027-01-08T11:53:00.000Z
000043633,SLLP,SABE,NORMAL,1,2027-01-08T11:02:00.000Z
000043634,SLLP,OPKC,NORMAL,1,2027-01-08T11:00:00.000Z
000043635,SLLP,OPKC,NORMAL,1,2027-01-08T12:00:00.000Z
000043636,SLLP,OERK,NORMAL,1,2027-01-08T12:09:00.000Z
000043637,SLLP,OMDB,NORMAL,1,2027-01-08T12:06:00.000Z
000043638,SLLP,UMMS,NORMAL,1,2027-01-08T12:13:00.000Z
000043639,SLLP,SBBR,NORMAL,1,2027-01-08T12:19:00.000Z
000043640,SLLP,LATI,NORMAL,1,2027-01-08T12:22:00.000Z
000043641,SLLP,LKPR,NORMAL,1,2027-01-08T12:26:00.000Z
000043642,SLLP,LKPR,NORMAL,1,2027-01-08T12:25:00.000Z
000043643,SLLP,SEQM,NORMAL,1,2027-01-08T12:33:00.000Z
000043644,SLLP,LDZA,NORMAL,1,2027-01-08T12:35:00.000Z
000043645,SLLP,SPIM,NORMAL,1,2027-01-08T12:33:00.000Z
000043646,SLLP,OYSN,NORMAL,1,2027-01-08T12:34:00.000Z
000043647,SLLP,UBBB,NORMAL,1,2027-01-08T12:40:00.000Z
000043648,SLLP,UBBB,NORMAL,1,2027-01-08T12:42:00.000Z
000043649,SLLP,OMDB,NORMAL,1,2027-01-08T12:49:00.000Z
000043650,SLLP,OOMS,NORMAL,1,2027-01-08T12:48:00.000Z
000043651,SLLP,VIDP,NORMAL,1,2027-01-08T12:49:00.000Z
000043652,SLLP,OERK,NORMAL,1,2027-01-08T12:55:00.000Z
000043653,SLLP,SEQM,NORMAL,1,2027-01-08T12:57:00.000Z
000043654,SLLP,SKBO,NORMAL,1,2027-01-08T12:04:00.000Z
000043655,SLLP,OAKB,NORMAL,1,2027-01-08T13:00:00.000Z
000043656,SLLP,EHAM,NORMAL,1,2027-01-08T13:09:00.000Z
000043657,SLLP,SKBO,NORMAL,1,2027-01-08T13:10:00.000Z
000043658,SLLP,SGAS,NORMAL,1,2027-01-08T13:09:00.000Z
000043659,SLLP,SGAS,NORMAL,1,2027-01-08T13:21:00.000Z
000043660,SLLP,VIDP,NORMAL,1,2027-01-08T13:16:00.000Z
000043661,SLLP,SBBR,NORMAL,1,2027-01-08T13:25:00.000Z
000043662,SLLP,OPKC,NORMAL,1,2027-01-08T13:25:00.000Z
000043663,SLLP,SVMI,NORMAL,1,2027-01-08T13:25:00.000Z
000043664,SLLP,OYSN,NORMAL,1,2027-01-08T13:36:00.000Z
000043665,SLLP,OAKB,NORMAL,1,2027-01-08T13:32:00.000Z
000043666,SLLP,LBSF,NORMAL,1,2027-01-08T13:39:00.000Z
000043667,SLLP,UBBB,NORMAL,1,2027-01-08T13:39:00.000Z
000043668,SLLP,SCEL,NORMAL,1,2027-01-08T13:42:00.000Z
000043669,SLLP,SCEL,NORMAL,1,2027-01-08T13:49:00.000Z
000043670,SLLP,OJAI,NORMAL,1,2027-01-08T13:48:00.000Z
000043671,SLLP,SKBO,NORMAL,1,2027-01-08T13:49:00.000Z
000043672,SLLP,UMMS,NORMAL,1,2027-01-08T13:58:00.000Z
000043673,SLLP,LOWW,NORMAL,1,2027-01-08T13:01:00.000Z
000043674,SLLP,EBCI,NORMAL,1,2027-01-08T13:59:00.000Z
000043675,SLLP,VIDP,NORMAL,1,2027-01-08T14:09:00.000Z
000043676,SLLP,SGAS,NORMAL,1,2027-01-08T14:09:00.000Z
000043677,SLLP,OAKB,NORMAL,1,2027-01-08T14:10:00.000Z
000043678,SLLP,OSDI,NORMAL,1,2027-01-08T14:14:00.000Z
000043679,SLLP,LKPR,NORMAL,1,2027-01-08T14:14:00.000Z
000043680,SLLP,EBCI,NORMAL,1,2027-01-08T14:23:00.000Z
000043681,SLLP,OMDB,NORMAL,1,2027-01-08T14:19:00.000Z
000043682,SLLP,OAKB,NORMAL,1,2027-01-08T14:27:00.000Z
000043683,SLLP,SCEL,NORMAL,1,2027-01-08T14:26:00.000Z
000043684,SLLP,LDZA,NORMAL,1,2027-01-08T14:27:00.000Z
000043685,SLLP,EBCI,NORMAL,1,2027-01-08T14:39:00.000Z
000043686,SLLP,SEQM,NORMAL,1,2027-01-08T14:39:00.000Z
000043687,SLLP,SBBR,NORMAL,1,2027-01-08T14:36:00.000Z
000043688,SLLP,OJAI,NORMAL,1,2027-01-08T14:46:00.000Z
000043689,SLLP,SUAA,NORMAL,1,2027-01-08T14:43:00.000Z
000043690,SLLP,SCEL,NORMAL,1,2027-01-08T14:53:00.000Z
000043691,SLLP,LOWW,NORMAL,1,2027-01-08T14:51:00.000Z
000043692,SLLP,OPKC,NORMAL,1,2027-01-08T14:59:00.000Z
000043693,SLLP,OERK,NORMAL,1,2027-01-08T14:56:00.000Z
000043694,SLLP,VIDP,NORMAL,1,2027-01-08T14:00:00.000Z
000043695,SLLP,LBSF,NORMAL,1,2027-01-08T15:07:00.000Z
000043696,SLLP,UBBB,NORMAL,1,2027-01-08T15:06:00.000Z
000043697,SLLP,SKBO,NORMAL,1,2027-01-08T15:09:00.000Z
000043698,SLLP,EDDI,NORMAL,1,2027-01-08T15:13:00.000Z
000043699,SLLP,SUAA,NORMAL,1,2027-01-08T15:20:00.000Z
000043700,SLLP,OJAI,NORMAL,1,2027-01-08T15:23:00.000Z
000043701,SLLP,LBSF,NORMAL,1,2027-01-08T15:24:00.000Z
000043702,SLLP,SBBR,NORMAL,1,2027-01-08T15:23:00.000Z
000043703,SLLP,OERK,NORMAL,1,2027-01-08T15:24:00.000Z
000043704,SLLP,LKPR,NORMAL,1,2027-01-08T15:31:00.000Z
000043705,SLLP,UBBB,NORMAL,1,2027-01-08T15:33:00.000Z
000043706,SLLP,VIDP,NORMAL,1,2027-01-08T15:35:00.000Z
000043707,SLLP,EBCI,NORMAL,1,2027-01-08T15:41:00.000Z
000043708,SLLP,UBBB,NORMAL,1,2027-01-08T15:47:00.000Z
000043709,SLLP,LDZA,NORMAL,1,2027-01-08T15:45:00.000Z
000043710,SLLP,EHAM,NORMAL,1,2027-01-08T15:47:00.000Z
000043711,SLLP,SPIM,NORMAL,1,2027-01-08T15:51:00.000Z
000043712,SLLP,SGAS,NORMAL,1,2027-01-08T15:58:00.000Z
000043713,SLLP,OOMS,NORMAL,1,2027-01-08T15:59:00.000Z
000043714,SLLP,SKBO,NORMAL,1,2027-01-08T15:57:00.000Z
000043715,SLLP,EBCI,NORMAL,1,2027-01-08T16:06:00.000Z
000043716,SLLP,OSDI,NORMAL,1,2027-01-08T16:03:00.000Z
000043717,SLLP,OYSN,NORMAL,1,2027-01-08T16:13:00.000Z
000043718,SLLP,LBSF,NORMAL,1,2027-01-08T16:10:00.000Z
000043719,SLLP,SBBR,NORMAL,1,2027-01-08T16:16:00.000Z
000043720,SLLP,OOMS,NORMAL,1,2027-01-08T16:23:00.000Z
000043721,SLLP,LBSF,NORMAL,1,2027-01-08T16:19:00.000Z
000043722,SLLP,SGAS,NORMAL,1,2027-01-08T16:29:00.000Z
000043723,SLLP,SPIM,NORMAL,1,2027-01-08T16:28:00.000Z
000043724,SLLP,LOWW,NORMAL,1,2027-01-08T16:34:00.000Z
000043725,SLLP,OYSN,NORMAL,1,2027-01-08T16:38:00.000Z
000043726,SLLP,SBBR,NORMAL,1,2027-01-08T16:36:00.000Z
000043727,SLLP,LOWW,NORMAL,1,2027-01-08T16:36:00.000Z
000043728,SLLP,SBBR,NORMAL,1,2027-01-08T16:40:00.000Z
000043729,SLLP,UMMS,NORMAL,1,2027-01-08T16:48:00.000Z
000043730,SLLP,OJAI,NORMAL,1,2027-01-08T16:53:00.000Z
000043731,SLLP,EDDI,NORMAL,1,2027-01-08T16:52:00.000Z
000043732,SLLP,LOWW,NORMAL,1,2027-01-08T16:58:00.000Z
000043733,SLLP,SEQM,NORMAL,1,2027-01-08T16:59:00.000Z
000043734,SLLP,OPKC,NORMAL,1,2027-01-08T16:58:00.000Z
000043735,SLLP,LDZA,NORMAL,1,2027-01-08T17:07:00.000Z
000043736,SLLP,EHAM,NORMAL,1,2027-01-08T17:11:00.000Z
000043737,SLLP,SEQM,NORMAL,1,2027-01-08T17:08:00.000Z
000043738,SLLP,SGAS,NORMAL,1,2027-01-08T17:09:00.000Z
000043739,SLLP,OAKB,NORMAL,1,2027-01-08T17:16:00.000Z
000043740,SLLP,OSDI,NORMAL,1,2027-01-08T17:17:00.000Z
000043741,SLLP,VIDP,NORMAL,1,2027-01-08T17:23:00.000Z
000043742,SLLP,LKPR,NORMAL,1,2027-01-08T17:25:00.000Z
000043743,SLLP,EBCI,NORMAL,1,2027-01-08T17:25:00.000Z
000043744,SLLP,OMDB,NORMAL,1,2027-01-08T17:27:00.000Z
000043745,SLLP,OOMS,NORMAL,1,2027-01-08T17:33:00.000Z
000043746,SLLP,EBCI,NORMAL,1,2027-01-08T17:40:00.000Z
000043747,SLLP,SPIM,NORMAL,1,2027-01-08T17:36:00.000Z
000043748,SLLP,LBSF,NORMAL,1,2027-01-08T17:40:00.000Z
000043749,SLLP,SPIM,NORMAL,1,2027-01-08T17:48:00.000Z
000043750,SLLP,VIDP,NORMAL,1,2027-01-08T17:51:00.000Z
000043751,SLLP,UMMS,NORMAL,1,2027-01-08T17:51:00.000Z
000043752,SLLP,OSDI,NORMAL,1,2027-01-08T17:57:00.000Z
000043753,SLLP,SUAA,NORMAL,1,2027-01-08T17:55:00.000Z
000043754,SLLP,LDZA,NORMAL,1,2027-01-08T17:04:00.000Z
000043755,SLLP,SVMI,NORMAL,1,2027-01-08T18:02:00.000Z
000043756,SLLP,LKPR,NORMAL,1,2027-01-08T18:10:00.000Z
000043757,SLLP,LKPR,NORMAL,1,2027-01-08T18:15:00.000Z
000043758,SLLP,LOWW,NORMAL,1,2027-01-08T18:12:00.000Z
000043759,SLLP,OOMS,NORMAL,1,2027-01-08T18:13:00.000Z
000043760,SLLP,OAKB,NORMAL,1,2027-01-08T18:21:00.000Z
000043761,SLLP,SPIM,NORMAL,1,2027-01-08T18:20:00.000Z
000043762,SLLP,LBSF,NORMAL,1,2027-01-08T18:26:00.000Z
000043763,SLLP,OSDI,NORMAL,1,2027-01-08T18:32:00.000Z
000043764,SLLP,SABE,NORMAL,1,2027-01-08T18:31:00.000Z
000043765,SLLP,EDDI,NORMAL,1,2027-01-08T18:30:00.000Z
000043766,SLLP,VIDP,NORMAL,1,2027-01-08T18:38:00.000Z
000043767,SLLP,EHAM,NORMAL,1,2027-01-08T18:36:00.000Z
000043768,SLLP,OERK,NORMAL,1,2027-01-08T18:40:00.000Z
000043769,SLLP,UBBB,NORMAL,1,2027-01-08T18:44:00.000Z
000043770,SLLP,LKPR,NORMAL,1,2027-01-08T18:50:00.000Z
000043771,SLLP,SABE,NORMAL,1,2027-01-08T18:57:00.000Z
000043772,SLLP,OOMS,NORMAL,1,2027-01-08T18:51:00.000Z
000043773,SLLP,OYSN,NORMAL,1,2027-01-08T18:57:00.000Z
000043774,SLLP,OMDB,NORMAL,1,2027-01-08T18:06:00.000Z
000043775,SLLP,OAKB,NORMAL,1,2027-01-08T19:01:00.000Z
000043776,SLLP,SABE,NORMAL,1,2027-01-08T19:10:00.000Z
000043777,SLLP,VIDP,NORMAL,1,2027-01-08T19:12:00.000Z
000036170,SPIM,OOMS,NORMAL,4,2027-01-08T00:19:00.000Z
000036171,SPIM,OMDB,NORMAL,4,2027-01-08T00:24:00.000Z
000036172,SPIM,SVMI,NORMAL,4,2027-01-08T00:37:00.000Z
000036173,SPIM,LATI,NORMAL,4,2027-01-08T00:57:00.000Z
000036174,SPIM,EDDI,NORMAL,4,2027-01-08T01:01:00.000Z
000036175,SPIM,EDDI,NORMAL,4,2027-01-08T01:13:00.000Z
000036176,SPIM,LBSF,NORMAL,4,2027-01-08T01:28:00.000Z
000036177,SPIM,OPKC,NORMAL,4,2027-01-08T01:45:00.000Z
000036178,SPIM,SKBO,NORMAL,4,2027-01-08T01:48:00.000Z
000036179,SPIM,OPKC,NORMAL,4,2027-01-08T02:04:00.000Z
000036180,SPIM,OSDI,NORMAL,4,2027-01-08T02:21:00.000Z
000036181,SPIM,OOMS,NORMAL,4,2027-01-08T02:27:00.000Z
000036182,SPIM,SGAS,NORMAL,4,2027-01-08T02:42:00.000Z
000036183,SPIM,LBSF,NORMAL,4,2027-01-08T02:55:00.000Z
000036184,SPIM,SVMI,NORMAL,4,2027-01-08T03:06:00.000Z
000036185,SPIM,SLLP,NORMAL,4,2027-01-08T03:16:00.000Z
000036186,SPIM,LBSF,NORMAL,4,2027-01-08T03:29:00.000Z
000036187,SPIM,VIDP,NORMAL,4,2027-01-08T03:42:00.000Z
000036188,SPIM,SUAA,NORMAL,4,2027-01-08T03:53:00.000Z
000036189,SPIM,VIDP,NORMAL,4,2027-01-08T04:03:00.000Z
000036190,SPIM,SUAA,NORMAL,4,2027-01-08T04:21:00.000Z
000036191,SPIM,SUAA,NORMAL,4,2027-01-08T04:31:00.000Z
000036192,SPIM,LATI,NORMAL,4,2027-01-08T04:37:00.000Z
000036193,SPIM,OOMS,NORMAL,4,2027-01-08T04:51:00.000Z
000036194,SPIM,UMMS,NORMAL,4,2027-01-08T05:02:00.000Z
000036195,SPIM,EDDI,NORMAL,4,2027-01-08T05:15:00.000Z
000036196,SPIM,OOMS,NORMAL,4,2027-01-08T05:29:00.000Z
000036197,SPIM,OPKC,NORMAL,4,2027-01-08T05:38:00.000Z
000036198,SPIM,SEQM,NORMAL,4,2027-01-08T05:56:00.000Z
000036199,SPIM,EBCI,NORMAL,4,2027-01-08T06:03:00.000Z
000036200,SPIM,VIDP,NORMAL,4,2027-01-08T06:17:00.000Z
000036201,SPIM,OOMS,NORMAL,4,2027-01-08T06:26:00.000Z
000036202,SPIM,VIDP,NORMAL,4,2027-01-08T06:37:00.000Z
000036203,SPIM,LKPR,NORMAL,4,2027-01-08T06:53:00.000Z
000036204,SPIM,SABE,NORMAL,4,2027-01-08T07:01:00.000Z
000036205,SPIM,SGAS,NORMAL,4,2027-01-08T07:16:00.000Z
000036206,SPIM,LOWW,NORMAL,4,2027-01-08T07:33:00.000Z
000036207,SPIM,SUAA,NORMAL,4,2027-01-08T07:41:00.000Z
000036208,SPIM,OMDB,NORMAL,4,2027-01-08T07:54:00.000Z
000036209,SPIM,SUAA,NORMAL,3,2027-01-08T08:01:00.000Z
000036210,SPIM,OERK,NORMAL,3,2027-01-08T08:12:00.000Z
000036211,SPIM,SVMI,NORMAL,3,2027-01-08T08:28:00.000Z
000036212,SPIM,SUAA,NORMAL,3,2027-01-08T08:44:00.000Z
000036213,SPIM,UMMS,NORMAL,3,2027-01-08T08:57:00.000Z
000036214,SPIM,LDZA,NORMAL,3,2027-01-08T09:04:00.000Z
000036215,SPIM,OYSN,NORMAL,3,2027-01-08T09:15:00.000Z
000036216,SPIM,OAKB,NORMAL,3,2027-01-08T09:25:00.000Z
000036217,SPIM,OAKB,NORMAL,3,2027-01-08T09:37:00.000Z
000036218,SPIM,LOWW,NORMAL,3,2027-01-08T09:50:00.000Z
000036219,SPIM,OJAI,NORMAL,3,2027-01-08T10:05:00.000Z
000036220,SPIM,OYSN,NORMAL,3,2027-01-08T10:14:00.000Z
000036221,SPIM,OERK,NORMAL,3,2027-01-08T10:28:00.000Z
000036222,SPIM,OMDB,NORMAL,3,2027-01-08T10:39:00.000Z
000036223,SPIM,EBCI,NORMAL,3,2027-01-08T10:53:00.000Z
000036224,SPIM,OERK,NORMAL,3,2027-01-08T11:09:00.000Z
000036225,SPIM,SABE,NORMAL,3,2027-01-08T11:14:00.000Z
000036226,SPIM,LBSF,NORMAL,3,2027-01-08T11:28:00.000Z
000036227,SPIM,UBBB,NORMAL,3,2027-01-08T11:38:00.000Z
000036228,SPIM,LATI,NORMAL,3,2027-01-08T11:50:00.000Z
000036229,SPIM,SKBO,NORMAL,3,2027-01-08T12:00:00.000Z
000036230,SPIM,OERK,NORMAL,3,2027-01-08T12:20:00.000Z
000036231,SPIM,VIDP,NORMAL,3,2027-01-08T12:28:00.000Z
000036232,SPIM,LOWW,NORMAL,3,2027-01-08T12:40:00.000Z
000036233,SPIM,LDZA,NORMAL,3,2027-01-08T12:48:00.000Z
000036234,SPIM,LATI,NORMAL,3,2027-01-08T13:03:00.000Z
000036235,SPIM,SKBO,NORMAL,3,2027-01-08T13:18:00.000Z
000036236,SPIM,SVMI,NORMAL,3,2027-01-08T13:27:00.000Z
000036237,SPIM,SUAA,NORMAL,3,2027-01-08T13:43:00.000Z
000036238,SPIM,SBBR,NORMAL,3,2027-01-08T13:56:00.000Z
000036239,SPIM,UMMS,NORMAL,3,2027-01-08T14:09:00.000Z
000036240,SPIM,OYSN,NORMAL,3,2027-01-08T14:19:00.000Z
000036241,SPIM,LBSF,NORMAL,3,2027-01-08T14:28:00.000Z
000036242,SPIM,OAKB,NORMAL,3,2027-01-08T14:45:00.000Z
000036243,SPIM,LDZA,NORMAL,3,2027-01-08T14:48:00.000Z
000036244,SPIM,OOMS,NORMAL,3,2027-01-08T15:03:00.000Z
000036245,SPIM,SKBO,NORMAL,3,2027-01-08T15:17:00.000Z
000036246,SPIM,OPKC,NORMAL,3,2027-01-08T15:28:00.000Z
000036247,SPIM,VIDP,NORMAL,3,2027-01-08T15:37:00.000Z
000036248,SPIM,LDZA,NORMAL,3,2027-01-08T15:55:00.000Z
000036249,SPIM,OOMS,NORMAL,3,2027-01-08T16:04:00.000Z
000036250,SPIM,OERK,NORMAL,3,2027-01-08T16:15:00.000Z
000036251,SPIM,EDDI,NORMAL,3,2027-01-08T16:26:00.000Z
000036252,SPIM,SBBR,NORMAL,3,2027-01-08T16:44:00.000Z
000036253,SPIM,EDDI,NORMAL,3,2027-01-08T16:51:00.000Z
000036254,SPIM,LBSF,NORMAL,3,2027-01-08T17:09:00.000Z
000036255,SPIM,OOMS,NORMAL,3,2027-01-08T17:20:00.000Z
000036256,SPIM,OJAI,NORMAL,3,2027-01-08T17:24:00.000Z
000036257,SPIM,OJAI,NORMAL,3,2027-01-08T17:45:00.000Z
000036258,SPIM,LDZA,NORMAL,3,2027-01-08T17:53:00.000Z
000036259,SPIM,SGAS,NORMAL,3,2027-01-08T18:00:00.000Z
000036260,SPIM,EHAM,NORMAL,3,2027-01-08T18:13:00.000Z
000036261,SPIM,OOMS,NORMAL,3,2027-01-08T18:28:00.000Z
000036262,SPIM,LDZA,NORMAL,3,2027-01-08T18:41:00.000Z
000036263,SPIM,EDDI,NORMAL,3,2027-01-08T18:53:00.000Z
000036264,SPIM,LDZA,NORMAL,3,2027-01-08T19:02:00.000Z
000036265,SPIM,OMDB,NORMAL,3,2027-01-08T19:20:00.000Z
000036266,SPIM,EDDI,NORMAL,3,2027-01-08T19:28:00.000Z
000036267,SPIM,LATI,NORMAL,3,2027-01-08T19:39:00.000Z
000036268,SPIM,UBBB,NORMAL,3,2027-01-08T19:52:00.000Z
000036269,SPIM,SGAS,NORMAL,3,2027-01-08T20:08:00.000Z
000036270,SPIM,SLLP,NORMAL,3,2027-01-08T20:14:00.000Z
000036271,SPIM,OAKB,NORMAL,3,2027-01-08T20:32:00.000Z
000036272,SPIM,LDZA,NORMAL,3,2027-01-08T20:39:00.000Z
000036273,SPIM,OOMS,NORMAL,3,2027-01-08T20:48:00.000Z
000036274,SPIM,SGAS,NORMAL,3,2027-01-08T21:05:00.000Z
000036275,SPIM,UBBB,NORMAL,3,2027-01-08T21:17:00.000Z
000036276,SPIM,OJAI,NORMAL,3,2027-01-08T21:24:00.000Z
000036277,SPIM,UMMS,NORMAL,3,2027-01-08T21:36:00.000Z
000036278,SPIM,EBCI,NORMAL,1,2027-01-08T21:50:00.000Z
000031569,SUAA,OJAI,NORMAL,2,2027-01-08T00:10:00.000Z
000031570,SUAA,OPKC,NORMAL,2,2027-01-08T00:21:00.000Z
000031571,SUAA,LDZA,NORMAL,2,2027-01-08T00:22:00.000Z
000031572,SUAA,SABE,NORMAL,2,2027-01-08T00:29:00.000Z
000031573,SUAA,EHAM,NORMAL,2,2027-01-08T00:37:00.000Z
000031574,SUAA,LOWW,NORMAL,2,2027-01-08T00:42:00.000Z
000031575,SUAA,OOMS,NORMAL,2,2027-01-08T00:58:00.000Z
000031576,SUAA,UBBB,NORMAL,2,2027-01-08T00:05:00.000Z
000031577,SUAA,OAKB,NORMAL,2,2027-01-08T01:09:00.000Z
000031578,SUAA,SVMI,NORMAL,2,2027-01-08T01:15:00.000Z
000031579,SUAA,OJAI,NORMAL,2,2027-01-08T01:22:00.000Z
000031580,SUAA,SBBR,NORMAL,2,2027-01-08T01:32:00.000Z
000031581,SUAA,SKBO,NORMAL,2,2027-01-08T01:33:00.000Z
000031582,SUAA,VIDP,NORMAL,2,2027-01-08T01:38:00.000Z
000031583,SUAA,SBBR,NORMAL,2,2027-01-08T01:52:00.000Z
000031584,SUAA,LKPR,NORMAL,2,2027-01-08T01:01:00.000Z
000031585,SUAA,OMDB,NORMAL,2,2027-01-08T01:06:00.000Z
000031586,SUAA,SCEL,NORMAL,2,2027-01-08T02:10:00.000Z
000031587,SUAA,SEQM,NORMAL,2,2027-01-08T02:14:00.000Z
000031588,SUAA,SKBO,NORMAL,2,2027-01-08T02:20:00.000Z
000031589,SUAA,EKCH,NORMAL,2,2027-01-08T02:27:00.000Z
000031590,SUAA,EKCH,NORMAL,2,2027-01-08T02:40:00.000Z
000031591,SUAA,SLLP,NORMAL,2,2027-01-08T02:42:00.000Z
000031592,SUAA,LOWW,NORMAL,2,2027-01-08T02:49:00.000Z
000031593,SUAA,LBSF,NORMAL,2,2027-01-08T02:57:00.000Z
000031594,SUAA,SGAS,NORMAL,2,2027-01-08T03:10:00.000Z
000031595,SUAA,SPIM,NORMAL,2,2027-01-08T03:14:00.000Z
000031596,SUAA,EHAM,NORMAL,2,2027-01-08T03:16:00.000Z
000031597,SUAA,LDZA,NORMAL,2,2027-01-08T03:25:00.000Z
000031598,SUAA,OYSN,NORMAL,2,2027-01-08T03:32:00.000Z
000031599,SUAA,LBSF,NORMAL,2,2027-01-08T03:37:00.000Z
000031600,SUAA,EDDI,NORMAL,2,2027-01-08T03:51:00.000Z
000031601,SUAA,OSDI,NORMAL,2,2027-01-08T03:53:00.000Z
000031602,SUAA,UBBB,NORMAL,2,2027-01-08T03:02:00.000Z
000031603,SUAA,OAKB,NORMAL,2,2027-01-08T04:10:00.000Z
000031604,SUAA,SKBO,NORMAL,2,2027-01-08T04:17:00.000Z
000031605,SUAA,UMMS,NORMAL,2,2027-01-08T04:20:00.000Z
000031606,SUAA,LKPR,NORMAL,2,2027-01-08T04:26:00.000Z
000031607,SUAA,OJAI,NORMAL,2,2027-01-08T04:38:00.000Z
000031608,SUAA,OJAI,NORMAL,2,2027-01-08T04:45:00.000Z
000031609,SUAA,OJAI,NORMAL,2,2027-01-08T04:56:00.000Z
000031610,SUAA,LDZA,NORMAL,2,2027-01-08T04:56:00.000Z
000031611,SUAA,VIDP,NORMAL,2,2027-01-08T05:04:00.000Z
000031612,SUAA,SCEL,NORMAL,2,2027-01-08T05:12:00.000Z
000031613,SUAA,LATI,NORMAL,2,2027-01-08T05:18:00.000Z
000031614,SUAA,SKBO,NORMAL,2,2027-01-08T05:27:00.000Z
000031615,SUAA,EHAM,NORMAL,2,2027-01-08T05:29:00.000Z
000031616,SUAA,LKPR,NORMAL,2,2027-01-08T05:42:00.000Z
000031617,SUAA,SGAS,NORMAL,2,2027-01-08T05:48:00.000Z
000031618,SUAA,SLLP,NORMAL,2,2027-01-08T05:52:00.000Z
000031619,SUAA,OAKB,NORMAL,2,2027-01-08T05:00:00.000Z
000031620,SUAA,SCEL,NORMAL,2,2027-01-08T06:12:00.000Z
000031621,SUAA,OAKB,NORMAL,2,2027-01-08T06:13:00.000Z
000031622,SUAA,VIDP,NORMAL,2,2027-01-08T06:21:00.000Z
000031623,SUAA,OSDI,NORMAL,2,2027-01-08T06:26:00.000Z
000031624,SUAA,OMDB,NORMAL,2,2027-01-08T06:37:00.000Z
000031625,SUAA,UMMS,NORMAL,2,2027-01-08T06:47:00.000Z
000031626,SUAA,SKBO,NORMAL,2,2027-01-08T06:52:00.000Z
000031627,SUAA,LDZA,NORMAL,2,2027-01-08T06:57:00.000Z
000031628,SUAA,OAKB,NORMAL,2,2027-01-08T07:05:00.000Z
000031629,SUAA,LKPR,NORMAL,2,2027-01-08T07:15:00.000Z
000031630,SUAA,VIDP,NORMAL,2,2027-01-08T07:20:00.000Z
000031631,SUAA,LDZA,NORMAL,2,2027-01-08T07:27:00.000Z
000031632,SUAA,OSDI,NORMAL,2,2027-01-08T07:30:00.000Z
000031633,SUAA,LBSF,NORMAL,2,2027-01-08T07:41:00.000Z
000031634,SUAA,OOMS,NORMAL,2,2027-01-08T07:48:00.000Z
000031635,SUAA,SEQM,NORMAL,2,2027-01-08T07:50:00.000Z
000031636,SUAA,SEQM,NORMAL,2,2027-01-08T07:00:00.000Z
000031637,SUAA,VIDP,NORMAL,2,2027-01-08T08:03:00.000Z
000031638,SUAA,OERK,NORMAL,2,2027-01-08T08:10:00.000Z
000031639,SUAA,OSDI,NORMAL,2,2027-01-08T08:24:00.000Z
000031640,SUAA,SEQM,NORMAL,2,2027-01-08T08:26:00.000Z
000031641,SUAA,EBCI,NORMAL,2,2027-01-08T08:40:00.000Z
000031642,SUAA,SGAS,NORMAL,2,2027-01-08T08:47:00.000Z
000031643,SUAA,OJAI,NORMAL,2,2027-01-08T08:54:00.000Z
000031644,SUAA,EHAM,NORMAL,2,2027-01-08T08:53:00.000Z
000031645,SUAA,LKPR,NORMAL,2,2027-01-08T08:06:00.000Z
000031646,SUAA,VIDP,NORMAL,2,2027-01-08T09:08:00.000Z
000031647,SUAA,EDDI,NORMAL,2,2027-01-08T09:17:00.000Z
000031648,SUAA,OYSN,NORMAL,2,2027-01-08T09:27:00.000Z
000031649,SUAA,SGAS,NORMAL,2,2027-01-08T09:32:00.000Z
000031650,SUAA,LDZA,NORMAL,2,2027-01-08T09:37:00.000Z
000031651,SUAA,SVMI,NORMAL,2,2027-01-08T09:43:00.000Z
000031652,SUAA,SEQM,NORMAL,2,2027-01-08T09:55:00.000Z
000031653,SUAA,SBBR,NORMAL,2,2027-01-08T09:03:00.000Z
000031654,SUAA,LKPR,NORMAL,2,2027-01-08T10:11:00.000Z
000031655,SUAA,SBBR,NORMAL,2,2027-01-08T10:09:00.000Z
000031656,SUAA,LKPR,NORMAL,2,2027-01-08T10:19:00.000Z
000031657,SUAA,LATI,NORMAL,2,2027-01-08T10:26:00.000Z
000031658,SUAA,UBBB,NORMAL,2,2027-01-08T10:30:00.000Z
000031659,SUAA,UBBB,NORMAL,2,2027-01-08T10:39:00.000Z
000031660,SUAA,OSDI,NORMAL,2,2027-01-08T10:47:00.000Z
000031661,SUAA,EKCH,NORMAL,2,2027-01-08T10:56:00.000Z
000031662,SUAA,SBBR,NORMAL,2,2027-01-08T10:07:00.000Z
000031663,SUAA,VIDP,NORMAL,2,2027-01-08T11:05:00.000Z
000031664,SUAA,LATI,NORMAL,2,2027-01-08T11:17:00.000Z
000031665,SUAA,OSDI,NORMAL,2,2027-01-08T11:28:00.000Z
000031666,SUAA,VIDP,NORMAL,2,2027-01-08T11:32:00.000Z
000031667,SUAA,UBBB,NORMAL,2,2027-01-08T11:35:00.000Z
000031668,SUAA,SPIM,NORMAL,2,2027-01-08T11:40:00.000Z
000031669,SUAA,LKPR,NORMAL,2,2027-01-08T11:50:00.000Z
000031670,SUAA,EKCH,NORMAL,2,2027-01-08T11:55:00.000Z
000031671,SUAA,OJAI,NORMAL,2,2027-01-08T12:07:00.000Z
000031672,SUAA,SLLP,NORMAL,2,2027-01-08T12:15:00.000Z
000031673,SUAA,SKBO,NORMAL,2,2027-01-08T12:21:00.000Z
000031674,SUAA,SBBR,NORMAL,1,2027-01-08T12:27:00.000Z
000031675,SUAA,SLLP,NORMAL,1,2027-01-08T12:36:00.000Z
000031676,SUAA,LKPR,NORMAL,1,2027-01-08T12:43:00.000Z
000031677,SUAA,OAKB,NORMAL,1,2027-01-08T12:49:00.000Z
000031678,SUAA,SLLP,NORMAL,1,2027-01-08T12:58:00.000Z
000031679,SUAA,SEQM,NORMAL,1,2027-01-08T12:04:00.000Z
000031680,SUAA,LBSF,NORMAL,1,2027-01-08T13:13:00.000Z
000031681,SUAA,OJAI,NORMAL,1,2027-01-08T13:15:00.000Z
000031682,SUAA,SEQM,NORMAL,1,2027-01-08T13:27:00.000Z
000031683,SUAA,OMDB,NORMAL,1,2027-01-08T13:29:00.000Z
000031684,SUAA,SKBO,NORMAL,1,2027-01-08T13:34:00.000Z
000031685,SUAA,OSDI,NORMAL,1,2027-01-08T13:48:00.000Z
000031686,SUAA,EHAM,NORMAL,1,2027-01-08T13:54:00.000Z
000031687,SUAA,EDDI,NORMAL,1,2027-01-08T13:55:00.000Z
000031688,SUAA,OOMS,NORMAL,1,2027-01-08T14:07:00.000Z
000031689,SUAA,UBBB,NORMAL,1,2027-01-08T14:12:00.000Z
000031690,SUAA,OPKC,NORMAL,1,2027-01-08T14:14:00.000Z
000031691,SUAA,LOWW,NORMAL,1,2027-01-08T14:21:00.000Z
000031692,SUAA,LOWW,NORMAL,1,2027-01-08T14:35:00.000Z
000031693,SUAA,OERK,NORMAL,1,2027-01-08T14:40:00.000Z
000031694,SUAA,OPKC,NORMAL,1,2027-01-08T14:44:00.000Z
000031695,SUAA,SEQM,NORMAL,1,2027-01-08T14:51:00.000Z
000031696,SUAA,LBSF,NORMAL,1,2027-01-08T14:58:00.000Z
000031697,SUAA,SABE,NORMAL,1,2027-01-08T15:04:00.000Z
000031698,SUAA,LKPR,NORMAL,1,2027-01-08T15:11:00.000Z
000031699,SUAA,SKBO,NORMAL,1,2027-01-08T15:19:00.000Z
000031700,SUAA,LATI,NORMAL,1,2027-01-08T15:28:00.000Z
000031701,SUAA,EHAM,NORMAL,1,2027-01-08T15:36:00.000Z
000031702,SUAA,OJAI,NORMAL,1,2027-01-08T15:46:00.000Z
000031703,SUAA,OERK,NORMAL,1,2027-01-08T15:49:00.000Z
000031704,SUAA,UBBB,NORMAL,1,2027-01-08T15:57:00.000Z
000031705,SUAA,OOMS,NORMAL,1,2027-01-08T15:59:00.000Z
000031706,SUAA,SEQM,NORMAL,1,2027-01-08T16:09:00.000Z
000031707,SUAA,SBBR,NORMAL,1,2027-01-08T16:13:00.000Z
000031708,SUAA,OYSN,NORMAL,1,2027-01-08T16:21:00.000Z
000031709,SUAA,SEQM,NORMAL,1,2027-01-08T16:29:00.000Z
000031710,SUAA,OSDI,NORMAL,1,2027-01-08T16:41:00.000Z
000031711,SUAA,VIDP,NORMAL,1,2027-01-08T16:45:00.000Z
000031712,SUAA,EDDI,NORMAL,1,2027-01-08T16:53:00.000Z
000031713,SUAA,SVMI,NORMAL,1,2027-01-08T16:55:00.000Z
000031714,SUAA,LKPR,NORMAL,1,2027-01-08T17:03:00.000Z
000031715,SUAA,OPKC,NORMAL,1,2027-01-08T17:13:00.000Z
000031716,SUAA,LBSF,NORMAL,1,2027-01-08T17:21:00.000Z
000031717,SUAA,SCEL,NORMAL,1,2027-01-08T17:26:00.000Z
000031718,SUAA,LDZA,NORMAL,1,2027-01-08T17:31:00.000Z
000031719,SUAA,LOWW,NORMAL,1,2027-01-08T17:42:00.000Z
000031720,SUAA,LBSF,NORMAL,1,2027-01-08T17:47:00.000Z
000031721,SUAA,OJAI,NORMAL,1,2027-01-08T17:00:00.000Z
000031722,SUAA,EDDI,NORMAL,1,2027-01-08T17:05:00.000Z
000031723,SUAA,OERK,NORMAL,1,2027-01-08T18:08:00.000Z
000031724,SUAA,SGAS,NORMAL,1,2027-01-08T18:16:00.000Z
000031725,SUAA,SGAS,NORMAL,1,2027-01-08T18:24:00.000Z
000031726,SUAA,OAKB,NORMAL,1,2027-01-08T18:29:00.000Z
000031727,SUAA,OYSN,NORMAL,1,2027-01-08T18:42:00.000Z
000031728,SUAA,SKBO,NORMAL,1,2027-01-08T18:46:00.000Z
000031729,SUAA,LBSF,NORMAL,1,2027-01-08T18:54:00.000Z
000031730,SUAA,LKPR,NORMAL,1,2027-01-08T18:56:00.000Z
000031731,SUAA,EHAM,NORMAL,1,2027-01-08T19:09:00.000Z
000031732,SUAA,SBBR,NORMAL,1,2027-01-08T19:12:00.000Z
000031733,SUAA,EKCH,NORMAL,1,2027-01-08T19:23:00.000Z
000031734,SUAA,SLLP,NORMAL,1,2027-01-08T19:31:00.000Z
000031735,SUAA,SBBR,NORMAL,1,2027-01-08T19:31:00.000Z
000031736,SUAA,OSDI,NORMAL,1,2027-01-08T19:37:00.000Z
000031737,SUAA,OSDI,NORMAL,1,2027-01-08T19:45:00.000Z
000031738,SUAA,SVMI,NORMAL,1,2027-01-08T19:56:00.000Z
000031739,SUAA,EKCH,NORMAL,1,2027-01-08T19:01:00.000Z
000031740,SUAA,OJAI,NORMAL,1,2027-01-08T20:10:00.000Z
000031741,SUAA,UMMS,NORMAL,1,2027-01-08T20:15:00.000Z
000031742,SUAA,OJAI,NORMAL,1,2027-01-08T20:24:00.000Z
000031743,SUAA,LATI,NORMAL,1,2027-01-08T20:33:00.000Z
000031744,SUAA,SABE,NORMAL,1,2027-01-08T20:33:00.000Z
000031745,SUAA,LKPR,NORMAL,1,2027-01-08T20:42:00.000Z
000031746,SUAA,EDDI,NORMAL,1,2027-01-08T20:47:00.000Z
000031747,SUAA,EHAM,NORMAL,1,2027-01-08T20:53:00.000Z
000031748,SUAA,SBBR,NORMAL,1,2027-01-08T21:05:00.000Z
000031749,SUAA,OSDI,NORMAL,1,2027-01-08T21:12:00.000Z
000031750,SUAA,OAKB,NORMAL,1,2027-01-08T21:19:00.000Z
000031751,SUAA,OYSN,NORMAL,1,2027-01-08T21:24:00.000Z
000031752,SUAA,EDDI,NORMAL,1,2027-01-08T21:29:00.000Z
000031753,SUAA,OMDB,NORMAL,1,2027-01-08T21:39:00.000Z
000031754,SUAA,VIDP,NORMAL,1,2027-01-08T21:49:00.000Z
000030524,SVMI,LKPR,NORMAL,2,2027-01-08T00:15:00.000Z
000030525,SVMI,SBBR,NORMAL,2,2027-01-08T00:15:00.000Z
000030526,SVMI,EKCH,NORMAL,2,2027-01-08T00:21:00.000Z
000030527,SVMI,SKBO,NORMAL,2,2027-01-08T00:31:00.000Z
000030528,SVMI,OJAI,NORMAL,2,2027-01-08T00:30:00.000Z
000030529,SVMI,EKCH,NORMAL,2,2027-01-08T00:36:00.000Z
000030530,SVMI,EBCI,NORMAL,2,2027-01-08T00:45:00.000Z
000030531,SVMI,SPIM,NORMAL,2,2027-01-08T00:55:00.000Z
000030532,SVMI,LBSF,NORMAL,2,2027-01-08T00:55:00.000Z
000030533,SVMI,UBBB,NORMAL,2,2027-01-08T01:04:00.000Z
000030534,SVMI,EDDI,NORMAL,2,2027-01-08T01:12:00.000Z
000030535,SVMI,LATI,NORMAL,2,2027-01-08T01:18:00.000Z
000030536,SVMI,SGAS,NORMAL,2,2027-01-08T01:21:00.000Z
000030537,SVMI,OMDB,NORMAL,2,2027-01-08T01:28:00.000Z
000030538,SVMI,OERK,NORMAL,2,2027-01-08T01:39:00.000Z
000030539,SVMI,EKCH,NORMAL,2,2027-01-08T01:40:00.000Z
000030540,SVMI,SBBR,NORMAL,2,2027-01-08T01:43:00.000Z
000030541,SVMI,OPKC,NORMAL,2,2027-01-08T01:49:00.000Z
000030542,SVMI,OERK,NORMAL,2,2027-01-08T01:00:00.000Z
000030543,SVMI,OJAI,NORMAL,2,2027-01-08T02:03:00.000Z
000030544,SVMI,VIDP,NORMAL,2,2027-01-08T02:10:00.000Z
000030545,SVMI,SPIM,NORMAL,2,2027-01-08T02:16:00.000Z
000030546,SVMI,EKCH,NORMAL,2,2027-01-08T02:22:00.000Z
000030547,SVMI,UMMS,NORMAL,2,2027-01-08T02:26:00.000Z
000030548,SVMI,VIDP,NORMAL,2,2027-01-08T02:39:00.000Z
000030549,SVMI,VIDP,NORMAL,2,2027-01-08T02:44:00.000Z
000030550,SVMI,LDZA,NORMAL,2,2027-01-08T02:48:00.000Z
000030551,SVMI,SKBO,NORMAL,2,2027-01-08T02:50:00.000Z
000030552,SVMI,OSDI,NORMAL,2,2027-01-08T02:01:00.000Z
000030553,SVMI,SKBO,NORMAL,2,2027-01-08T03:06:00.000Z
000030554,SVMI,LKPR,NORMAL,2,2027-01-08T03:15:00.000Z
000030555,SVMI,OMDB,NORMAL,2,2027-01-08T03:21:00.000Z
000030556,SVMI,SKBO,NORMAL,2,2027-01-08T03:21:00.000Z
000030557,SVMI,OJAI,NORMAL,2,2027-01-08T03:29:00.000Z
000030558,SVMI,SLLP,NORMAL,2,2027-01-08T03:38:00.000Z
000030559,SVMI,VIDP,NORMAL,2,2027-01-08T03:40:00.000Z
000030560,SVMI,SPIM,NORMAL,2,2027-01-08T03:42:00.000Z
000030561,SVMI,EBCI,NORMAL,2,2027-01-08T03:54:00.000Z
000030562,SVMI,SLLP,NORMAL,2,2027-01-08T03:57:00.000Z
000030563,SVMI,SABE,NORMAL,2,2027-01-08T04:01:00.000Z
000030564,SVMI,LBSF,NORMAL,2,2027-01-08T04:08:00.000Z
000030565,SVMI,SPIM,NORMAL,2,2027-01-08T04:19:00.000Z
000030566,SVMI,OYSN,NORMAL,2,2027-01-08T04:20:00.000Z
000030567,SVMI,OYSN,NORMAL,2,2027-01-08T04:26:00.000Z
000030568,SVMI,LATI,NORMAL,2,2027-01-08T04:33:00.000Z
000030569,SVMI,SPIM,NORMAL,2,2027-01-08T04:45:00.000Z
000030570,SVMI,EDDI,NORMAL,2,2027-01-08T04:48:00.000Z
000030571,SVMI,OMDB,NORMAL,2,2027-01-08T04:49:00.000Z
000030572,SVMI,UBBB,NORMAL,2,2027-01-08T04:01:00.000Z
000030573,SVMI,UMMS,NORMAL,2,2027-01-08T05:06:00.000Z
000030574,SVMI,OPKC,NORMAL,2,2027-01-08T05:10:00.000Z
000030575,SVMI,OAKB,NORMAL,2,2027-01-08T05:17:00.000Z
000030576,SVMI,SABE,NORMAL,2,2027-01-08T05:19:00.000Z
000030577,SVMI,OERK,NORMAL,2,2027-01-08T05:27:00.000Z
000030578,SVMI,OPKC,NORMAL,2,2027-01-08T05:35:00.000Z
000030579,SVMI,OAKB,NORMAL,2,2027-01-08T05:41:00.000Z
000030580,SVMI,LKPR,NORMAL,2,2027-01-08T05:51:00.000Z
000030581,SVMI,LDZA,NORMAL,2,2027-01-08T05:51:00.000Z
000030582,SVMI,OERK,NORMAL,2,2027-01-08T05:54:00.000Z
000030583,SVMI,OYSN,NORMAL,2,2027-01-08T06:01:00.000Z
000030584,SVMI,UMMS,NORMAL,2,2027-01-08T06:11:00.000Z
000030585,SVMI,SGAS,NORMAL,2,2027-01-08T06:17:00.000Z
000030586,SVMI,VIDP,NORMAL,2,2027-01-08T06:21:00.000Z
000030587,SVMI,LKPR,NORMAL,2,2027-01-08T06:28:00.000Z
000030588,SVMI,SKBO,NORMAL,2,2027-01-08T06:31:00.000Z
000030589,SVMI,SABE,NORMAL,2,2027-01-08T06:42:00.000Z
000030590,SVMI,VIDP,NORMAL,2,2027-01-08T06:50:00.000Z
000030591,SVMI,OERK,NORMAL,2,2027-01-08T06:56:00.000Z
000030592,SVMI,SUAA,NORMAL,2,2027-01-08T06:03:00.000Z
000030593,SVMI,SKBO,NORMAL,2,2027-01-08T07:08:00.000Z
000030594,SVMI,OSDI,NORMAL,2,2027-01-08T07:06:00.000Z
000030595,SVMI,SKBO,NORMAL,2,2027-01-08T07:13:00.000Z
000030596,SVMI,SABE,NORMAL,2,2027-01-08T07:21:00.000Z
000030597,SVMI,UBBB,NORMAL,2,2027-01-08T07:33:00.000Z
000030598,SVMI,OPKC,NORMAL,2,2027-01-08T07:37:00.000Z
000030599,SVMI,EBCI,NORMAL,2,2027-01-08T07:44:00.000Z
000030600,SVMI,SABE,NORMAL,2,2027-01-08T07:49:00.000Z
000030601,SVMI,SABE,NORMAL,2,2027-01-08T07:48:00.000Z
000030602,SVMI,EDDI,NORMAL,2,2027-01-08T07:03:00.000Z
000030603,SVMI,SABE,NORMAL,2,2027-01-08T08:08:00.000Z
000030604,SVMI,EKCH,NORMAL,2,2027-01-08T08:15:00.000Z
000030605,SVMI,LDZA,NORMAL,2,2027-01-08T08:15:00.000Z
000030606,SVMI,OAKB,NORMAL,2,2027-01-08T08:26:00.000Z
000030607,SVMI,VIDP,NORMAL,2,2027-01-08T08:25:00.000Z
000030608,SVMI,SLLP,NORMAL,2,2027-01-08T08:39:00.000Z
000030609,SVMI,LBSF,NORMAL,2,2027-01-08T08:42:00.000Z
000030610,SVMI,EHAM,NORMAL,2,2027-01-08T08:45:00.000Z
000030611,SVMI,SEQM,NORMAL,2,2027-01-08T08:54:00.000Z
000030612,SVMI,LDZA,NORMAL,2,2027-01-08T08:54:00.000Z
000030613,SVMI,LBSF,NORMAL,2,2027-01-08T09:09:00.000Z
000030614,SVMI,SPIM,NORMAL,2,2027-01-08T09:10:00.000Z
000030615,SVMI,SGAS,NORMAL,2,2027-01-08T09:16:00.000Z
000030616,SVMI,OSDI,NORMAL,2,2027-01-08T09:24:00.000Z
000030617,SVMI,UMMS,NORMAL,2,2027-01-08T09:28:00.000Z
000030618,SVMI,SABE,NORMAL,2,2027-01-08T09:34:00.000Z
000030619,SVMI,SLLP,NORMAL,1,2027-01-08T09:43:00.000Z
000030620,SVMI,EHAM,NORMAL,1,2027-01-08T09:45:00.000Z
000030621,SVMI,LKPR,NORMAL,1,2027-01-08T09:51:00.000Z
000030622,SVMI,EBCI,NORMAL,1,2027-01-08T09:00:00.000Z
000030623,SVMI,EDDI,NORMAL,1,2027-01-08T10:08:00.000Z
000030624,SVMI,OAKB,NORMAL,1,2027-01-08T10:12:00.000Z
000030625,SVMI,UBBB,NORMAL,1,2027-01-08T10:21:00.000Z
000030626,SVMI,EBCI,NORMAL,1,2027-01-08T10:21:00.000Z
000030627,SVMI,SUAA,NORMAL,1,2027-01-08T10:29:00.000Z
000030628,SVMI,SEQM,NORMAL,1,2027-01-08T10:30:00.000Z
000030629,SVMI,OJAI,NORMAL,1,2027-01-08T10:44:00.000Z
000030630,SVMI,SPIM,NORMAL,1,2027-01-08T10:43:00.000Z
000030631,SVMI,SKBO,NORMAL,1,2027-01-08T10:52:00.000Z
000030632,SVMI,OOMS,NORMAL,1,2027-01-08T10:58:00.000Z
000030633,SVMI,LKPR,NORMAL,1,2027-01-08T11:00:00.000Z
000030634,SVMI,OERK,NORMAL,1,2027-01-08T11:09:00.000Z
000030635,SVMI,SABE,NORMAL,1,2027-01-08T11:21:00.000Z
000030636,SVMI,OERK,NORMAL,1,2027-01-08T11:23:00.000Z
000030637,SVMI,OMDB,NORMAL,1,2027-01-08T11:27:00.000Z
000030638,SVMI,LATI,NORMAL,1,2027-01-08T11:36:00.000Z
000030639,SVMI,OMDB,NORMAL,1,2027-01-08T11:38:00.000Z
000030640,SVMI,EDDI,NORMAL,1,2027-01-08T11:46:00.000Z
000030641,SVMI,OYSN,NORMAL,1,2027-01-08T11:56:00.000Z
000030642,SVMI,LBSF,NORMAL,1,2027-01-08T11:02:00.000Z
000030643,SVMI,UMMS,NORMAL,1,2027-01-08T12:01:00.000Z
000030644,SVMI,OOMS,NORMAL,1,2027-01-08T12:11:00.000Z
000030645,SVMI,EDDI,NORMAL,1,2027-01-08T12:21:00.000Z
000030646,SVMI,SABE,NORMAL,1,2027-01-08T12:22:00.000Z
000030647,SVMI,SUAA,NORMAL,1,2027-01-08T12:25:00.000Z
000030648,SVMI,OAKB,NORMAL,1,2027-01-08T12:36:00.000Z
000030649,SVMI,SEQM,NORMAL,1,2027-01-08T12:38:00.000Z
000030650,SVMI,VIDP,NORMAL,1,2027-01-08T12:46:00.000Z
000030651,SVMI,SKBO,NORMAL,1,2027-01-08T12:49:00.000Z
000030652,SVMI,EHAM,NORMAL,1,2027-01-08T12:58:00.000Z
000030653,SVMI,OPKC,NORMAL,1,2027-01-08T13:05:00.000Z
000030654,SVMI,UBBB,NORMAL,1,2027-01-08T13:13:00.000Z
000030655,SVMI,OPKC,NORMAL,1,2027-01-08T13:20:00.000Z
000030656,SVMI,SEQM,NORMAL,1,2027-01-08T13:18:00.000Z
000030657,SVMI,OYSN,NORMAL,1,2027-01-08T13:24:00.000Z
000030658,SVMI,EBCI,NORMAL,1,2027-01-08T13:30:00.000Z
000030659,SVMI,OYSN,NORMAL,1,2027-01-08T13:44:00.000Z
000030660,SVMI,SUAA,NORMAL,1,2027-01-08T13:48:00.000Z
000030661,SVMI,OYSN,NORMAL,1,2027-01-08T13:51:00.000Z
000030662,SVMI,OSDI,NORMAL,1,2027-01-08T13:01:00.000Z
000030663,SVMI,SABE,NORMAL,1,2027-01-08T14:09:00.000Z
000030664,SVMI,SBBR,NORMAL,1,2027-01-08T14:14:00.000Z
000030665,SVMI,EHAM,NORMAL,1,2027-01-08T14:13:00.000Z
000030666,SVMI,OSDI,NORMAL,1,2027-01-08T14:26:00.000Z
000030667,SVMI,LOWW,NORMAL,1,2027-01-08T14:25:00.000Z
000030668,SVMI,EHAM,NORMAL,1,2027-01-08T14:38:00.000Z
000030669,SVMI,LOWW,NORMAL,1,2027-01-08T14:42:00.000Z
000030670,SVMI,EHAM,NORMAL,1,2027-01-08T14:50:00.000Z
000030671,SVMI,LKPR,NORMAL,1,2027-01-08T14:57:00.000Z
000030672,SVMI,LKPR,NORMAL,1,2027-01-08T14:01:00.000Z
000030673,SVMI,LOWW,NORMAL,1,2027-01-08T15:07:00.000Z
000030674,SVMI,SGAS,NORMAL,1,2027-01-08T15:15:00.000Z
000030675,SVMI,EDDI,NORMAL,1,2027-01-08T15:13:00.000Z
000030676,SVMI,SLLP,NORMAL,1,2027-01-08T15:27:00.000Z
000030677,SVMI,SEQM,NORMAL,1,2027-01-08T15:31:00.000Z
000030678,SVMI,EDDI,NORMAL,1,2027-01-08T15:39:00.000Z
000030679,SVMI,EKCH,NORMAL,1,2027-01-08T15:42:00.000Z
000030680,SVMI,SBBR,NORMAL,1,2027-01-08T15:43:00.000Z
000030681,SVMI,OOMS,NORMAL,1,2027-01-08T15:55:00.000Z
000030682,SVMI,EBCI,NORMAL,1,2027-01-08T15:02:00.000Z
000030683,SVMI,SUAA,NORMAL,1,2027-01-08T16:08:00.000Z
000030684,SVMI,SBBR,NORMAL,1,2027-01-08T16:09:00.000Z
000030685,SVMI,EKCH,NORMAL,1,2027-01-08T16:19:00.000Z
000030686,SVMI,EHAM,NORMAL,1,2027-01-08T16:25:00.000Z
000030687,SVMI,EBCI,NORMAL,1,2027-01-08T16:28:00.000Z
000030688,SVMI,SUAA,NORMAL,1,2027-01-08T16:31:00.000Z
000030689,SVMI,UBBB,NORMAL,1,2027-01-08T16:41:00.000Z
000030690,SVMI,OPKC,NORMAL,1,2027-01-08T16:43:00.000Z
000030691,SVMI,SEQM,NORMAL,1,2027-01-08T16:49:00.000Z
000030692,SVMI,SKBO,NORMAL,1,2027-01-08T16:54:00.000Z
000030693,SVMI,OJAI,NORMAL,1,2027-01-08T17:07:00.000Z
000030694,SVMI,EKCH,NORMAL,1,2027-01-08T17:08:00.000Z
000030695,SVMI,EBCI,NORMAL,1,2027-01-08T17:13:00.000Z
000030696,SVMI,LATI,NORMAL,1,2027-01-08T17:24:00.000Z
000030697,SVMI,VIDP,NORMAL,1,2027-01-08T17:29:00.000Z
000030698,SVMI,SKBO,NORMAL,1,2027-01-08T17:37:00.000Z
000030699,SVMI,OOMS,NORMAL,1,2027-01-08T17:44:00.000Z
000030700,SVMI,UBBB,NORMAL,1,2027-01-08T17:50:00.000Z
000030701,SVMI,SLLP,NORMAL,1,2027-01-08T17:56:00.000Z
000030702,SVMI,EHAM,NORMAL,1,2027-01-08T17:02:00.000Z
000030703,SVMI,SKBO,NORMAL,1,2027-01-08T18:05:00.000Z
000030704,SVMI,SKBO,NORMAL,1,2027-01-08T18:15:00.000Z
000030705,SVMI,LBSF,NORMAL,1,2027-01-08T18:21:00.000Z
000030706,SVMI,SUAA,NORMAL,1,2027-01-08T18:27:00.000Z
000030707,SVMI,OJAI,NORMAL,1,2027-01-08T18:30:00.000Z
000030708,SVMI,OJAI,NORMAL,1,2027-01-08T18:31:00.000Z
000030709,SVMI,OYSN,NORMAL,1,2027-01-08T18:36:00.000Z
000030710,SVMI,SGAS,NORMAL,1,2027-01-08T18:49:00.000Z
000030711,SVMI,SBBR,NORMAL,1,2027-01-08T18:52:00.000Z
000030712,SVMI,OJAI,NORMAL,1,2027-01-08T18:56:00.000Z
000030713,SVMI,EDDI,NORMAL,1,2027-01-08T19:06:00.000Z
000030714,SVMI,EKCH,NORMAL,1,2027-01-08T19:15:00.000Z
000030715,SVMI,OOMS,NORMAL,1,2027-01-08T19:14:00.000Z
000030716,SVMI,EKCH,NORMAL,1,2027-01-08T19:25:00.000Z
000030717,SVMI,SLLP,NORMAL,1,2027-01-08T19:29:00.000Z
000030718,SVMI,EHAM,NORMAL,1,2027-01-08T19:32:00.000Z
000030719,SVMI,VIDP,NORMAL,1,2027-01-08T19:41:00.000Z
000040781,UBBB,SBBR,NORMAL,2,2027-01-08T00:13:00.000Z
000040782,UBBB,OAKB,NORMAL,2,2027-01-08T00:11:00.000Z
000040783,UBBB,OERK,NORMAL,2,2027-01-08T00:12:00.000Z
000040784,UBBB,SUAA,NORMAL,2,2027-01-08T00:20:00.000Z
000040785,UBBB,OPKC,NORMAL,2,2027-01-08T00:24:00.000Z
000040786,UBBB,EHAM,NORMAL,2,2027-01-08T00:26:00.000Z
000040787,UBBB,LBSF,NORMAL,2,2027-01-08T00:37:00.000Z
000040788,UBBB,OOMS,NORMAL,2,2027-01-08T00:41:00.000Z
000040789,UBBB,OAKB,NORMAL,2,2027-01-08T00:38:00.000Z
000040790,UBBB,OSDI,NORMAL,2,2027-01-08T00:49:00.000Z
000040791,UBBB,OMDB,NORMAL,2,2027-01-08T00:46:00.000Z
000040792,UBBB,OMDB,NORMAL,2,2027-01-08T00:49:00.000Z
000040793,UBBB,SUAA,NORMAL,2,2027-01-08T00:56:00.000Z
000040794,UBBB,EKCH,NORMAL,2,2027-01-08T00:00:00.000Z
000040795,UBBB,SVMI,NORMAL,2,2027-01-08T01:09:00.000Z
000040796,UBBB,OPKC,NORMAL,2,2027-01-08T01:04:00.000Z
000040797,UBBB,VIDP,NORMAL,2,2027-01-08T01:09:00.000Z
000040798,UBBB,OMDB,NORMAL,2,2027-01-08T01:15:00.000Z
000040799,UBBB,SLLP,NORMAL,2,2027-01-08T01:24:00.000Z
000040800,UBBB,SABE,NORMAL,2,2027-01-08T01:26:00.000Z
000040801,UBBB,SCEL,NORMAL,2,2027-01-08T01:27:00.000Z
000040802,UBBB,SEQM,NORMAL,2,2027-01-08T01:33:00.000Z
000040803,UBBB,SUAA,NORMAL,2,2027-01-08T01:33:00.000Z
000040804,UBBB,SPIM,NORMAL,2,2027-01-08T01:36:00.000Z
000040805,UBBB,SPIM,NORMAL,2,2027-01-08T01:49:00.000Z
000040806,UBBB,SUAA,NORMAL,2,2027-01-08T01:50:00.000Z
000040807,UBBB,SEQM,NORMAL,2,2027-01-08T01:51:00.000Z
000040808,UBBB,OAKB,NORMAL,2,2027-01-08T01:58:00.000Z
000040809,UBBB,OPKC,NORMAL,2,2027-01-08T01:03:00.000Z
000040810,UBBB,OOMS,NORMAL,2,2027-01-08T02:05:00.000Z
000040811,UBBB,SKBO,NORMAL,2,2027-01-08T02:13:00.000Z
000040812,UBBB,SABE,NORMAL,2,2027-01-08T02:14:00.000Z
000040813,UBBB,LBSF,NORMAL,2,2027-01-08T02:13:00.000Z
000040814,UBBB,EKCH,NORMAL,2,2027-01-08T02:17:00.000Z
000040815,UBBB,LDZA,NORMAL,2,2027-01-08T02:20:00.000Z
000040816,UBBB,EDDI,NORMAL,2,2027-01-08T02:32:00.000Z
000040817,UBBB,OERK,NORMAL,2,2027-01-08T02:32:00.000Z
000040818,UBBB,SPIM,NORMAL,2,2027-01-08T02:35:00.000Z
000040819,UBBB,OOMS,NORMAL,2,2027-01-08T02:42:00.000Z
000040820,UBBB,OOMS,NORMAL,2,2027-01-08T02:43:00.000Z
000040821,UBBB,OERK,NORMAL,2,2027-01-08T02:53:00.000Z
000040822,UBBB,OJAI,NORMAL,2,2027-01-08T02:50:00.000Z
000040823,UBBB,OPKC,NORMAL,2,2027-01-08T02:01:00.000Z
000040824,UBBB,LBSF,NORMAL,2,2027-01-08T02:00:00.000Z
000040825,UBBB,SUAA,NORMAL,2,2027-01-08T03:02:00.000Z
000040826,UBBB,OSDI,NORMAL,2,2027-01-08T03:10:00.000Z
000040827,UBBB,LOWW,NORMAL,2,2027-01-08T03:15:00.000Z
000040828,UBBB,EDDI,NORMAL,2,2027-01-08T03:14:00.000Z
000040829,UBBB,SKBO,NORMAL,2,2027-01-08T03:23:00.000Z
000040830,UBBB,SEQM,NORMAL,2,2027-01-08T03:22:00.000Z
000040831,UBBB,SGAS,NORMAL,2,2027-01-08T03:24:00.000Z
000040832,UBBB,LOWW,NORMAL,2,2027-01-08T03:28:00.000Z
000040833,UBBB,SGAS,NORMAL,2,2027-01-08T03:40:00.000Z
000040834,UBBB,OPKC,NORMAL,2,2027-01-08T03:40:00.000Z
000040835,UBBB,OPKC,NORMAL,2,2027-01-08T03:43:00.000Z
000040836,UBBB,LBSF,NORMAL,2,2027-01-08T03:51:00.000Z
000040837,UBBB,SEQM,NORMAL,2,2027-01-08T03:55:00.000Z
000040838,UBBB,EKCH,NORMAL,2,2027-01-08T03:58:00.000Z
000040839,UBBB,SEQM,NORMAL,2,2027-01-08T03:02:00.000Z
000040840,UBBB,UMMS,NORMAL,2,2027-01-08T04:07:00.000Z
000040841,UBBB,EKCH,NORMAL,2,2027-01-08T04:07:00.000Z
000040842,UBBB,OERK,NORMAL,2,2027-01-08T04:15:00.000Z
000040843,UBBB,SLLP,NORMAL,2,2027-01-08T04:12:00.000Z
000040844,UBBB,LOWW,NORMAL,2,2027-01-08T04:17:00.000Z
000040845,UBBB,EKCH,NORMAL,2,2027-01-08T04:26:00.000Z
000040846,UBBB,SCEL,NORMAL,2,2027-01-08T04:24:00.000Z
000040847,UBBB,OMDB,NORMAL,2,2027-01-08T04:33:00.000Z
000040848,UBBB,SPIM,NORMAL,2,2027-01-08T04:39:00.000Z
000040849,UBBB,OYSN,NORMAL,2,2027-01-08T04:45:00.000Z
000040850,UBBB,LOWW,NORMAL,1,2027-01-08T04:48:00.000Z
000040851,UBBB,SKBO,NORMAL,1,2027-01-08T04:49:00.000Z
000040852,UBBB,SABE,NORMAL,1,2027-01-08T04:57:00.000Z
000040853,UBBB,SUAA,NORMAL,1,2027-01-08T04:59:00.000Z
000040854,UBBB,LDZA,NORMAL,1,2027-01-08T04:03:00.000Z
000040855,UBBB,SKBO,NORMAL,1,2027-01-08T05:03:00.000Z
000040856,UBBB,OMDB,NORMAL,1,2027-01-08T05:07:00.000Z
000040857,UBBB,SEQM,NORMAL,1,2027-01-08T05:17:00.000Z
000040858,UBBB,UMMS,NORMAL,1,2027-01-08T05:16:00.000Z
000040859,UBBB,EKCH,NORMAL,1,2027-01-08T05:23:00.000Z
000040860,UBBB,EKCH,NORMAL,1,2027-01-08T05:24:00.000Z
000040861,UBBB,SEQM,NORMAL,1,2027-01-08T05:29:00.000Z
000040862,UBBB,EBCI,NORMAL,1,2027-01-08T05:30:00.000Z
000040863,UBBB,SBBR,NORMAL,1,2027-01-08T05:36:00.000Z
000040864,UBBB,SUAA,NORMAL,1,2027-01-08T05:37:00.000Z
000040865,UBBB,LKPR,NORMAL,1,2027-01-08T05:41:00.000Z
000040866,UBBB,EHAM,NORMAL,1,2027-01-08T05:46:00.000Z
000040867,UBBB,OPKC,NORMAL,1,2027-01-08T05:53:00.000Z
000040868,UBBB,SBBR,NORMAL,1,2027-01-08T05:57:00.000Z
000040869,UBBB,SPIM,NORMAL,1,2027-01-08T05:03:00.000Z
000040870,UBBB,EKCH,NORMAL,1,2027-01-08T06:01:00.000Z
000040871,UBBB,LATI,NORMAL,1,2027-01-08T06:13:00.000Z
000040872,UBBB,OAKB,NORMAL,1,2027-01-08T06:12:00.000Z
000040873,UBBB,OSDI,NORMAL,1,2027-01-08T06:12:00.000Z
000040874,UBBB,SUAA,NORMAL,1,2027-01-08T06:25:00.000Z
000040875,UBBB,OYSN,NORMAL,1,2027-01-08T06:28:00.000Z
000040876,UBBB,OOMS,NORMAL,1,2027-01-08T06:26:00.000Z
000040877,UBBB,SLLP,NORMAL,1,2027-01-08T06:29:00.000Z
000040878,UBBB,OMDB,NORMAL,1,2027-01-08T06:34:00.000Z
000040879,UBBB,SGAS,NORMAL,1,2027-01-08T06:41:00.000Z
000040880,UBBB,LKPR,NORMAL,1,2027-01-08T06:49:00.000Z
000040881,UBBB,LBSF,NORMAL,1,2027-01-08T06:51:00.000Z
000040882,UBBB,OMDB,NORMAL,1,2027-01-08T06:57:00.000Z
000040883,UBBB,SBBR,NORMAL,1,2027-01-08T06:54:00.000Z
000040884,UBBB,SGAS,NORMAL,1,2027-01-08T06:03:00.000Z
000040885,UBBB,SPIM,NORMAL,1,2027-01-08T07:09:00.000Z
000040886,UBBB,LBSF,NORMAL,1,2027-01-08T07:04:00.000Z
000040887,UBBB,EDDI,NORMAL,1,2027-01-08T07:12:00.000Z
000040888,UBBB,EDDI,NORMAL,1,2027-01-08T07:18:00.000Z
000040889,UBBB,OPKC,NORMAL,1,2027-01-08T07:22:00.000Z
000040890,UBBB,OAKB,NORMAL,1,2027-01-08T07:29:00.000Z
000040891,UBBB,UMMS,NORMAL,1,2027-01-08T07:30:00.000Z
000040892,UBBB,UMMS,NORMAL,1,2027-01-08T07:36:00.000Z
000040893,UBBB,OYSN,NORMAL,1,2027-01-08T07:34:00.000Z
000040894,UBBB,OERK,NORMAL,1,2027-01-08T07:39:00.000Z
000040895,UBBB,SBBR,NORMAL,1,2027-01-08T07:41:00.000Z
000040896,UBBB,OOMS,NORMAL,1,2027-01-08T07:49:00.000Z
000040897,UBBB,EKCH,NORMAL,1,2027-01-08T07:49:00.000Z
000040898,UBBB,LOWW,NORMAL,1,2027-01-08T07:55:00.000Z
000040899,UBBB,OYSN,NORMAL,1,2027-01-08T07:58:00.000Z
000040900,UBBB,OJAI,NORMAL,1,2027-01-08T08:05:00.000Z
000040901,UBBB,SGAS,NORMAL,1,2027-01-08T08:05:00.000Z
000040902,UBBB,EKCH,NORMAL,1,2027-01-08T08:11:00.000Z
000040903,UBBB,SPIM,NORMAL,1,2027-01-08T08:14:00.000Z
000040904,UBBB,EBCI,NORMAL,1,2027-01-08T08:22:00.000Z
000040905,UBBB,OSDI,NORMAL,1,2027-01-08T08:28:00.000Z
000040906,UBBB,EHAM,NORMAL,1,2027-01-08T08:32:00.000Z
000040907,UBBB,LATI,NORMAL,1,2027-01-08T08:30:00.000Z
000040908,UBBB,OERK,NORMAL,1,2027-01-08T08:40:00.000Z
000040909,UBBB,EBCI,NORMAL,1,2027-01-08T08:45:00.000Z
000040910,UBBB,SLLP,NORMAL,1,2027-01-08T08:40:00.000Z
000040911,UBBB,OOMS,NORMAL,1,2027-01-08T08:46:00.000Z
000040912,UBBB,EBCI,NORMAL,1,2027-01-08T08:51:00.000Z
000040913,UBBB,EKCH,NORMAL,1,2027-01-08T08:59:00.000Z
000040914,UBBB,SKBO,NORMAL,1,2027-01-08T08:03:00.000Z
000040915,UBBB,EDDI,NORMAL,1,2027-01-08T09:05:00.000Z
000040916,UBBB,SUAA,NORMAL,1,2027-01-08T09:11:00.000Z
000040917,UBBB,SVMI,NORMAL,1,2027-01-08T09:13:00.000Z
000040918,UBBB,OSDI,NORMAL,1,2027-01-08T09:17:00.000Z
000040919,UBBB,SCEL,NORMAL,1,2027-01-08T09:25:00.000Z
000040920,UBBB,LBSF,NORMAL,1,2027-01-08T09:21:00.000Z
000040921,UBBB,UMMS,NORMAL,1,2027-01-08T09:26:00.000Z
000040922,UBBB,SLLP,NORMAL,1,2027-01-08T09:30:00.000Z
000040923,UBBB,LKPR,NORMAL,1,2027-01-08T09:39:00.000Z
000040924,UBBB,OJAI,NORMAL,1,2027-01-08T09:44:00.000Z
000040925,UBBB,OERK,NORMAL,1,2027-01-08T09:41:00.000Z
000040926,UBBB,EKCH,NORMAL,1,2027-01-08T09:52:00.000Z
000040927,UBBB,SPIM,NORMAL,1,2027-01-08T09:55:00.000Z
000040928,UBBB,EHAM,NORMAL,1,2027-01-08T09:54:00.000Z
000040929,UBBB,SGAS,NORMAL,1,2027-01-08T09:59:00.000Z
000040930,UBBB,EDDI,NORMAL,1,2027-01-08T10:07:00.000Z
000040931,UBBB,SLLP,NORMAL,1,2027-01-08T10:09:00.000Z
000040932,UBBB,OOMS,NORMAL,1,2027-01-08T10:13:00.000Z
000040933,UBBB,OERK,NORMAL,1,2027-01-08T10:13:00.000Z
000040934,UBBB,LOWW,NORMAL,1,2027-01-08T10:25:00.000Z
000040935,UBBB,EDDI,NORMAL,1,2027-01-08T10:22:00.000Z
000040936,UBBB,OSDI,NORMAL,1,2027-01-08T10:25:00.000Z
000040937,UBBB,LOWW,NORMAL,1,2027-01-08T10:33:00.000Z
000040938,UBBB,SKBO,NORMAL,1,2027-01-08T10:33:00.000Z
000040939,UBBB,LDZA,NORMAL,1,2027-01-08T10:44:00.000Z
000040940,UBBB,SEQM,NORMAL,1,2027-01-08T10:42:00.000Z
000040941,UBBB,LATI,NORMAL,1,2027-01-08T10:50:00.000Z
000040942,UBBB,SKBO,NORMAL,1,2027-01-08T10:55:00.000Z
000040943,UBBB,EBCI,NORMAL,1,2027-01-08T10:54:00.000Z
000040944,UBBB,SVMI,NORMAL,1,2027-01-08T10:00:00.000Z
000040945,UBBB,LOWW,NORMAL,1,2027-01-08T11:00:00.000Z
000040946,UBBB,SABE,NORMAL,1,2027-01-08T11:13:00.000Z
000040947,UBBB,EHAM,NORMAL,1,2027-01-08T11:12:00.000Z
000040948,UBBB,LOWW,NORMAL,1,2027-01-08T11:16:00.000Z
000040949,UBBB,VIDP,NORMAL,1,2027-01-08T11:18:00.000Z
000040950,UBBB,EHAM,NORMAL,1,2027-01-08T11:29:00.000Z
000040951,UBBB,LKPR,NORMAL,1,2027-01-08T11:30:00.000Z
000040952,UBBB,OSDI,NORMAL,1,2027-01-08T11:29:00.000Z
000040953,UBBB,SPIM,NORMAL,1,2027-01-08T11:36:00.000Z
000040954,UBBB,LATI,NORMAL,1,2027-01-08T11:43:00.000Z
000040955,UBBB,LDZA,NORMAL,1,2027-01-08T11:48:00.000Z
000040956,UBBB,OJAI,NORMAL,1,2027-01-08T11:45:00.000Z
000040957,UBBB,LOWW,NORMAL,1,2027-01-08T11:57:00.000Z
000040958,UBBB,UMMS,NORMAL,1,2027-01-08T11:56:00.000Z
000040959,UBBB,VIDP,NORMAL,1,2027-01-08T11:57:00.000Z
000040960,UBBB,SKBO,NORMAL,1,2027-01-08T12:06:00.000Z
000040961,UBBB,SVMI,NORMAL,1,2027-01-08T12:11:00.000Z
000040962,UBBB,SCEL,NORMAL,1,2027-01-08T12:15:00.000Z
000040963,UBBB,SGAS,NORMAL,1,2027-01-08T12:14:00.000Z
000040964,UBBB,LKPR,NORMAL,1,2027-01-08T12:24:00.000Z
000040965,UBBB,SUAA,NORMAL,1,2027-01-08T12:23:00.000Z
000040966,UBBB,OJAI,NORMAL,1,2027-01-08T12:26:00.000Z
000040967,UBBB,UMMS,NORMAL,1,2027-01-08T12:34:00.000Z
000040968,UBBB,LOWW,NORMAL,1,2027-01-08T12:36:00.000Z
000040969,UBBB,SGAS,NORMAL,1,2027-01-08T12:39:00.000Z
000040970,UBBB,OOMS,NORMAL,1,2027-01-08T12:49:00.000Z
000040971,UBBB,LKPR,NORMAL,1,2027-01-08T12:52:00.000Z
000040972,UBBB,EHAM,NORMAL,1,2027-01-08T12:56:00.000Z
000040973,UBBB,EDDI,NORMAL,1,2027-01-08T12:55:00.000Z
000040974,UBBB,LATI,NORMAL,1,2027-01-08T12:56:00.000Z
000040975,UBBB,LOWW,NORMAL,1,2027-01-08T13:07:00.000Z
000040976,UBBB,SKBO,NORMAL,1,2027-01-08T13:09:00.000Z
000040977,UBBB,SKBO,NORMAL,1,2027-01-08T13:09:00.000Z
000040978,UBBB,SVMI,NORMAL,1,2027-01-08T13:16:00.000Z
000040979,UBBB,SBBR,NORMAL,1,2027-01-08T13:18:00.000Z
000040980,UBBB,SGAS,NORMAL,1,2027-01-08T13:29:00.000Z
000040981,UBBB,SBBR,NORMAL,1,2027-01-08T13:31:00.000Z
000040982,UBBB,LBSF,NORMAL,1,2027-01-08T13:32:00.000Z
000040983,UBBB,OERK,NORMAL,1,2027-01-08T13:37:00.000Z
000040984,UBBB,SPIM,NORMAL,1,2027-01-08T13:39:00.000Z
000040985,UBBB,SBBR,NORMAL,1,2027-01-08T13:43:00.000Z
000040986,UBBB,EBCI,NORMAL,1,2027-01-08T13:48:00.000Z
000040987,UBBB,LKPR,NORMAL,1,2027-01-08T13:52:00.000Z
000040988,UBBB,OJAI,NORMAL,1,2027-01-08T13:58:00.000Z
000040989,UBBB,SPIM,NORMAL,1,2027-01-08T13:04:00.000Z
000040990,UBBB,SUAA,NORMAL,1,2027-01-08T14:01:00.000Z
000040991,UBBB,SBBR,NORMAL,1,2027-01-08T14:09:00.000Z
000040992,UBBB,LATI,NORMAL,1,2027-01-08T14:15:00.000Z
000040993,UBBB,LBSF,NORMAL,1,2027-01-08T14:21:00.000Z
000040994,UBBB,EHAM,NORMAL,1,2027-01-08T14:19:00.000Z
000040995,UBBB,EHAM,NORMAL,1,2027-01-08T14:25:00.000Z
000040996,UBBB,UMMS,NORMAL,1,2027-01-08T14:24:00.000Z
000040997,UBBB,OPKC,NORMAL,1,2027-01-08T14:29:00.000Z
000040998,UBBB,SABE,NORMAL,1,2027-01-08T14:37:00.000Z
000040999,UBBB,OSDI,NORMAL,1,2027-01-08T14:41:00.000Z
000041000,UBBB,SCEL,NORMAL,1,2027-01-08T14:46:00.000Z
000041001,UBBB,OOMS,NORMAL,1,2027-01-08T14:47:00.000Z
000041002,UBBB,OERK,NORMAL,1,2027-01-08T14:57:00.000Z
000041003,UBBB,LOWW,NORMAL,1,2027-01-08T14:00:00.000Z
000041004,UBBB,EDDI,NORMAL,1,2027-01-08T14:59:00.000Z
000041005,UBBB,EHAM,NORMAL,1,2027-01-08T15:04:00.000Z
000041006,UBBB,LDZA,NORMAL,1,2027-01-08T15:09:00.000Z
000041007,UBBB,LKPR,NORMAL,1,2027-01-08T15:16:00.000Z
000041008,UBBB,SCEL,NORMAL,1,2027-01-08T15:13:00.000Z
000041009,UBBB,LATI,NORMAL,1,2027-01-08T15:25:00.000Z
000041010,UBBB,EKCH,NORMAL,1,2027-01-08T15:20:00.000Z
000041011,UBBB,SABE,NORMAL,1,2027-01-08T15:24:00.000Z
000041012,UBBB,SABE,NORMAL,1,2027-01-08T15:36:00.000Z
000041013,UBBB,LATI,NORMAL,1,2027-01-08T15:33:00.000Z
000041014,UBBB,OAKB,NORMAL,1,2027-01-08T15:41:00.000Z
000041015,UBBB,EDDI,NORMAL,1,2027-01-08T15:48:00.000Z
000041016,UBBB,LBSF,NORMAL,1,2027-01-08T15:49:00.000Z
000041017,UBBB,SLLP,NORMAL,1,2027-01-08T15:48:00.000Z
000041018,UBBB,SEQM,NORMAL,1,2027-01-08T15:54:00.000Z
000041019,UBBB,SLLP,NORMAL,1,2027-01-08T15:59:00.000Z
000041020,UBBB,LKPR,NORMAL,1,2027-01-08T16:03:00.000Z
000041021,UBBB,LATI,NORMAL,1,2027-01-08T16:10:00.000Z
000041022,UBBB,VIDP,NORMAL,1,2027-01-08T16:11:00.000Z
000041023,UBBB,OMDB,NORMAL,1,2027-01-08T16:15:00.000Z
000041024,UBBB,SABE,NORMAL,1,2027-01-08T16:20:00.000Z
000041025,UBBB,UMMS,NORMAL,1,2027-01-08T16:23:00.000Z
000041026,UBBB,SBBR,NORMAL,1,2027-01-08T16:29:00.000Z
000041027,UBBB,SGAS,NORMAL,1,2027-01-08T16:33:00.000Z
000041028,UBBB,OERK,NORMAL,1,2027-01-08T16:32:00.000Z
000041029,UBBB,LKPR,NORMAL,1,2027-01-08T16:37:00.000Z
000041030,UBBB,SPIM,NORMAL,1,2027-01-08T16:40:00.000Z
000041031,UBBB,OSDI,NORMAL,1,2027-01-08T16:50:00.000Z
000041032,UBBB,SABE,NORMAL,1,2027-01-08T16:52:00.000Z
000041033,UBBB,SBBR,NORMAL,1,2027-01-08T16:52:00.000Z
000041034,UBBB,EHAM,NORMAL,1,2027-01-08T16:04:00.000Z
000041035,UBBB,OMDB,NORMAL,1,2027-01-08T17:06:00.000Z
000041036,UBBB,OYSN,NORMAL,1,2027-01-08T17:05:00.000Z
000041037,UBBB,UMMS,NORMAL,1,2027-01-08T17:09:00.000Z
000041038,UBBB,SEQM,NORMAL,1,2027-01-08T17:19:00.000Z
000041039,UBBB,OAKB,NORMAL,1,2027-01-08T17:23:00.000Z
000041040,UBBB,OYSN,NORMAL,1,2027-01-08T17:21:00.000Z
000041041,UBBB,LATI,NORMAL,1,2027-01-08T17:26:00.000Z
000041042,UBBB,SUAA,NORMAL,1,2027-01-08T17:33:00.000Z
000041043,UBBB,EKCH,NORMAL,1,2027-01-08T17:34:00.000Z
000041044,UBBB,EKCH,NORMAL,1,2027-01-08T17:41:00.000Z
000041045,UBBB,OERK,NORMAL,1,2027-01-08T17:41:00.000Z
000041046,UBBB,OERK,NORMAL,1,2027-01-08T17:49:00.000Z
000041047,UBBB,SGAS,NORMAL,1,2027-01-08T17:50:00.000Z
000041048,UBBB,EDDI,NORMAL,1,2027-01-08T17:01:00.000Z
000041049,UBBB,SBBR,NORMAL,1,2027-01-08T17:01:00.000Z
000041050,UBBB,UMMS,NORMAL,1,2027-01-08T18:04:00.000Z
000041051,UBBB,OAKB,NORMAL,1,2027-01-08T18:09:00.000Z
000041052,UBBB,SEQM,NORMAL,1,2027-01-08T18:12:00.000Z
000041053,UBBB,EDDI,NORMAL,1,2027-01-08T18:20:00.000Z
000041054,UBBB,VIDP,NORMAL,1,2027-01-08T18:19:00.000Z
000041055,UBBB,LOWW,NORMAL,1,2027-01-08T18:27:00.000Z
000041056,UBBB,OMDB,NORMAL,1,2027-01-08T18:30:00.000Z
000041057,UBBB,OJAI,NORMAL,1,2027-01-08T18:30:00.000Z
000041058,UBBB,SLLP,NORMAL,1,2027-01-08T18:39:00.000Z
000041059,UBBB,SBBR,NORMAL,1,2027-01-08T18:42:00.000Z
000041060,UBBB,LKPR,NORMAL,1,2027-01-08T18:49:00.000Z
000041061,UBBB,SKBO,NORMAL,1,2027-01-08T18:52:00.000Z
000041062,UBBB,LATI,NORMAL,1,2027-01-08T18:53:00.000Z
000041063,UBBB,OJAI,NORMAL,1,2027-01-08T18:55:00.000Z
000041064,UBBB,LOWW,NORMAL,1,2027-01-08T18:01:00.000Z
000041065,UBBB,LDZA,NORMAL,1,2027-01-08T19:07:00.000Z
000041066,UBBB,EKCH,NORMAL,1,2027-01-08T19:10:00.000Z
000041067,UBBB,OPKC,NORMAL,1,2027-01-08T19:16:00.000Z
000041068,UBBB,OAKB,NORMAL,1,2027-01-08T19:20:00.000Z
000041069,UBBB,SEQM,NORMAL,1,2027-01-08T19:20:00.000Z
000041070,UBBB,SKBO,NORMAL,1,2027-01-08T19:23:00.000Z
000041071,UBBB,EBCI,NORMAL,1,2027-01-08T19:28:00.000Z
000041072,UBBB,LBSF,NORMAL,1,2027-01-08T19:34:00.000Z
000041073,UBBB,SUAA,NORMAL,1,2027-01-08T19:37:00.000Z
000041074,UBBB,UMMS,NORMAL,1,2027-01-08T19:38:00.000Z
000041075,UBBB,SUAA,NORMAL,1,2027-01-08T19:44:00.000Z
000041076,UBBB,SUAA,NORMAL,1,2027-01-08T19:52:00.000Z
000041077,UBBB,EBCI,NORMAL,1,2027-01-08T19:54:00.000Z
000041078,UBBB,LOWW,NORMAL,1,2027-01-08T19:00:00.000Z
000041079,UBBB,SPIM,NORMAL,1,2027-01-08T19:58:00.000Z
000041080,UBBB,LATI,NORMAL,1,2027-01-08T20:02:00.000Z
000041081,UBBB,OERK,NORMAL,1,2027-01-08T20:13:00.000Z
000041082,UBBB,UMMS,NORMAL,1,2027-01-08T20:14:00.000Z
000041083,UBBB,SCEL,NORMAL,1,2027-01-08T20:13:00.000Z
000041084,UBBB,EDDI,NORMAL,1,2027-01-08T20:19:00.000Z
000041085,UBBB,SPIM,NORMAL,1,2027-01-08T20:26:00.000Z
000041086,UBBB,SABE,NORMAL,1,2027-01-08T20:28:00.000Z
000041087,UBBB,EBCI,NORMAL,1,2027-01-08T20:28:00.000Z
000041088,UBBB,SBBR,NORMAL,1,2027-01-08T20:41:00.000Z
000041089,UBBB,SABE,NORMAL,1,2027-01-08T20:43:00.000Z
000041090,UBBB,OERK,NORMAL,1,2027-01-08T20:40:00.000Z
000041091,UBBB,OSDI,NORMAL,1,2027-01-08T20:51:00.000Z
000041092,UBBB,SABE,NORMAL,1,2027-01-08T20:55:00.000Z
000041093,UBBB,SLLP,NORMAL,1,2027-01-08T20:58:00.000Z
000041094,UBBB,SUAA,NORMAL,1,2027-01-08T20:59:00.000Z
000041095,UBBB,SABE,NORMAL,1,2027-01-08T21:07:00.000Z
000041096,UBBB,EKCH,NORMAL,1,2027-01-08T21:10:00.000Z
000041097,UBBB,SCEL,NORMAL,1,2027-01-08T21:08:00.000Z
000041098,UBBB,VIDP,NORMAL,1,2027-01-08T21:21:00.000Z
000041099,UBBB,SCEL,NORMAL,1,2027-01-08T21:21:00.000Z
000041100,UBBB,SKBO,NORMAL,1,2027-01-08T21:28:00.000Z
000041101,UBBB,LOWW,NORMAL,1,2027-01-08T21:29:00.000Z
000041102,UBBB,UMMS,NORMAL,1,2027-01-08T21:30:00.000Z
000041103,UBBB,OJAI,NORMAL,1,2027-01-08T21:36:00.000Z
000041104,UBBB,LKPR,NORMAL,1,2027-01-08T21:44:00.000Z
000041105,UBBB,OYSN,NORMAL,1,2027-01-08T21:47:00.000Z
000041106,UBBB,SBBR,NORMAL,1,2027-01-08T21:48:00.000Z
000041107,UBBB,LDZA,NORMAL,1,2027-01-08T21:55:00.000Z
000041108,UBBB,EKCH,NORMAL,1,2027-01-08T21:54:00.000Z
000041109,UBBB,EKCH,NORMAL,1,2027-01-08T21:58:00.000Z
000041110,UBBB,LBSF,NORMAL,1,2027-01-08T22:00:00.000Z
000041111,UBBB,SPIM,NORMAL,1,2027-01-08T22:12:00.000Z
000041112,UBBB,SUAA,NORMAL,1,2027-01-08T22:09:00.000Z
000041113,UBBB,OOMS,NORMAL,1,2027-01-08T22:21:00.000Z
000041114,UBBB,SPIM,NORMAL,1,2027-01-08T22:24:00.000Z
000041115,UBBB,OYSN,NORMAL,1,2027-01-08T22:26:00.000Z
000041116,UBBB,SGAS,NORMAL,1,2027-01-08T22:28:00.000Z
000041117,UBBB,SKBO,NORMAL,1,2027-01-08T22:31:00.000Z
000041118,UBBB,OPKC,NORMAL,1,2027-01-08T22:34:00.000Z
000041119,UBBB,LOWW,NORMAL,1,2027-01-08T22:42:00.000Z
000041120,UBBB,SUAA,NORMAL,1,2027-01-08T22:47:00.000Z
000041121,UBBB,LOWW,NORMAL,1,2027-01-08T22:51:00.000Z
000041122,UBBB,OERK,NORMAL,1,2027-01-08T22:48:00.000Z
000041123,UBBB,SGAS,NORMAL,1,2027-01-08T22:55:00.000Z
000041124,UBBB,SBBR,NORMAL,1,2027-01-08T22:02:00.000Z
000041125,UBBB,EBCI,NORMAL,1,2027-01-08T23:03:00.000Z
000041126,UBBB,EKCH,NORMAL,1,2027-01-08T23:06:00.000Z
000041127,UBBB,SEQM,NORMAL,1,2027-01-08T23:08:00.000Z
000041128,UBBB,SBBR,NORMAL,1,2027-01-08T23:20:00.000Z
000043636,UMMS,OPKC,NORMAL,2,2027-01-08T00:05:00.000Z
000043637,UMMS,UBBB,NORMAL,2,2027-01-08T00:09:00.000Z
000043638,UMMS,SBBR,NORMAL,2,2027-01-08T00:17:00.000Z
000043639,UMMS,LDZA,NORMAL,2,2027-01-08T00:24:00.000Z
000043640,UMMS,EHAM,NORMAL,2,2027-01-08T00:20:00.000Z
000043641,UMMS,LOWW,NORMAL,2,2027-01-08T00:28:00.000Z
000043642,UMMS,OERK,NORMAL,2,2027-01-08T00:29:00.000Z
000043643,UMMS,EHAM,NORMAL,2,2027-01-08T00:39:00.000Z
000043644,UMMS,SABE,NORMAL,2,2027-01-08T00:42:00.000Z
000043645,UMMS,OAKB,NORMAL,2,2027-01-08T00:45:00.000Z
000043646,UMMS,SEQM,NORMAL,2,2027-01-08T00:49:00.000Z
000043647,UMMS,EKCH,NORMAL,2,2027-01-08T00:51:00.000Z
000043648,UMMS,OOMS,NORMAL,2,2027-01-08T00:56:00.000Z
000043649,UMMS,OMDB,NORMAL,2,2027-01-08T00:02:00.000Z
000043650,UMMS,OYSN,NORMAL,2,2027-01-08T01:01:00.000Z
000043651,UMMS,OJAI,NORMAL,2,2027-01-08T01:05:00.000Z
000043652,UMMS,OAKB,NORMAL,2,2027-01-08T01:13:00.000Z
000043653,UMMS,SEQM,NORMAL,2,2027-01-08T01:20:00.000Z
000043654,UMMS,OERK,NORMAL,2,2027-01-08T01:21:00.000Z
000043655,UMMS,SGAS,NORMAL,2,2027-01-08T01:24:00.000Z
000043656,UMMS,OPKC,NORMAL,2,2027-01-08T01:32:00.000Z
000043657,UMMS,LKPR,NORMAL,2,2027-01-08T01:37:00.000Z
000043658,UMMS,OPKC,NORMAL,2,2027-01-08T01:33:00.000Z
000043659,UMMS,OOMS,NORMAL,2,2027-01-08T01:37:00.000Z
000043660,UMMS,UBBB,NORMAL,2,2027-01-08T01:46:00.000Z
000043661,UMMS,OAKB,NORMAL,2,2027-01-08T01:44:00.000Z
000043662,UMMS,EBCI,NORMAL,2,2027-01-08T01:49:00.000Z
000043663,UMMS,OOMS,NORMAL,2,2027-01-08T01:52:00.000Z
000043664,UMMS,EHAM,NORMAL,2,2027-01-08T01:58:00.000Z
000043665,UMMS,SEQM,NORMAL,2,2027-01-08T02:05:00.000Z
000043666,UMMS,LATI,NORMAL,2,2027-01-08T02:09:00.000Z
000043667,UMMS,SABE,NORMAL,2,2027-01-08T02:11:00.000Z
000043668,UMMS,LBSF,NORMAL,2,2027-01-08T02:13:00.000Z
000043669,UMMS,SUAA,NORMAL,2,2027-01-08T02:24:00.000Z
000043670,UMMS,SPIM,NORMAL,2,2027-01-08T02:29:00.000Z
000043671,UMMS,LATI,NORMAL,2,2027-01-08T02:32:00.000Z
000043672,UMMS,SABE,NORMAL,2,2027-01-08T02:29:00.000Z
000043673,UMMS,SBBR,NORMAL,2,2027-01-08T02:32:00.000Z
000043674,UMMS,EDDI,NORMAL,2,2027-01-08T02:43:00.000Z
000043675,UMMS,LDZA,NORMAL,2,2027-01-08T02:49:00.000Z
000043676,UMMS,VIDP,NORMAL,2,2027-01-08T02:48:00.000Z
000043677,UMMS,SEQM,NORMAL,2,2027-01-08T02:50:00.000Z
000043678,UMMS,LDZA,NORMAL,2,2027-01-08T02:57:00.000Z
000043679,UMMS,OJAI,NORMAL,2,2027-01-08T02:59:00.000Z
000043680,UMMS,SABE,NORMAL,2,2027-01-08T03:06:00.000Z
000043681,UMMS,SVMI,NORMAL,2,2027-01-08T03:07:00.000Z
000043682,UMMS,SBBR,NORMAL,2,2027-01-08T03:12:00.000Z
000043683,UMMS,SVMI,NORMAL,2,2027-01-08T03:15:00.000Z
000043684,UMMS,SBBR,NORMAL,2,2027-01-08T03:24:00.000Z
000043685,UMMS,EDDI,NORMAL,2,2027-01-08T03:25:00.000Z
000043686,UMMS,SCEL,NORMAL,2,2027-01-08T03:25:00.000Z
000043687,UMMS,UBBB,NORMAL,2,2027-01-08T03:36:00.000Z
000043688,UMMS,OPKC,NORMAL,2,2027-01-08T03:36:00.000Z
000043689,UMMS,OYSN,NORMAL,2,2027-01-08T03:44:00.000Z
000043690,UMMS,OAKB,NORMAL,2,2027-01-08T03:46:00.000Z
000043691,UMMS,UBBB,NORMAL,2,2027-01-08T03:50:00.000Z
000043692,UMMS,OPKC,NORMAL,2,2027-01-08T03:48:00.000Z
000043693,UMMS,UBBB,NORMAL,2,2027-01-08T03:56:00.000Z
000043694,UMMS,SKBO,NORMAL,2,2027-01-08T03:59:00.000Z
000043695,UMMS,SBBR,NORMAL,2,2027-01-08T04:05:00.000Z
000043696,UMMS,SEQM,NORMAL,2,2027-01-08T04:04:00.000Z
000043697,UMMS,LDZA,NORMAL,2,2027-01-08T04:09:00.000Z
000043698,UMMS,SVMI,NORMAL,2,2027-01-08T04:13:00.000Z
000043699,UMMS,LBSF,NORMAL,2,2027-01-08T04:21:00.000Z
000043700,UMMS,OPKC,NORMAL,2,2027-01-08T04:22:00.000Z
000043701,UMMS,OJAI,NORMAL,2,2027-01-08T04:27:00.000Z
000043702,UMMS,SEQM,NORMAL,2,2027-01-08T04:31:00.000Z
000043703,UMMS,LKPR,NORMAL,2,2027-01-08T04:41:00.000Z
000043704,UMMS,SBBR,NORMAL,2,2027-01-08T04:37:00.000Z
000043705,UMMS,VIDP,NORMAL,2,2027-01-08T04:41:00.000Z
000043706,UMMS,SGAS,NORMAL,2,2027-01-08T04:44:00.000Z
000043707,UMMS,OAKB,NORMAL,2,2027-01-08T04:52:00.000Z
000043708,UMMS,SPIM,NORMAL,2,2027-01-08T04:56:00.000Z
000043709,UMMS,SPIM,NORMAL,2,2027-01-08T04:02:00.000Z
000043710,UMMS,EDDI,NORMAL,2,2027-01-08T05:09:00.000Z
000043711,UMMS,OYSN,NORMAL,2,2027-01-08T05:07:00.000Z
000043712,UMMS,SCEL,NORMAL,2,2027-01-08T05:14:00.000Z
000043713,UMMS,OMDB,NORMAL,2,2027-01-08T05:19:00.000Z
000043714,UMMS,EKCH,NORMAL,2,2027-01-08T05:19:00.000Z
000043715,UMMS,OOMS,NORMAL,2,2027-01-08T05:27:00.000Z
000043716,UMMS,OJAI,NORMAL,2,2027-01-08T05:27:00.000Z
000043717,UMMS,EBCI,NORMAL,2,2027-01-08T05:33:00.000Z
000043718,UMMS,SUAA,NORMAL,2,2027-01-08T05:37:00.000Z
000043719,UMMS,OERK,NORMAL,2,2027-01-08T05:43:00.000Z
000043720,UMMS,LATI,NORMAL,2,2027-01-08T05:49:00.000Z
000043721,UMMS,SLLP,NORMAL,2,2027-01-08T05:49:00.000Z
000043722,UMMS,VIDP,NORMAL,2,2027-01-08T05:48:00.000Z
000043723,UMMS,SABE,NORMAL,2,2027-01-08T05:57:00.000Z
000043724,UMMS,SEQM,NORMAL,2,2027-01-08T05:57:00.000Z
000043725,UMMS,OPKC,NORMAL,2,2027-01-08T06:06:00.000Z
000043726,UMMS,VIDP,NORMAL,2,2027-01-08T06:11:00.000Z
000043727,UMMS,SBBR,NORMAL,2,2027-01-08T06:14:00.000Z
000043728,UMMS,SCEL,NORMAL,2,2027-01-08T06:20:00.000Z
000043729,UMMS,SUAA,NORMAL,2,2027-01-08T06:21:00.000Z
000043730,UMMS,SLLP,NORMAL,2,2027-01-08T06:26:00.000Z
000043731,UMMS,OJAI,NORMAL,2,2027-01-08T06:27:00.000Z
000043732,UMMS,EKCH,NORMAL,2,2027-01-08T06:37:00.000Z
000043733,UMMS,VIDP,NORMAL,2,2027-01-08T06:39:00.000Z
000043734,UMMS,SLLP,NORMAL,2,2027-01-08T06:36:00.000Z
000043735,UMMS,OERK,NORMAL,2,2027-01-08T06:42:00.000Z
000043736,UMMS,OERK,NORMAL,2,2027-01-08T06:47:00.000Z
000043737,UMMS,LBSF,NORMAL,2,2027-01-08T06:51:00.000Z
000043738,UMMS,LOWW,NORMAL,2,2027-01-08T06:58:00.000Z
000043739,UMMS,EBCI,NORMAL,2,2027-01-08T06:56:00.000Z
000043740,UMMS,EDDI,NORMAL,2,2027-01-08T07:00:00.000Z
000043741,UMMS,OJAI,NORMAL,2,2027-01-08T07:11:00.000Z
000043742,UMMS,EHAM,NORMAL,2,2027-01-08T07:08:00.000Z
000043743,UMMS,SGAS,NORMAL,2,2027-01-08T07:19:00.000Z
000043744,UMMS,SGAS,NORMAL,2,2027-01-08T07:18:00.000Z
000043745,UMMS,SUAA,NORMAL,2,2027-01-08T07:21:00.000Z
000043746,UMMS,VIDP,NORMAL,2,2027-01-08T07:24:00.000Z
000043747,UMMS,SVMI,NORMAL,2,2027-01-08T07:36:00.000Z
000043748,UMMS,LATI,NORMAL,2,2027-01-08T07:38:00.000Z
000043749,UMMS,OSDI,NORMAL,2,2027-01-08T07:38:00.000Z
000043750,UMMS,OPKC,NORMAL,2,2027-01-08T07:49:00.000Z
000043751,UMMS,SUAA,NORMAL,2,2027-01-08T07:53:00.000Z
000043752,UMMS,VIDP,NORMAL,2,2027-01-08T07:54:00.000Z
000043753,UMMS,EHAM,NORMAL,2,2027-01-08T07:01:00.000Z
000043754,UMMS,SEQM,NORMAL,1,2027-01-08T07:59:00.000Z
000043755,UMMS,SCEL,NORMAL,1,2027-01-08T08:04:00.000Z
000043756,UMMS,SGAS,NORMAL,1,2027-01-08T08:05:00.000Z
000043757,UMMS,SEQM,NORMAL,1,2027-01-08T08:11:00.000Z
000043758,UMMS,OERK,NORMAL,1,2027-01-08T08:15:00.000Z
000043759,UMMS,SPIM,NORMAL,1,2027-01-08T08:23:00.000Z
000043760,UMMS,EBCI,NORMAL,1,2027-01-08T08:22:00.000Z
000043761,UMMS,SPIM,NORMAL,1,2027-01-08T08:31:00.000Z
000043762,UMMS,OSDI,NORMAL,1,2027-01-08T08:37:00.000Z
000043763,UMMS,UBBB,NORMAL,1,2027-01-08T08:39:00.000Z
000043764,UMMS,SUAA,NORMAL,1,2027-01-08T08:41:00.000Z
000043765,UMMS,LBSF,NORMAL,1,2027-01-08T08:45:00.000Z
000043766,UMMS,EDDI,NORMAL,1,2027-01-08T08:53:00.000Z
000043767,UMMS,SLLP,NORMAL,1,2027-01-08T08:55:00.000Z
000043768,UMMS,EHAM,NORMAL,1,2027-01-08T08:59:00.000Z
000043769,UMMS,SUAA,NORMAL,1,2027-01-08T08:57:00.000Z
000043770,UMMS,VIDP,NORMAL,1,2027-01-08T09:07:00.000Z
000043771,UMMS,EHAM,NORMAL,1,2027-01-08T09:08:00.000Z
000043772,UMMS,OJAI,NORMAL,1,2027-01-08T09:16:00.000Z
000043773,UMMS,OOMS,NORMAL,1,2027-01-08T09:16:00.000Z
000043774,UMMS,EBCI,NORMAL,1,2027-01-08T09:24:00.000Z
000043775,UMMS,LDZA,NORMAL,1,2027-01-08T09:20:00.000Z
000043776,UMMS,EHAM,NORMAL,1,2027-01-08T09:31:00.000Z
000043777,UMMS,LATI,NORMAL,1,2027-01-08T09:31:00.000Z
000043778,UMMS,OSDI,NORMAL,1,2027-01-08T09:34:00.000Z
000043779,UMMS,SKBO,NORMAL,1,2027-01-08T09:42:00.000Z
000043780,UMMS,EKCH,NORMAL,1,2027-01-08T09:43:00.000Z
000043781,UMMS,SLLP,NORMAL,1,2027-01-08T09:44:00.000Z
000043782,UMMS,OYSN,NORMAL,1,2027-01-08T09:50:00.000Z
000043783,UMMS,EBCI,NORMAL,1,2027-01-08T09:54:00.000Z
000043784,UMMS,VIDP,NORMAL,1,2027-01-08T09:04:00.000Z
000043785,UMMS,SCEL,NORMAL,1,2027-01-08T10:08:00.000Z
000043786,UMMS,SGAS,NORMAL,1,2027-01-08T10:12:00.000Z
000043787,UMMS,EHAM,NORMAL,1,2027-01-08T10:12:00.000Z
000043788,UMMS,SVMI,NORMAL,1,2027-01-08T10:20:00.000Z
000043789,UMMS,OJAI,NORMAL,1,2027-01-08T10:16:00.000Z
000043790,UMMS,SBBR,NORMAL,1,2027-01-08T10:22:00.000Z
000043791,UMMS,SGAS,NORMAL,1,2027-01-08T10:24:00.000Z
000043792,UMMS,SPIM,NORMAL,1,2027-01-08T10:32:00.000Z
000043793,UMMS,SCEL,NORMAL,1,2027-01-08T10:39:00.000Z
000043794,UMMS,LATI,NORMAL,1,2027-01-08T10:43:00.000Z
000043795,UMMS,VIDP,NORMAL,1,2027-01-08T10:40:00.000Z
000043796,UMMS,OPKC,NORMAL,1,2027-01-08T10:48:00.000Z
000043797,UMMS,OSDI,NORMAL,1,2027-01-08T10:51:00.000Z
000043798,UMMS,EHAM,NORMAL,1,2027-01-08T10:57:00.000Z
000043799,UMMS,OMDB,NORMAL,1,2027-01-08T10:04:00.000Z
000043800,UMMS,LDZA,NORMAL,1,2027-01-08T11:06:00.000Z
000043801,UMMS,SBBR,NORMAL,1,2027-01-08T11:12:00.000Z
000043802,UMMS,OMDB,NORMAL,1,2027-01-08T11:12:00.000Z
000043803,UMMS,LDZA,NORMAL,1,2027-01-08T11:20:00.000Z
000043804,UMMS,OYSN,NORMAL,1,2027-01-08T11:25:00.000Z
000043805,UMMS,EBCI,NORMAL,1,2027-01-08T11:20:00.000Z
000043806,UMMS,SABE,NORMAL,1,2027-01-08T11:30:00.000Z
000043807,UMMS,LOWW,NORMAL,1,2027-01-08T11:35:00.000Z
000043808,UMMS,SABE,NORMAL,1,2027-01-08T11:41:00.000Z
000043809,UMMS,EDDI,NORMAL,1,2027-01-08T11:37:00.000Z
000043810,UMMS,OAKB,NORMAL,1,2027-01-08T11:42:00.000Z
000043811,UMMS,VIDP,NORMAL,1,2027-01-08T11:47:00.000Z
000043812,UMMS,OPKC,NORMAL,1,2027-01-08T11:49:00.000Z
000043813,UMMS,LDZA,NORMAL,1,2027-01-08T11:53:00.000Z
000043814,UMMS,SGAS,NORMAL,1,2027-01-08T11:03:00.000Z
000043815,UMMS,OAKB,NORMAL,1,2027-01-08T12:02:00.000Z
000043816,UMMS,OERK,NORMAL,1,2027-01-08T12:05:00.000Z
000043817,UMMS,LATI,NORMAL,1,2027-01-08T12:11:00.000Z
000043818,UMMS,LDZA,NORMAL,1,2027-01-08T12:14:00.000Z
000043819,UMMS,LKPR,NORMAL,1,2027-01-08T12:17:00.000Z
000043820,UMMS,OAKB,NORMAL,1,2027-01-08T12:25:00.000Z
000043821,UMMS,LDZA,NORMAL,1,2027-01-08T12:25:00.000Z
000043822,UMMS,SPIM,NORMAL,1,2027-01-08T12:35:00.000Z
000043823,UMMS,LKPR,NORMAL,1,2027-01-08T12:35:00.000Z
000043824,UMMS,SPIM,NORMAL,1,2027-01-08T12:45:00.000Z
000043825,UMMS,SKBO,NORMAL,1,2027-01-08T12:40:00.000Z
000043826,UMMS,OYSN,NORMAL,1,2027-01-08T12:46:00.000Z
000043827,UMMS,LOWW,NORMAL,1,2027-01-08T12:50:00.000Z
000043828,UMMS,OERK,NORMAL,1,2027-01-08T12:55:00.000Z
000043829,UMMS,SKBO,NORMAL,1,2027-01-08T12:02:00.000Z
000043830,UMMS,EHAM,NORMAL,1,2027-01-08T13:02:00.000Z
000043831,UMMS,EDDI,NORMAL,1,2027-01-08T13:11:00.000Z
000043832,UMMS,LBSF,NORMAL,1,2027-01-08T13:12:00.000Z
000043833,UMMS,OJAI,NORMAL,1,2027-01-08T13:18:00.000Z
000043834,UMMS,LOWW,NORMAL,1,2027-01-08T13:18:00.000Z
000043835,UMMS,EHAM,NORMAL,1,2027-01-08T13:26:00.000Z
000043836,UMMS,OPKC,NORMAL,1,2027-01-08T13:31:00.000Z
000043837,UMMS,LKPR,NORMAL,1,2027-01-08T13:32:00.000Z
000043838,UMMS,LDZA,NORMAL,1,2027-01-08T13:35:00.000Z
000043839,UMMS,OYSN,NORMAL,1,2027-01-08T13:45:00.000Z
000043840,UMMS,OPKC,NORMAL,1,2027-01-08T13:41:00.000Z
000043841,UMMS,LBSF,NORMAL,1,2027-01-08T13:51:00.000Z
000043842,UMMS,OMDB,NORMAL,1,2027-01-08T13:53:00.000Z
000043843,UMMS,SABE,NORMAL,1,2027-01-08T13:58:00.000Z
000043844,UMMS,SVMI,NORMAL,1,2027-01-08T13:03:00.000Z
000043845,UMMS,SKBO,NORMAL,1,2027-01-08T14:04:00.000Z
000043846,UMMS,EHAM,NORMAL,1,2027-01-08T14:05:00.000Z
000043847,UMMS,OYSN,NORMAL,1,2027-01-08T14:10:00.000Z
000043848,UMMS,LDZA,NORMAL,1,2027-01-08T14:18:00.000Z
000043849,UMMS,LBSF,NORMAL,1,2027-01-08T14:22:00.000Z
000043850,UMMS,OPKC,NORMAL,1,2027-01-08T14:26:00.000Z
000043851,UMMS,SUAA,NORMAL,1,2027-01-08T14:30:00.000Z
000043852,UMMS,OERK,NORMAL,1,2027-01-08T14:29:00.000Z
000043853,UMMS,SUAA,NORMAL,1,2027-01-08T14:37:00.000Z
000043854,UMMS,SGAS,NORMAL,1,2027-01-08T14:42:00.000Z
000043855,UMMS,LBSF,NORMAL,1,2027-01-08T14:42:00.000Z
000043856,UMMS,OERK,NORMAL,1,2027-01-08T14:51:00.000Z
000043857,UMMS,OYSN,NORMAL,1,2027-01-08T14:48:00.000Z
000043858,UMMS,LKPR,NORMAL,1,2027-01-08T14:54:00.000Z
000043859,UMMS,SGAS,NORMAL,1,2027-01-08T14:00:00.000Z
000043860,UMMS,VIDP,NORMAL,1,2027-01-08T15:03:00.000Z
000043861,UMMS,LKPR,NORMAL,1,2027-01-08T15:11:00.000Z
000043862,UMMS,SCEL,NORMAL,1,2027-01-08T15:15:00.000Z
000043863,UMMS,VIDP,NORMAL,1,2027-01-08T15:13:00.000Z
000043864,UMMS,OJAI,NORMAL,1,2027-01-08T15:23:00.000Z
000043865,UMMS,LKPR,NORMAL,1,2027-01-08T15:25:00.000Z
000043866,UMMS,EHAM,NORMAL,1,2027-01-08T15:31:00.000Z
000043867,UMMS,LOWW,NORMAL,1,2027-01-08T15:30:00.000Z
000043868,UMMS,EHAM,NORMAL,1,2027-01-08T15:39:00.000Z
000043869,UMMS,SVMI,NORMAL,1,2027-01-08T15:40:00.000Z
000043870,UMMS,SLLP,NORMAL,1,2027-01-08T15:44:00.000Z
000043871,UMMS,OMDB,NORMAL,1,2027-01-08T15:50:00.000Z
000043872,UMMS,LOWW,NORMAL,1,2027-01-08T15:48:00.000Z
000043873,UMMS,SBBR,NORMAL,1,2027-01-08T15:58:00.000Z
000043874,UMMS,EKCH,NORMAL,1,2027-01-08T15:59:00.000Z
000043875,UMMS,LDZA,NORMAL,1,2027-01-08T16:02:00.000Z
000043876,UMMS,UBBB,NORMAL,1,2027-01-08T16:08:00.000Z
000043877,UMMS,OYSN,NORMAL,1,2027-01-08T16:16:00.000Z
000043878,UMMS,SKBO,NORMAL,1,2027-01-08T16:12:00.000Z
000043879,UMMS,SGAS,NORMAL,1,2027-01-08T16:17:00.000Z
000043880,UMMS,OAKB,NORMAL,1,2027-01-08T16:26:00.000Z
000043881,UMMS,SCEL,NORMAL,1,2027-01-08T16:27:00.000Z
000043882,UMMS,OPKC,NORMAL,1,2027-01-08T16:33:00.000Z
000043883,UMMS,SVMI,NORMAL,1,2027-01-08T16:39:00.000Z
000043884,UMMS,EKCH,NORMAL,1,2027-01-08T16:43:00.000Z
000043885,UMMS,OAKB,NORMAL,1,2027-01-08T16:46:00.000Z
000043886,UMMS,VIDP,NORMAL,1,2027-01-08T16:45:00.000Z
000043887,UMMS,SABE,NORMAL,1,2027-01-08T16:50:00.000Z
000043888,UMMS,SBBR,NORMAL,1,2027-01-08T16:58:00.000Z
000043889,UMMS,SKBO,NORMAL,1,2027-01-08T16:02:00.000Z
000043890,UMMS,SGAS,NORMAL,1,2027-01-08T17:06:00.000Z
000043891,UMMS,VIDP,NORMAL,1,2027-01-08T17:06:00.000Z
000043892,UMMS,SPIM,NORMAL,1,2027-01-08T17:08:00.000Z
000043893,UMMS,LBSF,NORMAL,1,2027-01-08T17:18:00.000Z
000043894,UMMS,SABE,NORMAL,1,2027-01-08T17:22:00.000Z
000043895,UMMS,EKCH,NORMAL,1,2027-01-08T17:21:00.000Z
000043896,UMMS,SCEL,NORMAL,1,2027-01-08T17:30:00.000Z
000043897,UMMS,VIDP,NORMAL,1,2027-01-08T17:32:00.000Z
000043898,UMMS,UBBB,NORMAL,1,2027-01-08T17:35:00.000Z
000043899,UMMS,OAKB,NORMAL,1,2027-01-08T17:43:00.000Z
000043900,UMMS,EKCH,NORMAL,1,2027-01-08T17:42:00.000Z
000043901,UMMS,EBCI,NORMAL,1,2027-01-08T17:48:00.000Z
000043902,UMMS,OYSN,NORMAL,1,2027-01-08T17:53:00.000Z
000043903,UMMS,LATI,NORMAL,1,2027-01-08T17:00:00.000Z
000043904,UMMS,SGAS,NORMAL,1,2027-01-08T17:01:00.000Z
000043905,UMMS,UBBB,NORMAL,1,2027-01-08T18:09:00.000Z
000043906,UMMS,LDZA,NORMAL,1,2027-01-08T18:13:00.000Z
000043907,UMMS,SBBR,NORMAL,1,2027-01-08T18:09:00.000Z
000043908,UMMS,LOWW,NORMAL,1,2027-01-08T18:16:00.000Z
000043909,UMMS,OOMS,NORMAL,1,2027-01-08T18:20:00.000Z
000043910,UMMS,OSDI,NORMAL,1,2027-01-08T18:24:00.000Z
000043911,UMMS,OPKC,NORMAL,1,2027-01-08T18:30:00.000Z
000043912,UMMS,LOWW,NORMAL,1,2027-01-08T18:32:00.000Z
000043913,UMMS,OAKB,NORMAL,1,2027-01-08T18:38:00.000Z
000043914,UMMS,UBBB,NORMAL,1,2027-01-08T18:38:00.000Z
000043915,UMMS,SBBR,NORMAL,1,2027-01-08T18:47:00.000Z
000043916,UMMS,OERK,NORMAL,1,2027-01-08T18:47:00.000Z
000043917,UMMS,SABE,NORMAL,1,2027-01-08T18:49:00.000Z
000043918,UMMS,SABE,NORMAL,1,2027-01-08T18:52:00.000Z
000043919,UMMS,SBBR,NORMAL,1,2027-01-08T18:04:00.000Z
000043920,UMMS,VIDP,NORMAL,1,2027-01-08T19:05:00.000Z
000043921,UMMS,LBSF,NORMAL,1,2027-01-08T19:11:00.000Z
000043922,UMMS,SLLP,NORMAL,1,2027-01-08T19:11:00.000Z
000043923,UMMS,OOMS,NORMAL,1,2027-01-08T19:20:00.000Z
000043924,UMMS,SGAS,NORMAL,1,2027-01-08T19:24:00.000Z
000043925,UMMS,VIDP,NORMAL,1,2027-01-08T19:24:00.000Z
000043926,UMMS,SLLP,NORMAL,1,2027-01-08T19:31:00.000Z
000043927,UMMS,SPIM,NORMAL,1,2027-01-08T19:34:00.000Z
000043928,UMMS,SVMI,NORMAL,1,2027-01-08T19:37:00.000Z
000043929,UMMS,SUAA,NORMAL,1,2027-01-08T19:45:00.000Z
000043930,UMMS,SKBO,NORMAL,1,2027-01-08T19:47:00.000Z
000043931,UMMS,EBCI,NORMAL,1,2027-01-08T19:52:00.000Z
000043932,UMMS,OSDI,NORMAL,1,2027-01-08T19:51:00.000Z
000043933,UMMS,UBBB,NORMAL,1,2027-01-08T19:56:00.000Z
000043934,UMMS,SEQM,NORMAL,1,2027-01-08T19:05:00.000Z
000043935,UMMS,EBCI,NORMAL,1,2027-01-08T20:08:00.000Z
000043936,UMMS,VIDP,NORMAL,1,2027-01-08T20:07:00.000Z
000043937,UMMS,LKPR,NORMAL,1,2027-01-08T20:10:00.000Z
000043938,UMMS,SEQM,NORMAL,1,2027-01-08T20:13:00.000Z
000043939,UMMS,SCEL,NORMAL,1,2027-01-08T20:20:00.000Z
000043940,UMMS,OAKB,NORMAL,1,2027-01-08T20:27:00.000Z
000043941,UMMS,UBBB,NORMAL,1,2027-01-08T20:31:00.000Z
000043942,UMMS,SPIM,NORMAL,1,2027-01-08T20:33:00.000Z
000043943,UMMS,OAKB,NORMAL,1,2027-01-08T20:38:00.000Z
000043944,UMMS,OOMS,NORMAL,1,2027-01-08T20:38:00.000Z
000043945,UMMS,SBBR,NORMAL,1,2027-01-08T20:46:00.000Z
000043946,UMMS,OSDI,NORMAL,1,2027-01-08T20:46:00.000Z
000043947,UMMS,OAKB,NORMAL,1,2027-01-08T20:55:00.000Z
000043948,UMMS,OPKC,NORMAL,1,2027-01-08T20:58:00.000Z
000043949,UMMS,EHAM,NORMAL,1,2027-01-08T20:03:00.000Z
000043950,UMMS,OYSN,NORMAL,1,2027-01-08T21:02:00.000Z
000043951,UMMS,LOWW,NORMAL,1,2027-01-08T21:11:00.000Z
000043952,UMMS,SUAA,NORMAL,1,2027-01-08T21:13:00.000Z
000043953,UMMS,OERK,NORMAL,1,2027-01-08T21:20:00.000Z
000043954,UMMS,SGAS,NORMAL,1,2027-01-08T21:21:00.000Z
000043955,UMMS,OPKC,NORMAL,1,2027-01-08T21:21:00.000Z
000043956,UMMS,EHAM,NORMAL,1,2027-01-08T21:24:00.000Z
000043957,UMMS,SCEL,NORMAL,1,2027-01-08T21:29:00.000Z
000043958,UMMS,VIDP,NORMAL,1,2027-01-08T21:34:00.000Z
000043959,UMMS,OERK,NORMAL,1,2027-01-08T21:36:00.000Z
000043960,UMMS,LKPR,NORMAL,1,2027-01-08T21:47:00.000Z
000043961,UMMS,SBBR,NORMAL,1,2027-01-08T21:47:00.000Z
000043962,UMMS,LKPR,NORMAL,1,2027-01-08T21:49:00.000Z
000043963,UMMS,SPIM,NORMAL,1,2027-01-08T21:57:00.000Z
000043964,UMMS,SLLP,NORMAL,1,2027-01-08T21:04:00.000Z
000043965,UMMS,OJAI,NORMAL,1,2027-01-08T22:06:00.000Z
000043966,UMMS,SPIM,NORMAL,1,2027-01-08T22:11:00.000Z
000043967,UMMS,UBBB,NORMAL,1,2027-01-08T22:09:00.000Z
000043968,UMMS,SVMI,NORMAL,1,2027-01-08T22:21:00.000Z
000043969,UMMS,EBCI,NORMAL,1,2027-01-08T22:17:00.000Z
000043970,UMMS,OMDB,NORMAL,1,2027-01-08T22:22:00.000Z
000043971,UMMS,SBBR,NORMAL,1,2027-01-08T22:33:00.000Z
000043972,UMMS,OYSN,NORMAL,1,2027-01-08T22:34:00.000Z
000043973,UMMS,OMDB,NORMAL,1,2027-01-08T22:36:00.000Z
000043974,UMMS,SKBO,NORMAL,1,2027-01-08T22:40:00.000Z
000027825,VIDP,SABE,NORMAL,3,2027-01-08T00:19:00.000Z
000027826,VIDP,OOMS,NORMAL,3,2027-01-08T00:31:00.000Z
000027827,VIDP,EKCH,NORMAL,3,2027-01-08T00:42:00.000Z
000027828,VIDP,OMDB,NORMAL,3,2027-01-08T00:52:00.000Z
000027829,VIDP,SVMI,NORMAL,3,2027-01-08T00:57:00.000Z
000027830,VIDP,SEQM,NORMAL,3,2027-01-08T01:06:00.000Z
000027831,VIDP,LKPR,NORMAL,3,2027-01-08T01:24:00.000Z
000027832,VIDP,SGAS,NORMAL,3,2027-01-08T01:35:00.000Z
000027833,VIDP,OYSN,NORMAL,3,2027-01-08T01:42:00.000Z
000027834,VIDP,OAKB,NORMAL,3,2027-01-08T01:50:00.000Z
000027835,VIDP,UBBB,NORMAL,3,2027-01-08T02:02:00.000Z
000027836,VIDP,OOMS,NORMAL,3,2027-01-08T02:18:00.000Z
000027837,VIDP,EHAM,NORMAL,3,2027-01-08T02:31:00.000Z
000027838,VIDP,OJAI,NORMAL,3,2027-01-08T02:37:00.000Z
000027839,VIDP,OERK,NORMAL,3,2027-01-08T02:49:00.000Z
000027840,VIDP,OJAI,NORMAL,3,2027-01-08T02:59:00.000Z
000027841,VIDP,OERK,NORMAL,3,2027-01-08T03:09:00.000Z
000027842,VIDP,OOMS,NORMAL,3,2027-01-08T03:22:00.000Z
000027843,VIDP,LATI,NORMAL,3,2027-01-08T03:31:00.000Z
000027844,VIDP,UBBB,NORMAL,3,2027-01-08T03:42:00.000Z
000027845,VIDP,SUAA,NORMAL,3,2027-01-08T03:53:00.000Z
000027846,VIDP,OAKB,NORMAL,3,2027-01-08T04:07:00.000Z
000027847,VIDP,OSDI,NORMAL,3,2027-01-08T04:17:00.000Z
000027848,VIDP,SKBO,NORMAL,3,2027-01-08T04:32:00.000Z
000027849,VIDP,OPKC,NORMAL,2,2027-01-08T04:39:00.000Z
000027850,VIDP,OSDI,NORMAL,2,2027-01-08T04:51:00.000Z
000027851,VIDP,LKPR,NORMAL,2,2027-01-08T04:59:00.000Z
000027852,VIDP,UMMS,NORMAL,2,2027-01-08T05:08:00.000Z
000027853,VIDP,SEQM,NORMAL,2,2027-01-08T05:19:00.000Z
000027854,VIDP,EDDI,NORMAL,2,2027-01-08T05:31:00.000Z
000027855,VIDP,SUAA,NORMAL,2,2027-01-08T05:49:00.000Z
000027856,VIDP,OMDB,NORMAL,2,2027-01-08T05:52:00.000Z
000027857,VIDP,LKPR,NORMAL,2,2027-01-08T06:03:00.000Z
000027858,VIDP,SVMI,NORMAL,2,2027-01-08T06:20:00.000Z
000027859,VIDP,OYSN,NORMAL,2,2027-01-08T06:26:00.000Z
000027860,VIDP,EKCH,NORMAL,2,2027-01-08T06:41:00.000Z
000027861,VIDP,OYSN,NORMAL,2,2027-01-08T06:52:00.000Z
000027862,VIDP,OOMS,NORMAL,2,2027-01-08T06:03:00.000Z
000027863,VIDP,SEQM,NORMAL,2,2027-01-08T07:15:00.000Z
000027864,VIDP,OERK,NORMAL,2,2027-01-08T07:24:00.000Z
000027865,VIDP,LATI,NORMAL,2,2027-01-08T07:32:00.000Z
000027866,VIDP,OERK,NORMAL,2,2027-01-08T07:47:00.000Z
000027867,VIDP,EBCI,NORMAL,2,2027-01-08T07:00:00.000Z
000027868,VIDP,OJAI,NORMAL,2,2027-01-08T08:09:00.000Z
000027869,VIDP,SVMI,NORMAL,2,2027-01-08T08:18:00.000Z
000027870,VIDP,SCEL,NORMAL,2,2027-01-08T08:34:00.000Z
000027871,VIDP,OJAI,NORMAL,2,2027-01-08T08:45:00.000Z
000027872,VIDP,EHAM,NORMAL,2,2027-01-08T08:54:00.000Z
000027873,VIDP,LOWW,NORMAL,2,2027-01-08T08:05:00.000Z
000027874,VIDP,LOWW,NORMAL,2,2027-01-08T09:17:00.000Z
000027875,VIDP,UBBB,NORMAL,2,2027-01-08T09:28:00.000Z
000027876,VIDP,EKCH,NORMAL,2,2027-01-08T09:32:00.000Z
000027877,VIDP,SGAS,NORMAL,2,2027-01-08T09:51:00.000Z
000027878,VIDP,OSDI,NORMAL,2,2027-01-08T09:00:00.000Z
000027879,VIDP,SCEL,NORMAL,2,2027-01-08T10:07:00.000Z
000027880,VIDP,OJAI,NORMAL,2,2027-01-08T10:22:00.000Z
000027881,VIDP,LDZA,NORMAL,2,2027-01-08T10:28:00.000Z
000027882,VIDP,LATI,NORMAL,2,2027-01-08T10:45:00.000Z
000027883,VIDP,OYSN,NORMAL,2,2027-01-08T10:58:00.000Z
000027884,VIDP,EKCH,NORMAL,2,2027-01-08T11:09:00.000Z
000027885,VIDP,SKBO,NORMAL,2,2027-01-08T11:14:00.000Z
000027886,VIDP,OPKC,NORMAL,2,2027-01-08T11:29:00.000Z
000027887,VIDP,EKCH,NORMAL,2,2027-01-08T11:42:00.000Z
000027888,VIDP,SABE,NORMAL,2,2027-01-08T11:49:00.000Z
000027889,VIDP,OSDI,NORMAL,2,2027-01-08T11:00:00.000Z
000027890,VIDP,SBBR,NORMAL,2,2027-01-08T12:06:00.000Z
000027891,VIDP,SVMI,NORMAL,2,2027-01-08T12:17:00.000Z
000027892,VIDP,SABE,NORMAL,2,2027-01-08T12:28:00.000Z
000027893,VIDP,OYSN,NORMAL,2,2027-01-08T12:42:00.000Z
000027894,VIDP,SUAA,NORMAL,2,2027-01-08T12:59:00.000Z
000027895,VIDP,SGAS,NORMAL,2,2027-01-08T13:06:00.000Z
000027896,VIDP,LKPR,NORMAL,2,2027-01-08T13:14:00.000Z
000027897,VIDP,LATI,NORMAL,2,2027-01-08T13:26:00.000Z
000027898,VIDP,SCEL,NORMAL,2,2027-01-08T13:36:00.000Z
000027899,VIDP,SGAS,NORMAL,2,2027-01-08T13:49:00.000Z
000027900,VIDP,LKPR,NORMAL,2,2027-01-08T13:02:00.000Z
000027901,VIDP,SEQM,NORMAL,2,2027-01-08T14:07:00.000Z
000027902,VIDP,LKPR,NORMAL,2,2027-01-08T14:20:00.000Z
000027903,VIDP,SPIM,NORMAL,2,2027-01-08T14:34:00.000Z
000027904,VIDP,LATI,NORMAL,2,2027-01-08T14:46:00.000Z
000027905,VIDP,SEQM,NORMAL,2,2027-01-08T14:58:00.000Z
000027906,VIDP,SPIM,NORMAL,2,2027-01-08T15:07:00.000Z
000027907,VIDP,UBBB,NORMAL,2,2027-01-08T15:20:00.000Z
000027908,VIDP,LOWW,NORMAL,2,2027-01-08T15:26:00.000Z
000027909,VIDP,LBSF,NORMAL,2,2027-01-08T15:41:00.000Z
000027910,VIDP,LOWW,NORMAL,2,2027-01-08T15:50:00.000Z
000027911,VIDP,OERK,NORMAL,2,2027-01-08T15:00:00.000Z
000027912,VIDP,OERK,NORMAL,2,2027-01-08T16:11:00.000Z
000027913,VIDP,SUAA,NORMAL,2,2027-01-08T16:23:00.000Z
000027914,VIDP,LKPR,NORMAL,2,2027-01-08T16:38:00.000Z
000027915,VIDP,SLLP,NORMAL,2,2027-01-08T16:50:00.000Z
000027916,VIDP,OERK,NORMAL,2,2027-01-08T16:56:00.000Z
000027917,VIDP,OERK,NORMAL,2,2027-01-08T17:09:00.000Z
000027918,VIDP,UMMS,NORMAL,2,2027-01-08T17:17:00.000Z
000027919,VIDP,EDDI,NORMAL,2,2027-01-08T17:31:00.000Z
000027920,VIDP,OPKC,NORMAL,2,2027-01-08T17:44:00.000Z
000027921,VIDP,LDZA,NORMAL,2,2027-01-08T17:52:00.000Z
000027922,VIDP,EKCH,NORMAL,2,2027-01-08T17:00:00.000Z
000027923,VIDP,OERK,NORMAL,2,2027-01-08T18:11:00.000Z
000027924,VIDP,OOMS,NORMAL,2,2027-01-08T18:23:00.000Z
000027925,VIDP,LKPR,NORMAL,2,2027-01-08T18:37:00.000Z
000027926,VIDP,EHAM,NORMAL,2,2027-01-08T18:47:00.000Z
000027927,VIDP,SGAS,NORMAL,2,2027-01-08T18:00:00.000Z
000027928,VIDP,EKCH,NORMAL,2,2027-01-08T19:08:00.000Z
000027929,VIDP,OERK,NORMAL,2,2027-01-08T19:23:00.000Z
000027930,VIDP,SPIM,NORMAL,2,2027-01-08T19:32:00.000Z
000027931,VIDP,OAKB,NORMAL,2,2027-01-08T19:38:00.000Z
000027932,VIDP,EHAM,NORMAL,2,2027-01-08T19:49:00.000Z
000027933,VIDP,OSDI,NORMAL,2,2027-01-08T19:08:00.000Z
000027934,VIDP,EKCH,NORMAL,2,2027-01-08T20:19:00.000Z
000027935,VIDP,SLLP,NORMAL,2,2027-01-08T20:27:00.000Z
000027936,VIDP,SUAA,NORMAL,2,2027-01-08T20:36:00.000Z
000027937,VIDP,LDZA,NORMAL,2,2027-01-08T20:47:00.000Z
000027938,VIDP,SGAS,NORMAL,2,2027-01-08T20:01:00.000Z
000027939,VIDP,SEQM,NORMAL,2,2027-01-08T21:10:00.000Z
000027940,VIDP,OYSN,NORMAL,1,2027-01-08T21:16:00.000Z
